{"type":"FeatureCollection","name":"Public Transport Game ownership edges","generated_at":"2026-08-24T18:48:51.311133+00:00","edge_identity":"undirected pair of adjacent merged game stops","geometry_selection":"one representative real route segment per logical edge; lowest summed endpoint-to-shape projection distance wins","features":[{"type":"Feature","geometry":{"type":"LineString","coordinates":[[4.321464354455322,52.08776228884731],[4.322083,52.087085],[4.322871,52.086462],[4.325723,52.084942],[4.3279646807372485,52.0831155430865]]},"properties":{"edge_id":"edge/4da5d4d4c9b1","stop_a":"stop/s-gravenhage-boslaan__9af5ff9ec0","stop_b":"stop/s-gravenhage-prins-clauslaan__f019019835","stop_a_name":"'s-Gravenhage, Boslaan","stop_b_name":"'s-Gravenhage, Prins Clauslaan","num_lines":1,"line_ids":["QBUZZ:z385"],"line_refs":["385"],"lines":[{"line_id":"QBUZZ:z385","line_ref":"385","line_name":"Noordwijk - Katwijk - Den Haag","agency_id":"QBUZZ"}],"variant_ids":["QBUZZ:z385|1625063","QBUZZ:z385|1625064","QBUZZ:z385|1655035","QBUZZ:z385|1655036","QBUZZ:z385|1655037","QBUZZ:z385|1655038"],"representative_variant_id":"QBUZZ:z385|1625063","length_m":686.4}},{"type":"Feature","geometry":{"type":"LineString","coordinates":[[4.321464354455322,52.08776228884731],[4.321227,52.088101],[4.321631,52.088303],[4.32658,52.090658],[4.330564770182394,52.09223203979033]]},"properties":{"edge_id":"edge/ffd25b77c8ab","stop_a":"stop/s-gravenhage-boslaan__9af5ff9ec0","stop_b":"stop/s-gravenhage-willem-witsenplein__3825958f75","stop_a_name":"'s-Gravenhage, Boslaan","stop_b_name":"'s-Gravenhage, Willem Witsenplein","num_lines":1,"line_ids":["QBUZZ:z385"],"line_refs":["385"],"lines":[{"line_id":"QBUZZ:z385","line_ref":"385","line_name":"Noordwijk - Katwijk - Den Haag","agency_id":"QBUZZ"}],"variant_ids":["QBUZZ:z385|1625063","QBUZZ:z385|1625064","QBUZZ:z385|1655035","QBUZZ:z385|1655036","QBUZZ:z385|1655037","QBUZZ:z385|1655038"],"representative_variant_id":"QBUZZ:z385|1625063","length_m":827.9}},{"type":"Feature","geometry":{"type":"LineString","coordinates":[[4.324834610878232,52.08066072788905],[4.325049,52.080756],[4.326252,52.079868],[4.326428,52.079816],[4.330149,52.081027],[4.330401,52.081488],[4.328819,52.082363],[4.3279646807372485,52.0831155430865]]},"properties":{"edge_id":"edge/1b8b92eae044","stop_a":"stop/s-gravenhage-centraal-station__df5d38c3c7","stop_b":"stop/s-gravenhage-prins-clauslaan__f019019835","stop_a_name":"'s-Gravenhage, Centraal Station","stop_b_name":"'s-Gravenhage, Prins Clauslaan","num_lines":3,"line_ids":["EBS:3043","EBS:3044","QBUZZ:z385"],"line_refs":["43","44","385"],"lines":[{"line_id":"EBS:3043","line_ref":"43","line_name":"Den Haag Centraal via Wassenaar - Leiden Centraal","agency_id":"EBS"},{"line_id":"EBS:3044","line_ref":"44","line_name":"Den Haag Centraal - Wassenaar","agency_id":"EBS"},{"line_id":"QBUZZ:z385","line_ref":"385","line_name":"Noordwijk - Katwijk - Den Haag","agency_id":"QBUZZ"}],"variant_ids":["EBS:3043|1478702","EBS:3043|1478703","EBS:3043|1478705","EBS:3043|1478706","EBS:3044|1478707","EBS:3044|1478708","QBUZZ:z385|1625063","QBUZZ:z385|1625064","QBUZZ:z385|1655035","QBUZZ:z385|1655036","QBUZZ:z385|1655037","QBUZZ:z385|1655038"],"representative_variant_id":"QBUZZ:z385|1625063","length_m":749.2}},{"type":"Feature","geometry":{"type":"LineString","coordinates":[[4.335200194413523,52.09434186418379],[4.340828,52.096655],[4.341953,52.097222],[4.3468208178495,52.09925148966724]]},"properties":{"edge_id":"edge/01f3fc5b2217","stop_a":"stop/s-gravenhage-laan-van-clingendael__54bf5ae7a0","stop_b":"stop/s-gravenhage-louwman-museum__d15ee8de6f","stop_a_name":"'s-Gravenhage, Laan van Clingendael","stop_b_name":"'s-Gravenhage, Louwman Museum","num_lines":1,"line_ids":["QBUZZ:z385"],"line_refs":["385"],"lines":[{"line_id":"QBUZZ:z385","line_ref":"385","line_name":"Noordwijk - Katwijk - Den Haag","agency_id":"QBUZZ"}],"variant_ids":["QBUZZ:z385|1625063","QBUZZ:z385|1625064","QBUZZ:z385|1655035","QBUZZ:z385|1655036","QBUZZ:z385|1655037","QBUZZ:z385|1655038"],"representative_variant_id":"QBUZZ:z385|1625064","length_m":963.8}},{"type":"Feature","geometry":{"type":"LineString","coordinates":[[4.3353003242966714,52.094253060279364],[4.330564770182394,52.09223203979033]]},"properties":{"edge_id":"edge/427e34d42fcb","stop_a":"stop/s-gravenhage-laan-van-clingendael__54bf5ae7a0","stop_b":"stop/s-gravenhage-willem-witsenplein__3825958f75","stop_a_name":"'s-Gravenhage, Laan van Clingendael","stop_b_name":"'s-Gravenhage, Willem Witsenplein","num_lines":1,"line_ids":["QBUZZ:z385"],"line_refs":["385"],"lines":[{"line_id":"QBUZZ:z385","line_ref":"385","line_name":"Noordwijk - Katwijk - Den Haag","agency_id":"QBUZZ"}],"variant_ids":["QBUZZ:z385|1625063","QBUZZ:z385|1625064","QBUZZ:z385|1655035","QBUZZ:z385|1655036","QBUZZ:z385|1655037","QBUZZ:z385|1655038"],"representative_variant_id":"QBUZZ:z385|1625063","length_m":393.9}},{"type":"Feature","geometry":{"type":"LineString","coordinates":[[4.34689596727804,52.099181909309415],[4.348112,52.099721],[4.354529,52.103085],[4.357413,52.104657],[4.358700934503733,52.10549103668498]]},"properties":{"edge_id":"edge/33d158e280b8","stop_a":"stop/s-gravenhage-louwman-museum__d15ee8de6f","stop_b":"stop/s-gravenhage-viaduct__8fbb94dcef","stop_a_name":"'s-Gravenhage, Louwman Museum","stop_b_name":"'s-Gravenhage, Viaduct","num_lines":1,"line_ids":["QBUZZ:z385"],"line_refs":["385"],"lines":[{"line_id":"QBUZZ:z385","line_ref":"385","line_name":"Noordwijk - Katwijk - Den Haag","agency_id":"QBUZZ"}],"variant_ids":["QBUZZ:z385|1625063","QBUZZ:z385|1625064","QBUZZ:z385|1655035","QBUZZ:z385|1655036","QBUZZ:z385|1655037","QBUZZ:z385|1655038"],"representative_variant_id":"QBUZZ:z385|1625063","length_m":1069.8}},{"type":"Feature","geometry":{"type":"LineString","coordinates":[[4.358700934503733,52.10549103668498],[4.359917,52.106198],[4.360835,52.106889],[4.369857,52.112657],[4.371378367405717,52.1135188014712]]},"properties":{"edge_id":"edge/f008f59daa3d","stop_a":"stop/s-gravenhage-viaduct__8fbb94dcef","stop_b":"stop/wassenaar-kerkehout__a1aba4cc9f","stop_a_name":"'s-Gravenhage, Viaduct","stop_b_name":"Wassenaar, Kerkehout","num_lines":1,"line_ids":["QBUZZ:z385"],"line_refs":["385"],"lines":[{"line_id":"QBUZZ:z385","line_ref":"385","line_name":"Noordwijk - Katwijk - Den Haag","agency_id":"QBUZZ"}],"variant_ids":["QBUZZ:z385|1625063","QBUZZ:z385|1625064","QBUZZ:z385|1655035","QBUZZ:z385|1655036","QBUZZ:z385|1655037","QBUZZ:z385|1655038"],"representative_variant_id":"QBUZZ:z385|1625063","length_m":1244.2}},{"type":"Feature","geometry":{"type":"LineString","coordinates":[[4.706260442508483,52.145103395834695],[4.706326,52.144463],[4.7062,52.144102],[4.705874,52.143462],[4.70537,52.142983],[4.704718,52.142584],[4.703731,52.142165],[4.703597,52.142335],[4.703085,52.142386],[4.702886330744483,52.142488758629895]]},"properties":{"edge_id":"edge/22b32c9852e5","stop_a":"stop/aarlanderveen-machineweg__b3ebe8687e","stop_b":"stop/alphen-a-d-rijn-zegerbrug__2ff3b6b0d6","stop_a_name":"Aarlanderveen, Machineweg","stop_b_name":"Alphen a/d Rijn, Zegerbrug","num_lines":1,"line_ids":["QBUZZ:z182"],"line_refs":["182"],"lines":[{"line_id":"QBUZZ:z182","line_ref":"182","line_name":"Alphen a/d Rijn - Leiden","agency_id":"QBUZZ"}],"variant_ids":["QBUZZ:z182|1578502","QBUZZ:z182|1578503","QBUZZ:z182|1578504","QBUZZ:z182|1578505"],"representative_variant_id":"QBUZZ:z182|1578503","length_m":469.2}},{"type":"Feature","geometry":{"type":"LineString","coordinates":[[4.706156233316878,52.145098870450035],[4.706014,52.145764],[4.705297,52.147728],[4.70535,52.149086],[4.706794,52.152096],[4.707596,52.154096],[4.707946,52.158997],[4.70836,52.160599],[4.709007,52.162239],[4.710265,52.164116],[4.710597018046147,52.164867511601095]]},"properties":{"edge_id":"edge/505bcc17b463","stop_a":"stop/aarlanderveen-machineweg__b3ebe8687e","stop_b":"stop/ter-aar-de-aarkerk__173200e40b","stop_a_name":"Aarlanderveen, Machineweg","stop_b_name":"Ter Aar, De Aarkerk","num_lines":1,"line_ids":["QBUZZ:z182"],"line_refs":["182"],"lines":[{"line_id":"QBUZZ:z182","line_ref":"182","line_name":"Alphen a/d Rijn - Leiden","agency_id":"QBUZZ"}],"variant_ids":["QBUZZ:z182|1578502","QBUZZ:z182|1578503","QBUZZ:z182|1578504","QBUZZ:z182|1578505"],"representative_variant_id":"QBUZZ:z182|1578502","length_m":2253.1}},{"type":"Feature","geometry":{"type":"LineString","coordinates":[[4.7283140636392265,52.14132027140423],[4.726474,52.14038],[4.725085,52.139518],[4.720853,52.136303],[4.720288,52.135995],[4.711335,52.132986],[4.709298,52.132489],[4.708102,52.132366],[4.706888,52.132503],[4.694341,52.135405],[4.693519766476176,52.13573199267726]]},"properties":{"edge_id":"edge/8618e9964be3","stop_a":"stop/aarlanderveen-nieuwkoopseweg__0464e92584","stop_b":"stop/aarlanderveen-oostkanaalweg__dcd9bf6dca","stop_a_name":"Aarlanderveen, Nieuwkoopseweg","stop_b_name":"Aarlanderveen, Oostkanaalweg","num_lines":1,"line_ids":["QBUZZ:z147"],"line_refs":["147"],"lines":[{"line_id":"QBUZZ:z147","line_ref":"147","line_name":"Alphen a/d Rijn - Uithoorn","agency_id":"QBUZZ"}],"variant_ids":["QBUZZ:z147|1625021","QBUZZ:z147|1625022","QBUZZ:z147|1625023","QBUZZ:z147|1625026","QBUZZ:z147|1654978","QBUZZ:z147|1654980"],"representative_variant_id":"QBUZZ:z147|1625022","length_m":2804.6}},{"type":"Feature","geometry":{"type":"LineString","coordinates":[[4.728335504241634,52.14132947229267],[4.729594,52.141817],[4.731428,52.142304],[4.737106,52.143594],[4.750776,52.146949],[4.751417,52.147132],[4.751502,52.147267],[4.75181,52.147224],[4.752465,52.147353],[4.761872,52.14966],[4.762279,52.149743],[4.762383,52.149671],[4.763051533382822,52.14867685643629]]},"properties":{"edge_id":"edge/b25be86d61da","stop_a":"stop/aarlanderveen-nieuwkoopseweg__0464e92584","stop_b":"stop/nieuwkoop-de-schepegaten__9a7099be1d","stop_a_name":"Aarlanderveen, Nieuwkoopseweg","stop_b_name":"Nieuwkoop, De Schepegaten","num_lines":1,"line_ids":["QBUZZ:z147"],"line_refs":["147"],"lines":[{"line_id":"QBUZZ:z147","line_ref":"147","line_name":"Alphen a/d Rijn - Uithoorn","agency_id":"QBUZZ"}],"variant_ids":["QBUZZ:z147|1625021","QBUZZ:z147|1625022","QBUZZ:z147|1625023","QBUZZ:z147|1625026","QBUZZ:z147|1654978","QBUZZ:z147|1654980"],"representative_variant_id":"QBUZZ:z147|1625023","length_m":2639.3}},{"type":"Feature","geometry":{"type":"LineString","coordinates":[[4.693519766476176,52.13573199267726],[4.693047,52.135954],[4.692883,52.136169],[4.692664,52.136168],[4.692463,52.135924],[4.691897,52.135687],[4.69054,52.134654],[4.687389,52.131588],[4.683423,52.127475],[4.677753,52.122174],[4.677079,52.121415],[4.676784668595965,52.12089227819399]]},"properties":{"edge_id":"edge/c0dd1a794ae0","stop_a":"stop/aarlanderveen-oostkanaalweg__dcd9bf6dca","stop_b":"stop/alphen-a-d-rijn-rijnbrug__25e60c8af4","stop_a_name":"Aarlanderveen, Oostkanaalweg","stop_b_name":"Alphen a/d Rijn, Rijnbrug","num_lines":1,"line_ids":["QBUZZ:z147"],"line_refs":["147"],"lines":[{"line_id":"QBUZZ:z147","line_ref":"147","line_name":"Alphen a/d Rijn - Uithoorn","agency_id":"QBUZZ"}],"variant_ids":["QBUZZ:z147|1625021","QBUZZ:z147|1625022","QBUZZ:z147|1625023","QBUZZ:z147|1625026","QBUZZ:z147|1654978","QBUZZ:z147|1654980"],"representative_variant_id":"QBUZZ:z147|1625022","length_m":2104.0}},{"type":"Feature","geometry":{"type":"LineString","coordinates":[[4.669410215350946,52.151254835012104],[4.668947,52.151324],[4.669367,52.152459],[4.669078608659992,52.15282009389864]]},"properties":{"edge_id":"edge/6cc1f5c12318","stop_a":"stop/alphen-a-d-rijn-aalhorst__ac2f377b46","stop_b":"stop/alphen-a-d-rijn-bronkhorst__dacdeac7d3","stop_a_name":"Alphen a/d Rijn, Aalhorst","stop_b_name":"Alphen a/d Rijn, Bronkhorst","num_lines":1,"line_ids":["QBUZZ:z071"],"line_refs":["1"],"lines":[{"line_id":"QBUZZ:z071","line_ref":"1","line_name":"Ringlijn Alphen a/d Rijn","agency_id":"QBUZZ"}],"variant_ids":["QBUZZ:z071|1578435","QBUZZ:z071|1578436","QBUZZ:z071|1654968","QBUZZ:z071|1654969"],"representative_variant_id":"QBUZZ:z071|1578435","length_m":206.7}},{"type":"Feature","geometry":{"type":"LineString","coordinates":[[4.669763853712131,52.15112269778991],[4.668919,52.151252],[4.668409943516679,52.150351839697926]]},"properties":{"edge_id":"edge/7b481897e9b2","stop_a":"stop/alphen-a-d-rijn-aalhorst__ac2f377b46","stop_b":"stop/alphen-a-d-rijn-loenhorst__16a9ac900a","stop_a_name":"Alphen a/d Rijn, Aalhorst","stop_b_name":"Alphen a/d Rijn, Loenhorst","num_lines":1,"line_ids":["QBUZZ:z072"],"line_refs":["2"],"lines":[{"line_id":"QBUZZ:z072","line_ref":"2","line_name":"Ringlijn Alphen a/d Rijn","agency_id":"QBUZZ"}],"variant_ids":["QBUZZ:z072|1578437","QBUZZ:z072|1578438","QBUZZ:z072|1654970"],"representative_variant_id":"QBUZZ:z072|1578437","length_m":165.4}},{"type":"Feature","geometry":{"type":"LineString","coordinates":[[4.669763853712131,52.15112269778991],[4.673797,52.150481],[4.67393,52.150383],[4.67475974996292,52.150325]]},"properties":{"edge_id":"edge/4655fd8c7175","stop_a":"stop/alphen-a-d-rijn-aalhorst__ac2f377b46","stop_b":"stop/alphen-a-d-rijn-rijsenburg__dc80cc7dda","stop_a_name":"Alphen a/d Rijn, Aalhorst","stop_b_name":"Alphen a/d Rijn, Rijsenburg","num_lines":2,"line_ids":["QBUZZ:z071","QBUZZ:z072"],"line_refs":["1","2"],"lines":[{"line_id":"QBUZZ:z071","line_ref":"1","line_name":"Ringlijn Alphen a/d Rijn","agency_id":"QBUZZ"},{"line_id":"QBUZZ:z072","line_ref":"2","line_name":"Ringlijn Alphen a/d Rijn","agency_id":"QBUZZ"}],"variant_ids":["QBUZZ:z071|1578435","QBUZZ:z071|1578436","QBUZZ:z071|1654968","QBUZZ:z071|1654969","QBUZZ:z072|1578437","QBUZZ:z072|1578438","QBUZZ:z072|1654970"],"representative_variant_id":"QBUZZ:z072|1578437","length_m":355.4}},{"type":"Feature","geometry":{"type":"LineString","coordinates":[[4.678887371592643,52.148535025824984],[4.679757,52.148728],[4.681006,52.149158],[4.681227,52.149097],[4.681623713702105,52.14869114355747]]},"properties":{"edge_id":"edge/c2dee4d59daa","stop_a":"stop/alphen-a-d-rijn-aardster__19dd473b32","stop_b":"stop/alphen-a-d-rijn-paddestoelweg__91177958b1","stop_a_name":"Alphen a/d Rijn, Aardster","stop_b_name":"Alphen a/d Rijn, Paddestoelweg","num_lines":2,"line_ids":["QBUZZ:z071","QBUZZ:z072"],"line_refs":["1","2"],"lines":[{"line_id":"QBUZZ:z071","line_ref":"1","line_name":"Ringlijn Alphen a/d Rijn","agency_id":"QBUZZ"},{"line_id":"QBUZZ:z072","line_ref":"2","line_name":"Ringlijn Alphen a/d Rijn","agency_id":"QBUZZ"}],"variant_ids":["QBUZZ:z071|1578435","QBUZZ:z071|1578436","QBUZZ:z071|1654968","QBUZZ:z071|1654969","QBUZZ:z072|1578437","QBUZZ:z072|1578438","QBUZZ:z072|1654970"],"representative_variant_id":"QBUZZ:z072|1578437","length_m":230.0}},{"type":"Feature","geometry":{"type":"LineString","coordinates":[[4.678887371592643,52.148535025824984],[4.678213,52.148432],[4.678141,52.148332],[4.677966,52.148313],[4.677833,52.148411],[4.677948,52.148529],[4.677797,52.148852],[4.677528,52.149209],[4.676966,52.149673],[4.67645,52.14994],[4.675701,52.150187],[4.67475974996292,52.150325]]},"properties":{"edge_id":"edge/796bc21a3cdf","stop_a":"stop/alphen-a-d-rijn-aardster__19dd473b32","stop_b":"stop/alphen-a-d-rijn-rijsenburg__dc80cc7dda","stop_a_name":"Alphen a/d Rijn, Aardster","stop_b_name":"Alphen a/d Rijn, Rijsenburg","num_lines":2,"line_ids":["QBUZZ:z071","QBUZZ:z072"],"line_refs":["1","2"],"lines":[{"line_id":"QBUZZ:z071","line_ref":"1","line_name":"Ringlijn Alphen a/d Rijn","agency_id":"QBUZZ"},{"line_id":"QBUZZ:z072","line_ref":"2","line_name":"Ringlijn Alphen a/d Rijn","agency_id":"QBUZZ"}],"variant_ids":["QBUZZ:z071|1578435","QBUZZ:z071|1578436","QBUZZ:z071|1654968","QBUZZ:z071|1654969","QBUZZ:z072|1578437","QBUZZ:z072|1578438","QBUZZ:z072|1654970"],"representative_variant_id":"QBUZZ:z072|1578437","length_m":416.6}},{"type":"Feature","geometry":{"type":"LineString","coordinates":[[4.639706951125656,52.12787098508918],[4.635241,52.126827],[4.633480988074815,52.1260122265576]]},"properties":{"edge_id":"edge/27b62328b942","stop_a":"stop/alphen-a-d-rijn-albert-einsteinweg__61f31c5791","stop_b":"stop/alphen-a-d-rijn-boerhaaveweg__da31672671","stop_a_name":"Alphen a/d Rijn, Albert Einsteinweg","stop_b_name":"Alphen a/d Rijn, Boerhaaveweg","num_lines":2,"line_ids":["QBUZZ:z071","QBUZZ:z072"],"line_refs":["1","2"],"lines":[{"line_id":"QBUZZ:z071","line_ref":"1","line_name":"Ringlijn Alphen a/d Rijn","agency_id":"QBUZZ"},{"line_id":"QBUZZ:z072","line_ref":"2","line_name":"Ringlijn Alphen a/d Rijn","agency_id":"QBUZZ"}],"variant_ids":["QBUZZ:z071|1578435","QBUZZ:z071|1578436","QBUZZ:z071|1654968","QBUZZ:z071|1654969","QBUZZ:z072|1578437","QBUZZ:z072|1578438","QBUZZ:z072|1654970"],"representative_variant_id":"QBUZZ:z071|1578435","length_m":476.7}},{"type":"Feature","geometry":{"type":"LineString","coordinates":[[4.6397069511308695,52.12787098509077],[4.640447,52.128128],[4.640517,52.128326],[4.639062,52.1306],[4.635143,52.130044],[4.631411,52.129607],[4.631119,52.129641],[4.630804380090788,52.13014287103343]]},"properties":{"edge_id":"edge/98f47d6fa536","stop_a":"stop/alphen-a-d-rijn-albert-einsteinweg__61f31c5791","stop_b":"stop/alphen-a-d-rijn-rijnvicus__b57a73e8d0","stop_a_name":"Alphen a/d Rijn, Albert Einsteinweg","stop_b_name":"Alphen a/d Rijn, Rijnvicus","num_lines":2,"line_ids":["QBUZZ:z071","QBUZZ:z072"],"line_refs":["1","2"],"lines":[{"line_id":"QBUZZ:z071","line_ref":"1","line_name":"Ringlijn Alphen a/d Rijn","agency_id":"QBUZZ"},{"line_id":"QBUZZ:z072","line_ref":"2","line_name":"Ringlijn Alphen a/d Rijn","agency_id":"QBUZZ"}],"variant_ids":["QBUZZ:z071|1578435","QBUZZ:z071|1578436","QBUZZ:z071|1654968","QBUZZ:z071|1654969","QBUZZ:z072|1578437","QBUZZ:z072|1578438","QBUZZ:z072|1654970"],"representative_variant_id":"QBUZZ:z071|1578436","length_m":966.2}},{"type":"Feature","geometry":{"type":"LineString","coordinates":[[4.657407645870314,52.14286669831685],[4.65669,52.140427],[4.656308,52.140604],[4.655957,52.141519],[4.655208,52.14173],[4.654008,52.141848],[4.650647,52.141935],[4.647516740822153,52.14144489322205]]},"properties":{"edge_id":"edge/938bb9dfa084","stop_a":"stop/alphen-a-d-rijn-albert-schweitzerbrug__e7b03c50f2","stop_b":"stop/alphen-a-d-rijn-avifauna__5803ceed74","stop_a_name":"Alphen a/d Rijn, Albert Schweitzerbrug","stop_b_name":"Alphen a/d Rijn, Avifauna","num_lines":2,"line_ids":["QBUZZ:z071","QBUZZ:z072"],"line_refs":["1","2"],"lines":[{"line_id":"QBUZZ:z071","line_ref":"1","line_name":"Ringlijn Alphen a/d Rijn","agency_id":"QBUZZ"},{"line_id":"QBUZZ:z072","line_ref":"2","line_name":"Ringlijn Alphen a/d Rijn","agency_id":"QBUZZ"}],"variant_ids":["QBUZZ:z071|1578435","QBUZZ:z071|1578436","QBUZZ:z071|1654968","QBUZZ:z071|1654969","QBUZZ:z072|1578437","QBUZZ:z072|1578438","QBUZZ:z072|1654970"],"representative_variant_id":"QBUZZ:z071|1578435","length_m":1002.0}},{"type":"Feature","geometry":{"type":"LineString","coordinates":[[4.6575974270340685,52.14302878346693],[4.658108,52.14484],[4.658417675158112,52.14653520403685]]},"properties":{"edge_id":"edge/e8a74d2bc92f","stop_a":"stop/alphen-a-d-rijn-albert-schweitzerbrug__e7b03c50f2","stop_b":"stop/alphen-a-d-rijn-ziekenhuis__839c1a1911","stop_a_name":"Alphen a/d Rijn, Albert Schweitzerbrug","stop_b_name":"Alphen a/d Rijn, Ziekenhuis","num_lines":3,"line_ids":["QBUZZ:z071","QBUZZ:z072","QBUZZ:z182"],"line_refs":["1","2","182"],"lines":[{"line_id":"QBUZZ:z071","line_ref":"1","line_name":"Ringlijn Alphen a/d Rijn","agency_id":"QBUZZ"},{"line_id":"QBUZZ:z072","line_ref":"2","line_name":"Ringlijn Alphen a/d Rijn","agency_id":"QBUZZ"},{"line_id":"QBUZZ:z182","line_ref":"182","line_name":"Alphen a/d Rijn - Leiden","agency_id":"QBUZZ"}],"variant_ids":["QBUZZ:z071|1578435","QBUZZ:z071|1578436","QBUZZ:z071|1654968","QBUZZ:z071|1654969","QBUZZ:z072|1578437","QBUZZ:z072|1578438","QBUZZ:z072|1654970","QBUZZ:z182|1578502","QBUZZ:z182|1578503","QBUZZ:z182|1578504","QBUZZ:z182|1578505"],"representative_variant_id":"QBUZZ:z072|1578437","length_m":394.1}},{"type":"Feature","geometry":{"type":"LineString","coordinates":[[4.657435403378952,52.14296515949159],[4.65669,52.140427],[4.656562021190999,52.13926931786498]]},"properties":{"edge_id":"edge/e979d2e1a1f6","stop_a":"stop/alphen-a-d-rijn-albert-schweitzerbrug__e7b03c50f2","stop_b":"stop/alphen-a-d-rijn-zoutmanstraat-avifauna__478b862eb2","stop_a_name":"Alphen a/d Rijn, Albert Schweitzerbrug","stop_b_name":"Alphen a/d Rijn, Zoutmanstraat/Avifauna","num_lines":1,"line_ids":["QBUZZ:z182"],"line_refs":["182"],"lines":[{"line_id":"QBUZZ:z182","line_ref":"182","line_name":"Alphen a/d Rijn - Leiden","agency_id":"QBUZZ"}],"variant_ids":["QBUZZ:z182|1578502","QBUZZ:z182|1578503","QBUZZ:z182|1578504","QBUZZ:z182|1578505"],"representative_variant_id":"QBUZZ:z182|1578502","length_m":415.8}},{"type":"Feature","geometry":{"type":"LineString","coordinates":[[4.646708258308876,52.1219643189271],[4.647028,52.122264],[4.64761,52.122411],[4.649379,52.123168],[4.650084,52.123811],[4.649318,52.124247],[4.648699744004294,52.12478571226358]]},"properties":{"edge_id":"edge/306d89335b15","stop_a":"stop/alphen-a-d-rijn-amerikalaan__67e693a5a0","stop_b":"stop/alphen-a-d-rijn-europalaan__4458c5f8c9","stop_a_name":"Alphen a/d Rijn, Amerikalaan","stop_b_name":"Alphen a/d Rijn, Europalaan","num_lines":2,"line_ids":["QBUZZ:z071","QBUZZ:z072"],"line_refs":["1","2"],"lines":[{"line_id":"QBUZZ:z071","line_ref":"1","line_name":"Ringlijn Alphen a/d Rijn","agency_id":"QBUZZ"},{"line_id":"QBUZZ:z072","line_ref":"2","line_name":"Ringlijn Alphen a/d Rijn","agency_id":"QBUZZ"}],"variant_ids":["QBUZZ:z071|1578435","QBUZZ:z071|1578436","QBUZZ:z071|1654968","QBUZZ:z071|1654969","QBUZZ:z072|1578437","QBUZZ:z072|1578438","QBUZZ:z072|1654970"],"representative_variant_id":"QBUZZ:z072|1578437","length_m":460.8}},{"type":"Feature","geometry":{"type":"LineString","coordinates":[[4.646708258308876,52.1219643189271],[4.644618,52.12055],[4.644082,52.120304],[4.643767,52.119942],[4.642833775253351,52.1192865458639]]},"properties":{"edge_id":"edge/486fcae8f213","stop_a":"stop/alphen-a-d-rijn-amerikalaan__67e693a5a0","stop_b":"stop/alphen-a-d-rijn-vroonhoevelaan__839864d127","stop_a_name":"Alphen a/d Rijn, Amerikalaan","stop_b_name":"Alphen a/d Rijn, Vroonhoevelaan","num_lines":2,"line_ids":["QBUZZ:z071","QBUZZ:z072"],"line_refs":["1","2"],"lines":[{"line_id":"QBUZZ:z071","line_ref":"1","line_name":"Ringlijn Alphen a/d Rijn","agency_id":"QBUZZ"},{"line_id":"QBUZZ:z072","line_ref":"2","line_name":"Ringlijn Alphen a/d Rijn","agency_id":"QBUZZ"}],"variant_ids":["QBUZZ:z071|1578435","QBUZZ:z071|1578436","QBUZZ:z071|1654968","QBUZZ:z071|1654969","QBUZZ:z072|1578437","QBUZZ:z072|1578438","QBUZZ:z072|1654970"],"representative_variant_id":"QBUZZ:z072|1578437","length_m":400.5}},{"type":"Feature","geometry":{"type":"LineString","coordinates":[[4.660072607774557,52.11313368255477],[4.659452,52.11258],[4.659368,52.112382],[4.659134,52.112407],[4.659088,52.112542],[4.659349,52.112615],[4.661608,52.114679],[4.664073,52.116599],[4.664927,52.117099],[4.666102,52.117564],[4.667221,52.117859],[4.667615,52.117915],[4.667689,52.117853],[4.667663,52.117664],[4.66739,52.117366],[4.666882,52.117183],[4.666138,52.117169],[4.66535628458449,52.117507102767114]]},"properties":{"edge_id":"edge/1481aa7d80de","stop_a":"stop/alphen-a-d-rijn-archeonlaan__b8f0e2704d","stop_b":"stop/alphen-a-d-rijn-de-schans__7a70cbe7a4","stop_a_name":"Alphen a/d Rijn, Archeonlaan","stop_b_name":"Alphen a/d Rijn, De Schans","num_lines":2,"line_ids":["QBUZZ:z071","QBUZZ:z072"],"line_refs":["1","2"],"lines":[{"line_id":"QBUZZ:z071","line_ref":"1","line_name":"Ringlijn Alphen a/d Rijn","agency_id":"QBUZZ"},{"line_id":"QBUZZ:z072","line_ref":"2","line_name":"Ringlijn Alphen a/d Rijn","agency_id":"QBUZZ"}],"variant_ids":["QBUZZ:z071|1578435","QBUZZ:z071|1578436","QBUZZ:z071|1654968","QBUZZ:z071|1654969","QBUZZ:z072|1578437","QBUZZ:z072|1578438","QBUZZ:z072|1654970"],"representative_variant_id":"QBUZZ:z072|1578437","length_m":1207.8}},{"type":"Feature","geometry":{"type":"LineString","coordinates":[[4.660078677376201,52.11314003446346],[4.659452,52.11258],[4.659368,52.112382],[4.659134,52.112407],[4.659088,52.112542],[4.659479,52.112724],[4.661608,52.114679],[4.661842,52.11468],[4.661917,52.114546],[4.662358,52.114342],[4.66262,52.114397],[4.664767,52.116127],[4.664763,52.116379],[4.664154,52.117058],[4.663444,52.117584],[4.662959,52.117788],[4.662812774600803,52.11805236753538]]},"properties":{"edge_id":"edge/d5063ab02ceb","stop_a":"stop/alphen-a-d-rijn-archeonlaan__b8f0e2704d","stop_b":"stop/alphen-a-d-rijn-polderpeil__5fa12e01c3","stop_a_name":"Alphen a/d Rijn, Archeonlaan","stop_b_name":"Alphen a/d Rijn, Polderpeil","num_lines":2,"line_ids":["QBUZZ:z071","QBUZZ:z072"],"line_refs":["1","2"],"lines":[{"line_id":"QBUZZ:z071","line_ref":"1","line_name":"Ringlijn Alphen a/d Rijn","agency_id":"QBUZZ"},{"line_id":"QBUZZ:z072","line_ref":"2","line_name":"Ringlijn Alphen a/d Rijn","agency_id":"QBUZZ"}],"variant_ids":["QBUZZ:z071|1578435","QBUZZ:z071|1578436","QBUZZ:z071|1654968","QBUZZ:z071|1654969","QBUZZ:z072|1578437","QBUZZ:z072|1578438","QBUZZ:z072|1654970"],"representative_variant_id":"QBUZZ:z071|1578435","length_m":1016.5}},{"type":"Feature","geometry":{"type":"LineString","coordinates":[[4.647516740822153,52.14144489322205],[4.645768,52.141006],[4.645578,52.141058],[4.645418,52.140976],[4.645479,52.140842],[4.64564,52.140816],[4.646959062626004,52.138361363005615]]},"properties":{"edge_id":"edge/66e2723f279a","stop_a":"stop/alphen-a-d-rijn-avifauna__5803ceed74","stop_b":"stop/alphen-a-d-rijn-zwembad-de-hoorn__e3349d1398","stop_a_name":"Alphen a/d Rijn, Avifauna","stop_b_name":"Alphen a/d Rijn, Zwembad De Hoorn","num_lines":2,"line_ids":["QBUZZ:z071","QBUZZ:z072"],"line_refs":["1","2"],"lines":[{"line_id":"QBUZZ:z071","line_ref":"1","line_name":"Ringlijn Alphen a/d Rijn","agency_id":"QBUZZ"},{"line_id":"QBUZZ:z072","line_ref":"2","line_name":"Ringlijn Alphen a/d Rijn","agency_id":"QBUZZ"}],"variant_ids":["QBUZZ:z071|1578435","QBUZZ:z071|1578436","QBUZZ:z071|1654968","QBUZZ:z071|1654969","QBUZZ:z072|1578437","QBUZZ:z072|1578438","QBUZZ:z072|1654970"],"representative_variant_id":"QBUZZ:z071|1578435","length_m":471.6}},{"type":"Feature","geometry":{"type":"LineString","coordinates":[[4.663176561767413,52.145359538646],[4.669406992941835,52.144292074375784]]},"properties":{"edge_id":"edge/b72cd0001dd1","stop_a":"stop/alphen-a-d-rijn-bachsingel-ziekenhuis__7ce274af4a","stop_b":"stop/alphen-a-d-rijn-diepenbrockweg__a5621b5a92","stop_a_name":"Alphen a/d Rijn, Bachsingel/Ziekenhuis","stop_b_name":"Alphen a/d Rijn, Diepenbrockweg","num_lines":1,"line_ids":["QBUZZ:z182"],"line_refs":["182"],"lines":[{"line_id":"QBUZZ:z182","line_ref":"182","line_name":"Alphen a/d Rijn - Leiden","agency_id":"QBUZZ"}],"variant_ids":["QBUZZ:z182|1578502","QBUZZ:z182|1578503","QBUZZ:z182|1578504","QBUZZ:z182|1578505"],"representative_variant_id":"QBUZZ:z182|1578502","length_m":441.4}},{"type":"Feature","geometry":{"type":"LineString","coordinates":[[4.6621726563206245,52.145530059111664],[4.660269,52.145833],[4.658292769670101,52.14597566638058]]},"properties":{"edge_id":"edge/2e2438c0c6ba","stop_a":"stop/alphen-a-d-rijn-bachsingel-ziekenhuis__7ce274af4a","stop_b":"stop/alphen-a-d-rijn-ziekenhuis__839c1a1911","stop_a_name":"Alphen a/d Rijn, Bachsingel/Ziekenhuis","stop_b_name":"Alphen a/d Rijn, Ziekenhuis","num_lines":2,"line_ids":["QBUZZ:z169","QBUZZ:z182"],"line_refs":["169","182"],"lines":[{"line_id":"QBUZZ:z169","line_ref":"169","line_name":"Alphen a/d Rijn - Leiden","agency_id":"QBUZZ"},{"line_id":"QBUZZ:z182","line_ref":"182","line_name":"Alphen a/d Rijn - Leiden","agency_id":"QBUZZ"}],"variant_ids":["QBUZZ:z169|1578492","QBUZZ:z169|1578493","QBUZZ:z169|1578494","QBUZZ:z182|1578502","QBUZZ:z182|1578503","QBUZZ:z182|1578504","QBUZZ:z182|1578505"],"representative_variant_id":"QBUZZ:z169|1578492","length_m":270.0}},{"type":"Feature","geometry":{"type":"LineString","coordinates":[[4.6621726563206245,52.145530059111664],[4.663199,52.145356],[4.662372638740238,52.143579606569496]]},"properties":{"edge_id":"edge/c10139708013","stop_a":"stop/alphen-a-d-rijn-bachsingel-ziekenhuis__7ce274af4a","stop_b":"stop/alphen-a-d-rijn-ziekenhuis-hoofdingang__658737f7bc","stop_a_name":"Alphen a/d Rijn, Bachsingel/Ziekenhuis","stop_b_name":"Alphen a/d Rijn, Ziekenhuis hoofdingang","num_lines":1,"line_ids":["QBUZZ:z169"],"line_refs":["169"],"lines":[{"line_id":"QBUZZ:z169","line_ref":"169","line_name":"Alphen a/d Rijn - Leiden","agency_id":"QBUZZ"}],"variant_ids":["QBUZZ:z169|1578492","QBUZZ:z169|1578493","QBUZZ:z169|1578494"],"representative_variant_id":"QBUZZ:z169|1578492","length_m":278.1}},{"type":"Feature","geometry":{"type":"LineString","coordinates":[[4.648527631831864,52.134770244490845],[4.648593,52.135379],[4.648447,52.135405],[4.648386,52.135521],[4.64856,52.135621],[4.648765,52.135559],[4.651337,52.135513],[4.651588,52.135343],[4.651579137137626,52.13500820846592]]},"properties":{"edge_id":"edge/be930abf01cb","stop_a":"stop/alphen-a-d-rijn-baronie-eikenlaan__667e67d3e4","stop_b":"stop/alphen-a-d-rijn-de-baronie__518a9f0025","stop_a_name":"Alphen a/d Rijn, Baronie/Eikenlaan","stop_b_name":"Alphen a/d Rijn, De Baronie","num_lines":1,"line_ids":["QBUZZ:z165"],"line_refs":["165"],"lines":[{"line_id":"QBUZZ:z165","line_ref":"165","line_name":"Zoetermeer - Alphen a/d Rijn","agency_id":"QBUZZ"}],"variant_ids":["QBUZZ:z165|1578489","QBUZZ:z165|1578490","QBUZZ:z165|1578491"],"representative_variant_id":"QBUZZ:z165|1578490","length_m":362.0}},{"type":"Feature","geometry":{"type":"LineString","coordinates":[[4.648528259232181,52.13477053823659],[4.648395,52.134128],[4.648177,52.134073],[4.6466682550267215,52.134068748986124]]},"properties":{"edge_id":"edge/0e9fbdbe00d3","stop_a":"stop/alphen-a-d-rijn-baronie-eikenlaan__667e67d3e4","stop_b":"stop/alphen-a-d-rijn-rijnhavenkade__b40b78fce0","stop_a_name":"Alphen a/d Rijn, Baronie/Eikenlaan","stop_b_name":"Alphen a/d Rijn, Rijnhavenkade","num_lines":3,"line_ids":["QBUZZ:z071","QBUZZ:z072","QBUZZ:z165"],"line_refs":["1","2","165"],"lines":[{"line_id":"QBUZZ:z071","line_ref":"1","line_name":"Ringlijn Alphen a/d Rijn","agency_id":"QBUZZ"},{"line_id":"QBUZZ:z072","line_ref":"2","line_name":"Ringlijn Alphen a/d Rijn","agency_id":"QBUZZ"},{"line_id":"QBUZZ:z165","line_ref":"165","line_name":"Zoetermeer - Alphen a/d Rijn","agency_id":"QBUZZ"}],"variant_ids":["QBUZZ:z071|1578435","QBUZZ:z071|1578436","QBUZZ:z071|1654968","QBUZZ:z071|1654969","QBUZZ:z072|1578437","QBUZZ:z072|1578438","QBUZZ:z072|1654970","QBUZZ:z165|1578489","QBUZZ:z165|1578490","QBUZZ:z165|1578491"],"representative_variant_id":"QBUZZ:z165|1578489","length_m":191.1}},{"type":"Feature","geometry":{"type":"LineString","coordinates":[[4.648517,52.13470136287789],[4.648593,52.135379],[4.648387,52.135458],[4.648457,52.135692],[4.646959062626004,52.138361363005615]]},"properties":{"edge_id":"edge/ddf5789607b9","stop_a":"stop/alphen-a-d-rijn-baronie-eikenlaan__667e67d3e4","stop_b":"stop/alphen-a-d-rijn-zwembad-de-hoorn__e3349d1398","stop_a_name":"Alphen a/d Rijn, Baronie/Eikenlaan","stop_b_name":"Alphen a/d Rijn, Zwembad De Hoorn","num_lines":2,"line_ids":["QBUZZ:z071","QBUZZ:z072"],"line_refs":["1","2"],"lines":[{"line_id":"QBUZZ:z071","line_ref":"1","line_name":"Ringlijn Alphen a/d Rijn","agency_id":"QBUZZ"},{"line_id":"QBUZZ:z072","line_ref":"2","line_name":"Ringlijn Alphen a/d Rijn","agency_id":"QBUZZ"}],"variant_ids":["QBUZZ:z071|1578435","QBUZZ:z071|1578436","QBUZZ:z071|1654968","QBUZZ:z071|1654969","QBUZZ:z072|1578437","QBUZZ:z072|1578438","QBUZZ:z072|1654970"],"representative_variant_id":"QBUZZ:z071|1578435","length_m":432.5}},{"type":"Feature","geometry":{"type":"LineString","coordinates":[[4.674000795965568,52.12298596494013],[4.674507,52.121534],[4.67476,52.121212],[4.675173,52.120981],[4.676554,52.120468],[4.676784668595965,52.12089227819399]]},"properties":{"edge_id":"edge/ec30cdb1540a","stop_a":"stop/alphen-a-d-rijn-beerendrecht__637fe6b40f","stop_b":"stop/alphen-a-d-rijn-rijnbrug__25e60c8af4","stop_a_name":"Alphen a/d Rijn, Beerendrecht","stop_b_name":"Alphen a/d Rijn, Rijnbrug","num_lines":1,"line_ids":["QBUZZ:z147"],"line_refs":["147"],"lines":[{"line_id":"QBUZZ:z147","line_ref":"147","line_name":"Alphen a/d Rijn - Uithoorn","agency_id":"QBUZZ"}],"variant_ids":["QBUZZ:z147|1625021","QBUZZ:z147|1625022","QBUZZ:z147|1625023","QBUZZ:z147|1625026","QBUZZ:z147|1654978","QBUZZ:z147|1654980"],"representative_variant_id":"QBUZZ:z147|1625022","length_m":402.9}},{"type":"Feature","geometry":{"type":"LineString","coordinates":[[4.674000795965568,52.12298596494013],[4.672939,52.127367],[4.672423,52.130438],[4.671828,52.131998],[4.671723,52.132187],[4.671547,52.132195],[4.669149433896563,52.13180406095463]]},"properties":{"edge_id":"edge/e7d410199794","stop_a":"stop/alphen-a-d-rijn-beerendrecht__637fe6b40f","stop_b":"stop/alphen-a-d-rijn-thorbeckestraat__bd99718f7c","stop_a_name":"Alphen a/d Rijn, Beerendrecht","stop_b_name":"Alphen a/d Rijn, Thorbeckestraat","num_lines":1,"line_ids":["QBUZZ:z147"],"line_refs":["147"],"lines":[{"line_id":"QBUZZ:z147","line_ref":"147","line_name":"Alphen a/d Rijn - Uithoorn","agency_id":"QBUZZ"}],"variant_ids":["QBUZZ:z147|1625021","QBUZZ:z147|1625022","QBUZZ:z147|1625023","QBUZZ:z147|1625026","QBUZZ:z147|1654978","QBUZZ:z147|1654980"],"representative_variant_id":"QBUZZ:z147|1625022","length_m":1217.5}},{"type":"Feature","geometry":{"type":"LineString","coordinates":[[4.633480988074815,52.1260122265576],[4.63168,52.124953],[4.631012,52.124697],[4.630167,52.124602],[4.629126,52.124829],[4.628997,52.124693],[4.62916,52.124568],[4.629319993918882,52.12407500912168]]},"properties":{"edge_id":"edge/2b861d1e5ae5","stop_a":"stop/alphen-a-d-rijn-boerhaaveweg__da31672671","stop_b":"stop/alphen-a-d-rijn-flemingweg__f8f9ada7e8","stop_a_name":"Alphen a/d Rijn, Boerhaaveweg","stop_b_name":"Alphen a/d Rijn, Flemingweg","num_lines":2,"line_ids":["QBUZZ:z071","QBUZZ:z072"],"line_refs":["1","2"],"lines":[{"line_id":"QBUZZ:z071","line_ref":"1","line_name":"Ringlijn Alphen a/d Rijn","agency_id":"QBUZZ"},{"line_id":"QBUZZ:z072","line_ref":"2","line_name":"Ringlijn Alphen a/d Rijn","agency_id":"QBUZZ"}],"variant_ids":["QBUZZ:z071|1578435","QBUZZ:z071|1578436","QBUZZ:z071|1654968","QBUZZ:z071|1654969","QBUZZ:z072|1578437","QBUZZ:z072|1578438","QBUZZ:z072|1654970"],"representative_variant_id":"QBUZZ:z071|1578435","length_m":449.3}},{"type":"Feature","geometry":{"type":"LineString","coordinates":[[4.669078608659992,52.15282009389864],[4.66876,52.152949],[4.667529,52.153167],[4.6642049939286565,52.15352420578732]]},"properties":{"edge_id":"edge/1cb859076f8a","stop_a":"stop/alphen-a-d-rijn-bronkhorst__dacdeac7d3","stop_b":"stop/alphen-a-d-rijn-lokhorst__fe37c763de","stop_a_name":"Alphen a/d Rijn, Bronkhorst","stop_b_name":"Alphen a/d Rijn, Lokhorst","num_lines":1,"line_ids":["QBUZZ:z071"],"line_refs":["1"],"lines":[{"line_id":"QBUZZ:z071","line_ref":"1","line_name":"Ringlijn Alphen a/d Rijn","agency_id":"QBUZZ"}],"variant_ids":["QBUZZ:z071|1578435","QBUZZ:z071|1578436","QBUZZ:z071|1654968","QBUZZ:z071|1654969"],"representative_variant_id":"QBUZZ:z071|1578435","length_m":343.7}},{"type":"Feature","geometry":{"type":"LineString","coordinates":[[4.658763071611952,52.12900769546831],[4.66158,52.128979],[4.661568,52.128799],[4.663847,52.128777],[4.664766,52.128845],[4.665916,52.129059],[4.666076,52.129123],[4.666083623518152,52.12941241606937]]},"properties":{"edge_id":"edge/b5486d0cafef","stop_a":"stop/alphen-a-d-rijn-castellumstraat__84f4386b2b","stop_b":"stop/alphen-a-d-rijn-de-aarhof__7661af76bc","stop_a_name":"Alphen a/d Rijn, Castellumstraat","stop_b_name":"Alphen a/d Rijn, De Aarhof","num_lines":2,"line_ids":["QBUZZ:z071","QBUZZ:z072"],"line_refs":["1","2"],"lines":[{"line_id":"QBUZZ:z071","line_ref":"1","line_name":"Ringlijn Alphen a/d Rijn","agency_id":"QBUZZ"},{"line_id":"QBUZZ:z072","line_ref":"2","line_name":"Ringlijn Alphen a/d Rijn","agency_id":"QBUZZ"}],"variant_ids":["QBUZZ:z071|1578435","QBUZZ:z071|1578436","QBUZZ:z071|1654968","QBUZZ:z071|1654969","QBUZZ:z072|1578437","QBUZZ:z072|1578438","QBUZZ:z072|1654970"],"representative_variant_id":"QBUZZ:z072|1578437","length_m":558.4}},{"type":"Feature","geometry":{"type":"LineString","coordinates":[[4.658763071611952,52.12900769546831],[4.65787,52.129019],[4.657865,52.129306],[4.657659,52.129395],[4.65734,52.129276],[4.657256,52.12906],[4.657376,52.128845],[4.657596,52.128783],[4.657981,52.128498],[4.658727,52.127514],[4.658824,52.126921],[4.65868,52.126813],[4.658828,52.126706],[4.658818,52.126382],[4.658392,52.125651],[4.658649,52.124233],[4.6588,52.123928],[4.65861,52.123918],[4.658256,52.124176],[4.657914,52.124534],[4.657807,52.12483]]},"properties":{"edge_id":"edge/96c40ebe95b8","stop_a":"stop/alphen-a-d-rijn-castellumstraat__84f4386b2b","stop_b":"stop/alphen-a-d-rijn-station__29c67bec6a","stop_a_name":"Alphen a/d Rijn, Castellumstraat","stop_b_name":"Alphen a/d Rijn, Station","num_lines":2,"line_ids":["QBUZZ:z071","QBUZZ:z072"],"line_refs":["1","2"],"lines":[{"line_id":"QBUZZ:z071","line_ref":"1","line_name":"Ringlijn Alphen a/d Rijn","agency_id":"QBUZZ"},{"line_id":"QBUZZ:z072","line_ref":"2","line_name":"Ringlijn Alphen a/d Rijn","agency_id":"QBUZZ"}],"variant_ids":["QBUZZ:z071|1578435","QBUZZ:z071|1578436","QBUZZ:z071|1654968","QBUZZ:z071|1654969","QBUZZ:z072|1578437","QBUZZ:z072|1578438","QBUZZ:z072|1654970"],"representative_variant_id":"QBUZZ:z072|1578437","length_m":908.2}},{"type":"Feature","geometry":{"type":"LineString","coordinates":[[4.657488788669976,52.13036148124857],[4.657374,52.130777],[4.657106,52.131072],[4.657,52.132204],[4.656363,52.134537],[4.657714133742934,52.13457375246653]]},"properties":{"edge_id":"edge/4c6157e0379f","stop_a":"stop/alphen-a-d-rijn-centrum__8db0d213c2","stop_b":"stop/alphen-a-d-rijn-stadhoudersplein__13bda6ba9c","stop_a_name":"Alphen a/d Rijn, Centrum","stop_b_name":"Alphen a/d Rijn, Stadhoudersplein","num_lines":2,"line_ids":["QBUZZ:z147","QBUZZ:z169"],"line_refs":["147","169"],"lines":[{"line_id":"QBUZZ:z147","line_ref":"147","line_name":"Alphen a/d Rijn - Uithoorn","agency_id":"QBUZZ"},{"line_id":"QBUZZ:z169","line_ref":"169","line_name":"Alphen a/d Rijn - Leiden","agency_id":"QBUZZ"}],"variant_ids":["QBUZZ:z147|1625021","QBUZZ:z147|1625022","QBUZZ:z147|1625023","QBUZZ:z147|1625026","QBUZZ:z147|1654978","QBUZZ:z147|1654980","QBUZZ:z169|1578492","QBUZZ:z169|1578493","QBUZZ:z169|1578494"],"representative_variant_id":"QBUZZ:z147|1625022","length_m":565.8}},{"type":"Feature","geometry":{"type":"LineString","coordinates":[[4.657488632799773,52.130362060679104],[4.657614,52.129512],[4.65734,52.129276],[4.657273,52.128934],[4.657981,52.128498],[4.658727,52.127514],[4.658806,52.127173],[4.658824,52.126921],[4.65868,52.126813],[4.658828,52.126706],[4.658818,52.126382],[4.658392,52.125651],[4.658545737498892,52.12474794778972]]},"properties":{"edge_id":"edge/6cde03db3f1f","stop_a":"stop/alphen-a-d-rijn-centrum__8db0d213c2","stop_b":"stop/alphen-a-d-rijn-station__29c67bec6a","stop_a_name":"Alphen a/d Rijn, Centrum","stop_b_name":"Alphen a/d Rijn, Station","num_lines":4,"line_ids":["QBUZZ:z147","QBUZZ:z169","QBUZZ:z182","QBUZZ:z470"],"line_refs":["147","169","182","470"],"lines":[{"line_id":"QBUZZ:z147","line_ref":"147","line_name":"Alphen a/d Rijn - Uithoorn","agency_id":"QBUZZ"},{"line_id":"QBUZZ:z169","line_ref":"169","line_name":"Alphen a/d Rijn - Leiden","agency_id":"QBUZZ"},{"line_id":"QBUZZ:z182","line_ref":"182","line_name":"Alphen a/d Rijn - Leiden","agency_id":"QBUZZ"},{"line_id":"QBUZZ:z470","line_ref":"470","line_name":"Alphen a/d Rijn - Schiphol","agency_id":"QBUZZ"}],"variant_ids":["QBUZZ:z147|1625021","QBUZZ:z147|1625022","QBUZZ:z147|1625023","QBUZZ:z147|1625026","QBUZZ:z147|1654978","QBUZZ:z147|1654980","QBUZZ:z169|1578492","QBUZZ:z169|1578493","QBUZZ:z169|1578494","QBUZZ:z182|1578502","QBUZZ:z182|1578503","QBUZZ:z182|1578504","QBUZZ:z182|1578505","QBUZZ:z470|1578630","QBUZZ:z470|1578631","QBUZZ:z470|1655048"],"representative_variant_id":"QBUZZ:z182|1578502","length_m":675.4}},{"type":"Feature","geometry":{"type":"LineString","coordinates":[[4.657488632799773,52.130362060679104],[4.657374,52.130777],[4.657106,52.131072],[4.657,52.132204],[4.656396,52.134313],[4.656316,52.135598],[4.656398331681641,52.13689406663176]]},"properties":{"edge_id":"edge/2a06e883b11f","stop_a":"stop/alphen-a-d-rijn-centrum__8db0d213c2","stop_b":"stop/alphen-a-d-rijn-van-nesstraat__1d4bae35bc","stop_a_name":"Alphen a/d Rijn, Centrum","stop_b_name":"Alphen a/d Rijn, van Nesstraat","num_lines":1,"line_ids":["QBUZZ:z182"],"line_refs":["182"],"lines":[{"line_id":"QBUZZ:z182","line_ref":"182","line_name":"Alphen a/d Rijn - Leiden","agency_id":"QBUZZ"}],"variant_ids":["QBUZZ:z182|1578502","QBUZZ:z182|1578503","QBUZZ:z182|1578504","QBUZZ:z182|1578505"],"representative_variant_id":"QBUZZ:z182|1578502","length_m":735.8}},{"type":"Feature","geometry":{"type":"LineString","coordinates":[[4.657489695208696,52.13035811128941],[4.657374,52.130777],[4.657106,52.131072],[4.657,52.132204],[4.656396,52.134313],[4.656316,52.135598],[4.656677,52.140355],[4.657852,52.144407],[4.658148611120895,52.14595349955973]]},"properties":{"edge_id":"edge/6870603ee8a4","stop_a":"stop/alphen-a-d-rijn-centrum__8db0d213c2","stop_b":"stop/alphen-a-d-rijn-ziekenhuis__839c1a1911","stop_a_name":"Alphen a/d Rijn, Centrum","stop_b_name":"Alphen a/d Rijn, Ziekenhuis","num_lines":1,"line_ids":["QBUZZ:z470"],"line_refs":["470"],"lines":[{"line_id":"QBUZZ:z470","line_ref":"470","line_name":"Alphen a/d Rijn - Schiphol","agency_id":"QBUZZ"}],"variant_ids":["QBUZZ:z470|1578630","QBUZZ:z470|1578631","QBUZZ:z470|1655048"],"representative_variant_id":"QBUZZ:z470|1578631","length_m":1752.3}},{"type":"Feature","geometry":{"type":"LineString","coordinates":[[4.651580616741071,52.14544626211866],[4.650765,52.145369],[4.650923,52.144705],[4.650749,52.142852],[4.649727,52.142792],[4.648394,52.143017],[4.646117,52.142868],[4.645507,52.142667],[4.644276392715363,52.14193045931107]]},"properties":{"edge_id":"edge/d4dc9c27df7d","stop_a":"stop/alphen-a-d-rijn-churchilllaan__50f0a29415","stop_b":"stop/alphen-a-d-rijn-s-molenaarsbrug__0ea30ff192","stop_a_name":"Alphen a/d Rijn, Churchilllaan","stop_b_name":"Alphen a/d Rijn, 's Molenaarsbrug","num_lines":1,"line_ids":["QBUZZ:z169"],"line_refs":["169"],"lines":[{"line_id":"QBUZZ:z169","line_ref":"169","line_name":"Alphen a/d Rijn - Leiden","agency_id":"QBUZZ"}],"variant_ids":["QBUZZ:z169|1578492","QBUZZ:z169|1578493","QBUZZ:z169|1578494"],"representative_variant_id":"QBUZZ:z169|1578493","length_m":822.5}},{"type":"Feature","geometry":{"type":"LineString","coordinates":[[4.651580616741071,52.14544626211866],[4.6548494699404275,52.145766080478914]]},"properties":{"edge_id":"edge/339b45582bd9","stop_a":"stop/alphen-a-d-rijn-churchilllaan__50f0a29415","stop_b":"stop/alphen-a-d-rijn-marsdiep__a670e093a2","stop_a_name":"Alphen a/d Rijn, Churchilllaan","stop_b_name":"Alphen a/d Rijn, Marsdiep","num_lines":1,"line_ids":["QBUZZ:z169"],"line_refs":["169"],"lines":[{"line_id":"QBUZZ:z169","line_ref":"169","line_name":"Alphen a/d Rijn - Leiden","agency_id":"QBUZZ"}],"variant_ids":["QBUZZ:z169|1578492","QBUZZ:z169|1578493","QBUZZ:z169|1578494"],"representative_variant_id":"QBUZZ:z169|1578493","length_m":225.9}},{"type":"Feature","geometry":{"type":"LineString","coordinates":[[4.658478075103197,52.148155620356114],[4.658558,52.148599],[4.655778,52.148852],[4.655688,52.149004],[4.655807,52.14977324945629]]},"properties":{"edge_id":"edge/4e81eb66c369","stop_a":"stop/alphen-a-d-rijn-concertweg__bfc4b4e2da","stop_b":"stop/alphen-a-d-rijn-stortemelk__8ea9b7597a","stop_a_name":"Alphen a/d Rijn, Concertweg","stop_b_name":"Alphen a/d Rijn, Stortemelk","num_lines":2,"line_ids":["QBUZZ:z071","QBUZZ:z072"],"line_refs":["1","2"],"lines":[{"line_id":"QBUZZ:z071","line_ref":"1","line_name":"Ringlijn Alphen a/d Rijn","agency_id":"QBUZZ"},{"line_id":"QBUZZ:z072","line_ref":"2","line_name":"Ringlijn Alphen a/d Rijn","agency_id":"QBUZZ"}],"variant_ids":["QBUZZ:z071|1578435","QBUZZ:z071|1578436","QBUZZ:z071|1654968","QBUZZ:z071|1654969","QBUZZ:z072|1578437","QBUZZ:z072|1578438","QBUZZ:z072|1654970"],"representative_variant_id":"QBUZZ:z071|1578435","length_m":345.3}},{"type":"Feature","geometry":{"type":"LineString","coordinates":[[4.658478075103197,52.148155620356114],[4.658054763369818,52.14539571416052]]},"properties":{"edge_id":"edge/41848b881336","stop_a":"stop/alphen-a-d-rijn-concertweg__bfc4b4e2da","stop_b":"stop/alphen-a-d-rijn-ziekenhuis__839c1a1911","stop_a_name":"Alphen a/d Rijn, Concertweg","stop_b_name":"Alphen a/d Rijn, Ziekenhuis","num_lines":2,"line_ids":["QBUZZ:z071","QBUZZ:z072"],"line_refs":["1","2"],"lines":[{"line_id":"QBUZZ:z071","line_ref":"1","line_name":"Ringlijn Alphen a/d Rijn","agency_id":"QBUZZ"},{"line_id":"QBUZZ:z072","line_ref":"2","line_name":"Ringlijn Alphen a/d Rijn","agency_id":"QBUZZ"}],"variant_ids":["QBUZZ:z071|1578435","QBUZZ:z071|1578436","QBUZZ:z071|1654968","QBUZZ:z071|1654969","QBUZZ:z072|1578437","QBUZZ:z072|1578438","QBUZZ:z072|1654970"],"representative_variant_id":"QBUZZ:z071|1578435","length_m":308.2}},{"type":"Feature","geometry":{"type":"LineString","coordinates":[[4.666083623518152,52.12941241606937],[4.665544,52.131322],[4.667139418130233,52.13157909502959]]},"properties":{"edge_id":"edge/91dd3035043b","stop_a":"stop/alphen-a-d-rijn-de-aarhof__7661af76bc","stop_b":"stop/alphen-a-d-rijn-lijsterlaan__e47eab4dda","stop_a_name":"Alphen a/d Rijn, De Aarhof","stop_b_name":"Alphen a/d Rijn, Lijsterlaan","num_lines":1,"line_ids":["QBUZZ:z072"],"line_refs":["2"],"lines":[{"line_id":"QBUZZ:z072","line_ref":"2","line_name":"Ringlijn Alphen a/d Rijn","agency_id":"QBUZZ"}],"variant_ids":["QBUZZ:z072|1578437","QBUZZ:z072|1578438","QBUZZ:z072|1654970"],"representative_variant_id":"QBUZZ:z072|1578437","length_m":328.1}},{"type":"Feature","geometry":{"type":"LineString","coordinates":[[4.666070085954088,52.12952727476239],[4.665544,52.131322],[4.667161,52.131584],[4.668301,52.131537],[4.668445,52.131627],[4.668225,52.131734],[4.667177974827982,52.13419667255603]]},"properties":{"edge_id":"edge/f08b06b70643","stop_a":"stop/alphen-a-d-rijn-de-aarhof__7661af76bc","stop_b":"stop/alphen-a-d-rijn-meerkoetstraat__c9472f2bf9","stop_a_name":"Alphen a/d Rijn, De Aarhof","stop_b_name":"Alphen a/d Rijn, Meerkoetstraat","num_lines":1,"line_ids":["QBUZZ:z071"],"line_refs":["1"],"lines":[{"line_id":"QBUZZ:z071","line_ref":"1","line_name":"Ringlijn Alphen a/d Rijn","agency_id":"QBUZZ"}],"variant_ids":["QBUZZ:z071|1578435","QBUZZ:z071|1578436","QBUZZ:z071|1654968","QBUZZ:z071|1654969"],"representative_variant_id":"QBUZZ:z071|1578435","length_m":711.1}},{"type":"Feature","geometry":{"type":"LineString","coordinates":[[4.651579137137626,52.13500820846592],[4.651571,52.134579],[4.651749,52.134437],[4.651473,52.134345],[4.651203,52.133894],[4.651113326271209,52.13271551557516]]},"properties":{"edge_id":"edge/661b2f20eaed","stop_a":"stop/alphen-a-d-rijn-de-baronie__518a9f0025","stop_b":"stop/alphen-a-d-rijn-westerhove__6a080189fb","stop_a_name":"Alphen a/d Rijn, De Baronie","stop_b_name":"Alphen a/d Rijn, Westerhove","num_lines":1,"line_ids":["QBUZZ:z165"],"line_refs":["165"],"lines":[{"line_id":"QBUZZ:z165","line_ref":"165","line_name":"Zoetermeer - Alphen a/d Rijn","agency_id":"QBUZZ"}],"variant_ids":["QBUZZ:z165|1578489","QBUZZ:z165|1578490","QBUZZ:z165|1578491"],"representative_variant_id":"QBUZZ:z165|1578490","length_m":273.7}},{"type":"Feature","geometry":{"type":"LineString","coordinates":[[4.66535628458449,52.117507102767114],[4.664398,52.118174],[4.663436,52.119013],[4.659638,52.122684],[4.65874,52.124027],[4.658491,52.124987],[4.657878,52.124929],[4.657894,52.124839]]},"properties":{"edge_id":"edge/c8d2982f85b4","stop_a":"stop/alphen-a-d-rijn-de-schans__7a70cbe7a4","stop_b":"stop/alphen-a-d-rijn-station__29c67bec6a","stop_a_name":"Alphen a/d Rijn, De Schans","stop_b_name":"Alphen a/d Rijn, Station","num_lines":2,"line_ids":["QBUZZ:z071","QBUZZ:z072"],"line_refs":["1","2"],"lines":[{"line_id":"QBUZZ:z071","line_ref":"1","line_name":"Ringlijn Alphen a/d Rijn","agency_id":"QBUZZ"},{"line_id":"QBUZZ:z072","line_ref":"2","line_name":"Ringlijn Alphen a/d Rijn","agency_id":"QBUZZ"}],"variant_ids":["QBUZZ:z071|1578435","QBUZZ:z071|1578436","QBUZZ:z071|1654968","QBUZZ:z071|1654969","QBUZZ:z072|1578437","QBUZZ:z072|1578438","QBUZZ:z072|1654970"],"representative_variant_id":"QBUZZ:z072|1578437","length_m":1018.5}},{"type":"Feature","geometry":{"type":"LineString","coordinates":[[4.669889578556647,52.144104640430626],[4.669383,52.14419],[4.668494,52.142207],[4.665768599675006,52.14267560411922]]},"properties":{"edge_id":"edge/4eff7266614b","stop_a":"stop/alphen-a-d-rijn-diepenbrockweg__a5621b5a92","stop_b":"stop/alphen-a-d-rijn-driehoorne__7f58477be5","stop_a_name":"Alphen a/d Rijn, Diepenbrockweg","stop_b_name":"Alphen a/d Rijn, Driehoorne","num_lines":1,"line_ids":["QBUZZ:z169"],"line_refs":["169"],"lines":[{"line_id":"QBUZZ:z169","line_ref":"169","line_name":"Alphen a/d Rijn - Leiden","agency_id":"QBUZZ"}],"variant_ids":["QBUZZ:z169|1578492","QBUZZ:z169|1578493","QBUZZ:z169|1578494"],"representative_variant_id":"QBUZZ:z169|1578493","length_m":457.7}},{"type":"Feature","geometry":{"type":"LineString","coordinates":[[4.669406992941835,52.144292074375784],[4.673336,52.143629],[4.675606874435595,52.1433612375505]]},"properties":{"edge_id":"edge/21887f3f4e8d","stop_a":"stop/alphen-a-d-rijn-diepenbrockweg__a5621b5a92","stop_b":"stop/alphen-a-d-rijn-ridderhof__4b1f99ed00","stop_a_name":"Alphen a/d Rijn, Diepenbrockweg","stop_b_name":"Alphen a/d Rijn, Ridderhof","num_lines":2,"line_ids":["QBUZZ:z169","QBUZZ:z182"],"line_refs":["169","182"],"lines":[{"line_id":"QBUZZ:z169","line_ref":"169","line_name":"Alphen a/d Rijn - Leiden","agency_id":"QBUZZ"},{"line_id":"QBUZZ:z182","line_ref":"182","line_name":"Alphen a/d Rijn - Leiden","agency_id":"QBUZZ"}],"variant_ids":["QBUZZ:z169|1578492","QBUZZ:z169|1578493","QBUZZ:z169|1578494","QBUZZ:z182|1578502","QBUZZ:z182|1578503","QBUZZ:z182|1578504","QBUZZ:z182|1578505"],"representative_variant_id":"QBUZZ:z182|1578502","length_m":435.9}},{"type":"Feature","geometry":{"type":"LineString","coordinates":[[4.665768775141758,52.14267558382715],[4.662281,52.143364],[4.662372638740238,52.143579606569496]]},"properties":{"edge_id":"edge/da242a6a89db","stop_a":"stop/alphen-a-d-rijn-driehoorne__7f58477be5","stop_b":"stop/alphen-a-d-rijn-ziekenhuis-hoofdingang__658737f7bc","stop_a_name":"Alphen a/d Rijn, Driehoorne","stop_b_name":"Alphen a/d Rijn, Ziekenhuis hoofdingang","num_lines":1,"line_ids":["QBUZZ:z169"],"line_refs":["169"],"lines":[{"line_id":"QBUZZ:z169","line_ref":"169","line_name":"Alphen a/d Rijn - Leiden","agency_id":"QBUZZ"}],"variant_ids":["QBUZZ:z169|1578492","QBUZZ:z169|1578493","QBUZZ:z169|1578494"],"representative_variant_id":"QBUZZ:z169|1578492","length_m":274.8}},{"type":"Feature","geometry":{"type":"LineString","coordinates":[[4.682361313926109,52.14570400564589],[4.682228,52.147692],[4.681747,52.148516],[4.681281730538959,52.14905525636859]]},"properties":{"edge_id":"edge/20772def94f6","stop_a":"stop/alphen-a-d-rijn-ericapark__cffb14d564","stop_b":"stop/alphen-a-d-rijn-paddestoelweg__91177958b1","stop_a_name":"Alphen a/d Rijn, Ericapark","stop_b_name":"Alphen a/d Rijn, Paddestoelweg","num_lines":2,"line_ids":["QBUZZ:z071","QBUZZ:z072"],"line_refs":["1","2"],"lines":[{"line_id":"QBUZZ:z071","line_ref":"1","line_name":"Ringlijn Alphen a/d Rijn","agency_id":"QBUZZ"},{"line_id":"QBUZZ:z072","line_ref":"2","line_name":"Ringlijn Alphen a/d Rijn","agency_id":"QBUZZ"}],"variant_ids":["QBUZZ:z071|1578435","QBUZZ:z071|1578436","QBUZZ:z071|1654968","QBUZZ:z071|1654969","QBUZZ:z072|1578437","QBUZZ:z072|1578438","QBUZZ:z072|1654970"],"representative_variant_id":"QBUZZ:z071|1578435","length_m":386.4}},{"type":"Feature","geometry":{"type":"LineString","coordinates":[[4.682361313926109,52.14570400564589],[4.682457,52.143316],[4.682634,52.143209],[4.682475,52.143118],[4.681744764231668,52.14315906323011]]},"properties":{"edge_id":"edge/e9ca1f5784d6","stop_a":"stop/alphen-a-d-rijn-ericapark__cffb14d564","stop_b":"stop/alphen-a-d-rijn-saffierstraat__9d480d45ad","stop_a_name":"Alphen a/d Rijn, Ericapark","stop_b_name":"Alphen a/d Rijn, Saffierstraat","num_lines":2,"line_ids":["QBUZZ:z071","QBUZZ:z072"],"line_refs":["1","2"],"lines":[{"line_id":"QBUZZ:z071","line_ref":"1","line_name":"Ringlijn Alphen a/d Rijn","agency_id":"QBUZZ"},{"line_id":"QBUZZ:z072","line_ref":"2","line_name":"Ringlijn Alphen a/d Rijn","agency_id":"QBUZZ"}],"variant_ids":["QBUZZ:z071|1578435","QBUZZ:z071|1578436","QBUZZ:z071|1654968","QBUZZ:z071|1654969","QBUZZ:z072|1578437","QBUZZ:z072|1578438","QBUZZ:z072|1654970"],"representative_variant_id":"QBUZZ:z071|1578435","length_m":347.4}},{"type":"Feature","geometry":{"type":"LineString","coordinates":[[4.648699744004294,52.12478571226358],[4.648322,52.125274],[4.648672,52.125303],[4.651521939399744,52.12598870824646]]},"properties":{"edge_id":"edge/77b6bf254668","stop_a":"stop/alphen-a-d-rijn-europalaan__4458c5f8c9","stop_b":"stop/alphen-a-d-rijn-europaplein__9cdfacbf6e","stop_a_name":"Alphen a/d Rijn, Europalaan","stop_b_name":"Alphen a/d Rijn, Europaplein","num_lines":1,"line_ids":["QBUZZ:z072"],"line_refs":["2"],"lines":[{"line_id":"QBUZZ:z072","line_ref":"2","line_name":"Ringlijn Alphen a/d Rijn","agency_id":"QBUZZ"}],"variant_ids":["QBUZZ:z072|1578437","QBUZZ:z072|1578438","QBUZZ:z072|1654970"],"representative_variant_id":"QBUZZ:z072|1578437","length_m":293.2}},{"type":"Feature","geometry":{"type":"LineString","coordinates":[[4.649354458417088,52.12541170433763],[4.652339,52.126126],[4.652676,52.126056],[4.652942,52.125833],[4.653803,52.124967],[4.65379,52.124868],[4.653952,52.124815],[4.654857,52.12394],[4.654859,52.123814],[4.655064,52.123797],[4.65515,52.123897],[4.655816081467199,52.12416040951463]]},"properties":{"edge_id":"edge/3d5127ee859d","stop_a":"stop/alphen-a-d-rijn-europalaan__4458c5f8c9","stop_b":"stop/alphen-a-d-rijn-station-azielaan__dbcbb02a3a","stop_a_name":"Alphen a/d Rijn, Europalaan","stop_b_name":"Alphen a/d Rijn, Station/Aziëlaan","num_lines":1,"line_ids":["QBUZZ:z071"],"line_refs":["1"],"lines":[{"line_id":"QBUZZ:z071","line_ref":"1","line_name":"Ringlijn Alphen a/d Rijn","agency_id":"QBUZZ"}],"variant_ids":["QBUZZ:z071|1578435","QBUZZ:z071|1578436","QBUZZ:z071|1654968","QBUZZ:z071|1654969"],"representative_variant_id":"QBUZZ:z071|1578435","length_m":620.1}},{"type":"Feature","geometry":{"type":"LineString","coordinates":[[4.651521939399744,52.12598870824646],[4.652308,52.126207],[4.652437,52.126369],[4.652744,52.126362],[4.652911,52.125968],[4.653905,52.125003],[4.654066,52.124968],[4.654128,52.124762],[4.654959,52.123976],[4.655491395170872,52.12410797112241]]},"properties":{"edge_id":"edge/00a91e74841d","stop_a":"stop/alphen-a-d-rijn-europaplein__9cdfacbf6e","stop_b":"stop/alphen-a-d-rijn-station-azielaan__dbcbb02a3a","stop_a_name":"Alphen a/d Rijn, Europaplein","stop_b_name":"Alphen a/d Rijn, Station/Aziëlaan","num_lines":1,"line_ids":["QBUZZ:z072"],"line_refs":["2"],"lines":[{"line_id":"QBUZZ:z072","line_ref":"2","line_name":"Ringlijn Alphen a/d Rijn","agency_id":"QBUZZ"}],"variant_ids":["QBUZZ:z072|1578437","QBUZZ:z072|1578438","QBUZZ:z072|1654970"],"representative_variant_id":"QBUZZ:z072|1578437","length_m":450.5}},{"type":"Feature","geometry":{"type":"LineString","coordinates":[[4.673799768145065,52.14018940380159],[4.674647,52.142082],[4.67568,52.143248],[4.676660954490172,52.14317297655638]]},"properties":{"edge_id":"edge/e7ee6008bd21","stop_a":"stop/alphen-a-d-rijn-flat-meerzicht__20a6f5e2c1","stop_b":"stop/alphen-a-d-rijn-ridderhof__4b1f99ed00","stop_a_name":"Alphen a/d Rijn, Flat Meerzicht","stop_b_name":"Alphen a/d Rijn, Ridderhof","num_lines":3,"line_ids":["QBUZZ:z071","QBUZZ:z072","QBUZZ:z169"],"line_refs":["1","2","169"],"lines":[{"line_id":"QBUZZ:z071","line_ref":"1","line_name":"Ringlijn Alphen a/d Rijn","agency_id":"QBUZZ"},{"line_id":"QBUZZ:z072","line_ref":"2","line_name":"Ringlijn Alphen a/d Rijn","agency_id":"QBUZZ"},{"line_id":"QBUZZ:z169","line_ref":"169","line_name":"Alphen a/d Rijn - Leiden","agency_id":"QBUZZ"}],"variant_ids":["QBUZZ:z071|1578435","QBUZZ:z071|1578436","QBUZZ:z071|1654968","QBUZZ:z071|1654969","QBUZZ:z072|1578437","QBUZZ:z072|1578438","QBUZZ:z072|1654970","QBUZZ:z169|1578492","QBUZZ:z169|1578493","QBUZZ:z169|1578494"],"representative_variant_id":"QBUZZ:z071|1578435","length_m":433.3}},{"type":"Feature","geometry":{"type":"LineString","coordinates":[[4.673331792347237,52.139601564395875],[4.67261,52.137908],[4.672143200561752,52.137297990484946]]},"properties":{"edge_id":"edge/6af430de8976","stop_a":"stop/alphen-a-d-rijn-flat-meerzicht__20a6f5e2c1","stop_b":"stop/alphen-a-d-rijn-sportlaan__4d82893a0e","stop_a_name":"Alphen a/d Rijn, Flat Meerzicht","stop_b_name":"Alphen a/d Rijn, Sportlaan","num_lines":3,"line_ids":["QBUZZ:z071","QBUZZ:z072","QBUZZ:z169"],"line_refs":["1","2","169"],"lines":[{"line_id":"QBUZZ:z071","line_ref":"1","line_name":"Ringlijn Alphen a/d Rijn","agency_id":"QBUZZ"},{"line_id":"QBUZZ:z072","line_ref":"2","line_name":"Ringlijn Alphen a/d Rijn","agency_id":"QBUZZ"},{"line_id":"QBUZZ:z169","line_ref":"169","line_name":"Alphen a/d Rijn - Leiden","agency_id":"QBUZZ"}],"variant_ids":["QBUZZ:z071|1578435","QBUZZ:z071|1578436","QBUZZ:z071|1654968","QBUZZ:z071|1654969","QBUZZ:z072|1578437","QBUZZ:z072|1578438","QBUZZ:z072|1654970","QBUZZ:z169|1578492","QBUZZ:z169|1578493","QBUZZ:z169|1578494"],"representative_variant_id":"QBUZZ:z169|1578493","length_m":269.6}},{"type":"Feature","geometry":{"type":"LineString","coordinates":[[4.629319993918882,52.12407500912168],[4.62973,52.123673],[4.632341,52.12209],[4.634013205075966,52.120685127825105]]},"properties":{"edge_id":"edge/2b4bdd059959","stop_a":"stop/alphen-a-d-rijn-flemingweg__f8f9ada7e8","stop_b":"stop/alphen-a-d-rijn-sportpark__3ea7057200","stop_a_name":"Alphen a/d Rijn, Flemingweg","stop_b_name":"Alphen a/d Rijn, Sportpark","num_lines":2,"line_ids":["QBUZZ:z071","QBUZZ:z072"],"line_refs":["1","2"],"lines":[{"line_id":"QBUZZ:z071","line_ref":"1","line_name":"Ringlijn Alphen a/d Rijn","agency_id":"QBUZZ"},{"line_id":"QBUZZ:z072","line_ref":"2","line_name":"Ringlijn Alphen a/d Rijn","agency_id":"QBUZZ"}],"variant_ids":["QBUZZ:z071|1578435","QBUZZ:z071|1578436","QBUZZ:z071|1654968","QBUZZ:z071|1654969","QBUZZ:z072|1578437","QBUZZ:z072|1578438","QBUZZ:z072|1654970"],"representative_variant_id":"QBUZZ:z071|1578435","length_m":496.7}},{"type":"Feature","geometry":{"type":"LineString","coordinates":[[4.6351669456718705,52.1402243557703],[4.63624,52.140352],[4.637591,52.140774],[4.639795,52.140896],[4.642299,52.141415],[4.644276392715363,52.14193045931107]]},"properties":{"edge_id":"edge/6fb79984b76e","stop_a":"stop/alphen-a-d-rijn-gnephoek__cea9b944b4","stop_b":"stop/alphen-a-d-rijn-s-molenaarsbrug__0ea30ff192","stop_a_name":"Alphen a/d Rijn, Gnephoek","stop_b_name":"Alphen a/d Rijn, 's Molenaarsbrug","num_lines":1,"line_ids":["QBUZZ:z169"],"line_refs":["169"],"lines":[{"line_id":"QBUZZ:z169","line_ref":"169","line_name":"Alphen a/d Rijn - Leiden","agency_id":"QBUZZ"}],"variant_ids":["QBUZZ:z169|1578492","QBUZZ:z169|1578493","QBUZZ:z169|1578494"],"representative_variant_id":"QBUZZ:z169|1578493","length_m":656.0}},{"type":"Feature","geometry":{"type":"LineString","coordinates":[[4.635166561173902,52.140225842437935],[4.630846,52.139697],[4.629798,52.139475],[4.629388,52.139553],[4.629043,52.139182],[4.627532401882607,52.1384892871386]]},"properties":{"edge_id":"edge/b083741b8b37","stop_a":"stop/alphen-a-d-rijn-gnephoek__cea9b944b4","stop_b":"stop/koudekerk-a-d-rijn-landlustweg__c25ffe8b09","stop_a_name":"Alphen a/d Rijn, Gnephoek","stop_b_name":"Koudekerk a/d Rijn, Landlustweg","num_lines":1,"line_ids":["QBUZZ:z169"],"line_refs":["169"],"lines":[{"line_id":"QBUZZ:z169","line_ref":"169","line_name":"Alphen a/d Rijn - Leiden","agency_id":"QBUZZ"}],"variant_ids":["QBUZZ:z169|1578492","QBUZZ:z169|1578493","QBUZZ:z169|1578494"],"representative_variant_id":"QBUZZ:z169|1578492","length_m":581.8}},{"type":"Feature","geometry":{"type":"LineString","coordinates":[[4.652688890334287,52.150484377449764],[4.649187,52.150698],[4.649278110129632,52.15136903533324]]},"properties":{"edge_id":"edge/df95f1edde25","stop_a":"stop/alphen-a-d-rijn-haringvliet__ec4f4e66bb","stop_b":"stop/alphen-a-d-rijn-ijzerweg__a13dc354ca","stop_a_name":"Alphen a/d Rijn, Haringvliet","stop_b_name":"Alphen a/d Rijn, IJzerweg","num_lines":2,"line_ids":["QBUZZ:z071","QBUZZ:z072"],"line_refs":["1","2"],"lines":[{"line_id":"QBUZZ:z071","line_ref":"1","line_name":"Ringlijn Alphen a/d Rijn","agency_id":"QBUZZ"},{"line_id":"QBUZZ:z072","line_ref":"2","line_name":"Ringlijn Alphen a/d Rijn","agency_id":"QBUZZ"}],"variant_ids":["QBUZZ:z071|1578435","QBUZZ:z071|1578436","QBUZZ:z071|1654968","QBUZZ:z071|1654969","QBUZZ:z072|1578437","QBUZZ:z072|1578438","QBUZZ:z072|1654970"],"representative_variant_id":"QBUZZ:z071|1578435","length_m":315.0}},{"type":"Feature","geometry":{"type":"LineString","coordinates":[[4.652688890334287,52.150484377449764],[4.655564,52.150316],[4.655844,52.150183],[4.655807,52.14977324945629]]},"properties":{"edge_id":"edge/c597b9451315","stop_a":"stop/alphen-a-d-rijn-haringvliet__ec4f4e66bb","stop_b":"stop/alphen-a-d-rijn-stortemelk__8ea9b7597a","stop_a_name":"Alphen a/d Rijn, Haringvliet","stop_b_name":"Alphen a/d Rijn, Stortemelk","num_lines":2,"line_ids":["QBUZZ:z071","QBUZZ:z072"],"line_refs":["1","2"],"lines":[{"line_id":"QBUZZ:z071","line_ref":"1","line_name":"Ringlijn Alphen a/d Rijn","agency_id":"QBUZZ"},{"line_id":"QBUZZ:z072","line_ref":"2","line_name":"Ringlijn Alphen a/d Rijn","agency_id":"QBUZZ"}],"variant_ids":["QBUZZ:z071|1578435","QBUZZ:z071|1578436","QBUZZ:z071|1654968","QBUZZ:z071|1654969","QBUZZ:z072|1578437","QBUZZ:z072|1578438","QBUZZ:z072|1654970"],"representative_variant_id":"QBUZZ:z071|1578435","length_m":266.8}},{"type":"Feature","geometry":{"type":"LineString","coordinates":[[4.663562896290693,52.150724929876354],[4.662979,52.150766],[4.662688,52.150719],[4.66257,52.150799],[4.662799,52.151106],[4.663054,52.152474],[4.6610467178652,52.15266921652133]]},"properties":{"edge_id":"edge/54167d734196","stop_a":"stop/alphen-a-d-rijn-havixhorst__3479d8aee5","stop_b":"stop/alphen-a-d-rijn-herenhof-horstenweg__3b084be1ea","stop_a_name":"Alphen a/d Rijn, Havixhorst","stop_b_name":"Alphen a/d Rijn, Herenhof/Horstenweg","num_lines":1,"line_ids":["QBUZZ:z072"],"line_refs":["2"],"lines":[{"line_id":"QBUZZ:z072","line_ref":"2","line_name":"Ringlijn Alphen a/d Rijn","agency_id":"QBUZZ"}],"variant_ids":["QBUZZ:z072|1578437","QBUZZ:z072|1578438","QBUZZ:z072|1654970"],"representative_variant_id":"QBUZZ:z072|1578437","length_m":401.9}},{"type":"Feature","geometry":{"type":"LineString","coordinates":[[4.663562896290693,52.150724929876354],[4.66762,52.150201],[4.667986,52.150194],[4.668409943516679,52.150351839697926]]},"properties":{"edge_id":"edge/ffa3ec684a1b","stop_a":"stop/alphen-a-d-rijn-havixhorst__3479d8aee5","stop_b":"stop/alphen-a-d-rijn-loenhorst__16a9ac900a","stop_a_name":"Alphen a/d Rijn, Havixhorst","stop_b_name":"Alphen a/d Rijn, Loenhorst","num_lines":1,"line_ids":["QBUZZ:z072"],"line_refs":["2"],"lines":[{"line_id":"QBUZZ:z072","line_ref":"2","line_name":"Ringlijn Alphen a/d Rijn","agency_id":"QBUZZ"}],"variant_ids":["QBUZZ:z072|1578437","QBUZZ:z072|1578438","QBUZZ:z072|1654970"],"representative_variant_id":"QBUZZ:z072|1578437","length_m":341.7}},{"type":"Feature","geometry":{"type":"LineString","coordinates":[[4.659705724049177,52.153005769612],[4.659053,52.150499],[4.658329853682738,52.145943828454584]]},"properties":{"edge_id":"edge/72e869735d6a","stop_a":"stop/alphen-a-d-rijn-herenhof__84135732a5","stop_b":"stop/alphen-a-d-rijn-ziekenhuis__839c1a1911","stop_a_name":"Alphen a/d Rijn, Herenhof","stop_b_name":"Alphen a/d Rijn, Ziekenhuis","num_lines":1,"line_ids":["QBUZZ:z470"],"line_refs":["470"],"lines":[{"line_id":"QBUZZ:z470","line_ref":"470","line_name":"Alphen a/d Rijn - Schiphol","agency_id":"QBUZZ"}],"variant_ids":["QBUZZ:z470|1578630","QBUZZ:z470|1578631","QBUZZ:z470|1655048"],"representative_variant_id":"QBUZZ:z470|1578630","length_m":791.2}},{"type":"Feature","geometry":{"type":"LineString","coordinates":[[4.659510894698284,52.15302509010163],[4.659979,52.154693],[4.660439,52.155128],[4.661152,52.15533],[4.663434,52.1552],[4.664411,52.155287],[4.664614,52.155423],[4.66434,52.156059],[4.666751,52.164226],[4.667125,52.166422],[4.6676393159794864,52.16797483860654]]},"properties":{"edge_id":"edge/292465085fbc","stop_a":"stop/alphen-a-d-rijn-herenhof__84135732a5","stop_b":"stop/woubrugge-jacobswoude__1c8f497423","stop_a_name":"Alphen a/d Rijn, Herenhof","stop_b_name":"Woubrugge, Jacobswoude","num_lines":1,"line_ids":["QBUZZ:z470"],"line_refs":["470"],"lines":[{"line_id":"QBUZZ:z470","line_ref":"470","line_name":"Alphen a/d Rijn - Schiphol","agency_id":"QBUZZ"}],"variant_ids":["QBUZZ:z470|1578630","QBUZZ:z470|1578631","QBUZZ:z470|1655048"],"representative_variant_id":"QBUZZ:z470|1578631","length_m":1961.4}},{"type":"Feature","geometry":{"type":"LineString","coordinates":[[4.6610467178652,52.15266921652133],[4.657738387391811,52.15302658264131]]},"properties":{"edge_id":"edge/c3bd8fad2d7e","stop_a":"stop/alphen-a-d-rijn-herenhof-horstenweg__3b084be1ea","stop_b":"stop/alphen-a-d-rijn-het-oude-ambacht__2522f9fd60","stop_a_name":"Alphen a/d Rijn, Herenhof/Horstenweg","stop_b_name":"Alphen a/d Rijn, Het Oude Ambacht","num_lines":2,"line_ids":["QBUZZ:z071","QBUZZ:z072"],"line_refs":["1","2"],"lines":[{"line_id":"QBUZZ:z071","line_ref":"1","line_name":"Ringlijn Alphen a/d Rijn","agency_id":"QBUZZ"},{"line_id":"QBUZZ:z072","line_ref":"2","line_name":"Ringlijn Alphen a/d Rijn","agency_id":"QBUZZ"}],"variant_ids":["QBUZZ:z071|1578435","QBUZZ:z071|1578436","QBUZZ:z071|1654968","QBUZZ:z071|1654969","QBUZZ:z072|1578437","QBUZZ:z072|1578438","QBUZZ:z072|1654970"],"representative_variant_id":"QBUZZ:z072|1578437","length_m":229.2}},{"type":"Feature","geometry":{"type":"LineString","coordinates":[[4.6613072461768175,52.152741383771136],[4.663067,52.152564],[4.663445,52.153573],[4.663606,52.15361],[4.6642049939286565,52.15352420578732]]},"properties":{"edge_id":"edge/880ae039cc42","stop_a":"stop/alphen-a-d-rijn-herenhof-horstenweg__3b084be1ea","stop_b":"stop/alphen-a-d-rijn-lokhorst__fe37c763de","stop_a_name":"Alphen a/d Rijn, Herenhof/Horstenweg","stop_b_name":"Alphen a/d Rijn, Lokhorst","num_lines":1,"line_ids":["QBUZZ:z071"],"line_refs":["1"],"lines":[{"line_id":"QBUZZ:z071","line_ref":"1","line_name":"Ringlijn Alphen a/d Rijn","agency_id":"QBUZZ"}],"variant_ids":["QBUZZ:z071|1578435","QBUZZ:z071|1578436","QBUZZ:z071|1654968","QBUZZ:z071|1654969"],"representative_variant_id":"QBUZZ:z071|1578435","length_m":290.5}},{"type":"Feature","geometry":{"type":"LineString","coordinates":[[4.657738387391811,52.15302658264131],[4.657037,52.153183],[4.657349,52.153724],[4.657246,52.153814],[4.655456,52.154234],[4.654857500123593,52.15419413346826]]},"properties":{"edge_id":"edge/27bd3e99a2a7","stop_a":"stop/alphen-a-d-rijn-het-oude-ambacht__2522f9fd60","stop_b":"stop/alphen-a-d-rijn-zadelmaker__48652f10db","stop_a_name":"Alphen a/d Rijn, Het Oude Ambacht","stop_b_name":"Alphen a/d Rijn, Zadelmaker","num_lines":2,"line_ids":["QBUZZ:z071","QBUZZ:z072"],"line_refs":["1","2"],"lines":[{"line_id":"QBUZZ:z071","line_ref":"1","line_name":"Ringlijn Alphen a/d Rijn","agency_id":"QBUZZ"},{"line_id":"QBUZZ:z072","line_ref":"2","line_name":"Ringlijn Alphen a/d Rijn","agency_id":"QBUZZ"}],"variant_ids":["QBUZZ:z071|1578435","QBUZZ:z071|1578436","QBUZZ:z071|1654968","QBUZZ:z071|1654969","QBUZZ:z072|1578437","QBUZZ:z072|1578438","QBUZZ:z072|1654970"],"representative_variant_id":"QBUZZ:z072|1578437","length_m":298.8}},{"type":"Feature","geometry":{"type":"LineString","coordinates":[[4.649278110129632,52.15136903533324],[4.649787,52.15419],[4.650055,52.154749],[4.649966,52.154883],[4.65017,52.15492],[4.650259,52.15484],[4.65093119907203,52.154694924304344]]},"properties":{"edge_id":"edge/7fcc54a22e68","stop_a":"stop/alphen-a-d-rijn-ijzerweg__a13dc354ca","stop_b":"stop/alphen-a-d-rijn-poortwachter__a860ce06f2","stop_a_name":"Alphen a/d Rijn, IJzerweg","stop_b_name":"Alphen a/d Rijn, Poortwachter","num_lines":2,"line_ids":["QBUZZ:z071","QBUZZ:z072"],"line_refs":["1","2"],"lines":[{"line_id":"QBUZZ:z071","line_ref":"1","line_name":"Ringlijn Alphen a/d Rijn","agency_id":"QBUZZ"},{"line_id":"QBUZZ:z072","line_ref":"2","line_name":"Ringlijn Alphen a/d Rijn","agency_id":"QBUZZ"}],"variant_ids":["QBUZZ:z071|1578435","QBUZZ:z071|1578436","QBUZZ:z071|1654968","QBUZZ:z071|1654969","QBUZZ:z072|1578437","QBUZZ:z072|1578438","QBUZZ:z072|1654970"],"representative_variant_id":"QBUZZ:z071|1578435","length_m":470.4}},{"type":"Feature","geometry":{"type":"LineString","coordinates":[[4.691686821144607,52.13711591341905],[4.69229,52.136723],[4.692509,52.136706],[4.692784,52.136852],[4.702803,52.143669],[4.70267,52.143776],[4.702071,52.143728],[4.701812,52.143484],[4.701859,52.143304],[4.702889388955411,52.14248676760715]]},"properties":{"edge_id":"edge/ddb87af49b19","stop_a":"stop/alphen-a-d-rijn-kromme-aar__58e847ca28","stop_b":"stop/alphen-a-d-rijn-zegerbrug__2ff3b6b0d6","stop_a_name":"Alphen a/d Rijn, Kromme Aar","stop_b_name":"Alphen a/d Rijn, Zegerbrug","num_lines":1,"line_ids":["QBUZZ:z182"],"line_refs":["182"],"lines":[{"line_id":"QBUZZ:z182","line_ref":"182","line_name":"Alphen a/d Rijn - Leiden","agency_id":"QBUZZ"}],"variant_ids":["QBUZZ:z182|1578502","QBUZZ:z182|1578503","QBUZZ:z182|1578504","QBUZZ:z182|1578505"],"representative_variant_id":"QBUZZ:z182|1578502","length_m":1344.5}},{"type":"Feature","geometry":{"type":"LineString","coordinates":[[4.691686821144607,52.13711591341905],[4.6877464528397965,52.141152583729756]]},"properties":{"edge_id":"edge/1043aa34dcd1","stop_a":"stop/alphen-a-d-rijn-kromme-aar__58e847ca28","stop_b":"stop/alphen-a-d-rijn-zegerplas__5b057ffe99","stop_a_name":"Alphen a/d Rijn, Kromme Aar","stop_b_name":"Alphen a/d Rijn, Zegerplas","num_lines":1,"line_ids":["QBUZZ:z182"],"line_refs":["182"],"lines":[{"line_id":"QBUZZ:z182","line_ref":"182","line_name":"Alphen a/d Rijn - Leiden","agency_id":"QBUZZ"}],"variant_ids":["QBUZZ:z182|1578502","QBUZZ:z182|1578503","QBUZZ:z182|1578504","QBUZZ:z182|1578505"],"representative_variant_id":"QBUZZ:z182|1578502","length_m":523.2}},{"type":"Feature","geometry":{"type":"LineString","coordinates":[[4.667139418130233,52.13157909502959],[4.667949,52.131624],[4.668225,52.131734],[4.66703749899196,52.13451790141126]]},"properties":{"edge_id":"edge/6d7d138a5432","stop_a":"stop/alphen-a-d-rijn-lijsterlaan__e47eab4dda","stop_b":"stop/alphen-a-d-rijn-meerkoetstraat__c9472f2bf9","stop_a_name":"Alphen a/d Rijn, Lijsterlaan","stop_b_name":"Alphen a/d Rijn, Meerkoetstraat","num_lines":1,"line_ids":["QBUZZ:z072"],"line_refs":["2"],"lines":[{"line_id":"QBUZZ:z072","line_ref":"2","line_name":"Ringlijn Alphen a/d Rijn","agency_id":"QBUZZ"}],"variant_ids":["QBUZZ:z072|1578437","QBUZZ:z072|1578438","QBUZZ:z072|1654970"],"representative_variant_id":"QBUZZ:z072|1578437","length_m":397.9}},{"type":"Feature","geometry":{"type":"LineString","coordinates":[[4.628857830404774,52.13234997413536],[4.630918,52.132867],[4.631356,52.132879],[4.631636,52.132728],[4.632533,52.131502],[4.632899,52.131441],[4.633927269441172,52.131675256054464]]},"properties":{"edge_id":"edge/d3d37649cb15","stop_a":"stop/alphen-a-d-rijn-maatschapslaan__32372199df","stop_b":"stop/alphen-a-d-rijn-vennootsweg__fe0fe27843","stop_a_name":"Alphen a/d Rijn, Maatschapslaan","stop_b_name":"Alphen a/d Rijn, Vennootsweg","num_lines":1,"line_ids":["QBUZZ:z165"],"line_refs":["165"],"lines":[{"line_id":"QBUZZ:z165","line_ref":"165","line_name":"Zoetermeer - Alphen a/d Rijn","agency_id":"QBUZZ"}],"variant_ids":["QBUZZ:z165|1578489","QBUZZ:z165|1578490","QBUZZ:z165|1578491"],"representative_variant_id":"QBUZZ:z165|1578489","length_m":457.5}},{"type":"Feature","geometry":{"type":"LineString","coordinates":[[4.628857830404774,52.13234997413536],[4.626556,52.131715],[4.625557,52.132913],[4.625181,52.133558],[4.623957,52.133388],[4.623506,52.133259],[4.623000076218641,52.132946046474785]]},"properties":{"edge_id":"edge/6a238153d1ff","stop_a":"stop/alphen-a-d-rijn-maatschapslaan__32372199df","stop_b":"stop/hazerswoude-rijndijk-de-bonte-paal__530b17a534","stop_a_name":"Alphen a/d Rijn, Maatschapslaan","stop_b_name":"Hazerswoude-Rijndijk, De Bonte Paal","num_lines":1,"line_ids":["QBUZZ:z165"],"line_refs":["165"],"lines":[{"line_id":"QBUZZ:z165","line_ref":"165","line_name":"Zoetermeer - Alphen a/d Rijn","agency_id":"QBUZZ"}],"variant_ids":["QBUZZ:z165|1578489","QBUZZ:z165|1578490","QBUZZ:z165|1578491"],"representative_variant_id":"QBUZZ:z165|1578489","length_m":566.7}},{"type":"Feature","geometry":{"type":"LineString","coordinates":[[4.639179907586492,52.13283775691983],[4.644424,52.134004],[4.645036,52.13408],[4.6466682550267215,52.134068748986124]]},"properties":{"edge_id":"edge/c5fcdc522774","stop_a":"stop/alphen-a-d-rijn-magazijnweg__651d781a17","stop_b":"stop/alphen-a-d-rijn-rijnhavenkade__b40b78fce0","stop_a_name":"Alphen a/d Rijn, Magazijnweg","stop_b_name":"Alphen a/d Rijn, Rijnhavenkade","num_lines":3,"line_ids":["QBUZZ:z071","QBUZZ:z072","QBUZZ:z165"],"line_refs":["1","2","165"],"lines":[{"line_id":"QBUZZ:z071","line_ref":"1","line_name":"Ringlijn Alphen a/d Rijn","agency_id":"QBUZZ"},{"line_id":"QBUZZ:z072","line_ref":"2","line_name":"Ringlijn Alphen a/d Rijn","agency_id":"QBUZZ"},{"line_id":"QBUZZ:z165","line_ref":"165","line_name":"Zoetermeer - Alphen a/d Rijn","agency_id":"QBUZZ"}],"variant_ids":["QBUZZ:z071|1578435","QBUZZ:z071|1578436","QBUZZ:z071|1654968","QBUZZ:z071|1654969","QBUZZ:z072|1578437","QBUZZ:z072|1578438","QBUZZ:z072|1654970","QBUZZ:z165|1578489","QBUZZ:z165|1578490","QBUZZ:z165|1578491"],"representative_variant_id":"QBUZZ:z165|1578489","length_m":534.7}},{"type":"Feature","geometry":{"type":"LineString","coordinates":[[4.639179907586492,52.13283775691983],[4.633927269441172,52.131675256054464]]},"properties":{"edge_id":"edge/986ecbfad0a8","stop_a":"stop/alphen-a-d-rijn-magazijnweg__651d781a17","stop_b":"stop/alphen-a-d-rijn-vennootsweg__fe0fe27843","stop_a_name":"Alphen a/d Rijn, Magazijnweg","stop_b_name":"Alphen a/d Rijn, Vennootsweg","num_lines":3,"line_ids":["QBUZZ:z071","QBUZZ:z072","QBUZZ:z165"],"line_refs":["1","2","165"],"lines":[{"line_id":"QBUZZ:z071","line_ref":"1","line_name":"Ringlijn Alphen a/d Rijn","agency_id":"QBUZZ"},{"line_id":"QBUZZ:z072","line_ref":"2","line_name":"Ringlijn Alphen a/d Rijn","agency_id":"QBUZZ"},{"line_id":"QBUZZ:z165","line_ref":"165","line_name":"Zoetermeer - Alphen a/d Rijn","agency_id":"QBUZZ"}],"variant_ids":["QBUZZ:z071|1578435","QBUZZ:z071|1578436","QBUZZ:z071|1654968","QBUZZ:z071|1654969","QBUZZ:z072|1578437","QBUZZ:z072|1578438","QBUZZ:z072|1654970","QBUZZ:z165|1578489","QBUZZ:z165|1578490","QBUZZ:z165|1578491"],"representative_variant_id":"QBUZZ:z165|1578489","length_m":381.1}},{"type":"Feature","geometry":{"type":"LineString","coordinates":[[4.650928303515896,52.13017534178464],[4.650918,52.129946],[4.650732,52.129658],[4.652538,52.129076],[4.653205068313471,52.128938781579755]]},"properties":{"edge_id":"edge/a085636d83af","stop_a":"stop/alphen-a-d-rijn-magnolia__d5246b3ef3","stop_b":"stop/alphen-a-d-rijn-rijnzate__ac8358979a","stop_a_name":"Alphen a/d Rijn, Magnolia","stop_b_name":"Alphen a/d Rijn, Rijnzate","num_lines":1,"line_ids":["QBUZZ:z165"],"line_refs":["165"],"lines":[{"line_id":"QBUZZ:z165","line_ref":"165","line_name":"Zoetermeer - Alphen a/d Rijn","agency_id":"QBUZZ"}],"variant_ids":["QBUZZ:z165|1578489","QBUZZ:z165|1578490","QBUZZ:z165|1578491"],"representative_variant_id":"QBUZZ:z165|1578490","length_m":247.2}},{"type":"Feature","geometry":{"type":"LineString","coordinates":[[4.650928303515896,52.13017534178464],[4.651113326271209,52.13271551557516]]},"properties":{"edge_id":"edge/573984ba32a4","stop_a":"stop/alphen-a-d-rijn-magnolia__d5246b3ef3","stop_b":"stop/alphen-a-d-rijn-westerhove__6a080189fb","stop_a_name":"Alphen a/d Rijn, Magnolia","stop_b_name":"Alphen a/d Rijn, Westerhove","num_lines":1,"line_ids":["QBUZZ:z165"],"line_refs":["165"],"lines":[{"line_id":"QBUZZ:z165","line_ref":"165","line_name":"Zoetermeer - Alphen a/d Rijn","agency_id":"QBUZZ"}],"variant_ids":["QBUZZ:z165|1578489","QBUZZ:z165|1578490","QBUZZ:z165|1578491"],"representative_variant_id":"QBUZZ:z165|1578490","length_m":282.7}},{"type":"Feature","geometry":{"type":"LineString","coordinates":[[4.6548494699404275,52.145766080478914],[4.656265,52.145907],[4.658275459420869,52.145877752731955]]},"properties":{"edge_id":"edge/a36a1ebc77fc","stop_a":"stop/alphen-a-d-rijn-marsdiep__a670e093a2","stop_b":"stop/alphen-a-d-rijn-ziekenhuis__839c1a1911","stop_a_name":"Alphen a/d Rijn, Marsdiep","stop_b_name":"Alphen a/d Rijn, Ziekenhuis","num_lines":1,"line_ids":["QBUZZ:z169"],"line_refs":["169"],"lines":[{"line_id":"QBUZZ:z169","line_ref":"169","line_name":"Alphen a/d Rijn - Leiden","agency_id":"QBUZZ"}],"variant_ids":["QBUZZ:z169|1578492","QBUZZ:z169|1578493","QBUZZ:z169|1578494"],"representative_variant_id":"QBUZZ:z169|1578493","length_m":235.1}},{"type":"Feature","geometry":{"type":"LineString","coordinates":[[4.667118300634421,52.134363550680554],[4.666665,52.135176],[4.664976,52.13486],[4.661778,52.134786],[4.659517,52.13462],[4.657714133742934,52.13457375246653]]},"properties":{"edge_id":"edge/6cab06664368","stop_a":"stop/alphen-a-d-rijn-meerkoetstraat__c9472f2bf9","stop_b":"stop/alphen-a-d-rijn-stadhoudersplein__13bda6ba9c","stop_a_name":"Alphen a/d Rijn, Meerkoetstraat","stop_b_name":"Alphen a/d Rijn, Stadhoudersplein","num_lines":1,"line_ids":["QBUZZ:z147"],"line_refs":["147"],"lines":[{"line_id":"QBUZZ:z147","line_ref":"147","line_name":"Alphen a/d Rijn - Uithoorn","agency_id":"QBUZZ"}],"variant_ids":["QBUZZ:z147|1625021","QBUZZ:z147|1625022","QBUZZ:z147|1625023","QBUZZ:z147|1625026","QBUZZ:z147|1654978","QBUZZ:z147|1654980"],"representative_variant_id":"QBUZZ:z147|1625022","length_m":713.0}},{"type":"Feature","geometry":{"type":"LineString","coordinates":[[4.667118300634421,52.134363550680554],[4.668225,52.131734],[4.669149433896563,52.13180406095463]]},"properties":{"edge_id":"edge/9b2f8f4e3c38","stop_a":"stop/alphen-a-d-rijn-meerkoetstraat__c9472f2bf9","stop_b":"stop/alphen-a-d-rijn-thorbeckestraat__bd99718f7c","stop_a_name":"Alphen a/d Rijn, Meerkoetstraat","stop_b_name":"Alphen a/d Rijn, Thorbeckestraat","num_lines":1,"line_ids":["QBUZZ:z147"],"line_refs":["147"],"lines":[{"line_id":"QBUZZ:z147","line_ref":"147","line_name":"Alphen a/d Rijn - Uithoorn","agency_id":"QBUZZ"}],"variant_ids":["QBUZZ:z147|1625021","QBUZZ:z147|1625022","QBUZZ:z147|1625023","QBUZZ:z147|1625026","QBUZZ:z147|1654978","QBUZZ:z147|1654980"],"representative_variant_id":"QBUZZ:z147|1625022","length_m":365.6}},{"type":"Feature","geometry":{"type":"LineString","coordinates":[[4.667177974827982,52.13419667255603],[4.666665,52.135176],[4.66760154545691,52.13538928238691]]},"properties":{"edge_id":"edge/3d2e567a4c5c","stop_a":"stop/alphen-a-d-rijn-meerkoetstraat__c9472f2bf9","stop_b":"stop/alphen-a-d-rijn-willem-de-zwijgerlaan__55d78fdb3a","stop_a_name":"Alphen a/d Rijn, Meerkoetstraat","stop_b_name":"Alphen a/d Rijn, Willem de Zwijgerlaan","num_lines":2,"line_ids":["QBUZZ:z071","QBUZZ:z072"],"line_refs":["1","2"],"lines":[{"line_id":"QBUZZ:z071","line_ref":"1","line_name":"Ringlijn Alphen a/d Rijn","agency_id":"QBUZZ"},{"line_id":"QBUZZ:z072","line_ref":"2","line_name":"Ringlijn Alphen a/d Rijn","agency_id":"QBUZZ"}],"variant_ids":["QBUZZ:z071|1578435","QBUZZ:z071|1578436","QBUZZ:z071|1654968","QBUZZ:z071|1654969","QBUZZ:z072|1578437","QBUZZ:z072|1578438","QBUZZ:z072|1654970"],"representative_variant_id":"QBUZZ:z071|1578435","length_m":182.6}},{"type":"Feature","geometry":{"type":"LineString","coordinates":[[4.6558082095299165,52.128940004479766],[4.655229,52.128877],[4.654314,52.128583],[4.653564,52.128884],[4.653205068313471,52.128938781579755]]},"properties":{"edge_id":"edge/29f3f1e383a6","stop_a":"stop/alphen-a-d-rijn-molenvliet__1b7d8abd89","stop_b":"stop/alphen-a-d-rijn-rijnzate__ac8358979a","stop_a_name":"Alphen a/d Rijn, Molenvliet","stop_b_name":"Alphen a/d Rijn, Rijnzate","num_lines":1,"line_ids":["QBUZZ:z165"],"line_refs":["165"],"lines":[{"line_id":"QBUZZ:z165","line_ref":"165","line_name":"Zoetermeer - Alphen a/d Rijn","agency_id":"QBUZZ"}],"variant_ids":["QBUZZ:z165|1578489","QBUZZ:z165|1578490","QBUZZ:z165|1578491"],"representative_variant_id":"QBUZZ:z165|1578490","length_m":197.1}},{"type":"Feature","geometry":{"type":"LineString","coordinates":[[4.655827284021978,52.128859340878],[4.657273,52.128934],[4.657981,52.128498],[4.658727,52.127514],[4.658824,52.126921],[4.65868,52.126813],[4.658828,52.126706],[4.658818,52.126382],[4.658392,52.125651],[4.658546138494276,52.12474617122789]]},"properties":{"edge_id":"edge/8f343f5ee81a","stop_a":"stop/alphen-a-d-rijn-molenvliet__1b7d8abd89","stop_b":"stop/alphen-a-d-rijn-station__29c67bec6a","stop_a_name":"Alphen a/d Rijn, Molenvliet","stop_b_name":"Alphen a/d Rijn, Station","num_lines":1,"line_ids":["QBUZZ:z165"],"line_refs":["165"],"lines":[{"line_id":"QBUZZ:z165","line_ref":"165","line_name":"Zoetermeer - Alphen a/d Rijn","agency_id":"QBUZZ"}],"variant_ids":["QBUZZ:z165|1578489","QBUZZ:z165|1578490","QBUZZ:z165|1578491"],"representative_variant_id":"QBUZZ:z165|1578489","length_m":609.1}},{"type":"Feature","geometry":{"type":"LineString","coordinates":[[4.662812774600803,52.11805236753538],[4.661294,52.119647],[4.660837,52.119905],[4.660879,52.120031],[4.66067,52.120281],[4.659349,52.121577],[4.658698,52.122139],[4.658478,52.122182],[4.65852,52.122326],[4.657865,52.123042],[4.656577,52.124112],[4.656298,52.124209],[4.655816081467199,52.12416040951463]]},"properties":{"edge_id":"edge/14c2f2cfc1fd","stop_a":"stop/alphen-a-d-rijn-polderpeil__5fa12e01c3","stop_b":"stop/alphen-a-d-rijn-station-azielaan__dbcbb02a3a","stop_a_name":"Alphen a/d Rijn, Polderpeil","stop_b_name":"Alphen a/d Rijn, Station/Aziëlaan","num_lines":2,"line_ids":["QBUZZ:z071","QBUZZ:z072"],"line_refs":["1","2"],"lines":[{"line_id":"QBUZZ:z071","line_ref":"1","line_name":"Ringlijn Alphen a/d Rijn","agency_id":"QBUZZ"},{"line_id":"QBUZZ:z072","line_ref":"2","line_name":"Ringlijn Alphen a/d Rijn","agency_id":"QBUZZ"}],"variant_ids":["QBUZZ:z071|1578435","QBUZZ:z071|1578436","QBUZZ:z071|1654968","QBUZZ:z071|1654969","QBUZZ:z072|1578437","QBUZZ:z072|1578438","QBUZZ:z072|1654970"],"representative_variant_id":"QBUZZ:z071|1578435","length_m":866.6}},{"type":"Feature","geometry":{"type":"LineString","coordinates":[[4.650867278296845,52.154616709270066],[4.651654,52.154426],[4.651996,52.154958],[4.652199,52.155005],[4.654077,52.154558],[4.654271,52.154334],[4.654857500123593,52.15419413346826]]},"properties":{"edge_id":"edge/8ffa12054f41","stop_a":"stop/alphen-a-d-rijn-poortwachter__a860ce06f2","stop_b":"stop/alphen-a-d-rijn-zadelmaker__48652f10db","stop_a_name":"Alphen a/d Rijn, Poortwachter","stop_b_name":"Alphen a/d Rijn, Zadelmaker","num_lines":2,"line_ids":["QBUZZ:z071","QBUZZ:z072"],"line_refs":["1","2"],"lines":[{"line_id":"QBUZZ:z071","line_ref":"1","line_name":"Ringlijn Alphen a/d Rijn","agency_id":"QBUZZ"},{"line_id":"QBUZZ:z072","line_ref":"2","line_name":"Ringlijn Alphen a/d Rijn","agency_id":"QBUZZ"}],"variant_ids":["QBUZZ:z071|1578435","QBUZZ:z071|1578436","QBUZZ:z071|1654968","QBUZZ:z071|1654969","QBUZZ:z072|1578437","QBUZZ:z072|1578438","QBUZZ:z072|1654970"],"representative_variant_id":"QBUZZ:z072|1578437","length_m":344.7}},{"type":"Feature","geometry":{"type":"LineString","coordinates":[[4.675606874435595,52.1433612375505],[4.677287,52.14324],[4.68159035099275,52.14325235688003]]},"properties":{"edge_id":"edge/2aa2dbbd8083","stop_a":"stop/alphen-a-d-rijn-ridderhof__4b1f99ed00","stop_b":"stop/alphen-a-d-rijn-saffierstraat__9d480d45ad","stop_a_name":"Alphen a/d Rijn, Ridderhof","stop_b_name":"Alphen a/d Rijn, Saffierstraat","num_lines":3,"line_ids":["QBUZZ:z071","QBUZZ:z072","QBUZZ:z182"],"line_refs":["1","2","182"],"lines":[{"line_id":"QBUZZ:z071","line_ref":"1","line_name":"Ringlijn Alphen a/d Rijn","agency_id":"QBUZZ"},{"line_id":"QBUZZ:z072","line_ref":"2","line_name":"Ringlijn Alphen a/d Rijn","agency_id":"QBUZZ"},{"line_id":"QBUZZ:z182","line_ref":"182","line_name":"Alphen a/d Rijn - Leiden","agency_id":"QBUZZ"}],"variant_ids":["QBUZZ:z071|1578435","QBUZZ:z071|1578436","QBUZZ:z071|1654968","QBUZZ:z071|1654969","QBUZZ:z072|1578437","QBUZZ:z072|1578438","QBUZZ:z072|1654970","QBUZZ:z182|1578502","QBUZZ:z182|1578503","QBUZZ:z182|1578504","QBUZZ:z182|1578505"],"representative_variant_id":"QBUZZ:z182|1578502","length_m":409.1}},{"type":"Feature","geometry":{"type":"LineString","coordinates":[[4.630804380090788,52.13014287103343],[4.630488,52.130635],[4.630588,52.130761],[4.632289,52.131222],[4.632592,52.131475],[4.632899,52.131441],[4.633574022488587,52.13159588084494]]},"properties":{"edge_id":"edge/7f3665817b6c","stop_a":"stop/alphen-a-d-rijn-rijnvicus__b57a73e8d0","stop_b":"stop/alphen-a-d-rijn-vennootsweg__fe0fe27843","stop_a_name":"Alphen a/d Rijn, Rijnvicus","stop_b_name":"Alphen a/d Rijn, Vennootsweg","num_lines":2,"line_ids":["QBUZZ:z071","QBUZZ:z072"],"line_refs":["1","2"],"lines":[{"line_id":"QBUZZ:z071","line_ref":"1","line_name":"Ringlijn Alphen a/d Rijn","agency_id":"QBUZZ"},{"line_id":"QBUZZ:z072","line_ref":"2","line_name":"Ringlijn Alphen a/d Rijn","agency_id":"QBUZZ"}],"variant_ids":["QBUZZ:z071|1578435","QBUZZ:z071|1578436","QBUZZ:z071|1654968","QBUZZ:z071|1654969","QBUZZ:z072|1578437","QBUZZ:z072|1578438","QBUZZ:z072|1654970"],"representative_variant_id":"QBUZZ:z071|1578436","length_m":306.7}},{"type":"Feature","geometry":{"type":"LineString","coordinates":[[4.68159035099275,52.14325235688003],[4.682327,52.143261],[4.682457,52.143316],[4.682619,52.143254],[4.683948,52.14328],[4.685429,52.142974],[4.686076,52.142681],[4.686608,52.142307],[4.6877464528397965,52.141152583729756]]},"properties":{"edge_id":"edge/f229dd6a6d31","stop_a":"stop/alphen-a-d-rijn-saffierstraat__9d480d45ad","stop_b":"stop/alphen-a-d-rijn-zegerplas__5b057ffe99","stop_a_name":"Alphen a/d Rijn, Saffierstraat","stop_b_name":"Alphen a/d Rijn, Zegerplas","num_lines":1,"line_ids":["QBUZZ:z182"],"line_refs":["182"],"lines":[{"line_id":"QBUZZ:z182","line_ref":"182","line_name":"Alphen a/d Rijn - Leiden","agency_id":"QBUZZ"}],"variant_ids":["QBUZZ:z182|1578502","QBUZZ:z182|1578503","QBUZZ:z182|1578504","QBUZZ:z182|1578505"],"representative_variant_id":"QBUZZ:z182|1578502","length_m":531.6}},{"type":"Feature","geometry":{"type":"LineString","coordinates":[[4.672143200561752,52.137297990484946],[4.67159,52.136842],[4.670302,52.136097],[4.669828,52.135582],[4.668964,52.135693],[4.668277588126694,52.13557202220294]]},"properties":{"edge_id":"edge/498386e07c64","stop_a":"stop/alphen-a-d-rijn-sportlaan__4d82893a0e","stop_b":"stop/alphen-a-d-rijn-willem-de-zwijgerlaan__55d78fdb3a","stop_a_name":"Alphen a/d Rijn, Sportlaan","stop_b_name":"Alphen a/d Rijn, Willem de Zwijgerlaan","num_lines":3,"line_ids":["QBUZZ:z071","QBUZZ:z072","QBUZZ:z169"],"line_refs":["1","2","169"],"lines":[{"line_id":"QBUZZ:z071","line_ref":"1","line_name":"Ringlijn Alphen a/d Rijn","agency_id":"QBUZZ"},{"line_id":"QBUZZ:z072","line_ref":"2","line_name":"Ringlijn Alphen a/d Rijn","agency_id":"QBUZZ"},{"line_id":"QBUZZ:z169","line_ref":"169","line_name":"Alphen a/d Rijn - Leiden","agency_id":"QBUZZ"}],"variant_ids":["QBUZZ:z071|1578435","QBUZZ:z071|1578436","QBUZZ:z071|1654968","QBUZZ:z071|1654969","QBUZZ:z072|1578437","QBUZZ:z072|1578438","QBUZZ:z072|1654970","QBUZZ:z169|1578492","QBUZZ:z169|1578493","QBUZZ:z169|1578494"],"representative_variant_id":"QBUZZ:z169|1578493","length_m":358.8}},{"type":"Feature","geometry":{"type":"LineString","coordinates":[[4.634013205075966,52.120685127825105],[4.635366,52.119404],[4.636505,52.118494],[4.6381,52.117408],[4.639086,52.116965],[4.63922,52.116804],[4.639366,52.116832],[4.639407,52.116967],[4.639668,52.117067],[4.642151,52.1188],[4.642384,52.118792],[4.642353,52.118936],[4.642947501165368,52.11937581670951]]},"properties":{"edge_id":"edge/85b388cb7eab","stop_a":"stop/alphen-a-d-rijn-sportpark__3ea7057200","stop_b":"stop/alphen-a-d-rijn-vroonhoevelaan__839864d127","stop_a_name":"Alphen a/d Rijn, Sportpark","stop_b_name":"Alphen a/d Rijn, Vroonhoevelaan","num_lines":2,"line_ids":["QBUZZ:z071","QBUZZ:z072"],"line_refs":["1","2"],"lines":[{"line_id":"QBUZZ:z071","line_ref":"1","line_name":"Ringlijn Alphen a/d Rijn","agency_id":"QBUZZ"},{"line_id":"QBUZZ:z072","line_ref":"2","line_name":"Ringlijn Alphen a/d Rijn","agency_id":"QBUZZ"}],"variant_ids":["QBUZZ:z071|1578435","QBUZZ:z071|1578436","QBUZZ:z071|1654968","QBUZZ:z071|1654969","QBUZZ:z072|1578437","QBUZZ:z072|1578438","QBUZZ:z072|1654970"],"representative_variant_id":"QBUZZ:z071|1578435","length_m":962.6}},{"type":"Feature","geometry":{"type":"LineString","coordinates":[[4.65771938981498,52.13457317645864],[4.659517,52.13462],[4.661778,52.134786],[4.664976,52.13486],[4.666432,52.135112],[4.668277588126694,52.13557202220294]]},"properties":{"edge_id":"edge/3f8e20984fdc","stop_a":"stop/alphen-a-d-rijn-stadhoudersplein__13bda6ba9c","stop_b":"stop/alphen-a-d-rijn-willem-de-zwijgerlaan__55d78fdb3a","stop_a_name":"Alphen a/d Rijn, Stadhoudersplein","stop_b_name":"Alphen a/d Rijn, Willem de Zwijgerlaan","num_lines":1,"line_ids":["QBUZZ:z169"],"line_refs":["169"],"lines":[{"line_id":"QBUZZ:z169","line_ref":"169","line_name":"Alphen a/d Rijn - Leiden","agency_id":"QBUZZ"}],"variant_ids":["QBUZZ:z169|1578492","QBUZZ:z169|1578493","QBUZZ:z169|1578494"],"representative_variant_id":"QBUZZ:z169|1578493","length_m":735.8}},{"type":"Feature","geometry":{"type":"LineString","coordinates":[[4.656398331681641,52.13689406663176],[4.656562021190999,52.13926931786498]]},"properties":{"edge_id":"edge/4df41554ad83","stop_a":"stop/alphen-a-d-rijn-van-nesstraat__1d4bae35bc","stop_b":"stop/alphen-a-d-rijn-zoutmanstraat-avifauna__478b862eb2","stop_a_name":"Alphen a/d Rijn, van Nesstraat","stop_b_name":"Alphen a/d Rijn, Zoutmanstraat/Avifauna","num_lines":1,"line_ids":["QBUZZ:z182"],"line_refs":["182"],"lines":[{"line_id":"QBUZZ:z182","line_ref":"182","line_name":"Alphen a/d Rijn - Leiden","agency_id":"QBUZZ"}],"variant_ids":["QBUZZ:z182|1578502","QBUZZ:z182|1578503","QBUZZ:z182|1578504","QBUZZ:z182|1578505"],"representative_variant_id":"QBUZZ:z182|1578502","length_m":264.4}},{"type":"Feature","geometry":{"type":"LineString","coordinates":[[4.595165407657315,52.2855766680526],[4.592935,52.286774],[4.593047,52.287098],[4.593868119911421,52.28801318211847]]},"properties":{"edge_id":"edge/fc0454a70d48","stop_a":"stop/beinsdorp-beinsdorp__8a1181bbaf","stop_b":"stop/beinsdorp-hillegommerdijk__ffea6bdb09","stop_a_name":"Beinsdorp, Beinsdorp","stop_b_name":"Beinsdorp, Hillegommerdijk","num_lines":1,"line_ids":["QBUZZ:z022"],"line_refs":["22"],"lines":[{"line_id":"QBUZZ:z022","line_ref":"22","line_name":"Nieuw-Vennep - Hillegom - Noordwijk - Leiden","agency_id":"QBUZZ"}],"variant_ids":["QBUZZ:z022|1578393","QBUZZ:z022|1578394","QBUZZ:z022|1598570","QBUZZ:z022|1625006","QBUZZ:z022|1654957"],"representative_variant_id":"QBUZZ:z022|1625006","length_m":354.8}},{"type":"Feature","geometry":{"type":"LineString","coordinates":[[4.595185178589606,52.28556751922098],[4.59870224462921,52.283683105282684]]},"properties":{"edge_id":"edge/58581994e899","stop_a":"stop/beinsdorp-beinsdorp__8a1181bbaf","stop_b":"stop/beinsdorp-venneperweg-460__1ad421ce90","stop_a_name":"Beinsdorp, Beinsdorp","stop_b_name":"Beinsdorp, Venneperweg 460","num_lines":1,"line_ids":["QBUZZ:z022"],"line_refs":["22"],"lines":[{"line_id":"QBUZZ:z022","line_ref":"22","line_name":"Nieuw-Vennep - Hillegom - Noordwijk - Leiden","agency_id":"QBUZZ"}],"variant_ids":["QBUZZ:z022|1578393","QBUZZ:z022|1578394","QBUZZ:z022|1598570","QBUZZ:z022|1625006","QBUZZ:z022|1654957"],"representative_variant_id":"QBUZZ:z022|1578393","length_m":318.0}},{"type":"Feature","geometry":{"type":"LineString","coordinates":[[4.593868119911421,52.28801318211847],[4.594297,52.288518],[4.589533,52.290158],[4.589457,52.290319],[4.589238,52.290263],[4.589284,52.290129],[4.588617411236012,52.28945880018731]]},"properties":{"edge_id":"edge/19511195ffb3","stop_a":"stop/beinsdorp-hillegommerdijk__ffea6bdb09","stop_b":"stop/hillegom-meerlaan__3c5d70fcd0","stop_a_name":"Beinsdorp, Hillegommerdijk","stop_b_name":"Hillegom, Meerlaan","num_lines":1,"line_ids":["QBUZZ:z022"],"line_refs":["22"],"lines":[{"line_id":"QBUZZ:z022","line_ref":"22","line_name":"Nieuw-Vennep - Hillegom - Noordwijk - Leiden","agency_id":"QBUZZ"}],"variant_ids":["QBUZZ:z022|1578393","QBUZZ:z022|1578394","QBUZZ:z022|1598570","QBUZZ:z022|1625006","QBUZZ:z022|1654957"],"representative_variant_id":"QBUZZ:z022|1625006","length_m":572.3}},{"type":"Feature","geometry":{"type":"LineString","coordinates":[[4.59870224462921,52.283683105282684],[4.603907903566732,52.28087855825041]]},"properties":{"edge_id":"edge/a428c7457621","stop_a":"stop/beinsdorp-venneperweg-460__1ad421ce90","stop_b":"stop/nieuw-vennep-middelweg__8146c1dd94","stop_a_name":"Beinsdorp, Venneperweg 460","stop_b_name":"Nieuw-Vennep, Middelweg","num_lines":1,"line_ids":["QBUZZ:z022"],"line_refs":["22"],"lines":[{"line_id":"QBUZZ:z022","line_ref":"22","line_name":"Nieuw-Vennep - Hillegom - Noordwijk - Leiden","agency_id":"QBUZZ"}],"variant_ids":["QBUZZ:z022|1578393","QBUZZ:z022|1578394","QBUZZ:z022|1598570","QBUZZ:z022|1625006","QBUZZ:z022|1654957"],"representative_variant_id":"QBUZZ:z022|1578393","length_m":471.9}},{"type":"Feature","geometry":{"type":"LineString","coordinates":[[4.594725189626709,52.323904416077],[4.59389,52.322823],[4.591992024765393,52.321126925693974]]},"properties":{"edge_id":"edge/6e4317630853","stop_a":"stop/bennebroek-bennebroekerlaan__7c5ecf44fd","stop_b":"stop/bennebroek-duinoord__97b881c3f7","stop_a_name":"Bennebroek, Bennebroekerlaan","stop_b_name":"Bennebroek, Duinoord","num_lines":1,"line_ids":["QBUZZ:z250"],"line_refs":["250"],"lines":[{"line_id":"QBUZZ:z250","line_ref":"250","line_name":"Haarlem - Hillegom - Lisse - Leiden","agency_id":"QBUZZ"}],"variant_ids":["QBUZZ:z250|1578546","QBUZZ:z250|1578549","QBUZZ:z250|1578550","QBUZZ:z250|1578551"],"representative_variant_id":"QBUZZ:z250|1578546","length_m":361.5}},{"type":"Feature","geometry":{"type":"LineString","coordinates":[[4.594725189626709,52.323904416077],[4.595233,52.324845],[4.596825805623122,52.327046343711025]]},"properties":{"edge_id":"edge/2cb2a2761e36","stop_a":"stop/bennebroek-bennebroekerlaan__7c5ecf44fd","stop_b":"stop/bennebroek-linnaeushof-west__5595ef736e","stop_a_name":"Bennebroek, Bennebroekerlaan","stop_b_name":"Bennebroek, Linnaeushof-west","num_lines":1,"line_ids":["QBUZZ:z250"],"line_refs":["250"],"lines":[{"line_id":"QBUZZ:z250","line_ref":"250","line_name":"Haarlem - Hillegom - Lisse - Leiden","agency_id":"QBUZZ"}],"variant_ids":["QBUZZ:z250|1578546","QBUZZ:z250|1578549","QBUZZ:z250|1578550","QBUZZ:z250|1578551"],"representative_variant_id":"QBUZZ:z250|1578546","length_m":377.8}},{"type":"Feature","geometry":{"type":"LineString","coordinates":[[4.591992024765393,52.321126925693974],[4.591513,52.320389],[4.591118,52.318705],[4.590345411766057,52.3176309469486]]},"properties":{"edge_id":"edge/696674ff0f64","stop_a":"stop/bennebroek-duinoord__97b881c3f7","stop_b":"stop/bennebroek-ggz-ingeest__7d210e09a8","stop_a_name":"Bennebroek, Duinoord","stop_b_name":"Bennebroek, GGZ inGeest","num_lines":1,"line_ids":["QBUZZ:z250"],"line_refs":["250"],"lines":[{"line_id":"QBUZZ:z250","line_ref":"250","line_name":"Haarlem - Hillegom - Lisse - Leiden","agency_id":"QBUZZ"}],"variant_ids":["QBUZZ:z250|1578546","QBUZZ:z250|1578549","QBUZZ:z250|1578550","QBUZZ:z250|1578551"],"representative_variant_id":"QBUZZ:z250|1578546","length_m":407.9}},{"type":"Feature","geometry":{"type":"LineString","coordinates":[[4.59030236322733,52.31758422021194],[4.589242,52.316149],[4.588749,52.315067],[4.588605,52.314096],[4.588632,52.313386],[4.58904130917321,52.3121421579665]]},"properties":{"edge_id":"edge/a6379a21d9a9","stop_a":"stop/bennebroek-ggz-ingeest__7d210e09a8","stop_b":"stop/hillegom-bethlehemlaan__5d80de64d2","stop_a_name":"Bennebroek, GGZ inGeest","stop_b_name":"Hillegom, Bethlehemlaan","num_lines":1,"line_ids":["QBUZZ:z250"],"line_refs":["250"],"lines":[{"line_id":"QBUZZ:z250","line_ref":"250","line_name":"Haarlem - Hillegom - Lisse - Leiden","agency_id":"QBUZZ"}],"variant_ids":["QBUZZ:z250|1578546","QBUZZ:z250|1578549","QBUZZ:z250|1578550","QBUZZ:z250|1578551"],"representative_variant_id":"QBUZZ:z250|1578549","length_m":628.5}},{"type":"Feature","geometry":{"type":"LineString","coordinates":[[4.596825805623122,52.327046343711025],[4.600932,52.333538],[4.602137887236131,52.334881334465976]]},"properties":{"edge_id":"edge/f2d0d5bb1c61","stop_a":"stop/bennebroek-linnaeushof-west__5595ef736e","stop_b":"stop/heemstede-kadijk__e92a69038c","stop_a_name":"Bennebroek, Linnaeushof-west","stop_b_name":"Heemstede, Kadijk","num_lines":1,"line_ids":["QBUZZ:z250"],"line_refs":["250"],"lines":[{"line_id":"QBUZZ:z250","line_ref":"250","line_name":"Haarlem - Hillegom - Lisse - Leiden","agency_id":"QBUZZ"}],"variant_ids":["QBUZZ:z250|1578546","QBUZZ:z250|1578549","QBUZZ:z250|1578550","QBUZZ:z250|1578551"],"representative_variant_id":"QBUZZ:z250|1578546","length_m":944.3}},{"type":"Feature","geometry":{"type":"LineString","coordinates":[[4.552780340325367,52.07371920839044],[4.552612,52.073653],[4.552435,52.073742],[4.551968,52.073766],[4.543809158312954,52.07366629073255]]},"properties":{"edge_id":"edge/87e0b101e5fd","stop_a":"stop/benthuizen-de-bentlanden__23a4fd67d7","stop_b":"stop/benthuizen-dr-a-schweitzerlaan__0da9cf104f","stop_a_name":"Benthuizen, de Bentlanden","stop_b_name":"Benthuizen, Dr. A. Schweitzerlaan","num_lines":1,"line_ids":["QBUZZ:z165"],"line_refs":["165"],"lines":[{"line_id":"QBUZZ:z165","line_ref":"165","line_name":"Zoetermeer - Alphen a/d Rijn","agency_id":"QBUZZ"}],"variant_ids":["QBUZZ:z165|1578489","QBUZZ:z165|1578490"],"representative_variant_id":"QBUZZ:z165|1578489","length_m":619.0}},{"type":"Feature","geometry":{"type":"LineString","coordinates":[[4.552780340325367,52.07371920839044],[4.55503,52.073814],[4.558399,52.073829],[4.559,52.073698],[4.559172,52.073879],[4.558978,52.074076],[4.558872,52.077473],[4.559012,52.077761],[4.559356,52.078087],[4.560067,52.078326],[4.561932,52.078456],[4.563434,52.078466],[4.573523240979761,52.0781279897995]]},"properties":{"edge_id":"edge/c85a1ad0eb89","stop_a":"stop/benthuizen-de-bentlanden__23a4fd67d7","stop_b":"stop/benthuizen-hoogspanningskabels__398a7a8d3c","stop_a_name":"Benthuizen, de Bentlanden","stop_b_name":"Benthuizen, Hoogspanningskabels","num_lines":1,"line_ids":["QBUZZ:z165"],"line_refs":["165"],"lines":[{"line_id":"QBUZZ:z165","line_ref":"165","line_name":"Zoetermeer - Alphen a/d Rijn","agency_id":"QBUZZ"}],"variant_ids":["QBUZZ:z165|1578489","QBUZZ:z165|1578490"],"representative_variant_id":"QBUZZ:z165|1578489","length_m":1908.1}},{"type":"Feature","geometry":{"type":"LineString","coordinates":[[4.543809158312954,52.07366629073255],[4.537881,52.073584],[4.537339,52.073697],[4.535957055191044,52.074341503223074]]},"properties":{"edge_id":"edge/17da37649166","stop_a":"stop/benthuizen-dr-a-schweitzerlaan__0da9cf104f","stop_b":"stop/benthuizen-noordhovepad__981ae2edff","stop_a_name":"Benthuizen, Dr. A. Schweitzerlaan","stop_b_name":"Benthuizen, Noordhovepad","num_lines":1,"line_ids":["QBUZZ:z165"],"line_refs":["165"],"lines":[{"line_id":"QBUZZ:z165","line_ref":"165","line_name":"Zoetermeer - Alphen a/d Rijn","agency_id":"QBUZZ"}],"variant_ids":["QBUZZ:z165|1578489","QBUZZ:z165|1578490"],"representative_variant_id":"QBUZZ:z165|1578489","length_m":562.9}},{"type":"Feature","geometry":{"type":"LineString","coordinates":[[4.57352248302419,52.078126939670426],[4.586876,52.077702],[4.587779,52.077798],[4.588026442404411,52.07823444036084]]},"properties":{"edge_id":"edge/6e3e5501c01c","stop_a":"stop/benthuizen-hoogspanningskabels__398a7a8d3c","stop_b":"stop/hazerswoude-driesprong__5baae566f4","stop_a_name":"Benthuizen, Hoogspanningskabels","stop_b_name":"Hazerswoude, Driesprong","num_lines":1,"line_ids":["QBUZZ:z165"],"line_refs":["165"],"lines":[{"line_id":"QBUZZ:z165","line_ref":"165","line_name":"Zoetermeer - Alphen a/d Rijn","agency_id":"QBUZZ"}],"variant_ids":["QBUZZ:z165|1578489","QBUZZ:z165|1578490"],"representative_variant_id":"QBUZZ:z165|1578490","length_m":1027.8}},{"type":"Feature","geometry":{"type":"LineString","coordinates":[[4.535957055191044,52.074341503223074],[4.535397,52.074564],[4.535092,52.074499],[4.533076554065593,52.07265958951918]]},"properties":{"edge_id":"edge/36e10767682f","stop_a":"stop/benthuizen-noordhovepad__981ae2edff","stop_b":"stop/zoetermeer-zegwaartseweg__809b1243b9","stop_a_name":"Benthuizen, Noordhovepad","stop_b_name":"Zoetermeer, Zegwaartseweg","num_lines":1,"line_ids":["QBUZZ:z165"],"line_refs":["165"],"lines":[{"line_id":"QBUZZ:z165","line_ref":"165","line_name":"Zoetermeer - Alphen a/d Rijn","agency_id":"QBUZZ"}],"variant_ids":["QBUZZ:z165|1578489","QBUZZ:z165|1578490"],"representative_variant_id":"QBUZZ:z165|1578489","length_m":314.2}},{"type":"Feature","geometry":{"type":"LineString","coordinates":[[4.6352573284873335,52.075793075581466],[4.63575,52.075714],[4.63606,52.075509],[4.636292,52.075564],[4.636319,52.075708],[4.636667,52.075837],[4.63798,52.075827],[4.64109,52.075658],[4.646801,52.075155],[4.64716,52.077269],[4.647028,52.077304],[4.646899,52.077205],[4.647106,52.077017],[4.647067046639542,52.07678905555735]]},"properties":{"edge_id":"edge/dc7b8d021675","stop_a":"stop/boskoop-roemer__4a4ee6bf1d","stop_b":"stop/boskoop-station__1918e1446d","stop_a_name":"Boskoop, Roemer","stop_b_name":"Boskoop, Station","num_lines":1,"line_ids":["QBUZZ:z187"],"line_refs":["187"],"lines":[{"line_id":"QBUZZ:z187","line_ref":"187","line_name":"Boskoop - Leiden","agency_id":"QBUZZ"}],"variant_ids":["QBUZZ:z187|1578514","QBUZZ:z187|1578515","QBUZZ:z187|1578516","QBUZZ:z187|1625027","QBUZZ:z187|1625028","QBUZZ:z187|1625029"],"representative_variant_id":"QBUZZ:z187|1625027","length_m":1135.2}},{"type":"Feature","geometry":{"type":"LineString","coordinates":[[4.635269414250116,52.07585057737732],[4.633905,52.076134],[4.632677,52.076287],[4.628283787623634,52.07644647299037]]},"properties":{"edge_id":"edge/652d558ee3e9","stop_a":"stop/boskoop-roemer__4a4ee6bf1d","stop_b":"stop/hazerswoude-itc__82256a3c45","stop_a_name":"Boskoop, Roemer","stop_b_name":"Hazerswoude, ITC","num_lines":1,"line_ids":["QBUZZ:z187"],"line_refs":["187"],"lines":[{"line_id":"QBUZZ:z187","line_ref":"187","line_name":"Boskoop - Leiden","agency_id":"QBUZZ"}],"variant_ids":["QBUZZ:z187|1578514","QBUZZ:z187|1578515","QBUZZ:z187|1578516","QBUZZ:z187|1625027","QBUZZ:z187|1625028","QBUZZ:z187|1625029"],"representative_variant_id":"QBUZZ:z187|1578514","length_m":484.8}},{"type":"Feature","geometry":{"type":"LineString","coordinates":[[4.792391343378258,52.241275993525306],[4.791997,52.240793],[4.792732,52.240554],[4.793417,52.239676],[4.793707901060753,52.239528167719385]]},"properties":{"edge_id":"edge/301b8a5fea73","stop_a":"stop/de-kwakel-de-kuil__c1473d1286","stop_b":"stop/de-kwakel-kwakelsepad__388e901068","stop_a_name":"De Kwakel, De Kuil","stop_b_name":"De Kwakel, Kwakelsepad","num_lines":1,"line_ids":["QBUZZ:z147"],"line_refs":["147"],"lines":[{"line_id":"QBUZZ:z147","line_ref":"147","line_name":"Alphen a/d Rijn - Uithoorn","agency_id":"QBUZZ"}],"variant_ids":["QBUZZ:z147|1625022","QBUZZ:z147|1625026"],"representative_variant_id":"QBUZZ:z147|1625022","length_m":250.6}},{"type":"Feature","geometry":{"type":"LineString","coordinates":[[4.792391343378258,52.241275993525306],[4.792817,52.241911],[4.792664,52.242405],[4.793588,52.242284],[4.794237,52.241892],[4.795806,52.241738],[4.795908,52.241756],[4.796323111908351,52.24233689133628]]},"properties":{"edge_id":"edge/9fb5b7470c78","stop_a":"stop/de-kwakel-de-kuil__c1473d1286","stop_b":"stop/de-kwakel-vuurlijn__5086fa763c","stop_a_name":"De Kwakel, De Kuil","stop_b_name":"De Kwakel, Vuurlijn","num_lines":1,"line_ids":["QBUZZ:z147"],"line_refs":["147"],"lines":[{"line_id":"QBUZZ:z147","line_ref":"147","line_name":"Alphen a/d Rijn - Uithoorn","agency_id":"QBUZZ"}],"variant_ids":["QBUZZ:z147|1625022","QBUZZ:z147|1625026"],"representative_variant_id":"QBUZZ:z147|1625022","length_m":444.6}},{"type":"Feature","geometry":{"type":"LineString","coordinates":[[4.788658318730649,52.23312678857158],[4.78659072688289,52.23113677787039]]},"properties":{"edge_id":"edge/79ab558dedc8","stop_a":"stop/de-kwakel-drechtdijk-101__9d1b530230","stop_b":"stop/de-kwakel-drechtdijk-119__ee9f55011a","stop_a_name":"De Kwakel, Drechtdijk 101","stop_b_name":"De Kwakel, Drechtdijk 119","num_lines":1,"line_ids":["QBUZZ:z147"],"line_refs":["147"],"lines":[{"line_id":"QBUZZ:z147","line_ref":"147","line_name":"Alphen a/d Rijn - Uithoorn","agency_id":"QBUZZ"}],"variant_ids":["QBUZZ:z147|1625022","QBUZZ:z147|1625026"],"representative_variant_id":"QBUZZ:z147|1625026","length_m":262.3}},{"type":"Feature","geometry":{"type":"LineString","coordinates":[[4.788658516326354,52.233126513782935],[4.790131,52.234761],[4.791454717938066,52.235946174152794]]},"properties":{"edge_id":"edge/a145042c1600","stop_a":"stop/de-kwakel-drechtdijk-101__9d1b530230","stop_b":"stop/de-kwakel-fort-de-kwakel__aa51ae838a","stop_a_name":"De Kwakel, Drechtdijk 101","stop_b_name":"De Kwakel, Fort De Kwakel","num_lines":1,"line_ids":["QBUZZ:z147"],"line_refs":["147"],"lines":[{"line_id":"QBUZZ:z147","line_ref":"147","line_name":"Alphen a/d Rijn - Uithoorn","agency_id":"QBUZZ"}],"variant_ids":["QBUZZ:z147|1625022","QBUZZ:z147|1625026"],"representative_variant_id":"QBUZZ:z147|1625022","length_m":367.2}},{"type":"Feature","geometry":{"type":"LineString","coordinates":[[4.78659072688289,52.23113677787039],[4.786086,52.230759],[4.785234,52.229856],[4.784652,52.229619],[4.78467,52.229404],[4.784052,52.228538],[4.783676063109185,52.227601378655116]]},"properties":{"edge_id":"edge/af121112392d","stop_a":"stop/de-kwakel-drechtdijk-119__ee9f55011a","stop_b":"stop/vrouwenakker-vrouwenakker-8__57e74d9318","stop_a_name":"De Kwakel, Drechtdijk 119","stop_b_name":"Vrouwenakker, Vrouwenakker 8","num_lines":1,"line_ids":["QBUZZ:z147"],"line_refs":["147"],"lines":[{"line_id":"QBUZZ:z147","line_ref":"147","line_name":"Alphen a/d Rijn - Uithoorn","agency_id":"QBUZZ"}],"variant_ids":["QBUZZ:z147|1625022","QBUZZ:z147|1625026"],"representative_variant_id":"QBUZZ:z147|1625026","length_m":454.1}},{"type":"Feature","geometry":{"type":"LineString","coordinates":[[4.791454717938066,52.235946174152794],[4.79198,52.236622],[4.793902,52.238492],[4.794449,52.239196],[4.793707901060753,52.239528167719385]]},"properties":{"edge_id":"edge/66e55ebb83bc","stop_a":"stop/de-kwakel-fort-de-kwakel__aa51ae838a","stop_b":"stop/de-kwakel-kwakelsepad__388e901068","stop_a_name":"De Kwakel, Fort De Kwakel","stop_b_name":"De Kwakel, Kwakelsepad","num_lines":1,"line_ids":["QBUZZ:z147"],"line_refs":["147"],"lines":[{"line_id":"QBUZZ:z147","line_ref":"147","line_name":"Alphen a/d Rijn - Uithoorn","agency_id":"QBUZZ"}],"variant_ids":["QBUZZ:z147|1625022","QBUZZ:z147|1625026"],"representative_variant_id":"QBUZZ:z147|1625022","length_m":478.1}},{"type":"Feature","geometry":{"type":"LineString","coordinates":[[4.797832421010707,52.24436632564522],[4.796324957939945,52.2423370503577]]},"properties":{"edge_id":"edge/d1d15c3969f5","stop_a":"stop/de-kwakel-iepenlaan__18f3d165b5","stop_b":"stop/de-kwakel-vuurlijn__5086fa763c","stop_a_name":"De Kwakel, Iepenlaan","stop_b_name":"De Kwakel, Vuurlijn","num_lines":1,"line_ids":["QBUZZ:z147"],"line_refs":["147"],"lines":[{"line_id":"QBUZZ:z147","line_ref":"147","line_name":"Alphen a/d Rijn - Uithoorn","agency_id":"QBUZZ"}],"variant_ids":["QBUZZ:z147|1625022","QBUZZ:z147|1625026"],"representative_variant_id":"QBUZZ:z147|1625026","length_m":247.9}},{"type":"Feature","geometry":{"type":"LineString","coordinates":[[4.797832421010707,52.24436632564522],[4.799573221438287,52.246714968440976]]},"properties":{"edge_id":"edge/fc745ca3ae06","stop_a":"stop/de-kwakel-iepenlaan__18f3d165b5","stop_b":"stop/uithoorn-uitvaartcentrum__964d0d2e30","stop_a_name":"De Kwakel, Iepenlaan","stop_b_name":"Uithoorn, Uitvaartcentrum","num_lines":1,"line_ids":["QBUZZ:z147"],"line_refs":["147"],"lines":[{"line_id":"QBUZZ:z147","line_ref":"147","line_name":"Alphen a/d Rijn - Uithoorn","agency_id":"QBUZZ"}],"variant_ids":["QBUZZ:z147|1625022","QBUZZ:z147|1625026"],"representative_variant_id":"QBUZZ:z147|1625026","length_m":286.8}},{"type":"Feature","geometry":{"type":"LineString","coordinates":[[4.537206659873225,52.30082486301384],[4.537928,52.301438],[4.538526,52.301613],[4.53883,52.301804],[4.542677,52.300717],[4.544351366303728,52.30037960303335]]},"properties":{"edge_id":"edge/5bcf62d47851","stop_a":"stop/de-zilk-amsterdamse-waterleidingduinen__f0afaeaa09","stop_b":"stop/de-zilk-hoogduinweg__40e8931b34","stop_a_name":"De Zilk, Amsterdamse Waterleidingduinen","stop_b_name":"De Zilk, Hoogduinweg","num_lines":1,"line_ids":["QBUZZ:z022"],"line_refs":["22"],"lines":[{"line_id":"QBUZZ:z022","line_ref":"22","line_name":"Nieuw-Vennep - Hillegom - Noordwijk - Leiden","agency_id":"QBUZZ"}],"variant_ids":["QBUZZ:z022|1578393","QBUZZ:z022|1578399","QBUZZ:z022|1598570","QBUZZ:z022|1598571","QBUZZ:z022|1625005","QBUZZ:z022|1625006","QBUZZ:z022|1654956","QBUZZ:z022|1654957"],"representative_variant_id":"QBUZZ:z022|1578399","length_m":566.7}},{"type":"Feature","geometry":{"type":"LineString","coordinates":[[4.537187558890552,52.30081136059505],[4.534414,52.298914],[4.533821,52.298469],[4.531906,52.296694],[4.527524,52.293579],[4.52692,52.292981],[4.52599,52.291797],[4.525642,52.291597],[4.52566,52.291444],[4.525400462596553,52.29110075183068]]},"properties":{"edge_id":"edge/3d023538fd94","stop_a":"stop/de-zilk-amsterdamse-waterleidingduinen__f0afaeaa09","stop_b":"stop/noordwijkerhout-ruigenhoek__bfbbbba5c8","stop_a_name":"De Zilk, Amsterdamse Waterleidingduinen","stop_b_name":"Noordwijkerhout, Ruigenhoek","num_lines":1,"line_ids":["QBUZZ:z022"],"line_refs":["22"],"lines":[{"line_id":"QBUZZ:z022","line_ref":"22","line_name":"Nieuw-Vennep - Hillegom - Noordwijk - Leiden","agency_id":"QBUZZ"}],"variant_ids":["QBUZZ:z022|1578393","QBUZZ:z022|1578399","QBUZZ:z022|1598570","QBUZZ:z022|1598571","QBUZZ:z022|1625005","QBUZZ:z022|1625006","QBUZZ:z022|1654956","QBUZZ:z022|1654957"],"representative_variant_id":"QBUZZ:z022|1625005","length_m":1356.0}},{"type":"Feature","geometry":{"type":"LineString","coordinates":[[4.544269457640841,52.300344396384546],[4.547328,52.299806],[4.55956,52.296378],[4.561081,52.295795],[4.562637,52.295672],[4.562796,52.295771],[4.56275,52.295906],[4.563039,52.296097],[4.563725,52.296281],[4.56369,52.296596],[4.56439,52.297598],[4.56434,52.297912],[4.563849,52.298313],[4.56377,52.298583],[4.564593,52.300098],[4.564996,52.300497],[4.566366,52.302528],[4.566479,52.302727],[4.566316,52.302834],[4.56640886162983,52.30293503028704]]},"properties":{"edge_id":"edge/065f3ae9fb6f","stop_a":"stop/de-zilk-hoogduinweg__40e8931b34","stop_b":"stop/hillegom-station__a9e92f8cd6","stop_a_name":"De Zilk, Hoogduinweg","stop_b_name":"Hillegom, Station","num_lines":1,"line_ids":["QBUZZ:z022"],"line_refs":["22"],"lines":[{"line_id":"QBUZZ:z022","line_ref":"22","line_name":"Nieuw-Vennep - Hillegom - Noordwijk - Leiden","agency_id":"QBUZZ"}],"variant_ids":["QBUZZ:z022|1578393","QBUZZ:z022|1578399","QBUZZ:z022|1598570","QBUZZ:z022|1598571","QBUZZ:z022|1625005","QBUZZ:z022|1625006","QBUZZ:z022|1654956","QBUZZ:z022|1654957"],"representative_variant_id":"QBUZZ:z022|1598570","length_m":2274.9}},{"type":"Feature","geometry":{"type":"LineString","coordinates":[[4.32883427877582,52.08489756352833],[4.326436,52.083798],[4.327412144815768,52.08292304704618]]},"properties":{"edge_id":"edge/af94bed07721","stop_a":"stop/den-haag-boslaan__747e3f45b2","stop_b":"stop/s-gravenhage-prins-clauslaan__f019019835","stop_a_name":"Den Haag, Boslaan","stop_b_name":"'s-Gravenhage, Prins Clauslaan","num_lines":2,"line_ids":["EBS:3043","EBS:3044"],"line_refs":["43","44"],"lines":[{"line_id":"EBS:3043","line_ref":"43","line_name":"Den Haag Centraal via Wassenaar - Leiden Centraal","agency_id":"EBS"},{"line_id":"EBS:3044","line_ref":"44","line_name":"Den Haag Centraal - Wassenaar","agency_id":"EBS"}],"variant_ids":["EBS:3043|1478702","EBS:3043|1478703","EBS:3043|1478705","EBS:3043|1478706","EBS:3044|1478707","EBS:3044|1478708"],"representative_variant_id":"EBS:3043|1478705","length_m":322.4}},{"type":"Feature","geometry":{"type":"LineString","coordinates":[[4.328888846219748,52.084851645686086],[4.332257,52.086304],[4.3349281733417415,52.08783411259738]]},"properties":{"edge_id":"edge/f95677cdb212","stop_a":"stop/den-haag-boslaan__747e3f45b2","stop_b":"stop/den-haag-laan-van-nieuw-oost-indie__c077fcdb8e","stop_a_name":"Den Haag, Boslaan","stop_b_name":"Den Haag, Laan van Nieuw Oost-Indie","num_lines":2,"line_ids":["EBS:3043","EBS:3044"],"line_refs":["43","44"],"lines":[{"line_id":"EBS:3043","line_ref":"43","line_name":"Den Haag Centraal via Wassenaar - Leiden Centraal","agency_id":"EBS"},{"line_id":"EBS:3044","line_ref":"44","line_name":"Den Haag Centraal - Wassenaar","agency_id":"EBS"}],"variant_ids":["EBS:3043|1478702","EBS:3043|1478703","EBS:3043|1478705","EBS:3043|1478706","EBS:3044|1478707","EBS:3044|1478708"],"representative_variant_id":"EBS:3043|1478702","length_m":530.7}},{"type":"Feature","geometry":{"type":"LineString","coordinates":[[4.340475737877239,52.09035523202446],[4.337486,52.089191],[4.3349281733417415,52.08783411259738]]},"properties":{"edge_id":"edge/46348ad2af49","stop_a":"stop/den-haag-carel-reinierszkade__abde44ac44","stop_b":"stop/den-haag-laan-van-nieuw-oost-indie__c077fcdb8e","stop_a_name":"Den Haag, Carel Reinierszkade","stop_b_name":"Den Haag, Laan van Nieuw Oost-Indie","num_lines":2,"line_ids":["EBS:3043","EBS:3044"],"line_refs":["43","44"],"lines":[{"line_id":"EBS:3043","line_ref":"43","line_name":"Den Haag Centraal via Wassenaar - Leiden Centraal","agency_id":"EBS"},{"line_id":"EBS:3044","line_ref":"44","line_name":"Den Haag Centraal - Wassenaar","agency_id":"EBS"}],"variant_ids":["EBS:3043|1478702","EBS:3043|1478703","EBS:3043|1478705","EBS:3043|1478706","EBS:3044|1478707","EBS:3044|1478708"],"representative_variant_id":"EBS:3043|1478702","length_m":472.7}},{"type":"Feature","geometry":{"type":"LineString","coordinates":[[4.34035392152712,52.0904818351457],[4.342342,52.091176],[4.344361,52.091589],[4.348608,52.09284],[4.349345,52.093143],[4.350092521420922,52.09367116156753]]},"properties":{"edge_id":"edge/45729d34adb7","stop_a":"stop/den-haag-carel-reinierszkade__abde44ac44","stop_b":"stop/den-haag-reigersbergenweg__eb89e5c96e","stop_a_name":"Den Haag, Carel Reinierszkade","stop_b_name":"Den Haag, Reigersbergenweg","num_lines":2,"line_ids":["EBS:3043","EBS:3044"],"line_refs":["43","44"],"lines":[{"line_id":"EBS:3043","line_ref":"43","line_name":"Den Haag Centraal via Wassenaar - Leiden Centraal","agency_id":"EBS"},{"line_id":"EBS:3044","line_ref":"44","line_name":"Den Haag Centraal - Wassenaar","agency_id":"EBS"}],"variant_ids":["EBS:3043|1478702","EBS:3043|1478703","EBS:3043|1478705","EBS:3043|1478706","EBS:3044|1478707","EBS:3044|1478708"],"representative_variant_id":"EBS:3043|1478705","length_m":761.8}},{"type":"Feature","geometry":{"type":"LineString","coordinates":[[4.337742545028591,52.07762496796624],[4.3347153842066755,52.08003862643422]]},"properties":{"edge_id":"edge/9bd5403bb853","stop_a":"stop/den-haag-haagse-poort__85d2daf630","stop_b":"stop/den-haag-prinses-marijkestraat__dcc2d0b47b","stop_a_name":"Den Haag, Haagse Poort","stop_b_name":"Den Haag, Prinses Marijkestraat","num_lines":2,"line_ids":["EBS:3045","EBS:3046"],"line_refs":["45","46"],"lines":[{"line_id":"EBS:3045","line_ref":"45","line_name":"Den Haag Centraal via Leidschendam - Leiden","agency_id":"EBS"},{"line_id":"EBS:3046","line_ref":"46","line_name":"Den Haag Centraal via Voorschoten - Wassenaar","agency_id":"EBS"}],"variant_ids":["EBS:3045|1478709","EBS:3045|1478710","EBS:3046|1478711","EBS:3046|1478712"],"representative_variant_id":"EBS:3045|1478710","length_m":338.9}},{"type":"Feature","geometry":{"type":"LineString","coordinates":[[4.337742545028591,52.07762496796624],[4.339093,52.07663],[4.340615803173139,52.07607205644391]]},"properties":{"edge_id":"edge/0c43302176cf","stop_a":"stop/den-haag-haagse-poort__85d2daf630","stop_b":"stop/voorburg-van-heurnstraat__063dfb0ca9","stop_a_name":"Den Haag, Haagse Poort","stop_b_name":"Voorburg, van Heurnstraat","num_lines":2,"line_ids":["EBS:3045","EBS:3046"],"line_refs":["45","46"],"lines":[{"line_id":"EBS:3045","line_ref":"45","line_name":"Den Haag Centraal via Leidschendam - Leiden","agency_id":"EBS"},{"line_id":"EBS:3046","line_ref":"46","line_name":"Den Haag Centraal via Voorschoten - Wassenaar","agency_id":"EBS"}],"variant_ids":["EBS:3045|1478709","EBS:3045|1478710","EBS:3046|1478711","EBS:3046|1478712"],"representative_variant_id":"EBS:3045|1478710","length_m":265.2}},{"type":"Feature","geometry":{"type":"LineString","coordinates":[[4.357834957287971,52.09841080929229],[4.352961,52.095809],[4.350092521420922,52.09367116156753]]},"properties":{"edge_id":"edge/fffa402b7a0c","stop_a":"stop/den-haag-hofzichtlaan__a1b8c4aada","stop_b":"stop/den-haag-reigersbergenweg__eb89e5c96e","stop_a_name":"Den Haag, Hofzichtlaan","stop_b_name":"Den Haag, Reigersbergenweg","num_lines":2,"line_ids":["EBS:3043","EBS:3044"],"line_refs":["43","44"],"lines":[{"line_id":"EBS:3043","line_ref":"43","line_name":"Den Haag Centraal via Wassenaar - Leiden Centraal","agency_id":"EBS"},{"line_id":"EBS:3044","line_ref":"44","line_name":"Den Haag Centraal - Wassenaar","agency_id":"EBS"}],"variant_ids":["EBS:3043|1478702","EBS:3043|1478703","EBS:3043|1478705","EBS:3043|1478706","EBS:3044|1478707","EBS:3044|1478708"],"representative_variant_id":"EBS:3043|1478705","length_m":749.1}},{"type":"Feature","geometry":{"type":"LineString","coordinates":[[4.357834957287971,52.09841080929229],[4.358893,52.099312],[4.361049498199341,52.10040941341111]]},"properties":{"edge_id":"edge/740364a57566","stop_a":"stop/den-haag-hofzichtlaan__a1b8c4aada","stop_b":"stop/den-haag-zuidwerflaan__936c98332f","stop_a_name":"Den Haag, Hofzichtlaan","stop_b_name":"Den Haag, Zuidwerflaan","num_lines":2,"line_ids":["EBS:3043","EBS:3044"],"line_refs":["43","44"],"lines":[{"line_id":"EBS:3043","line_ref":"43","line_name":"Den Haag Centraal via Wassenaar - Leiden Centraal","agency_id":"EBS"},{"line_id":"EBS:3044","line_ref":"44","line_name":"Den Haag Centraal - Wassenaar","agency_id":"EBS"}],"variant_ids":["EBS:3043|1478702","EBS:3043|1478703","EBS:3043|1478705","EBS:3043|1478706","EBS:3044|1478707","EBS:3044|1478708"],"representative_variant_id":"EBS:3043|1478705","length_m":314.8}},{"type":"Feature","geometry":{"type":"LineString","coordinates":[[4.332355265545358,52.08175966820539],[4.326516,52.079826],[4.326238,52.07985],[4.325191662560156,52.080664342981414]]},"properties":{"edge_id":"edge/e6977f78f8ea","stop_a":"stop/den-haag-juliana-van-stolberglaan__32d3f159df","stop_b":"stop/s-gravenhage-centraal-station__df5d38c3c7","stop_a_name":"Den Haag, Juliana van Stolberglaan","stop_b_name":"'s-Gravenhage, Centraal Station","num_lines":2,"line_ids":["EBS:3045","EBS:3046"],"line_refs":["45","46"],"lines":[{"line_id":"EBS:3045","line_ref":"45","line_name":"Den Haag Centraal via Leidschendam - Leiden","agency_id":"EBS"},{"line_id":"EBS:3046","line_ref":"46","line_name":"Den Haag Centraal via Voorschoten - Wassenaar","agency_id":"EBS"}],"variant_ids":["EBS:3045|1478709","EBS:3045|1478710","EBS:3046|1478711","EBS:3046|1478712"],"representative_variant_id":"EBS:3045|1478709","length_m":587.8}},{"type":"Feature","geometry":{"type":"LineString","coordinates":[[4.332355265545358,52.08175966820539],[4.332668,52.081867],[4.3346217505482585,52.07999996495916]]},"properties":{"edge_id":"edge/2329971261aa","stop_a":"stop/den-haag-juliana-van-stolberglaan__32d3f159df","stop_b":"stop/den-haag-prinses-marijkestraat__dcc2d0b47b","stop_a_name":"Den Haag, Juliana van Stolberglaan","stop_b_name":"Den Haag, Prinses Marijkestraat","num_lines":2,"line_ids":["EBS:3045","EBS:3046"],"line_refs":["45","46"],"lines":[{"line_id":"EBS:3045","line_ref":"45","line_name":"Den Haag Centraal via Leidschendam - Leiden","agency_id":"EBS"},{"line_id":"EBS:3046","line_ref":"46","line_name":"Den Haag Centraal via Voorschoten - Wassenaar","agency_id":"EBS"}],"variant_ids":["EBS:3045|1478709","EBS:3045|1478710","EBS:3046|1478711","EBS:3046|1478712"],"representative_variant_id":"EBS:3045|1478709","length_m":271.3}},{"type":"Feature","geometry":{"type":"LineString","coordinates":[[4.361049498199341,52.10040941341111],[4.363391,52.101743],[4.360242,52.104106],[4.358715,52.105136],[4.351711,52.109452],[4.352351,52.110185],[4.3531340654839665,52.11061011839273]]},"properties":{"edge_id":"edge/109cfd173246","stop_a":"stop/den-haag-zuidwerflaan__936c98332f","stop_b":"stop/wassenaar-wittenburgerweg__14f7a5f6a1","stop_a_name":"Den Haag, Zuidwerflaan","stop_b_name":"Wassenaar, Wittenburgerweg","num_lines":2,"line_ids":["EBS:3043","EBS:3044"],"line_refs":["43","44"],"lines":[{"line_id":"EBS:3043","line_ref":"43","line_name":"Den Haag Centraal via Wassenaar - Leiden Centraal","agency_id":"EBS"},{"line_id":"EBS:3044","line_ref":"44","line_name":"Den Haag Centraal - Wassenaar","agency_id":"EBS"}],"variant_ids":["EBS:3043|1478702","EBS:3043|1478703","EBS:3043|1478705","EBS:3043|1478706","EBS:3044|1478707","EBS:3044|1478708"],"representative_variant_id":"EBS:3043|1478705","length_m":1554.0}},{"type":"Feature","geometry":{"type":"LineString","coordinates":[[4.630309445635709,52.3743202569689],[4.629318,52.371536],[4.62828,52.372176],[4.62797,52.372219],[4.627429,52.372135],[4.626367,52.372398],[4.625569463447542,52.37235083864438]]},"properties":{"edge_id":"edge/95907305063e","stop_a":"stop/haarlem-centrum-houtplein__3d2e012841","stop_b":"stop/haarlem-florapark__1584360cac","stop_a_name":"Haarlem, Centrum/Houtplein","stop_b_name":"Haarlem, Florapark","num_lines":1,"line_ids":["QBUZZ:z250"],"line_refs":["250"],"lines":[{"line_id":"QBUZZ:z250","line_ref":"250","line_name":"Haarlem - Hillegom - Lisse - Leiden","agency_id":"QBUZZ"}],"variant_ids":["QBUZZ:z250|1578546","QBUZZ:z250|1578549","QBUZZ:z250|1578550","QBUZZ:z250|1578551"],"representative_variant_id":"QBUZZ:z250|1578546","length_m":608.7}},{"type":"Feature","geometry":{"type":"LineString","coordinates":[[4.630309445635709,52.3743202569689],[4.63034,52.374499],[4.630785,52.375095],[4.630754,52.375212],[4.627145,52.375854],[4.627099,52.376824],[4.626399,52.377368],[4.626804936172506,52.37827002919286]]},"properties":{"edge_id":"edge/c5355fda1d06","stop_a":"stop/haarlem-centrum-houtplein__3d2e012841","stop_b":"stop/haarlem-stadsschouwburg__6ed8d7b3a3","stop_a_name":"Haarlem, Centrum/Houtplein","stop_b_name":"Haarlem, Stadsschouwburg","num_lines":1,"line_ids":["QBUZZ:z250"],"line_refs":["250"],"lines":[{"line_id":"QBUZZ:z250","line_ref":"250","line_name":"Haarlem - Hillegom - Lisse - Leiden","agency_id":"QBUZZ"}],"variant_ids":["QBUZZ:z250|1578546","QBUZZ:z250|1578549","QBUZZ:z250|1578550","QBUZZ:z250|1578551"],"representative_variant_id":"QBUZZ:z250|1578546","length_m":650.0}},{"type":"Feature","geometry":{"type":"LineString","coordinates":[[4.625569463447542,52.37235083864438],[4.625472,52.372365],[4.624587,52.371739],[4.623328,52.370625],[4.621397,52.368519],[4.620959315652878,52.36792476155718]]},"properties":{"edge_id":"edge/dd6b647aa8fd","stop_a":"stop/haarlem-florapark__1584360cac","stop_b":"stop/haarlem-zomerluststraat__3a6e34c661","stop_a_name":"Haarlem, Florapark","stop_b_name":"Haarlem, Zomerluststraat","num_lines":1,"line_ids":["QBUZZ:z250"],"line_refs":["250"],"lines":[{"line_id":"QBUZZ:z250","line_ref":"250","line_name":"Haarlem - Hillegom - Lisse - Leiden","agency_id":"QBUZZ"}],"variant_ids":["QBUZZ:z250|1578546","QBUZZ:z250|1578549","QBUZZ:z250|1578550","QBUZZ:z250|1578551"],"representative_variant_id":"QBUZZ:z250|1578546","length_m":590.1}},{"type":"Feature","geometry":{"type":"LineString","coordinates":[[4.628730628108621,52.38157304111892],[4.628346,52.381156],[4.626804936172506,52.37827002919286]]},"properties":{"edge_id":"edge/78ec5d05525d","stop_a":"stop/haarlem-raaksbrug__6d44458bfb","stop_b":"stop/haarlem-stadsschouwburg__6ed8d7b3a3","stop_a_name":"Haarlem, Raaksbrug","stop_b_name":"Haarlem, Stadsschouwburg","num_lines":1,"line_ids":["QBUZZ:z250"],"line_refs":["250"],"lines":[{"line_id":"QBUZZ:z250","line_ref":"250","line_name":"Haarlem - Hillegom - Lisse - Leiden","agency_id":"QBUZZ"}],"variant_ids":["QBUZZ:z250|1578546","QBUZZ:z250|1578549","QBUZZ:z250|1578550","QBUZZ:z250|1578551"],"representative_variant_id":"QBUZZ:z250|1578546","length_m":390.7}},{"type":"Feature","geometry":{"type":"LineString","coordinates":[[4.628730628108621,52.38157304111892],[4.629156,52.381916],[4.629267,52.382267],[4.629427,52.382358],[4.630058,52.383279],[4.631559,52.384834],[4.631816,52.385267],[4.63198,52.385996],[4.632345,52.386125],[4.633522,52.385988],[4.634358,52.386083],[4.639111,52.385574],[4.639978,52.387296],[4.639124,52.38739]]},"properties":{"edge_id":"edge/08e1485a5aab","stop_a":"stop/haarlem-raaksbrug__6d44458bfb","stop_b":"stop/haarlem-station__66e33f855f","stop_a_name":"Haarlem, Raaksbrug","stop_b_name":"Haarlem, Station","num_lines":1,"line_ids":["QBUZZ:z250"],"line_refs":["250"],"lines":[{"line_id":"QBUZZ:z250","line_ref":"250","line_name":"Haarlem - Hillegom - Lisse - Leiden","agency_id":"QBUZZ"}],"variant_ids":["QBUZZ:z250|1578546","QBUZZ:z250|1578549","QBUZZ:z250|1578550","QBUZZ:z250|1578551"],"representative_variant_id":"QBUZZ:z250|1578546","length_m":1301.5}},{"type":"Feature","geometry":{"type":"LineString","coordinates":[[4.618090660842037,52.362904842165236],[4.617889,52.361647],[4.617407,52.35982],[4.617774,52.36153],[4.61776,52.362347],[4.617952,52.363086],[4.61844,52.363754],[4.61879,52.364727],[4.619233,52.365449],[4.620946346544118,52.36790428401703]]},"properties":{"edge_id":"edge/c1507ea1217e","stop_a":"stop/haarlem-v-oldenbarneveltlaan__7af8ac65b3","stop_b":"stop/haarlem-zomerluststraat__3a6e34c661","stop_a_name":"Haarlem, v. Oldenbarneveltlaan","stop_b_name":"Haarlem, Zomerluststraat","num_lines":1,"line_ids":["QBUZZ:z250"],"line_refs":["250"],"lines":[{"line_id":"QBUZZ:z250","line_ref":"250","line_name":"Haarlem - Hillegom - Lisse - Leiden","agency_id":"QBUZZ"}],"variant_ids":["QBUZZ:z250|1578546","QBUZZ:z250|1578549","QBUZZ:z250|1578550","QBUZZ:z250|1578551"],"representative_variant_id":"QBUZZ:z250|1578549","length_m":1286.7}},{"type":"Feature","geometry":{"type":"LineString","coordinates":[[4.618090660842037,52.362904842165236],[4.618158,52.363078],[4.617995,52.363149],[4.61776,52.362347],[4.617774,52.36153],[4.617309,52.359531],[4.615167,52.35781],[4.6144780298036405,52.3571512575847]]},"properties":{"edge_id":"edge/18fefbe8d30d","stop_a":"stop/haarlem-v-oldenbarneveltlaan__7af8ac65b3","stop_b":"stop/heemstede-koediefslaan__f36a16aad5","stop_a_name":"Haarlem, v. Oldenbarneveltlaan","stop_b_name":"Heemstede, Koediefslaan","num_lines":1,"line_ids":["QBUZZ:z250"],"line_refs":["250"],"lines":[{"line_id":"QBUZZ:z250","line_ref":"250","line_name":"Haarlem - Hillegom - Lisse - Leiden","agency_id":"QBUZZ"}],"variant_ids":["QBUZZ:z250|1578546","QBUZZ:z250|1578549","QBUZZ:z250|1578550","QBUZZ:z250|1578551"],"representative_variant_id":"QBUZZ:z250|1578549","length_m":766.6}},{"type":"Feature","geometry":{"type":"LineString","coordinates":[[4.590986550008028,52.095923349494264],[4.590872,52.094969],[4.590259,52.093374],[4.589976,52.091215],[4.589879,52.090935],[4.589676,52.090835],[4.589826,52.090656],[4.58986,52.090369],[4.588026442404411,52.07823444036084]]},"properties":{"edge_id":"edge/99200801f462","stop_a":"stop/hazerswoude-dorp__cbfd75377b","stop_b":"stop/hazerswoude-driesprong__5baae566f4","stop_a_name":"Hazerswoude, Dorp","stop_b_name":"Hazerswoude, Driesprong","num_lines":2,"line_ids":["QBUZZ:z165","QBUZZ:z187"],"line_refs":["165","187"],"lines":[{"line_id":"QBUZZ:z165","line_ref":"165","line_name":"Zoetermeer - Alphen a/d Rijn","agency_id":"QBUZZ"},{"line_id":"QBUZZ:z187","line_ref":"187","line_name":"Boskoop - Leiden","agency_id":"QBUZZ"}],"variant_ids":["QBUZZ:z165|1578489","QBUZZ:z165|1578490","QBUZZ:z187|1578514","QBUZZ:z187|1578515","QBUZZ:z187|1578516","QBUZZ:z187|1625027","QBUZZ:z187|1625028","QBUZZ:z187|1625029"],"representative_variant_id":"QBUZZ:z165|1578490","length_m":1988.6}},{"type":"Feature","geometry":{"type":"LineString","coordinates":[[4.590986550008028,52.095923349494264],[4.591051,52.098853],[4.590202140238981,52.10216968093156]]},"properties":{"edge_id":"edge/1e730f798a5d","stop_a":"stop/hazerswoude-dorp__cbfd75377b","stop_b":"stop/hazerswoude-zwembad__d27a55a39a","stop_a_name":"Hazerswoude, Dorp","stop_b_name":"Hazerswoude, Zwembad","num_lines":2,"line_ids":["QBUZZ:z165","QBUZZ:z187"],"line_refs":["165","187"],"lines":[{"line_id":"QBUZZ:z165","line_ref":"165","line_name":"Zoetermeer - Alphen a/d Rijn","agency_id":"QBUZZ"},{"line_id":"QBUZZ:z187","line_ref":"187","line_name":"Boskoop - Leiden","agency_id":"QBUZZ"}],"variant_ids":["QBUZZ:z165|1578489","QBUZZ:z165|1578490","QBUZZ:z165|1578491","QBUZZ:z187|1578510","QBUZZ:z187|1578514","QBUZZ:z187|1578515","QBUZZ:z187|1578516","QBUZZ:z187|1589334","QBUZZ:z187|1625027","QBUZZ:z187|1625028","QBUZZ:z187|1625029"],"representative_variant_id":"QBUZZ:z165|1578490","length_m":699.1}},{"type":"Feature","geometry":{"type":"LineString","coordinates":[[4.588028013248075,52.07824186259715],[4.587924,52.077844],[4.587723,52.077663],[4.587916,52.077466],[4.588366,52.077577],[4.589986,52.077561],[4.60078053456869,52.07719215811076]]},"properties":{"edge_id":"edge/9a66e546afef","stop_a":"stop/hazerswoude-driesprong__5baae566f4","stop_b":"stop/hazerswoude-middelweg__7c7ca44730","stop_a_name":"Hazerswoude, Driesprong","stop_b_name":"Hazerswoude, Middelweg","num_lines":1,"line_ids":["QBUZZ:z187"],"line_refs":["187"],"lines":[{"line_id":"QBUZZ:z187","line_ref":"187","line_name":"Boskoop - Leiden","agency_id":"QBUZZ"}],"variant_ids":["QBUZZ:z187|1578514","QBUZZ:z187|1578515","QBUZZ:z187|1578516","QBUZZ:z187|1625027","QBUZZ:z187|1625028","QBUZZ:z187|1625029"],"representative_variant_id":"QBUZZ:z187|1625027","length_m":977.4}},{"type":"Feature","geometry":{"type":"LineString","coordinates":[[4.6282721264063245,52.076447978615896],[4.607499,52.077139],[4.604174,52.077081],[4.600752421859941,52.077193147498896]]},"properties":{"edge_id":"edge/1438b8eac78b","stop_a":"stop/hazerswoude-itc__82256a3c45","stop_b":"stop/hazerswoude-middelweg__7c7ca44730","stop_a_name":"Hazerswoude, ITC","stop_b_name":"Hazerswoude, Middelweg","num_lines":1,"line_ids":["QBUZZ:z187"],"line_refs":["187"],"lines":[{"line_id":"QBUZZ:z187","line_ref":"187","line_name":"Boskoop - Leiden","agency_id":"QBUZZ"}],"variant_ids":["QBUZZ:z187|1578514","QBUZZ:z187|1578515","QBUZZ:z187|1578516","QBUZZ:z187|1625027","QBUZZ:z187|1625028","QBUZZ:z187|1625029"],"representative_variant_id":"QBUZZ:z187|1578515","length_m":1883.2}},{"type":"Feature","geometry":{"type":"LineString","coordinates":[[4.623000076218641,52.132946046474785],[4.620355,52.131342],[4.618993,52.130686],[4.617221,52.130118],[4.6155853426647315,52.12976746853295]]},"properties":{"edge_id":"edge/cb3d5c31e328","stop_a":"stop/hazerswoude-rijndijk-de-bonte-paal__530b17a534","stop_b":"stop/hazerswoude-rijndijk-rijndijk-261__c1ebdf96e8","stop_a_name":"Hazerswoude-Rijndijk, De Bonte Paal","stop_b_name":"Hazerswoude-Rijndijk, Rijndijk 261","num_lines":1,"line_ids":["QBUZZ:z165"],"line_refs":["165"],"lines":[{"line_id":"QBUZZ:z165","line_ref":"165","line_name":"Zoetermeer - Alphen a/d Rijn","agency_id":"QBUZZ"}],"variant_ids":["QBUZZ:z165|1578489","QBUZZ:z165|1578490","QBUZZ:z165|1578491"],"representative_variant_id":"QBUZZ:z165|1578489","length_m":626.7}},{"type":"Feature","geometry":{"type":"LineString","coordinates":[[4.58688161137703,52.11469161887938],[4.588272,52.109809],[4.588846,52.107116],[4.590203087770192,52.10217049641504]]},"properties":{"edge_id":"edge/e8965144931c","stop_a":"stop/hazerswoude-rijndijk-galgweg__a94b60ab8a","stop_b":"stop/hazerswoude-zwembad__d27a55a39a","stop_a_name":"Hazerswoude-Rijndijk, Galgweg","stop_b_name":"Hazerswoude, Zwembad","num_lines":2,"line_ids":["QBUZZ:z165","QBUZZ:z187"],"line_refs":["165","187"],"lines":[{"line_id":"QBUZZ:z165","line_ref":"165","line_name":"Zoetermeer - Alphen a/d Rijn","agency_id":"QBUZZ"},{"line_id":"QBUZZ:z187","line_ref":"187","line_name":"Boskoop - Leiden","agency_id":"QBUZZ"}],"variant_ids":["QBUZZ:z165|1578489","QBUZZ:z165|1578490","QBUZZ:z165|1578491","QBUZZ:z187|1578510","QBUZZ:z187|1578514","QBUZZ:z187|1578515","QBUZZ:z187|1578516","QBUZZ:z187|1589334","QBUZZ:z187|1625027","QBUZZ:z187|1625028","QBUZZ:z187|1625029"],"representative_variant_id":"QBUZZ:z165|1578489","length_m":1410.8}},{"type":"Feature","geometry":{"type":"LineString","coordinates":[[4.58688161137703,52.11469161887938],[4.586108,52.116545],[4.584944,52.120375],[4.58491,52.120653],[4.585038,52.120807],[4.584832,52.120922],[4.584771,52.121066],[4.583226,52.126565],[4.582816,52.127479],[4.582881,52.127884],[4.583454325712945,52.12815335674281]]},"properties":{"edge_id":"edge/042e9bb670de","stop_a":"stop/hazerswoude-rijndijk-galgweg__a94b60ab8a","stop_b":"stop/hazerswoude-rijndijk-gemeneweg__b9a7d5409e","stop_a_name":"Hazerswoude-Rijndijk, Galgweg","stop_b_name":"Hazerswoude-Rijndijk, Gemeneweg","num_lines":2,"line_ids":["QBUZZ:z165","QBUZZ:z187"],"line_refs":["165","187"],"lines":[{"line_id":"QBUZZ:z165","line_ref":"165","line_name":"Zoetermeer - Alphen a/d Rijn","agency_id":"QBUZZ"},{"line_id":"QBUZZ:z187","line_ref":"187","line_name":"Boskoop - Leiden","agency_id":"QBUZZ"}],"variant_ids":["QBUZZ:z165|1578489","QBUZZ:z165|1578490","QBUZZ:z165|1578491","QBUZZ:z187|1578510","QBUZZ:z187|1578514","QBUZZ:z187|1578515","QBUZZ:z187|1578516","QBUZZ:z187|1589334","QBUZZ:z187|1625027","QBUZZ:z187|1625028","QBUZZ:z187|1625029"],"representative_variant_id":"QBUZZ:z165|1578489","length_m":1552.2}},{"type":"Feature","geometry":{"type":"LineString","coordinates":[[4.583453388954886,52.12815306926173],[4.587706,52.129202],[4.587777,52.129319],[4.587968,52.129294],[4.588504252276102,52.129558399432895]]},"properties":{"edge_id":"edge/e65bb4967c75","stop_a":"stop/hazerswoude-rijndijk-gemeneweg__b9a7d5409e","stop_b":"stop/hazerswoude-rijndijk-raadhuis__61e12a3b06","stop_a_name":"Hazerswoude-Rijndijk, Gemeneweg","stop_b_name":"Hazerswoude-Rijndijk, Raadhuis","num_lines":2,"line_ids":["QBUZZ:z165","QBUZZ:z169"],"line_refs":["165","169"],"lines":[{"line_id":"QBUZZ:z165","line_ref":"165","line_name":"Zoetermeer - Alphen a/d Rijn","agency_id":"QBUZZ"},{"line_id":"QBUZZ:z169","line_ref":"169","line_name":"Alphen a/d Rijn - Leiden","agency_id":"QBUZZ"}],"variant_ids":["QBUZZ:z165|1578489","QBUZZ:z165|1578490","QBUZZ:z165|1578491","QBUZZ:z169|1578492","QBUZZ:z169|1578493","QBUZZ:z169|1578494"],"representative_variant_id":"QBUZZ:z165|1578490","length_m":387.0}},{"type":"Feature","geometry":{"type":"LineString","coordinates":[[4.583499942573562,52.128167356071636],[4.582501,52.127899],[4.580868,52.127771],[4.579699,52.127781],[4.574716,52.127972],[4.5695880294912214,52.128555948620885]]},"properties":{"edge_id":"edge/7d985a9cd99d","stop_a":"stop/hazerswoude-rijndijk-gemeneweg__b9a7d5409e","stop_b":"stop/hazerswoude-rijndijk-tijssen__b1f535697e","stop_a_name":"Hazerswoude-Rijndijk, Gemeneweg","stop_b_name":"Hazerswoude-Rijndijk, Tijssen","num_lines":2,"line_ids":["QBUZZ:z169","QBUZZ:z187"],"line_refs":["169","187"],"lines":[{"line_id":"QBUZZ:z169","line_ref":"169","line_name":"Alphen a/d Rijn - Leiden","agency_id":"QBUZZ"},{"line_id":"QBUZZ:z187","line_ref":"187","line_name":"Boskoop - Leiden","agency_id":"QBUZZ"}],"variant_ids":["QBUZZ:z169|1578492","QBUZZ:z169|1578493","QBUZZ:z169|1578495","QBUZZ:z187|1578510","QBUZZ:z187|1578514","QBUZZ:z187|1578516","QBUZZ:z187|1589334","QBUZZ:z187|1625027","QBUZZ:z187|1625028"],"representative_variant_id":"QBUZZ:z169|1578492","length_m":963.5}},{"type":"Feature","geometry":{"type":"LineString","coordinates":[[4.556050366124347,52.13306821222394],[4.556487,52.132806],[4.556648,52.132799],[4.557978,52.131963],[4.559579982852051,52.13120196006404]]},"properties":{"edge_id":"edge/9d28c53a43f6","stop_a":"stop/hazerswoude-rijndijk-groenendijk__1d80ce7dfc","stop_b":"stop/hazerswoude-rijndijk-scheepjeskerk__d89f264662","stop_a_name":"Hazerswoude-Rijndijk, Groenendijk","stop_b_name":"Hazerswoude-Rijndijk, Scheepjeskerk","num_lines":2,"line_ids":["QBUZZ:z169","QBUZZ:z187"],"line_refs":["169","187"],"lines":[{"line_id":"QBUZZ:z169","line_ref":"169","line_name":"Alphen a/d Rijn - Leiden","agency_id":"QBUZZ"},{"line_id":"QBUZZ:z187","line_ref":"187","line_name":"Boskoop - Leiden","agency_id":"QBUZZ"}],"variant_ids":["QBUZZ:z169|1578492","QBUZZ:z169|1578493","QBUZZ:z169|1578495","QBUZZ:z187|1578510","QBUZZ:z187|1578514","QBUZZ:z187|1578516","QBUZZ:z187|1589334","QBUZZ:z187|1625027","QBUZZ:z187|1625028"],"representative_variant_id":"QBUZZ:z169|1578492","length_m":320.9}},{"type":"Feature","geometry":{"type":"LineString","coordinates":[[4.556050317075657,52.13306842686387],[4.553989,52.134389],[4.553293,52.134914],[4.553128,52.135156],[4.553132,52.134913],[4.5534,52.134681],[4.553752,52.134576],[4.553293,52.134914],[4.553128,52.135156],[4.552819,52.135297],[4.551471,52.136285],[4.549537,52.137386],[4.548162325213746,52.13796918698764]]},"properties":{"edge_id":"edge/9f08d8a0f55d","stop_a":"stop/hazerswoude-rijndijk-groenendijk__1d80ce7dfc","stop_b":"stop/zoeterwoude-rijndijk-rijneke-boulevard__d4b60c1a0c","stop_a_name":"Hazerswoude-Rijndijk, Groenendijk","stop_b_name":"Zoeterwoude-Rijndijk, Rijneke Boulevard","num_lines":2,"line_ids":["QBUZZ:z169","QBUZZ:z187"],"line_refs":["169","187"],"lines":[{"line_id":"QBUZZ:z169","line_ref":"169","line_name":"Alphen a/d Rijn - Leiden","agency_id":"QBUZZ"},{"line_id":"QBUZZ:z187","line_ref":"187","line_name":"Boskoop - Leiden","agency_id":"QBUZZ"}],"variant_ids":["QBUZZ:z169|1578492","QBUZZ:z169|1578493","QBUZZ:z169|1578495","QBUZZ:z187|1578510","QBUZZ:z187|1578514","QBUZZ:z187|1578516","QBUZZ:z187|1589334","QBUZZ:z187|1625027","QBUZZ:z187|1625028"],"representative_variant_id":"QBUZZ:z169|1578493","length_m":934.9}},{"type":"Feature","geometry":{"type":"LineString","coordinates":[[4.592946538158815,52.131033903920326],[4.591855,52.130812],[4.591635,52.130838],[4.590839,52.130437],[4.588504252276102,52.129558399432895]]},"properties":{"edge_id":"edge/ec8294cb2f3d","stop_a":"stop/hazerswoude-rijndijk-koudekerksebrug__7d2697e75b","stop_b":"stop/hazerswoude-rijndijk-raadhuis__61e12a3b06","stop_a_name":"Hazerswoude-Rijndijk, Koudekerksebrug","stop_b_name":"Hazerswoude-Rijndijk, Raadhuis","num_lines":1,"line_ids":["QBUZZ:z165"],"line_refs":["165"],"lines":[{"line_id":"QBUZZ:z165","line_ref":"165","line_name":"Zoetermeer - Alphen a/d Rijn","agency_id":"QBUZZ"}],"variant_ids":["QBUZZ:z165|1578489","QBUZZ:z165|1578490","QBUZZ:z165|1578491"],"representative_variant_id":"QBUZZ:z165|1578490","length_m":351.0}},{"type":"Feature","geometry":{"type":"LineString","coordinates":[[4.592946538158815,52.131033903920326],[4.594595,52.131091],[4.595838,52.131019],[4.596468,52.130897],[4.596628,52.130961],[4.596805,52.130854],[4.597677229101492,52.13082820961317]]},"properties":{"edge_id":"edge/fe99b8ca5919","stop_a":"stop/hazerswoude-rijndijk-koudekerksebrug__7d2697e75b","stop_b":"stop/hazerswoude-rijndijk-zonneveldhof__aab231143f","stop_a_name":"Hazerswoude-Rijndijk, Koudekerksebrug","stop_b_name":"Hazerswoude-Rijndijk, Zonneveldhof","num_lines":1,"line_ids":["QBUZZ:z165"],"line_refs":["165"],"lines":[{"line_id":"QBUZZ:z165","line_ref":"165","line_name":"Zoetermeer - Alphen a/d Rijn","agency_id":"QBUZZ"}],"variant_ids":["QBUZZ:z165|1578489","QBUZZ:z165|1578490","QBUZZ:z165|1578491"],"representative_variant_id":"QBUZZ:z165|1578490","length_m":332.6}},{"type":"Feature","geometry":{"type":"LineString","coordinates":[[4.588547189932323,52.129572095064624],[4.591564,52.130747],[4.591439,52.13116],[4.590842,52.131893],[4.591959,52.132323],[4.592395,52.132434],[4.592979,52.132474],[4.594267,52.132284],[4.595655,52.132258],[4.5965908722207285,52.132157649431974]]},"properties":{"edge_id":"edge/b24f3d4e21c6","stop_a":"stop/hazerswoude-rijndijk-raadhuis__61e12a3b06","stop_b":"stop/koudekerk-a-d-rijn-begraafplaats__a2a1a91fbb","stop_a_name":"Hazerswoude-Rijndijk, Raadhuis","stop_b_name":"Koudekerk a/d Rijn, Begraafplaats","num_lines":1,"line_ids":["QBUZZ:z169"],"line_refs":["169"],"lines":[{"line_id":"QBUZZ:z169","line_ref":"169","line_name":"Alphen a/d Rijn - Leiden","agency_id":"QBUZZ"}],"variant_ids":["QBUZZ:z169|1578492","QBUZZ:z169|1578493","QBUZZ:z169|1578494"],"representative_variant_id":"QBUZZ:z169|1578492","length_m":794.1}},{"type":"Feature","geometry":{"type":"LineString","coordinates":[[4.6155853426647315,52.12976746853295],[4.61303,52.129272],[4.612257,52.129186],[4.610212,52.129182],[4.6075745752100445,52.12940269368531]]},"properties":{"edge_id":"edge/3d1808cf2e4d","stop_a":"stop/hazerswoude-rijndijk-rijndijk-261__c1ebdf96e8","stop_b":"stop/hazerswoude-rijndijk-zwaantje__ae147fec9f","stop_a_name":"Hazerswoude-Rijndijk, Rijndijk 261","stop_b_name":"Hazerswoude-Rijndijk, Zwaantje","num_lines":1,"line_ids":["QBUZZ:z165"],"line_refs":["165"],"lines":[{"line_id":"QBUZZ:z165","line_ref":"165","line_name":"Zoetermeer - Alphen a/d Rijn","agency_id":"QBUZZ"}],"variant_ids":["QBUZZ:z165|1578489","QBUZZ:z165|1578490","QBUZZ:z165|1578491"],"representative_variant_id":"QBUZZ:z165|1578489","length_m":557.8}},{"type":"Feature","geometry":{"type":"LineString","coordinates":[[4.559579982852051,52.13120196006404],[4.56269,52.129929],[4.564275,52.129499],[4.568658,52.128613],[4.5695880294912214,52.128555948620885]]},"properties":{"edge_id":"edge/67e9a377fd9b","stop_a":"stop/hazerswoude-rijndijk-scheepjeskerk__d89f264662","stop_b":"stop/hazerswoude-rijndijk-tijssen__b1f535697e","stop_a_name":"Hazerswoude-Rijndijk, Scheepjeskerk","stop_b_name":"Hazerswoude-Rijndijk, Tijssen","num_lines":2,"line_ids":["QBUZZ:z169","QBUZZ:z187"],"line_refs":["169","187"],"lines":[{"line_id":"QBUZZ:z169","line_ref":"169","line_name":"Alphen a/d Rijn - Leiden","agency_id":"QBUZZ"},{"line_id":"QBUZZ:z187","line_ref":"187","line_name":"Boskoop - Leiden","agency_id":"QBUZZ"}],"variant_ids":["QBUZZ:z169|1578492","QBUZZ:z169|1578493","QBUZZ:z169|1578495","QBUZZ:z187|1578510","QBUZZ:z187|1578514","QBUZZ:z187|1578516","QBUZZ:z187|1589334","QBUZZ:z187|1625027","QBUZZ:z187|1625028"],"representative_variant_id":"QBUZZ:z169|1578492","length_m":752.2}},{"type":"Feature","geometry":{"type":"LineString","coordinates":[[4.5976797499539614,52.13083150819974],[4.6075745752100445,52.12940269368531]]},"properties":{"edge_id":"edge/b8a504995639","stop_a":"stop/hazerswoude-rijndijk-zonneveldhof__aab231143f","stop_b":"stop/hazerswoude-rijndijk-zwaantje__ae147fec9f","stop_a_name":"Hazerswoude-Rijndijk, Zonneveldhof","stop_b_name":"Hazerswoude-Rijndijk, Zwaantje","num_lines":1,"line_ids":["QBUZZ:z165"],"line_refs":["165"],"lines":[{"line_id":"QBUZZ:z165","line_ref":"165","line_name":"Zoetermeer - Alphen a/d Rijn","agency_id":"QBUZZ"}],"variant_ids":["QBUZZ:z165|1578489","QBUZZ:z165|1578490","QBUZZ:z165|1578491"],"representative_variant_id":"QBUZZ:z165|1578489","length_m":693.8}},{"type":"Feature","geometry":{"type":"LineString","coordinates":[[4.605455114989198,52.33995099134717],[4.604778,52.338381],[4.602137887236131,52.334881334465976]]},"properties":{"edge_id":"edge/135a5e28f4f6","stop_a":"stop/heemstede-groenendaal-herenweg__0e09a953d4","stop_b":"stop/heemstede-kadijk__e92a69038c","stop_a_name":"Heemstede, Groenendaal/Herenweg","stop_b_name":"Heemstede, Kadijk","num_lines":1,"line_ids":["QBUZZ:z250"],"line_refs":["250"],"lines":[{"line_id":"QBUZZ:z250","line_ref":"250","line_name":"Haarlem - Hillegom - Lisse - Leiden","agency_id":"QBUZZ"}],"variant_ids":["QBUZZ:z250|1578546","QBUZZ:z250|1578549","QBUZZ:z250|1578550","QBUZZ:z250|1578551"],"representative_variant_id":"QBUZZ:z250|1578546","length_m":609.0}},{"type":"Feature","geometry":{"type":"LineString","coordinates":[[4.605438029672619,52.33990791367694],[4.60589,52.341094],[4.607417,52.343513],[4.607789822222374,52.344309852048845]]},"properties":{"edge_id":"edge/14501a8d17e3","stop_a":"stop/heemstede-groenendaal-herenweg__0e09a953d4","stop_b":"stop/heemstede-rijnlaan__7ded04ac59","stop_a_name":"Heemstede, Groenendaal/Herenweg","stop_b_name":"Heemstede, Rijnlaan","num_lines":1,"line_ids":["QBUZZ:z250"],"line_refs":["250"],"lines":[{"line_id":"QBUZZ:z250","line_ref":"250","line_name":"Haarlem - Hillegom - Lisse - Leiden","agency_id":"QBUZZ"}],"variant_ids":["QBUZZ:z250|1578546","QBUZZ:z250|1578549","QBUZZ:z250|1578550","QBUZZ:z250|1578551"],"representative_variant_id":"QBUZZ:z250|1578549","length_m":515.9}},{"type":"Feature","geometry":{"type":"LineString","coordinates":[[4.611670302880886,52.35191106455085],[4.611598,52.352025],[4.611696,52.352259],[4.612469,52.353424],[4.613987,52.356418],[4.614509493705033,52.357180340920365]]},"properties":{"edge_id":"edge/f88697c515d5","stop_a":"stop/heemstede-kerklaan__c3039195cf","stop_b":"stop/heemstede-koediefslaan__f36a16aad5","stop_a_name":"Heemstede, Kerklaan","stop_b_name":"Heemstede, Koediefslaan","num_lines":1,"line_ids":["QBUZZ:z250"],"line_refs":["250"],"lines":[{"line_id":"QBUZZ:z250","line_ref":"250","line_name":"Haarlem - Hillegom - Lisse - Leiden","agency_id":"QBUZZ"}],"variant_ids":["QBUZZ:z250|1578546","QBUZZ:z250|1578549","QBUZZ:z250|1578550","QBUZZ:z250|1578551"],"representative_variant_id":"QBUZZ:z250|1578546","length_m":620.6}},{"type":"Feature","geometry":{"type":"LineString","coordinates":[[4.611670302880886,52.35191106455085],[4.611484,52.351818],[4.611299,52.351484],[4.609661762073817,52.34806377242518]]},"properties":{"edge_id":"edge/0ce66665d130","stop_a":"stop/heemstede-kerklaan__c3039195cf","stop_b":"stop/heemstede-v-merlenlaan__6f2022ac5a","stop_a_name":"Heemstede, Kerklaan","stop_b_name":"Heemstede, v. Merlenlaan","num_lines":1,"line_ids":["QBUZZ:z250"],"line_refs":["250"],"lines":[{"line_id":"QBUZZ:z250","line_ref":"250","line_name":"Haarlem - Hillegom - Lisse - Leiden","agency_id":"QBUZZ"}],"variant_ids":["QBUZZ:z250|1578546","QBUZZ:z250|1578549","QBUZZ:z250|1578550","QBUZZ:z250|1578551"],"representative_variant_id":"QBUZZ:z250|1578546","length_m":451.8}},{"type":"Feature","geometry":{"type":"LineString","coordinates":[[4.60780826259757,52.34435059494272],[4.609661762073817,52.34806377242518]]},"properties":{"edge_id":"edge/7c9f2a2dec57","stop_a":"stop/heemstede-rijnlaan__7ded04ac59","stop_b":"stop/heemstede-v-merlenlaan__6f2022ac5a","stop_a_name":"Heemstede, Rijnlaan","stop_b_name":"Heemstede, v. Merlenlaan","num_lines":1,"line_ids":["QBUZZ:z250"],"line_refs":["250"],"lines":[{"line_id":"QBUZZ:z250","line_ref":"250","line_name":"Haarlem - Hillegom - Lisse - Leiden","agency_id":"QBUZZ"}],"variant_ids":["QBUZZ:z250|1578546","QBUZZ:z250|1578549","QBUZZ:z250|1578550","QBUZZ:z250|1578551"],"representative_variant_id":"QBUZZ:z250|1578546","length_m":431.7}},{"type":"Feature","geometry":{"type":"LineString","coordinates":[[4.589023146429462,52.312196326667475],[4.589108,52.311394],[4.588657,52.310348],[4.585903079846614,52.30614682568217]]},"properties":{"edge_id":"edge/04ab3a5342bb","stop_a":"stop/hillegom-bethlehemlaan__5d80de64d2","stop_b":"stop/hillegom-patrimonium__b6370c40cd","stop_a_name":"Hillegom, Bethlehemlaan","stop_b_name":"Hillegom, Patrimonium","num_lines":1,"line_ids":["QBUZZ:z250"],"line_refs":["250"],"lines":[{"line_id":"QBUZZ:z250","line_ref":"250","line_name":"Haarlem - Hillegom - Lisse - Leiden","agency_id":"QBUZZ"}],"variant_ids":["QBUZZ:z250|1578546","QBUZZ:z250|1578549","QBUZZ:z250|1578550","QBUZZ:z250|1578551"],"representative_variant_id":"QBUZZ:z250|1578546","length_m":713.0}},{"type":"Feature","geometry":{"type":"LineString","coordinates":[[4.578865377268884,52.295092954856635],[4.577884,52.293997],[4.576119,52.292709],[4.575537,52.292489],[4.575658,52.292247],[4.57509,52.291237],[4.575037,52.290967],[4.575173,52.290716],[4.577016,52.289326],[4.576931,52.289191],[4.577065,52.289066],[4.576481,52.288127],[4.578826,52.287317],[4.578887,52.287173],[4.579136,52.28722],[4.581043320524881,52.28657612305619]]},"properties":{"edge_id":"edge/302f7566402d","stop_a":"stop/hillegom-centrum__b6544dfaec","stop_b":"stop/hillegom-olympiaweg__954dfe8b5c","stop_a_name":"Hillegom, Centrum","stop_b_name":"Hillegom, Olympiaweg","num_lines":1,"line_ids":["QBUZZ:z022"],"line_refs":["22"],"lines":[{"line_id":"QBUZZ:z022","line_ref":"22","line_name":"Nieuw-Vennep - Hillegom - Noordwijk - Leiden","agency_id":"QBUZZ"}],"variant_ids":["QBUZZ:z022|1578393","QBUZZ:z022|1578394","QBUZZ:z022|1598570","QBUZZ:z022|1625006","QBUZZ:z022|1654957"],"representative_variant_id":"QBUZZ:z022|1578393","length_m":1287.9}},{"type":"Feature","geometry":{"type":"LineString","coordinates":[[4.578865377268884,52.295092954856635],[4.579087,52.295542],[4.578996,52.295713],[4.579156,52.295768],[4.579636,52.296804],[4.582511341632362,52.300892576660814]]},"properties":{"edge_id":"edge/b74b471ac10d","stop_a":"stop/hillegom-centrum__b6544dfaec","stop_b":"stop/hillegom-weeresteinstraat__ae5a8f744d","stop_a_name":"Hillegom, Centrum","stop_b_name":"Hillegom, Weeresteinstraat","num_lines":1,"line_ids":["QBUZZ:z022"],"line_refs":["22"],"lines":[{"line_id":"QBUZZ:z022","line_ref":"22","line_name":"Nieuw-Vennep - Hillegom - Noordwijk - Leiden","agency_id":"QBUZZ"}],"variant_ids":["QBUZZ:z022|1578393","QBUZZ:z022|1578399","QBUZZ:z022|1598570","QBUZZ:z022|1598571","QBUZZ:z022|1625005","QBUZZ:z022|1625006","QBUZZ:z022|1654956","QBUZZ:z022|1654957"],"representative_variant_id":"QBUZZ:z022|1578393","length_m":699.3}},{"type":"Feature","geometry":{"type":"LineString","coordinates":[[4.588633751226428,52.28947321115108],[4.588351,52.289071],[4.588397,52.288937],[4.588178,52.288872],[4.58789,52.288618],[4.585867,52.286205],[4.585246,52.285652],[4.585307,52.285563],[4.585206,52.285463],[4.585045,52.285453],[4.584939,52.285614],[4.584309,52.285628],[4.581043320524881,52.28657612305619]]},"properties":{"edge_id":"edge/5e89219a9130","stop_a":"stop/hillegom-meerlaan__3c5d70fcd0","stop_b":"stop/hillegom-olympiaweg__954dfe8b5c","stop_a_name":"Hillegom, Meerlaan","stop_b_name":"Hillegom, Olympiaweg","num_lines":2,"line_ids":["QBUZZ:z022","QBUZZ:z250"],"line_refs":["22","250"],"lines":[{"line_id":"QBUZZ:z022","line_ref":"22","line_name":"Nieuw-Vennep - Hillegom - Noordwijk - Leiden","agency_id":"QBUZZ"},{"line_id":"QBUZZ:z250","line_ref":"250","line_name":"Haarlem - Hillegom - Lisse - Leiden","agency_id":"QBUZZ"}],"variant_ids":["QBUZZ:z022|1578393","QBUZZ:z022|1578394","QBUZZ:z022|1598570","QBUZZ:z022|1625006","QBUZZ:z022|1654957","QBUZZ:z250|1578546","QBUZZ:z250|1578547","QBUZZ:z250|1578549","QBUZZ:z250|1578550","QBUZZ:z250|1578551","QBUZZ:z250|1578553"],"representative_variant_id":"QBUZZ:z022|1578393","length_m":833.8}},{"type":"Feature","geometry":{"type":"LineString","coordinates":[[4.5885554728519224,52.289404173973566],[4.589256,52.290093],[4.589238,52.290263],[4.589457,52.290319],[4.589959,52.290906],[4.59062116907482,52.29195808710826]]},"properties":{"edge_id":"edge/42dec482f663","stop_a":"stop/hillegom-meerlaan__3c5d70fcd0","stop_b":"stop/hillegom-van-limburg-stirumlaan__6d5bfb82c5","stop_a_name":"Hillegom, Meerlaan","stop_b_name":"Hillegom, van Limburg Stirumlaan","num_lines":1,"line_ids":["QBUZZ:z250"],"line_refs":["250"],"lines":[{"line_id":"QBUZZ:z250","line_ref":"250","line_name":"Haarlem - Hillegom - Lisse - Leiden","agency_id":"QBUZZ"}],"variant_ids":["QBUZZ:z250|1578546","QBUZZ:z250|1578549","QBUZZ:z250|1578550","QBUZZ:z250|1578551"],"representative_variant_id":"QBUZZ:z250|1578549","length_m":324.3}},{"type":"Feature","geometry":{"type":"LineString","coordinates":[[4.581036323468495,52.28657852334091],[4.57918,52.287202],[4.57906,52.287363],[4.578767,52.287334],[4.576481,52.288127],[4.576115,52.287289],[4.575415,52.286313],[4.573768,52.28499],[4.573308,52.284483],[4.572969,52.283789],[4.572866112467971,52.28283225894528]]},"properties":{"edge_id":"edge/d6a0313d5385","stop_a":"stop/hillegom-olympiaweg__954dfe8b5c","stop_b":"stop/hillegom-wilsonweg__9dedf56671","stop_a_name":"Hillegom, Olympiaweg","stop_b_name":"Hillegom, Wilsonweg","num_lines":1,"line_ids":["QBUZZ:z250"],"line_refs":["250"],"lines":[{"line_id":"QBUZZ:z250","line_ref":"250","line_name":"Haarlem - Hillegom - Lisse - Leiden","agency_id":"QBUZZ"}],"variant_ids":["QBUZZ:z250|1578546","QBUZZ:z250|1578547","QBUZZ:z250|1578549","QBUZZ:z250|1578550","QBUZZ:z250|1578551","QBUZZ:z250|1578553"],"representative_variant_id":"QBUZZ:z250|1578547","length_m":1014.2}},{"type":"Feature","geometry":{"type":"LineString","coordinates":[[4.585337627579536,52.295039271645294],[4.585906,52.294618],[4.586467,52.294388],[4.589254,52.293463],[4.591241,52.293018],[4.59062116907482,52.29195808710826]]},"properties":{"edge_id":"edge/ce690ce7daf1","stop_a":"stop/hillegom-oranje-nassauplein__30624f291b","stop_b":"stop/hillegom-van-limburg-stirumlaan__6d5bfb82c5","stop_a_name":"Hillegom, Oranje Nassauplein","stop_b_name":"Hillegom, van Limburg Stirumlaan","num_lines":1,"line_ids":["QBUZZ:z250"],"line_refs":["250"],"lines":[{"line_id":"QBUZZ:z250","line_ref":"250","line_name":"Haarlem - Hillegom - Lisse - Leiden","agency_id":"QBUZZ"}],"variant_ids":["QBUZZ:z250|1578546","QBUZZ:z250|1578549","QBUZZ:z250|1578550","QBUZZ:z250|1578551"],"representative_variant_id":"QBUZZ:z250|1578549","length_m":591.4}},{"type":"Feature","geometry":{"type":"LineString","coordinates":[[4.585337627579536,52.295039271645294],[4.584184,52.295775],[4.580972322120606,52.29687451818769]]},"properties":{"edge_id":"edge/228d319a4dc1","stop_a":"stop/hillegom-oranje-nassauplein__30624f291b","stop_b":"stop/hillegom-van-nispenpark__f69447bb35","stop_a_name":"Hillegom, Oranje Nassauplein","stop_b_name":"Hillegom, van Nispenpark","num_lines":1,"line_ids":["QBUZZ:z250"],"line_refs":["250"],"lines":[{"line_id":"QBUZZ:z250","line_ref":"250","line_name":"Haarlem - Hillegom - Lisse - Leiden","agency_id":"QBUZZ"}],"variant_ids":["QBUZZ:z250|1578546","QBUZZ:z250|1578549","QBUZZ:z250|1578550","QBUZZ:z250|1578551"],"representative_variant_id":"QBUZZ:z250|1578549","length_m":363.6}},{"type":"Feature","geometry":{"type":"LineString","coordinates":[[4.585872630604297,52.30609280116503],[4.584066,52.303153],[4.583818,52.30308],[4.583908,52.302936],[4.5824632670433685,52.30081266319929]]},"properties":{"edge_id":"edge/45e8f23449a4","stop_a":"stop/hillegom-patrimonium__b6370c40cd","stop_b":"stop/hillegom-weeresteinstraat__ae5a8f744d","stop_a_name":"Hillegom, Patrimonium","stop_b_name":"Hillegom, Weeresteinstraat","num_lines":1,"line_ids":["QBUZZ:z250"],"line_refs":["250"],"lines":[{"line_id":"QBUZZ:z250","line_ref":"250","line_name":"Haarlem - Hillegom - Lisse - Leiden","agency_id":"QBUZZ"}],"variant_ids":["QBUZZ:z250|1578546","QBUZZ:z250|1578549","QBUZZ:z250|1578550","QBUZZ:z250|1578551"],"representative_variant_id":"QBUZZ:z250|1578549","length_m":640.8}},{"type":"Feature","geometry":{"type":"LineString","coordinates":[[4.56644656325038,52.302954964477216],[4.566899,52.303035],[4.567856,52.304372],[4.570016,52.306553],[4.570207,52.306537],[4.573396,52.305345],[4.574998,52.304305],[4.577341,52.303692],[4.580698,52.302888],[4.580961,52.302925],[4.581219,52.30326],[4.581452,52.303333],[4.582965,52.303218],[4.583818,52.30308],[4.583908,52.302936],[4.582511341632362,52.300892576660814]]},"properties":{"edge_id":"edge/3334bd7d1fe7","stop_a":"stop/hillegom-station__a9e92f8cd6","stop_b":"stop/hillegom-weeresteinstraat__ae5a8f744d","stop_a_name":"Hillegom, Station","stop_b_name":"Hillegom, Weeresteinstraat","num_lines":1,"line_ids":["QBUZZ:z022"],"line_refs":["22"],"lines":[{"line_id":"QBUZZ:z022","line_ref":"22","line_name":"Nieuw-Vennep - Hillegom - Noordwijk - Leiden","agency_id":"QBUZZ"}],"variant_ids":["QBUZZ:z022|1578393","QBUZZ:z022|1578399","QBUZZ:z022|1598570","QBUZZ:z022|1598571","QBUZZ:z022|1625005","QBUZZ:z022|1625006","QBUZZ:z022|1654956","QBUZZ:z022|1654957"],"representative_variant_id":"QBUZZ:z022|1578393","length_m":1826.7}},{"type":"Feature","geometry":{"type":"LineString","coordinates":[[4.571648543318432,52.276721660804654],[4.57136,52.278061],[4.571348,52.278699],[4.572766,52.282107],[4.572866112467971,52.28283225894528]]},"properties":{"edge_id":"edge/0e5061cd57d2","stop_a":"stop/hillegom-steenfabriek__2dca8249fc","stop_b":"stop/hillegom-wilsonweg__9dedf56671","stop_a_name":"Hillegom, Steenfabriek","stop_b_name":"Hillegom, Wilsonweg","num_lines":1,"line_ids":["QBUZZ:z250"],"line_refs":["250"],"lines":[{"line_id":"QBUZZ:z250","line_ref":"250","line_name":"Haarlem - Hillegom - Lisse - Leiden","agency_id":"QBUZZ"}],"variant_ids":["QBUZZ:z250|1578546","QBUZZ:z250|1578547","QBUZZ:z250|1578549","QBUZZ:z250|1578550","QBUZZ:z250|1578551","QBUZZ:z250|1578553"],"representative_variant_id":"QBUZZ:z250|1578547","length_m":693.1}},{"type":"Feature","geometry":{"type":"LineString","coordinates":[[4.571648543318432,52.276721660804654],[4.571629,52.276167],[4.571433,52.275662],[4.57096,52.275075],[4.570295,52.274585],[4.567372,52.273405],[4.564912,52.271752],[4.564099,52.271333],[4.563528,52.271329],[4.563357,52.271022],[4.563077854370218,52.27079942788452]]},"properties":{"edge_id":"edge/df3b1b19e9a0","stop_a":"stop/hillegom-steenfabriek__2dca8249fc","stop_b":"stop/lisse-meer-en-duin__6028aee55f","stop_a_name":"Hillegom, Steenfabriek","stop_b_name":"Lisse, Meer en Duin","num_lines":2,"line_ids":["QBUZZ:z250","QBUZZ:z361"],"line_refs":["250","361"],"lines":[{"line_id":"QBUZZ:z250","line_ref":"250","line_name":"Haarlem - Hillegom - Lisse - Leiden","agency_id":"QBUZZ"},{"line_id":"QBUZZ:z361","line_ref":"361","line_name":"Noordwijk - Sassenheim - Lisse - Schiphol","agency_id":"QBUZZ"}],"variant_ids":["QBUZZ:z250|1578546","QBUZZ:z250|1578547","QBUZZ:z250|1578549","QBUZZ:z250|1578550","QBUZZ:z250|1578551","QBUZZ:z250|1578553","QBUZZ:z361|1578575","QBUZZ:z361|1578576","QBUZZ:z361|1578577","QBUZZ:z361|1625054","QBUZZ:z361|1625055","QBUZZ:z361|1655026","QBUZZ:z361|1655028","QBUZZ:z361|1655031"],"representative_variant_id":"QBUZZ:z250|1578547","length_m":928.3}},{"type":"Feature","geometry":{"type":"LineString","coordinates":[[4.571545541226017,52.27591397283347],[4.57165,52.276643],[4.572619,52.276533],[4.573519,52.276198],[4.573904,52.275976],[4.575153,52.274942],[4.576916,52.273902],[4.57955,52.272491],[4.583436,52.270648],[4.58863,52.267834],[4.592345,52.265675],[4.60527766847,52.2587516287278]]},"properties":{"edge_id":"edge/cd9e3b150198","stop_a":"stop/hillegom-steenfabriek__2dca8249fc","stop_b":"stop/nieuw-vennep-getsewoud-zuid-n207__83e6d848d1","stop_a_name":"Hillegom, Steenfabriek","stop_b_name":"Nieuw-Vennep, Getsewoud-Zuid/N207","num_lines":1,"line_ids":["QBUZZ:z361"],"line_refs":["361"],"lines":[{"line_id":"QBUZZ:z361","line_ref":"361","line_name":"Noordwijk - Sassenheim - Lisse - Schiphol","agency_id":"QBUZZ"}],"variant_ids":["QBUZZ:z361|1578575","QBUZZ:z361|1578576","QBUZZ:z361|1578577","QBUZZ:z361|1625054","QBUZZ:z361|1625055","QBUZZ:z361|1655026","QBUZZ:z361|1655028","QBUZZ:z361|1655031"],"representative_variant_id":"QBUZZ:z361|1578577","length_m":3128.4}},{"type":"Feature","geometry":{"type":"LineString","coordinates":[[4.580972322120606,52.29687451818769],[4.580536,52.297287],[4.580137,52.297437],[4.5824632670433685,52.30081266319929]]},"properties":{"edge_id":"edge/ef6d0684fa9e","stop_a":"stop/hillegom-van-nispenpark__f69447bb35","stop_b":"stop/hillegom-weeresteinstraat__ae5a8f744d","stop_a_name":"Hillegom, van Nispenpark","stop_b_name":"Hillegom, Weeresteinstraat","num_lines":1,"line_ids":["QBUZZ:z250"],"line_refs":["250"],"lines":[{"line_id":"QBUZZ:z250","line_ref":"250","line_name":"Haarlem - Hillegom - Lisse - Leiden","agency_id":"QBUZZ"}],"variant_ids":["QBUZZ:z250|1578546","QBUZZ:z250|1578549","QBUZZ:z250|1578550","QBUZZ:z250|1578551"],"representative_variant_id":"QBUZZ:z250|1578549","length_m":493.8}},{"type":"Feature","geometry":{"type":"LineString","coordinates":[[4.685454570027099,52.260465269848616],[4.686088,52.260938],[4.686736,52.261643],[4.687144,52.261789],[4.68811,52.261876],[4.688532,52.262013],[4.689896,52.262866],[4.690609,52.263158],[4.699116,52.269095],[4.699953,52.269909],[4.702039,52.271467],[4.714188,52.279967],[4.716969,52.282113],[4.717429,52.282682],[4.717485,52.282907],[4.717298,52.283652],[4.716659,52.284233],[4.713998,52.285764],[4.713877,52.285988],[4.714238,52.286322],[4.713159,52.286909],[4.71301,52.287079],[4.713079,52.287367],[4.71459,52.287304],[4.715672,52.287472],[4.716561,52.287774],[4.717289,52.288146],[4.7204369632635395,52.29031961157486]]},"properties":{"edge_id":"edge/de2b528cdedf","stop_a":"stop/hoofddorp-brugrestaurant-a4__a96cbf8af8","stop_b":"stop/hoofddorp-de-hoek__cdbffc911b","stop_a_name":"Hoofddorp, Brugrestaurant A4","stop_b_name":"Hoofddorp, De Hoek","num_lines":2,"line_ids":["QBUZZ:z361","QBUZZ:z365"],"line_refs":["361","365"],"lines":[{"line_id":"QBUZZ:z361","line_ref":"361","line_name":"Noordwijk - Sassenheim - Lisse - Schiphol","agency_id":"QBUZZ"},{"line_id":"QBUZZ:z365","line_ref":"365","line_name":"Leiden - Schiphol","agency_id":"QBUZZ"}],"variant_ids":["QBUZZ:z361|1578575","QBUZZ:z361|1578576","QBUZZ:z361|1578577","QBUZZ:z361|1625054","QBUZZ:z361|1625055","QBUZZ:z361|1655026","QBUZZ:z361|1655028","QBUZZ:z361|1655031","QBUZZ:z365|1578584","QBUZZ:z365|1589335","QBUZZ:z365|1655033"],"representative_variant_id":"QBUZZ:z365|1578584","length_m":4613.6}},{"type":"Feature","geometry":{"type":"LineString","coordinates":[[4.685454570027099,52.260465269848616],[4.684524,52.259788],[4.684602,52.259536],[4.68382,52.258965],[4.683999,52.258769],[4.682727,52.257656],[4.66975,52.248607],[4.669269,52.24847],[4.667254,52.247181],[4.660317,52.242474],[4.659766,52.242138],[4.658689,52.241718],[4.65777,52.241532],[4.656089,52.241378],[4.655447,52.241248],[4.654851,52.240939],[4.653259,52.239869],[4.657957,52.237273],[4.661869,52.235266],[4.666079,52.232955],[4.668802,52.231129],[4.668037,52.230414],[4.667031013779545,52.22978214314522]]},"properties":{"edge_id":"edge/4fb5c161ebec","stop_a":"stop/hoofddorp-brugrestaurant-a4__a96cbf8af8","stop_b":"stop/leimuiderbrug-leimuiderbrug__2b0927f06f","stop_a_name":"Hoofddorp, Brugrestaurant A4","stop_b_name":"Leimuiderbrug, Leimuiderbrug","num_lines":1,"line_ids":["QBUZZ:z365"],"line_refs":["365"],"lines":[{"line_id":"QBUZZ:z365","line_ref":"365","line_name":"Leiden - Schiphol","agency_id":"QBUZZ"}],"variant_ids":["QBUZZ:z365|1578584","QBUZZ:z365|1589335","QBUZZ:z365|1655033"],"representative_variant_id":"QBUZZ:z365|1578584","length_m":4877.5}},{"type":"Feature","geometry":{"type":"LineString","coordinates":[[4.685506699223695,52.260502032263396],[4.684524,52.259788],[4.684602,52.259536],[4.68382,52.258965],[4.683999,52.258769],[4.682727,52.257656],[4.66975,52.248607],[4.669269,52.24847],[4.667254,52.247181],[4.660317,52.242474],[4.659766,52.242138],[4.658689,52.241718],[4.65777,52.241532],[4.656089,52.241378],[4.655447,52.241248],[4.654851,52.240939],[4.65352,52.239996],[4.633251,52.250708],[4.632129,52.251231],[4.630363,52.251768],[4.629261,52.251968],[4.628,52.252068],[4.626331,52.25203],[4.62373,52.251663],[4.622165,52.251563],[4.620626,52.251679],[4.618936,52.252018],[4.617565,52.252503],[4.61284,52.254747],[4.60527766847,52.2587516287278]]},"properties":{"edge_id":"edge/b37247141c92","stop_a":"stop/hoofddorp-brugrestaurant-a4__a96cbf8af8","stop_b":"stop/nieuw-vennep-getsewoud-zuid-n207__83e6d848d1","stop_a_name":"Hoofddorp, Brugrestaurant A4","stop_b_name":"Nieuw-Vennep, Getsewoud-Zuid/N207","num_lines":1,"line_ids":["QBUZZ:z361"],"line_refs":["361"],"lines":[{"line_id":"QBUZZ:z361","line_ref":"361","line_name":"Noordwijk - Sassenheim - Lisse - Schiphol","agency_id":"QBUZZ"}],"variant_ids":["QBUZZ:z361|1578575","QBUZZ:z361|1578576","QBUZZ:z361|1578577","QBUZZ:z361|1625054","QBUZZ:z361|1625055","QBUZZ:z361|1655026","QBUZZ:z361|1655028","QBUZZ:z361|1655031"],"representative_variant_id":"QBUZZ:z361|1578577","length_m":7271.5}},{"type":"Feature","geometry":{"type":"LineString","coordinates":[[4.7204650999583215,52.29033887371414],[4.716838,52.287892],[4.715905,52.287536],[4.714897,52.287342],[4.71418,52.287293],[4.713079,52.287367],[4.71301,52.287079],[4.713159,52.286909],[4.714711,52.286073],[4.714877,52.285787],[4.722102,52.281828],[4.720681,52.280822],[4.719911,52.280404],[4.719136,52.280292],[4.71761,52.280409],[4.716937,52.280352],[4.716353,52.280196],[4.715102,52.279568],[4.702619,52.270868],[4.699704,52.268955],[4.698686,52.268463],[4.672014,52.249835],[4.671786,52.249474],[4.67102,52.248858],[4.662884,52.243074],[4.660719,52.241173],[4.66038,52.240407],[4.660287,52.238932],[4.659956,52.238544],[4.65861,52.237592],[4.658528,52.237268],[4.665248,52.233633],[4.670689,52.230295],[4.671134,52.229948],[4.671135,52.229858],[4.673311,52.22837],[4.674304,52.227558],[4.676283,52.225539],[4.676813219767698,52.224795838800496]]},"properties":{"edge_id":"edge/1b0fbc976811","stop_a":"stop/hoofddorp-de-hoek__cdbffc911b","stop_b":"stop/leimuiden-leimuiden-n207__d2b6110958","stop_a_name":"Hoofddorp, De Hoek","stop_b_name":"Leimuiden, Leimuiden/N207","num_lines":1,"line_ids":["QBUZZ:z470"],"line_refs":["470"],"lines":[{"line_id":"QBUZZ:z470","line_ref":"470","line_name":"Alphen a/d Rijn - Schiphol","agency_id":"QBUZZ"}],"variant_ids":["QBUZZ:z470|1578630","QBUZZ:z470|1578631","QBUZZ:z470|1655048"],"representative_variant_id":"QBUZZ:z470|1578630","length_m":10117.6}},{"type":"Feature","geometry":{"type":"LineString","coordinates":[[4.720462740050924,52.29033749348096],[4.722265,52.291572],[4.723384,52.292189],[4.728549,52.295759],[4.729815,52.296414],[4.730865,52.29677],[4.735878,52.297795],[4.73915,52.298649],[4.743031,52.299938],[4.751006027624337,52.303081443262606]]},"properties":{"edge_id":"edge/6fe2652441c8","stop_a":"stop/hoofddorp-de-hoek__cdbffc911b","stop_b":"stop/schiphol-handelskade__ffca877dde","stop_a_name":"Hoofddorp, De Hoek","stop_b_name":"Schiphol, Handelskade","num_lines":3,"line_ids":["QBUZZ:z361","QBUZZ:z365","QBUZZ:z470"],"line_refs":["361","365","470"],"lines":[{"line_id":"QBUZZ:z361","line_ref":"361","line_name":"Noordwijk - Sassenheim - Lisse - Schiphol","agency_id":"QBUZZ"},{"line_id":"QBUZZ:z365","line_ref":"365","line_name":"Leiden - Schiphol","agency_id":"QBUZZ"},{"line_id":"QBUZZ:z470","line_ref":"470","line_name":"Alphen a/d Rijn - Schiphol","agency_id":"QBUZZ"}],"variant_ids":["QBUZZ:z361|1578575","QBUZZ:z361|1578576","QBUZZ:z361|1578577","QBUZZ:z361|1625054","QBUZZ:z361|1625055","QBUZZ:z361|1655026","QBUZZ:z361|1655028","QBUZZ:z361|1655031","QBUZZ:z365|1578584","QBUZZ:z365|1589335","QBUZZ:z365|1655033","QBUZZ:z470|1578630","QBUZZ:z470|1578631","QBUZZ:z470|1655048"],"representative_variant_id":"QBUZZ:z361|1578577","length_m":2557.8}},{"type":"Feature","geometry":{"type":"LineString","coordinates":[[4.603261562616311,52.16750600720994],[4.602642,52.167736],[4.601602,52.167828],[4.594927,52.166723],[4.594358,52.166692],[4.593597,52.166723],[4.592776,52.166879],[4.590437,52.1677],[4.589557,52.167882],[4.588153,52.167909],[4.587439,52.167805],[4.587005931714004,52.16764380168462]]},"properties":{"edge_id":"edge/7c68672610bf","stop_a":"stop/hoogmade-wijde-aa__88abba55d7","stop_b":"stop/hoogmade-zuideinde__b8a0430047","stop_a_name":"Hoogmade, Wijde Aa","stop_b_name":"Hoogmade, Zuideinde","num_lines":1,"line_ids":["QBUZZ:z182"],"line_refs":["182"],"lines":[{"line_id":"QBUZZ:z182","line_ref":"182","line_name":"Alphen a/d Rijn - Leiden","agency_id":"QBUZZ"}],"variant_ids":["QBUZZ:z182|1578503","QBUZZ:z182|1578505"],"representative_variant_id":"QBUZZ:z182|1578505","length_m":1169.7}},{"type":"Feature","geometry":{"type":"LineString","coordinates":[[4.603264455291203,52.1675043025788],[4.603659,52.167222],[4.603944,52.166828],[4.604801343580548,52.16418545634304]]},"properties":{"edge_id":"edge/de1916304369","stop_a":"stop/hoogmade-wijde-aa__88abba55d7","stop_b":"stop/woubrugge-hoogte__6803460b2c","stop_a_name":"Hoogmade, Wijde Aa","stop_b_name":"Woubrugge, Hoogte","num_lines":1,"line_ids":["QBUZZ:z182"],"line_refs":["182"],"lines":[{"line_id":"QBUZZ:z182","line_ref":"182","line_name":"Alphen a/d Rijn - Leiden","agency_id":"QBUZZ"}],"variant_ids":["QBUZZ:z182|1578503","QBUZZ:z182|1578505"],"representative_variant_id":"QBUZZ:z182|1578503","length_m":388.9}},{"type":"Feature","geometry":{"type":"LineString","coordinates":[[4.587005931714004,52.16764380168462],[4.586088,52.16732],[4.582917,52.165653],[4.579687,52.164795],[4.578788,52.164403],[4.577997,52.163696],[4.577049,52.162],[4.576516,52.161556],[4.575778,52.161173],[4.574993,52.160943],[4.569732,52.16008],[4.566218,52.159642],[4.565165,52.159706],[4.564167,52.159933],[4.563267,52.160385],[4.562125,52.161267],[4.561164,52.161854],[4.560754,52.161932],[4.560266,52.162225],[4.560143,52.16253],[4.557311,52.163957],[4.556696,52.164006],[4.5564,52.164175],[4.55589,52.164136],[4.553322,52.163075],[4.551983,52.162787],[4.551447,52.162513],[4.551082,52.16252],[4.550719,52.162409],[4.549931854184057,52.161975318105895]]},"properties":{"edge_id":"edge/d59765d2d9a5","stop_a":"stop/hoogmade-zuideinde__b8a0430047","stop_b":"stop/leiderdorp-munnikenbrug__89f8b2d7dc","stop_a_name":"Hoogmade, Zuideinde","stop_b_name":"Leiderdorp, Munnikenbrug","num_lines":1,"line_ids":["QBUZZ:z182"],"line_refs":["182"],"lines":[{"line_id":"QBUZZ:z182","line_ref":"182","line_name":"Alphen a/d Rijn - Leiden","agency_id":"QBUZZ"}],"variant_ids":["QBUZZ:z182|1578503","QBUZZ:z182|1578505"],"representative_variant_id":"QBUZZ:z182|1578505","length_m":3157.6}},{"type":"Feature","geometry":{"type":"LineString","coordinates":[[4.408753262695815,52.180806079215486],[4.410826,52.182664],[4.413394,52.184294],[4.415569,52.185804],[4.416611,52.186307],[4.416946,52.186373],[4.417028,52.186616],[4.417417,52.186889],[4.418247,52.187049],[4.418206,52.187606],[4.418398,52.188174],[4.418711,52.188599],[4.420161,52.189815],[4.420391224010806,52.19022296845375]]},"properties":{"edge_id":"edge/bbe2eb9bf850","stop_a":"stop/katwijk-a-d-rijn-1e-mientlaan__0828230379","stop_b":"stop/katwijk-a-d-rijn-duinvallei-n206__6ae5aacf89","stop_a_name":"Katwijk a/d Rijn, 1e Mientlaan","stop_b_name":"Katwijk a/d Rijn, Duinvallei/N206","num_lines":2,"line_ids":["QBUZZ:z090","QBUZZ:z385"],"line_refs":["90","385"],"lines":[{"line_id":"QBUZZ:z090","line_ref":"90","line_name":"Sassenheim - Noordwijkerhout - Wassenaar","agency_id":"QBUZZ"},{"line_id":"QBUZZ:z385","line_ref":"385","line_name":"Noordwijk - Katwijk - Den Haag","agency_id":"QBUZZ"}],"variant_ids":["QBUZZ:z090|1625013","QBUZZ:z090|1625015","QBUZZ:z090|1625016","QBUZZ:z090|1654972","QBUZZ:z090|1654973","QBUZZ:z090|1654974","QBUZZ:z385|1625063","QBUZZ:z385|1625064","QBUZZ:z385|1655035","QBUZZ:z385|1655036","QBUZZ:z385|1655037","QBUZZ:z385|1655038"],"representative_variant_id":"QBUZZ:z090|1625015","length_m":1361.8}},{"type":"Feature","geometry":{"type":"LineString","coordinates":[[4.408753452002018,52.18081286042032],[4.406947,52.179549],[4.406344,52.179023],[4.404154,52.176236],[4.402197538893629,52.17454142435707]]},"properties":{"edge_id":"edge/f8fbf139ccbc","stop_a":"stop/katwijk-a-d-rijn-1e-mientlaan__0828230379","stop_b":"stop/katwijk-a-d-rijn-panbos__03ffad3bd9","stop_a_name":"Katwijk a/d Rijn, 1e Mientlaan","stop_b_name":"Katwijk a/d Rijn, Panbos","num_lines":2,"line_ids":["QBUZZ:z090","QBUZZ:z385"],"line_refs":["90","385"],"lines":[{"line_id":"QBUZZ:z090","line_ref":"90","line_name":"Sassenheim - Noordwijkerhout - Wassenaar","agency_id":"QBUZZ"},{"line_id":"QBUZZ:z385","line_ref":"385","line_name":"Noordwijk - Katwijk - Den Haag","agency_id":"QBUZZ"}],"variant_ids":["QBUZZ:z090|1625013","QBUZZ:z090|1625015","QBUZZ:z090|1625016","QBUZZ:z090|1654972","QBUZZ:z090|1654973","QBUZZ:z090|1654974","QBUZZ:z385|1625063","QBUZZ:z385|1625064","QBUZZ:z385|1655035","QBUZZ:z385|1655036","QBUZZ:z385|1655037","QBUZZ:z385|1655038"],"representative_variant_id":"QBUZZ:z090|1625013","length_m":833.2}},{"type":"Feature","geometry":{"type":"LineString","coordinates":[[4.420396760219791,52.19023586979791],[4.420509,52.190663],[4.420436,52.191309],[4.419357,52.195219],[4.419571,52.196812],[4.419836,52.197416],[4.42025,52.197869],[4.417712997053625,52.19878780088391]]},"properties":{"edge_id":"edge/50614b6a0850","stop_a":"stop/katwijk-a-d-rijn-duinvallei-n206__6ae5aacf89","stop_b":"stop/katwijk-cleijn-duin__973010f7a5","stop_a_name":"Katwijk a/d Rijn, Duinvallei/N206","stop_b_name":"Katwijk, Cleijn Duin","num_lines":2,"line_ids":["QBUZZ:z090","QBUZZ:z385"],"line_refs":["90","385"],"lines":[{"line_id":"QBUZZ:z090","line_ref":"90","line_name":"Sassenheim - Noordwijkerhout - Wassenaar","agency_id":"QBUZZ"},{"line_id":"QBUZZ:z385","line_ref":"385","line_name":"Noordwijk - Katwijk - Den Haag","agency_id":"QBUZZ"}],"variant_ids":["QBUZZ:z090|1625013","QBUZZ:z090|1625015","QBUZZ:z090|1625016","QBUZZ:z090|1654972","QBUZZ:z090|1654973","QBUZZ:z090|1654974","QBUZZ:z385|1625063","QBUZZ:z385|1625064","QBUZZ:z385|1655035","QBUZZ:z385|1655036","QBUZZ:z385|1655037","QBUZZ:z385|1655038"],"representative_variant_id":"QBUZZ:z385|1655037","length_m":1066.9}},{"type":"Feature","geometry":{"type":"LineString","coordinates":[[4.420399070399553,52.19024125334182],[4.420509,52.190663],[4.420436,52.191309],[4.419357,52.195219],[4.419571,52.196812],[4.419836,52.197416],[4.42025,52.197869],[4.415857,52.199442],[4.415145819743738,52.19981454076879]]},"properties":{"edge_id":"edge/ab9706a81558","stop_a":"stop/katwijk-a-d-rijn-duinvallei-n206__6ae5aacf89","stop_b":"stop/katwijk-gemeentehuis__ab2a8dd5e5","stop_a_name":"Katwijk a/d Rijn, Duinvallei/N206","stop_b_name":"Katwijk, Gemeentehuis","num_lines":2,"line_ids":["QBUZZ:z400","QBUZZ:z401"],"line_refs":["400","401"],"lines":[{"line_id":"QBUZZ:z400","line_ref":"400","line_name":"Katwijk ESA/ESTEC - Zoetermeer","agency_id":"QBUZZ"},{"line_id":"QBUZZ:z401","line_ref":"401","line_name":"Katwijk-Centrum - Zoetermeer","agency_id":"QBUZZ"}],"variant_ids":["QBUZZ:z400|1589338","QBUZZ:z400|1589339","QBUZZ:z400|1625068","QBUZZ:z400|1625069","QBUZZ:z400|1655039","QBUZZ:z400|1655040","QBUZZ:z400|1655042","QBUZZ:z400|1655043","QBUZZ:z401|1589343","QBUZZ:z401|1589344","QBUZZ:z401|1625071","QBUZZ:z401|1625072","QBUZZ:z401|1655044","QBUZZ:z401|1655045","QBUZZ:z401|1655046","QBUZZ:z401|1655047"],"representative_variant_id":"QBUZZ:z401|1655044","length_m":1276.0}},{"type":"Feature","geometry":{"type":"LineString","coordinates":[[4.41995917271362,52.19022329760117],[4.420128,52.19066],[4.420179,52.191703],[4.419113,52.195676],[4.419108,52.196584],[4.419299,52.197196],[4.419667,52.197793],[4.421239,52.199477],[4.422102,52.200176],[4.426919,52.203344],[4.43681,52.209455],[4.442979,52.212489],[4.444352,52.213255],[4.446027,52.214338],[4.448633,52.216336],[4.449968,52.217596],[4.451326,52.219099],[4.452445,52.220905],[4.452809,52.221672],[4.452871,52.222194],[4.4527,52.222696],[4.452355,52.22308],[4.451671,52.223613],[4.450559,52.224297],[4.44727,52.226185],[4.44705,52.226183],[4.446914,52.226389],[4.444884,52.227568],[4.444677,52.227666],[4.444413,52.227681],[4.444366,52.227843],[4.442287,52.229246],[4.441870940140698,52.22961280277789]]},"properties":{"edge_id":"edge/f6f044e3acc8","stop_a":"stop/katwijk-a-d-rijn-duinvallei-n206__6ae5aacf89","stop_b":"stop/noordwijk-boekerslootlaan__e4c96b478e","stop_a_name":"Katwijk a/d Rijn, Duinvallei/N206","stop_b_name":"Noordwijk, Boekerslootlaan","num_lines":2,"line_ids":["QBUZZ:z022","QBUZZ:z023"],"line_refs":["22","23"],"lines":[{"line_id":"QBUZZ:z022","line_ref":"22","line_name":"Nieuw-Vennep - Hillegom - Noordwijk - Leiden","agency_id":"QBUZZ"},{"line_id":"QBUZZ:z023","line_ref":"23","line_name":"Noordwijk - Leiden","agency_id":"QBUZZ"}],"variant_ids":["QBUZZ:z022|1598570","QBUZZ:z022|1598571","QBUZZ:z022|1625005","QBUZZ:z022|1625006","QBUZZ:z022|1625007","QBUZZ:z022|1654955","QBUZZ:z022|1654956","QBUZZ:z022|1654957","QBUZZ:z023|1598577","QBUZZ:z023|1625008","QBUZZ:z023|1654958"],"representative_variant_id":"QBUZZ:z022|1654955","length_m":5582.6}},{"type":"Feature","geometry":{"type":"LineString","coordinates":[[4.419966318036123,52.19023340085355],[4.419727,52.189623],[4.418378,52.188434],[4.417972,52.187622],[4.417996,52.187164],[4.418182,52.186662],[4.418693,52.186028],[4.422221,52.183189],[4.424919,52.180811],[4.426286,52.179789],[4.428746,52.178254],[4.433566,52.175776],[4.43721260270585,52.17344680196811]]},"properties":{"edge_id":"edge/7bf895a49145","stop_a":"stop/katwijk-a-d-rijn-duinvallei-n206__6ae5aacf89","stop_b":"stop/valkenburg-valkenburg-oost-n206__d1641323ee","stop_a_name":"Katwijk a/d Rijn, Duinvallei/N206","stop_b_name":"Valkenburg, Valkenburg Oost/N206","num_lines":4,"line_ids":["QBUZZ:z022","QBUZZ:z023","QBUZZ:z400","QBUZZ:z401"],"line_refs":["22","23","400","401"],"lines":[{"line_id":"QBUZZ:z022","line_ref":"22","line_name":"Nieuw-Vennep - Hillegom - Noordwijk - Leiden","agency_id":"QBUZZ"},{"line_id":"QBUZZ:z023","line_ref":"23","line_name":"Noordwijk - Leiden","agency_id":"QBUZZ"},{"line_id":"QBUZZ:z400","line_ref":"400","line_name":"Katwijk ESA/ESTEC - Zoetermeer","agency_id":"QBUZZ"},{"line_id":"QBUZZ:z401","line_ref":"401","line_name":"Katwijk-Centrum - Zoetermeer","agency_id":"QBUZZ"}],"variant_ids":["QBUZZ:z022|1598570","QBUZZ:z022|1598571","QBUZZ:z022|1625005","QBUZZ:z022|1625006","QBUZZ:z022|1625007","QBUZZ:z022|1654955","QBUZZ:z022|1654956","QBUZZ:z022|1654957","QBUZZ:z023|1598577","QBUZZ:z023|1625008","QBUZZ:z023|1654958","QBUZZ:z400|1589338","QBUZZ:z400|1589339","QBUZZ:z400|1625068","QBUZZ:z400|1625069","QBUZZ:z400|1655039","QBUZZ:z400|1655040","QBUZZ:z400|1655042","QBUZZ:z400|1655043","QBUZZ:z401|1589343","QBUZZ:z401|1589344","QBUZZ:z401|1625071","QBUZZ:z401|1625072","QBUZZ:z401|1655044","QBUZZ:z401|1655045","QBUZZ:z401|1655046","QBUZZ:z401|1655047"],"representative_variant_id":"QBUZZ:z023|1654958","length_m":2405.3}},{"type":"Feature","geometry":{"type":"LineString","coordinates":[[4.402197538893629,52.17454142435707],[4.400416,52.172735],[4.400204,52.172374],[4.400154,52.172005],[4.400491,52.171325],[4.4025,52.169723],[4.4028,52.169357],[4.403083,52.168434],[4.402922,52.167821],[4.402737,52.167559],[4.40002,52.164867],[4.398657,52.163714],[4.39398,52.161077],[4.393572,52.16102],[4.393457,52.160929],[4.393489,52.160794],[4.391286,52.159293],[4.390526,52.158639],[4.389727,52.157778],[4.389006146806422,52.15674893109743]]},"properties":{"edge_id":"edge/2a0dc3e9213a","stop_a":"stop/katwijk-a-d-rijn-panbos__03ffad3bd9","stop_b":"stop/wassenaar-bronckhorstlaan__42d5d48f42","stop_a_name":"Katwijk a/d Rijn, Panbos","stop_b_name":"Wassenaar, Bronckhorstlaan","num_lines":2,"line_ids":["QBUZZ:z090","QBUZZ:z385"],"line_refs":["90","385"],"lines":[{"line_id":"QBUZZ:z090","line_ref":"90","line_name":"Sassenheim - Noordwijkerhout - Wassenaar","agency_id":"QBUZZ"},{"line_id":"QBUZZ:z385","line_ref":"385","line_name":"Noordwijk - Katwijk - Den Haag","agency_id":"QBUZZ"}],"variant_ids":["QBUZZ:z090|1625013","QBUZZ:z090|1625015","QBUZZ:z090|1625016","QBUZZ:z090|1654972","QBUZZ:z090|1654973","QBUZZ:z090|1654974","QBUZZ:z385|1625063","QBUZZ:z385|1625064","QBUZZ:z385|1655035","QBUZZ:z385|1655036","QBUZZ:z385|1655037","QBUZZ:z385|1655038"],"representative_variant_id":"QBUZZ:z090|1625013","length_m":2422.0}},{"type":"Feature","geometry":{"type":"LineString","coordinates":[[4.424057539683482,52.19310024869702],[4.424012,52.192336],[4.42371,52.191417],[4.423723,52.190788],[4.425797945684208,52.19068705389314]]},"properties":{"edge_id":"edge/e94148f8dfaf","stop_a":"stop/katwijk-a-d-rijn-rijnstraat__9a426a6702","stop_b":"stop/katwijk-a-d-rijn-sandtlaan__f0bc652467","stop_a_name":"Katwijk a/d Rijn, Rijnstraat","stop_b_name":"Katwijk a/d Rijn, Sandtlaan","num_lines":1,"line_ids":["QBUZZ:z031"],"line_refs":["31"],"lines":[{"line_id":"QBUZZ:z031","line_ref":"31","line_name":"Katwijk - Rijnsburg - Leiden","agency_id":"QBUZZ"}],"variant_ids":["QBUZZ:z031|1598582","QBUZZ:z031|1625009","QBUZZ:z031|1654961","QBUZZ:z031|1654962"],"representative_variant_id":"QBUZZ:z031|1625009","length_m":401.1}},{"type":"Feature","geometry":{"type":"LineString","coordinates":[[4.424057539683482,52.19310024869702],[4.424085,52.193676],[4.425135,52.194485],[4.425486,52.195207],[4.425387,52.195709],[4.424812168083683,52.19636283634914]]},"properties":{"edge_id":"edge/83f4f551da34","stop_a":"stop/katwijk-a-d-rijn-rijnstraat__9a426a6702","stop_b":"stop/katwijk-a-d-rijn-schutterswei__ba76681bfa","stop_a_name":"Katwijk a/d Rijn, Rijnstraat","stop_b_name":"Katwijk a/d Rijn, Schutterswei","num_lines":1,"line_ids":["QBUZZ:z031"],"line_refs":["31"],"lines":[{"line_id":"QBUZZ:z031","line_ref":"31","line_name":"Katwijk - Rijnsburg - Leiden","agency_id":"QBUZZ"}],"variant_ids":["QBUZZ:z031|1598582","QBUZZ:z031|1625009","QBUZZ:z031|1654961","QBUZZ:z031|1654962"],"representative_variant_id":"QBUZZ:z031|1625009","length_m":401.6}},{"type":"Feature","geometry":{"type":"LineString","coordinates":[[4.425797945684208,52.19068705389314],[4.428335,52.190574],[4.431516342685018,52.1899477725846]]},"properties":{"edge_id":"edge/d4cc1667d724","stop_a":"stop/katwijk-a-d-rijn-sandtlaan__f0bc652467","stop_b":"stop/rijnsburg-boslaan__37a8e6aee9","stop_a_name":"Katwijk a/d Rijn, Sandtlaan","stop_b_name":"Rijnsburg, Boslaan","num_lines":1,"line_ids":["QBUZZ:z031"],"line_refs":["31"],"lines":[{"line_id":"QBUZZ:z031","line_ref":"31","line_name":"Katwijk - Rijnsburg - Leiden","agency_id":"QBUZZ"}],"variant_ids":["QBUZZ:z031|1598582","QBUZZ:z031|1625009","QBUZZ:z031|1654961","QBUZZ:z031|1654962"],"representative_variant_id":"QBUZZ:z031|1625009","length_m":401.2}},{"type":"Feature","geometry":{"type":"LineString","coordinates":[[4.424812255779983,52.1963627364728],[4.424147,52.196912],[4.423747,52.197125],[4.420677,52.197738],[4.417706900075531,52.19878962997734]]},"properties":{"edge_id":"edge/5b6f82952769","stop_a":"stop/katwijk-a-d-rijn-schutterswei__ba76681bfa","stop_b":"stop/katwijk-cleijn-duin__973010f7a5","stop_a_name":"Katwijk a/d Rijn, Schutterswei","stop_b_name":"Katwijk, Cleijn Duin","num_lines":1,"line_ids":["QBUZZ:z031"],"line_refs":["31"],"lines":[{"line_id":"QBUZZ:z031","line_ref":"31","line_name":"Katwijk - Rijnsburg - Leiden","agency_id":"QBUZZ"}],"variant_ids":["QBUZZ:z031|1598582","QBUZZ:z031|1625009","QBUZZ:z031|1654961","QBUZZ:z031|1654962"],"representative_variant_id":"QBUZZ:z031|1654962","length_m":566.0}},{"type":"Feature","geometry":{"type":"LineString","coordinates":[[4.418462811685265,52.20677326008283],[4.413387389565927,52.208401255216174]]},"properties":{"edge_id":"edge/159f902269f0","stop_a":"stop/katwijk-biltlaan__00a9be4b3a","stop_b":"stop/katwijk-dr-willem-dreesstraat__b4f1b1da2a","stop_a_name":"Katwijk, Biltlaan","stop_b_name":"Katwijk, Dr. Willem Dreesstraat","num_lines":2,"line_ids":["QBUZZ:z031","QBUZZ:z090"],"line_refs":["31","90"],"lines":[{"line_id":"QBUZZ:z031","line_ref":"31","line_name":"Katwijk - Rijnsburg - Leiden","agency_id":"QBUZZ"},{"line_id":"QBUZZ:z090","line_ref":"90","line_name":"Sassenheim - Noordwijkerhout - Wassenaar","agency_id":"QBUZZ"}],"variant_ids":["QBUZZ:z031|1598582","QBUZZ:z031|1625009","QBUZZ:z031|1654961","QBUZZ:z031|1654962","QBUZZ:z090|1625013","QBUZZ:z090|1625015","QBUZZ:z090|1625016","QBUZZ:z090|1654972","QBUZZ:z090|1654973","QBUZZ:z090|1654974"],"representative_variant_id":"QBUZZ:z031|1625009","length_m":390.4}},{"type":"Feature","geometry":{"type":"LineString","coordinates":[[4.418407408028989,52.20669847868738],[4.420656,52.206115],[4.421097809219628,52.20663976329102]]},"properties":{"edge_id":"edge/2fc70d87d584","stop_a":"stop/katwijk-biltlaan__00a9be4b3a","stop_b":"stop/katwijk-hoornes-passage__fc6278eed4","stop_a_name":"Katwijk, Biltlaan","stop_b_name":"Katwijk, Hoornes Passage","num_lines":2,"line_ids":["QBUZZ:z031","QBUZZ:z090"],"line_refs":["31","90"],"lines":[{"line_id":"QBUZZ:z031","line_ref":"31","line_name":"Katwijk - Rijnsburg - Leiden","agency_id":"QBUZZ"},{"line_id":"QBUZZ:z090","line_ref":"90","line_name":"Sassenheim - Noordwijkerhout - Wassenaar","agency_id":"QBUZZ"}],"variant_ids":["QBUZZ:z031|1598582","QBUZZ:z031|1625009","QBUZZ:z031|1654961","QBUZZ:z031|1654962","QBUZZ:z090|1625013","QBUZZ:z090|1625015","QBUZZ:z090|1625016","QBUZZ:z090|1654972","QBUZZ:z090|1654973","QBUZZ:z090|1654974"],"representative_variant_id":"QBUZZ:z031|1598582","length_m":232.1}},{"type":"Feature","geometry":{"type":"LineString","coordinates":[[4.386319328924341,52.196643635056446],[4.389285,52.199787],[4.3903142095681,52.20049669640903]]},"properties":{"edge_id":"edge/05059f1d90dd","stop_a":"stop/katwijk-boulevard-zuid__6ece59f8a9","stop_b":"stop/katwijk-vuurbaak__8a7eb5da2c","stop_a_name":"Katwijk, Boulevard-Zuid","stop_b_name":"Katwijk, Vuurbaak","num_lines":1,"line_ids":["QBUZZ:z401"],"line_refs":["401"],"lines":[{"line_id":"QBUZZ:z401","line_ref":"401","line_name":"Katwijk-Centrum - Zoetermeer","agency_id":"QBUZZ"}],"variant_ids":["QBUZZ:z401|1589343","QBUZZ:z401|1589344","QBUZZ:z401|1655044","QBUZZ:z401|1655045"],"representative_variant_id":"QBUZZ:z401|1589343","length_m":509.3}},{"type":"Feature","geometry":{"type":"LineString","coordinates":[[4.4081413729647245,52.209241784186915],[4.408905,52.209596],[4.409401,52.209645],[4.413291499918913,52.20837142119821]]},"properties":{"edge_id":"edge/937cb89f7f64","stop_a":"stop/katwijk-camping-noord__dc4f9d7df8","stop_b":"stop/katwijk-dr-willem-dreesstraat__b4f1b1da2a","stop_a_name":"Katwijk, Camping Noord","stop_b_name":"Katwijk, Dr. Willem Dreesstraat","num_lines":2,"line_ids":["QBUZZ:z031","QBUZZ:z090"],"line_refs":["31","90"],"lines":[{"line_id":"QBUZZ:z031","line_ref":"31","line_name":"Katwijk - Rijnsburg - Leiden","agency_id":"QBUZZ"},{"line_id":"QBUZZ:z090","line_ref":"90","line_name":"Sassenheim - Noordwijkerhout - Wassenaar","agency_id":"QBUZZ"}],"variant_ids":["QBUZZ:z031|1598582","QBUZZ:z031|1625009","QBUZZ:z031|1654961","QBUZZ:z031|1654962","QBUZZ:z090|1625013","QBUZZ:z090|1625015","QBUZZ:z090|1625016","QBUZZ:z090|1654972","QBUZZ:z090|1654973","QBUZZ:z090|1654974"],"representative_variant_id":"QBUZZ:z090|1625015","length_m":400.0}},{"type":"Feature","geometry":{"type":"LineString","coordinates":[[4.408192481063486,52.20926170787335],[4.406824,52.208428],[4.405734,52.207403],[4.405416,52.20723],[4.40539,52.207113],[4.405199,52.207111],[4.405168,52.207228],[4.404587693001553,52.20740278573873]]},"properties":{"edge_id":"edge/c23b1558d677","stop_a":"stop/katwijk-camping-noord__dc4f9d7df8","stop_b":"stop/katwijk-rijnmond__2b85797d0a","stop_a_name":"Katwijk, Camping Noord","stop_b_name":"Katwijk, Rijnmond","num_lines":2,"line_ids":["QBUZZ:z031","QBUZZ:z090"],"line_refs":["31","90"],"lines":[{"line_id":"QBUZZ:z031","line_ref":"31","line_name":"Katwijk - Rijnsburg - Leiden","agency_id":"QBUZZ"},{"line_id":"QBUZZ:z090","line_ref":"90","line_name":"Sassenheim - Noordwijkerhout - Wassenaar","agency_id":"QBUZZ"}],"variant_ids":["QBUZZ:z031|1598582","QBUZZ:z031|1625009","QBUZZ:z031|1654961","QBUZZ:z031|1654962","QBUZZ:z090|1625013","QBUZZ:z090|1625015","QBUZZ:z090|1625016","QBUZZ:z090|1654972","QBUZZ:z090|1654973","QBUZZ:z090|1654974"],"representative_variant_id":"QBUZZ:z031|1598582","length_m":379.9}},{"type":"Feature","geometry":{"type":"LineString","coordinates":[[4.399005576384286,52.204101226018174],[4.398241,52.204213],[4.39697,52.204786],[4.396778,52.204901],[4.395756,52.206106],[4.395239,52.206318],[4.394569,52.205539],[4.393677,52.204848],[4.393569,52.204443],[4.392127,52.202876],[4.391194,52.201394],[4.390313567955896,52.200496220244]]},"properties":{"edge_id":"edge/ddfb71b1e0bd","stop_a":"stop/katwijk-centrum__d09f6b2b0b","stop_b":"stop/katwijk-vuurbaak__8a7eb5da2c","stop_a_name":"Katwijk, Centrum","stop_b_name":"Katwijk, Vuurbaak","num_lines":1,"line_ids":["QBUZZ:z401"],"line_refs":["401"],"lines":[{"line_id":"QBUZZ:z401","line_ref":"401","line_name":"Katwijk-Centrum - Zoetermeer","agency_id":"QBUZZ"}],"variant_ids":["QBUZZ:z401|1589343","QBUZZ:z401|1589344","QBUZZ:z401|1625071","QBUZZ:z401|1625072","QBUZZ:z401|1655044","QBUZZ:z401|1655045","QBUZZ:z401|1655046","QBUZZ:z401|1655047"],"representative_variant_id":"QBUZZ:z401|1625071","length_m":1107.4}},{"type":"Feature","geometry":{"type":"LineString","coordinates":[[4.39900649329937,52.20410113890405],[4.402066,52.203939],[4.402610412787129,52.203841329347945]]},"properties":{"edge_id":"edge/e8c36b9a5b27","stop_a":"stop/katwijk-centrum__d09f6b2b0b","stop_b":"stop/katwijk-zwanenburg__66a63500f1","stop_a_name":"Katwijk, Centrum","stop_b_name":"Katwijk, Zwanenburg","num_lines":1,"line_ids":["QBUZZ:z401"],"line_refs":["401"],"lines":[{"line_id":"QBUZZ:z401","line_ref":"401","line_name":"Katwijk-Centrum - Zoetermeer","agency_id":"QBUZZ"}],"variant_ids":["QBUZZ:z401|1589343","QBUZZ:z401|1589344","QBUZZ:z401|1625071","QBUZZ:z401|1625072","QBUZZ:z401|1655044","QBUZZ:z401|1655045","QBUZZ:z401|1655046","QBUZZ:z401|1655047"],"representative_variant_id":"QBUZZ:z401|1589343","length_m":247.9}},{"type":"Feature","geometry":{"type":"LineString","coordinates":[[4.417741632187348,52.19877870750915],[4.415857,52.199442],[4.415175221111365,52.19979646733318]]},"properties":{"edge_id":"edge/93b56d7e3dff","stop_a":"stop/katwijk-cleijn-duin__973010f7a5","stop_b":"stop/katwijk-gemeentehuis__ab2a8dd5e5","stop_a_name":"Katwijk, Cleijn Duin","stop_b_name":"Katwijk, Gemeentehuis","num_lines":3,"line_ids":["QBUZZ:z031","QBUZZ:z090","QBUZZ:z385"],"line_refs":["31","90","385"],"lines":[{"line_id":"QBUZZ:z031","line_ref":"31","line_name":"Katwijk - Rijnsburg - Leiden","agency_id":"QBUZZ"},{"line_id":"QBUZZ:z090","line_ref":"90","line_name":"Sassenheim - Noordwijkerhout - Wassenaar","agency_id":"QBUZZ"},{"line_id":"QBUZZ:z385","line_ref":"385","line_name":"Noordwijk - Katwijk - Den Haag","agency_id":"QBUZZ"}],"variant_ids":["QBUZZ:z031|1598582","QBUZZ:z031|1625009","QBUZZ:z031|1654961","QBUZZ:z031|1654962","QBUZZ:z090|1625013","QBUZZ:z090|1625015","QBUZZ:z090|1625016","QBUZZ:z090|1654972","QBUZZ:z090|1654973","QBUZZ:z090|1654974","QBUZZ:z385|1625063","QBUZZ:z385|1625064","QBUZZ:z385|1655035","QBUZZ:z385|1655036","QBUZZ:z385|1655037","QBUZZ:z385|1655038"],"representative_variant_id":"QBUZZ:z090|1625015","length_m":209.0}},{"type":"Feature","geometry":{"type":"LineString","coordinates":[[4.393536530745406,52.197467592717324],[4.393744,52.197254],[4.394008,52.19722],[4.396726117427797,52.1983239501183]]},"properties":{"edge_id":"edge/f0ae4544365f","stop_a":"stop/katwijk-drieplassenweg__d207cbdd96","stop_b":"stop/katwijk-duindoornlaan__cf2ee29cd9","stop_a_name":"Katwijk, Drieplassenweg","stop_b_name":"Katwijk, Duindoornlaan","num_lines":2,"line_ids":["QBUZZ:z031","QBUZZ:z090"],"line_refs":["31","90"],"lines":[{"line_id":"QBUZZ:z031","line_ref":"31","line_name":"Katwijk - Rijnsburg - Leiden","agency_id":"QBUZZ"},{"line_id":"QBUZZ:z090","line_ref":"90","line_name":"Sassenheim - Noordwijkerhout - Wassenaar","agency_id":"QBUZZ"}],"variant_ids":["QBUZZ:z031|1598582","QBUZZ:z031|1625009","QBUZZ:z031|1654961","QBUZZ:z031|1654962","QBUZZ:z090|1625013","QBUZZ:z090|1625015","QBUZZ:z090|1625016","QBUZZ:z090|1654972","QBUZZ:z090|1654973","QBUZZ:z090|1654974"],"representative_variant_id":"QBUZZ:z031|1598582","length_m":268.3}},{"type":"Feature","geometry":{"type":"LineString","coordinates":[[4.393447298139695,52.19753765837137],[4.392686,52.198782],[4.392056,52.200152],[4.391130421931288,52.20035336627733]]},"properties":{"edge_id":"edge/84d88b672fdf","stop_a":"stop/katwijk-drieplassenweg__d207cbdd96","stop_b":"stop/katwijk-vuurbaak__8a7eb5da2c","stop_a_name":"Katwijk, Drieplassenweg","stop_b_name":"Katwijk, Vuurbaak","num_lines":2,"line_ids":["QBUZZ:z031","QBUZZ:z090"],"line_refs":["31","90"],"lines":[{"line_id":"QBUZZ:z031","line_ref":"31","line_name":"Katwijk - Rijnsburg - Leiden","agency_id":"QBUZZ"},{"line_id":"QBUZZ:z090","line_ref":"90","line_name":"Sassenheim - Noordwijkerhout - Wassenaar","agency_id":"QBUZZ"}],"variant_ids":["QBUZZ:z031|1598582","QBUZZ:z031|1625009","QBUZZ:z031|1654961","QBUZZ:z031|1654962","QBUZZ:z090|1625013","QBUZZ:z090|1625015","QBUZZ:z090|1625016","QBUZZ:z090|1654972","QBUZZ:z090|1654973","QBUZZ:z090|1654974"],"representative_variant_id":"QBUZZ:z031|1625009","length_m":373.0}},{"type":"Feature","geometry":{"type":"LineString","coordinates":[[4.396730363547254,52.19832081503605],[4.398139,52.198926],[4.401189,52.199905],[4.401875,52.199982],[4.402700370418755,52.19988458865324]]},"properties":{"edge_id":"edge/656adaed82a6","stop_a":"stop/katwijk-duindoornlaan__cf2ee29cd9","stop_b":"stop/katwijk-leeuweriklaan__add593c675","stop_a_name":"Katwijk, Duindoornlaan","stop_b_name":"Katwijk, Leeuweriklaan","num_lines":2,"line_ids":["QBUZZ:z031","QBUZZ:z090"],"line_refs":["31","90"],"lines":[{"line_id":"QBUZZ:z031","line_ref":"31","line_name":"Katwijk - Rijnsburg - Leiden","agency_id":"QBUZZ"},{"line_id":"QBUZZ:z090","line_ref":"90","line_name":"Sassenheim - Noordwijkerhout - Wassenaar","agency_id":"QBUZZ"}],"variant_ids":["QBUZZ:z031|1598582","QBUZZ:z031|1625009","QBUZZ:z031|1654961","QBUZZ:z031|1654962","QBUZZ:z090|1625013","QBUZZ:z090|1625015","QBUZZ:z090|1625016","QBUZZ:z090|1654972","QBUZZ:z090|1654973","QBUZZ:z090|1654974"],"representative_variant_id":"QBUZZ:z031|1625009","length_m":456.7}},{"type":"Feature","geometry":{"type":"LineString","coordinates":[[4.415562361341898,52.19965382296233],[4.41532,52.199914],[4.415415,52.200229],[4.41712,52.201906],[4.417309,52.201953],[4.417348,52.202187],[4.418416,52.203517],[4.420661174233432,52.206121558887446]]},"properties":{"edge_id":"edge/f7dd4e7b2773","stop_a":"stop/katwijk-gemeentehuis__ab2a8dd5e5","stop_b":"stop/katwijk-hoornes-passage__fc6278eed4","stop_a_name":"Katwijk, Gemeentehuis","stop_b_name":"Katwijk, Hoornes Passage","num_lines":2,"line_ids":["QBUZZ:z385","QBUZZ:z400"],"line_refs":["385","400"],"lines":[{"line_id":"QBUZZ:z385","line_ref":"385","line_name":"Noordwijk - Katwijk - Den Haag","agency_id":"QBUZZ"},{"line_id":"QBUZZ:z400","line_ref":"400","line_name":"Katwijk ESA/ESTEC - Zoetermeer","agency_id":"QBUZZ"}],"variant_ids":["QBUZZ:z385|1625063","QBUZZ:z385|1625064","QBUZZ:z385|1655035","QBUZZ:z385|1655036","QBUZZ:z385|1655037","QBUZZ:z385|1655038","QBUZZ:z400|1589338","QBUZZ:z400|1589339","QBUZZ:z400|1625068","QBUZZ:z400|1625069","QBUZZ:z400|1655039","QBUZZ:z400|1655040","QBUZZ:z400|1655042","QBUZZ:z400|1655043"],"representative_variant_id":"QBUZZ:z385|1625063","length_m":821.1}},{"type":"Feature","geometry":{"type":"LineString","coordinates":[[4.414992530644147,52.19971307327734],[4.413379,52.200374],[4.409238027370204,52.20173213633051]]},"properties":{"edge_id":"edge/086108227ef0","stop_a":"stop/katwijk-gemeentehuis__ab2a8dd5e5","stop_b":"stop/katwijk-marktplein__42b99c8968","stop_a_name":"Katwijk, Gemeentehuis","stop_b_name":"Katwijk, Marktplein","num_lines":3,"line_ids":["QBUZZ:z031","QBUZZ:z090","QBUZZ:z401"],"line_refs":["31","90","401"],"lines":[{"line_id":"QBUZZ:z031","line_ref":"31","line_name":"Katwijk - Rijnsburg - Leiden","agency_id":"QBUZZ"},{"line_id":"QBUZZ:z090","line_ref":"90","line_name":"Sassenheim - Noordwijkerhout - Wassenaar","agency_id":"QBUZZ"},{"line_id":"QBUZZ:z401","line_ref":"401","line_name":"Katwijk-Centrum - Zoetermeer","agency_id":"QBUZZ"}],"variant_ids":["QBUZZ:z031|1598582","QBUZZ:z031|1625009","QBUZZ:z031|1654961","QBUZZ:z031|1654962","QBUZZ:z090|1625013","QBUZZ:z090|1625015","QBUZZ:z090|1625016","QBUZZ:z090|1654972","QBUZZ:z090|1654973","QBUZZ:z090|1654974","QBUZZ:z401|1589343","QBUZZ:z401|1589344","QBUZZ:z401|1625071","QBUZZ:z401|1625072","QBUZZ:z401|1655044","QBUZZ:z401|1655045","QBUZZ:z401|1655046","QBUZZ:z401|1655047"],"representative_variant_id":"QBUZZ:z031|1625009","length_m":452.3}},{"type":"Feature","geometry":{"type":"LineString","coordinates":[[4.421097809219628,52.20663976329102],[4.422147442604145,52.207701542708314]]},"properties":{"edge_id":"edge/b17cb8609d82","stop_a":"stop/katwijk-hoornes-passage__fc6278eed4","stop_b":"stop/katwijk-rijnsoever__3373410b13","stop_a_name":"Katwijk, Hoornes Passage","stop_b_name":"Katwijk, Rijnsoever","num_lines":3,"line_ids":["QBUZZ:z031","QBUZZ:z090","QBUZZ:z385"],"line_refs":["31","90","385"],"lines":[{"line_id":"QBUZZ:z031","line_ref":"31","line_name":"Katwijk - Rijnsburg - Leiden","agency_id":"QBUZZ"},{"line_id":"QBUZZ:z090","line_ref":"90","line_name":"Sassenheim - Noordwijkerhout - Wassenaar","agency_id":"QBUZZ"},{"line_id":"QBUZZ:z385","line_ref":"385","line_name":"Noordwijk - Katwijk - Den Haag","agency_id":"QBUZZ"}],"variant_ids":["QBUZZ:z031|1598582","QBUZZ:z031|1625009","QBUZZ:z031|1654961","QBUZZ:z031|1654962","QBUZZ:z090|1625013","QBUZZ:z090|1625015","QBUZZ:z090|1625016","QBUZZ:z090|1654972","QBUZZ:z090|1654973","QBUZZ:z090|1654974","QBUZZ:z385|1625063","QBUZZ:z385|1625064","QBUZZ:z385|1655035","QBUZZ:z385|1655036","QBUZZ:z385|1655037","QBUZZ:z385|1655038"],"representative_variant_id":"QBUZZ:z031|1598582","length_m":138.0}},{"type":"Feature","geometry":{"type":"LineString","coordinates":[[4.420688709993019,52.20615646337143],[4.421656,52.207256],[4.423119,52.208607],[4.423358,52.209058],[4.425121,52.210745],[4.425366,52.210935],[4.42557,52.210973],[4.425581,52.211126],[4.425331,52.211178],[4.4249268709490135,52.211507793131254]]},"properties":{"edge_id":"edge/eb6a05d33e44","stop_a":"stop/katwijk-hoornes-passage__fc6278eed4","stop_b":"stop/katwijk-sportpark-de-krom__30b5b0d1ac","stop_a_name":"Katwijk, Hoornes Passage","stop_b_name":"Katwijk, Sportpark De Krom","num_lines":1,"line_ids":["QBUZZ:z400"],"line_refs":["400"],"lines":[{"line_id":"QBUZZ:z400","line_ref":"400","line_name":"Katwijk ESA/ESTEC - Zoetermeer","agency_id":"QBUZZ"}],"variant_ids":["QBUZZ:z400|1589338","QBUZZ:z400|1589339","QBUZZ:z400|1625068","QBUZZ:z400|1625069","QBUZZ:z400|1655039","QBUZZ:z400|1655040","QBUZZ:z400|1655042","QBUZZ:z400|1655043"],"representative_variant_id":"QBUZZ:z400|1589338","length_m":717.0}},{"type":"Feature","geometry":{"type":"LineString","coordinates":[[4.397534968048821,52.20913895029817],[4.39668,52.207984],[4.394569,52.205539],[4.39391450974284,52.20502799182954]]},"properties":{"edge_id":"edge/1863b5cb5560","stop_a":"stop/katwijk-jan-tooropstraat__1d003d20ea","stop_b":"stop/katwijk-nieuw-brittenburg__df004a7572","stop_a_name":"Katwijk, Jan Tooropstraat","stop_b_name":"Katwijk, Nieuw Brittenburg","num_lines":2,"line_ids":["QBUZZ:z031","QBUZZ:z090"],"line_refs":["31","90"],"lines":[{"line_id":"QBUZZ:z031","line_ref":"31","line_name":"Katwijk - Rijnsburg - Leiden","agency_id":"QBUZZ"},{"line_id":"QBUZZ:z090","line_ref":"90","line_name":"Sassenheim - Noordwijkerhout - Wassenaar","agency_id":"QBUZZ"}],"variant_ids":["QBUZZ:z031|1598582","QBUZZ:z031|1625009","QBUZZ:z031|1654961","QBUZZ:z031|1654962","QBUZZ:z090|1625013","QBUZZ:z090|1625015","QBUZZ:z090|1625016","QBUZZ:z090|1654972","QBUZZ:z090|1654973","QBUZZ:z090|1654974"],"representative_variant_id":"QBUZZ:z090|1625015","length_m":520.8}},{"type":"Feature","geometry":{"type":"LineString","coordinates":[[4.397555364430217,52.20917067800256],[4.397702,52.209376],[4.397977,52.209514],[4.398475,52.209518],[4.404587693001553,52.20740278573873]]},"properties":{"edge_id":"edge/a85c8d9acb77","stop_a":"stop/katwijk-jan-tooropstraat__1d003d20ea","stop_b":"stop/katwijk-rijnmond__2b85797d0a","stop_a_name":"Katwijk, Jan Tooropstraat","stop_b_name":"Katwijk, Rijnmond","num_lines":2,"line_ids":["QBUZZ:z031","QBUZZ:z090"],"line_refs":["31","90"],"lines":[{"line_id":"QBUZZ:z031","line_ref":"31","line_name":"Katwijk - Rijnsburg - Leiden","agency_id":"QBUZZ"},{"line_id":"QBUZZ:z090","line_ref":"90","line_name":"Sassenheim - Noordwijkerhout - Wassenaar","agency_id":"QBUZZ"}],"variant_ids":["QBUZZ:z031|1598582","QBUZZ:z031|1625009","QBUZZ:z031|1654961","QBUZZ:z031|1654962","QBUZZ:z090|1625013","QBUZZ:z090|1625015","QBUZZ:z090|1625016","QBUZZ:z090|1654972","QBUZZ:z090|1654973","QBUZZ:z090|1654974"],"representative_variant_id":"QBUZZ:z031|1598582","length_m":561.4}},{"type":"Feature","geometry":{"type":"LineString","coordinates":[[4.402697353863082,52.19987916045955],[4.406019,52.199109],[4.406194,52.199164],[4.406366564560514,52.199387916345536]]},"properties":{"edge_id":"edge/c76f668ef667","stop_a":"stop/katwijk-leeuweriklaan__add593c675","stop_b":"stop/katwijk-meeuwenlaan__8724a9fbb6","stop_a_name":"Katwijk, Leeuweriklaan","stop_b_name":"Katwijk, Meeuwenlaan","num_lines":2,"line_ids":["QBUZZ:z031","QBUZZ:z090"],"line_refs":["31","90"],"lines":[{"line_id":"QBUZZ:z031","line_ref":"31","line_name":"Katwijk - Rijnsburg - Leiden","agency_id":"QBUZZ"},{"line_id":"QBUZZ:z090","line_ref":"90","line_name":"Sassenheim - Noordwijkerhout - Wassenaar","agency_id":"QBUZZ"}],"variant_ids":["QBUZZ:z031|1598582","QBUZZ:z031|1625009","QBUZZ:z031|1654961","QBUZZ:z031|1654962","QBUZZ:z090|1625013","QBUZZ:z090|1625015","QBUZZ:z090|1625016","QBUZZ:z090|1654972","QBUZZ:z090|1654973","QBUZZ:z090|1654974"],"representative_variant_id":"QBUZZ:z031|1598582","length_m":283.0}},{"type":"Feature","geometry":{"type":"LineString","coordinates":[[4.409282655159404,52.20178186821003],[4.408441,52.202068],[4.408365,52.202185],[4.408103,52.202156],[4.408091,52.202012],[4.40732,52.201178],[4.406948,52.200141],[4.406366564560514,52.199387916345536]]},"properties":{"edge_id":"edge/6f970d804c98","stop_a":"stop/katwijk-marktplein__42b99c8968","stop_b":"stop/katwijk-meeuwenlaan__8724a9fbb6","stop_a_name":"Katwijk, Marktplein","stop_b_name":"Katwijk, Meeuwenlaan","num_lines":2,"line_ids":["QBUZZ:z031","QBUZZ:z090"],"line_refs":["31","90"],"lines":[{"line_id":"QBUZZ:z031","line_ref":"31","line_name":"Katwijk - Rijnsburg - Leiden","agency_id":"QBUZZ"},{"line_id":"QBUZZ:z090","line_ref":"90","line_name":"Sassenheim - Noordwijkerhout - Wassenaar","agency_id":"QBUZZ"}],"variant_ids":["QBUZZ:z031|1598582","QBUZZ:z031|1625009","QBUZZ:z031|1654961","QBUZZ:z031|1654962","QBUZZ:z090|1625013","QBUZZ:z090|1625015","QBUZZ:z090|1625016","QBUZZ:z090|1654972","QBUZZ:z090|1654973","QBUZZ:z090|1654974"],"representative_variant_id":"QBUZZ:z031|1598582","length_m":431.1}},{"type":"Feature","geometry":{"type":"LineString","coordinates":[[4.4092788210319425,52.20178313542164],[4.408441,52.202068],[4.408365,52.202185],[4.408103,52.202156],[4.407427,52.202267],[4.404369,52.202996],[4.402889,52.203766],[4.402610412787129,52.203841329347945]]},"properties":{"edge_id":"edge/5cafd746d454","stop_a":"stop/katwijk-marktplein__42b99c8968","stop_b":"stop/katwijk-zwanenburg__66a63500f1","stop_a_name":"Katwijk, Marktplein","stop_b_name":"Katwijk, Zwanenburg","num_lines":1,"line_ids":["QBUZZ:z401"],"line_refs":["401"],"lines":[{"line_id":"QBUZZ:z401","line_ref":"401","line_name":"Katwijk-Centrum - Zoetermeer","agency_id":"QBUZZ"}],"variant_ids":["QBUZZ:z401|1589343","QBUZZ:z401|1589344","QBUZZ:z401|1625071","QBUZZ:z401|1625072","QBUZZ:z401|1655044","QBUZZ:z401|1655045","QBUZZ:z401|1655046","QBUZZ:z401|1655047"],"representative_variant_id":"QBUZZ:z401|1589343","length_m":521.8}},{"type":"Feature","geometry":{"type":"LineString","coordinates":[[4.393921660640406,52.20503023821176],[4.393677,52.204848],[4.393569,52.204443],[4.392127,52.202876],[4.391733,52.202135],[4.390595,52.200706],[4.390847,52.200564],[4.390879,52.200447],[4.391166257780999,52.2003376453314]]},"properties":{"edge_id":"edge/a31f6dd100a4","stop_a":"stop/katwijk-nieuw-brittenburg__df004a7572","stop_b":"stop/katwijk-vuurbaak__8a7eb5da2c","stop_a_name":"Katwijk, Nieuw Brittenburg","stop_b_name":"Katwijk, Vuurbaak","num_lines":2,"line_ids":["QBUZZ:z031","QBUZZ:z090"],"line_refs":["31","90"],"lines":[{"line_id":"QBUZZ:z031","line_ref":"31","line_name":"Katwijk - Rijnsburg - Leiden","agency_id":"QBUZZ"},{"line_id":"QBUZZ:z090","line_ref":"90","line_name":"Sassenheim - Noordwijkerhout - Wassenaar","agency_id":"QBUZZ"}],"variant_ids":["QBUZZ:z031|1598582","QBUZZ:z031|1625009","QBUZZ:z031|1654961","QBUZZ:z031|1654962","QBUZZ:z090|1625013","QBUZZ:z090|1625015","QBUZZ:z090|1625016","QBUZZ:z090|1654972","QBUZZ:z090|1654973","QBUZZ:z090|1654974"],"representative_variant_id":"QBUZZ:z090|1625013","length_m":595.0}},{"type":"Feature","geometry":{"type":"LineString","coordinates":[[4.422147442604145,52.207701542708314],[4.423119,52.208607],[4.423358,52.209058],[4.425121,52.210745],[4.425598,52.211009],[4.425581,52.211126],[4.425331,52.211178],[4.4249260137287205,52.21150849710546]]},"properties":{"edge_id":"edge/114924054590","stop_a":"stop/katwijk-rijnsoever__3373410b13","stop_b":"stop/katwijk-sportpark-de-krom__30b5b0d1ac","stop_a_name":"Katwijk, Rijnsoever","stop_b_name":"Katwijk, Sportpark De Krom","num_lines":3,"line_ids":["QBUZZ:z031","QBUZZ:z090","QBUZZ:z385"],"line_refs":["31","90","385"],"lines":[{"line_id":"QBUZZ:z031","line_ref":"31","line_name":"Katwijk - Rijnsburg - Leiden","agency_id":"QBUZZ"},{"line_id":"QBUZZ:z090","line_ref":"90","line_name":"Sassenheim - Noordwijkerhout - Wassenaar","agency_id":"QBUZZ"},{"line_id":"QBUZZ:z385","line_ref":"385","line_name":"Noordwijk - Katwijk - Den Haag","agency_id":"QBUZZ"}],"variant_ids":["QBUZZ:z031|1598582","QBUZZ:z031|1625009","QBUZZ:z031|1654961","QBUZZ:z031|1654962","QBUZZ:z090|1625013","QBUZZ:z090|1625015","QBUZZ:z090|1625016","QBUZZ:z090|1654972","QBUZZ:z090|1654973","QBUZZ:z090|1654974","QBUZZ:z385|1625063","QBUZZ:z385|1625064","QBUZZ:z385|1655035","QBUZZ:z385|1655036","QBUZZ:z385|1655037","QBUZZ:z385|1655038"],"representative_variant_id":"QBUZZ:z031|1598582","length_m":516.8}},{"type":"Feature","geometry":{"type":"LineString","coordinates":[[4.422630950467274,52.21363214281851],[4.423275,52.212896],[4.4249260137287205,52.21150849710546]]},"properties":{"edge_id":"edge/1d3d6a8a6d56","stop_a":"stop/katwijk-schorpioen__50b9ad4655","stop_b":"stop/katwijk-sportpark-de-krom__30b5b0d1ac","stop_a_name":"Katwijk, Schorpioen","stop_b_name":"Katwijk, Sportpark De Krom","num_lines":3,"line_ids":["QBUZZ:z031","QBUZZ:z090","QBUZZ:z385"],"line_refs":["31","90","385"],"lines":[{"line_id":"QBUZZ:z031","line_ref":"31","line_name":"Katwijk - Rijnsburg - Leiden","agency_id":"QBUZZ"},{"line_id":"QBUZZ:z090","line_ref":"90","line_name":"Sassenheim - Noordwijkerhout - Wassenaar","agency_id":"QBUZZ"},{"line_id":"QBUZZ:z385","line_ref":"385","line_name":"Noordwijk - Katwijk - Den Haag","agency_id":"QBUZZ"}],"variant_ids":["QBUZZ:z031|1598582","QBUZZ:z031|1625009","QBUZZ:z031|1654961","QBUZZ:z031|1654962","QBUZZ:z090|1625013","QBUZZ:z090|1625015","QBUZZ:z090|1625016","QBUZZ:z090|1654972","QBUZZ:z090|1654973","QBUZZ:z090|1654974","QBUZZ:z385|1625063","QBUZZ:z385|1625064","QBUZZ:z385|1655035","QBUZZ:z385|1655036","QBUZZ:z385|1655037","QBUZZ:z385|1655038"],"representative_variant_id":"QBUZZ:z031|1598582","length_m":283.8}},{"type":"Feature","geometry":{"type":"LineString","coordinates":[[4.422632106652913,52.213630651947554],[4.422399,52.214138],[4.422489,52.214723],[4.421929,52.214889],[4.421666,52.214896],[4.421059456140861,52.214748459064495]]},"properties":{"edge_id":"edge/51a12b168164","stop_a":"stop/katwijk-schorpioen__50b9ad4655","stop_b":"stop/noordwijk-space-expo__625d58d890","stop_a_name":"Katwijk, Schorpioen","stop_b_name":"Noordwijk, Space Expo","num_lines":1,"line_ids":["QBUZZ:z385"],"line_refs":["385"],"lines":[{"line_id":"QBUZZ:z385","line_ref":"385","line_name":"Noordwijk - Katwijk - Den Haag","agency_id":"QBUZZ"}],"variant_ids":["QBUZZ:z385|1625063","QBUZZ:z385|1625064","QBUZZ:z385|1655035","QBUZZ:z385|1655036","QBUZZ:z385|1655037","QBUZZ:z385|1655038"],"representative_variant_id":"QBUZZ:z385|1655037","length_m":228.7}},{"type":"Feature","geometry":{"type":"LineString","coordinates":[[4.422630950467274,52.21363214281851],[4.422399,52.214138],[4.422433,52.214615],[4.422816,52.215175],[4.423118,52.215393],[4.423668,52.215667],[4.426051,52.21646],[4.426753,52.216501],[4.426887,52.216395],[4.427091,52.216405],[4.427202,52.216703],[4.427606,52.216976],[4.430264,52.217914],[4.431966,52.218395],[4.432302,52.218389],[4.432568,52.218301],[4.432837,52.218708],[4.433102417311271,52.21885432822603]]},"properties":{"edge_id":"edge/006ed5c4c76e","stop_a":"stop/katwijk-schorpioen__50b9ad4655","stop_b":"stop/noordwijk-willem-van-den-bergh__ae301bf058","stop_a_name":"Katwijk, Schorpioen","stop_b_name":"Noordwijk, Willem van den Bergh","num_lines":2,"line_ids":["QBUZZ:z031","QBUZZ:z090"],"line_refs":["31","90"],"lines":[{"line_id":"QBUZZ:z031","line_ref":"31","line_name":"Katwijk - Rijnsburg - Leiden","agency_id":"QBUZZ"},{"line_id":"QBUZZ:z090","line_ref":"90","line_name":"Sassenheim - Noordwijkerhout - Wassenaar","agency_id":"QBUZZ"}],"variant_ids":["QBUZZ:z031|1598582","QBUZZ:z031|1625009","QBUZZ:z031|1654961","QBUZZ:z031|1654962","QBUZZ:z090|1625013","QBUZZ:z090|1625015","QBUZZ:z090|1625016","QBUZZ:z090|1654972","QBUZZ:z090|1654973","QBUZZ:z090|1654974"],"representative_variant_id":"QBUZZ:z031|1598582","length_m":1049.0}},{"type":"Feature","geometry":{"type":"LineString","coordinates":[[4.4249268709490135,52.211507793131254],[4.423275,52.212896],[4.422539,52.213744],[4.422399,52.214138],[4.422489,52.214723],[4.421929,52.214889],[4.421666,52.214896],[4.421058039351631,52.21474800763655]]},"properties":{"edge_id":"edge/57243a382465","stop_a":"stop/katwijk-sportpark-de-krom__30b5b0d1ac","stop_b":"stop/noordwijk-space-expo__625d58d890","stop_a_name":"Katwijk, Sportpark De Krom","stop_b_name":"Noordwijk, Space Expo","num_lines":1,"line_ids":["QBUZZ:z400"],"line_refs":["400"],"lines":[{"line_id":"QBUZZ:z400","line_ref":"400","line_name":"Katwijk ESA/ESTEC - Zoetermeer","agency_id":"QBUZZ"}],"variant_ids":["QBUZZ:z400|1589338","QBUZZ:z400|1589339","QBUZZ:z400|1625068","QBUZZ:z400|1625069","QBUZZ:z400|1655039","QBUZZ:z400|1655040","QBUZZ:z400|1655042","QBUZZ:z400|1655043"],"representative_variant_id":"QBUZZ:z400|1589338","length_m":512.9}},{"type":"Feature","geometry":{"type":"LineString","coordinates":[[4.5965908722207285,52.132157649431974],[4.599756,52.131665],[4.600916871918394,52.131406069222706]]},"properties":{"edge_id":"edge/96b280701fe1","stop_a":"stop/koudekerk-a-d-rijn-begraafplaats__a2a1a91fbb","stop_b":"stop/koudekerk-a-d-rijn-dr-vlaanderenlaan__0f9461e70a","stop_a_name":"Koudekerk a/d Rijn, Begraafplaats","stop_b_name":"Koudekerk a/d Rijn, Dr. Vlaanderenlaan","num_lines":1,"line_ids":["QBUZZ:z169"],"line_refs":["169"],"lines":[{"line_id":"QBUZZ:z169","line_ref":"169","line_name":"Alphen a/d Rijn - Leiden","agency_id":"QBUZZ"}],"variant_ids":["QBUZZ:z169|1578492","QBUZZ:z169|1578493","QBUZZ:z169|1578494"],"representative_variant_id":"QBUZZ:z169|1578492","length_m":307.2}},{"type":"Feature","geometry":{"type":"LineString","coordinates":[[4.600916871918394,52.131406069222706],[4.605047,52.130577],[4.6069453902394635,52.130272059903604]]},"properties":{"edge_id":"edge/bba9d4eb11aa","stop_a":"stop/koudekerk-a-d-rijn-dr-vlaanderenlaan__0f9461e70a","stop_b":"stop/koudekerk-a-d-rijn-weidedreef__ce07fdcb38","stop_a_name":"Koudekerk a/d Rijn, Dr. Vlaanderenlaan","stop_b_name":"Koudekerk a/d Rijn, Weidedreef","num_lines":1,"line_ids":["QBUZZ:z169"],"line_refs":["169"],"lines":[{"line_id":"QBUZZ:z169","line_ref":"169","line_name":"Alphen a/d Rijn - Leiden","agency_id":"QBUZZ"}],"variant_ids":["QBUZZ:z169|1578492","QBUZZ:z169|1578493","QBUZZ:z169|1578494"],"representative_variant_id":"QBUZZ:z169|1578492","length_m":430.5}},{"type":"Feature","geometry":{"type":"LineString","coordinates":[[4.627532401882607,52.1384892871386],[4.625757,52.137427],[4.6247172656834445,52.136618384212014]]},"properties":{"edge_id":"edge/101628758801","stop_a":"stop/koudekerk-a-d-rijn-landlustweg__c25ffe8b09","stop_b":"stop/koudekerk-a-d-rijn-spanbeton__c2c6c9e39f","stop_a_name":"Koudekerk a/d Rijn, Landlustweg","stop_b_name":"Koudekerk a/d Rijn, Spanbeton","num_lines":1,"line_ids":["QBUZZ:z169"],"line_refs":["169"],"lines":[{"line_id":"QBUZZ:z169","line_ref":"169","line_name":"Alphen a/d Rijn - Leiden","agency_id":"QBUZZ"}],"variant_ids":["QBUZZ:z169|1578492","QBUZZ:z169|1578493","QBUZZ:z169|1578494"],"representative_variant_id":"QBUZZ:z169|1578492","length_m":283.8}},{"type":"Feature","geometry":{"type":"LineString","coordinates":[[4.6131722744937065,52.13013887369534],[4.61434,52.130368],[4.616649,52.131103],[4.618563,52.131897],[4.619287,52.132297],[4.6208870071709764,52.13344210298293]]},"properties":{"edge_id":"edge/2228b3178641","stop_a":"stop/koudekerk-a-d-rijn-rijnpark__33c39f9278","stop_b":"stop/koudekerk-a-d-rijn-t-ford__2012fc3a2d","stop_a_name":"Koudekerk a/d Rijn, Rijnpark","stop_b_name":"Koudekerk a/d Rijn, 't Ford","num_lines":1,"line_ids":["QBUZZ:z169"],"line_refs":["169"],"lines":[{"line_id":"QBUZZ:z169","line_ref":"169","line_name":"Alphen a/d Rijn - Leiden","agency_id":"QBUZZ"}],"variant_ids":["QBUZZ:z169|1578492","QBUZZ:z169|1578493","QBUZZ:z169|1578494"],"representative_variant_id":"QBUZZ:z169|1578493","length_m":653.1}},{"type":"Feature","geometry":{"type":"LineString","coordinates":[[4.613173307302229,52.13013631291258],[4.611427,52.129864],[4.610668,52.129877],[4.608562,52.130025],[4.6069453902394635,52.130272059903604]]},"properties":{"edge_id":"edge/e738a093a0e3","stop_a":"stop/koudekerk-a-d-rijn-rijnpark__33c39f9278","stop_b":"stop/koudekerk-a-d-rijn-weidedreef__ce07fdcb38","stop_a_name":"Koudekerk a/d Rijn, Rijnpark","stop_b_name":"Koudekerk a/d Rijn, Weidedreef","num_lines":1,"line_ids":["QBUZZ:z169"],"line_refs":["169"],"lines":[{"line_id":"QBUZZ:z169","line_ref":"169","line_name":"Alphen a/d Rijn - Leiden","agency_id":"QBUZZ"}],"variant_ids":["QBUZZ:z169|1578492","QBUZZ:z169|1578493","QBUZZ:z169|1578494"],"representative_variant_id":"QBUZZ:z169|1578492","length_m":433.2}},{"type":"Feature","geometry":{"type":"LineString","coordinates":[[4.624714781181912,52.13661953617916],[4.6208870071709764,52.13344210298293]]},"properties":{"edge_id":"edge/f1fd29c2e4e5","stop_a":"stop/koudekerk-a-d-rijn-spanbeton__c2c6c9e39f","stop_b":"stop/koudekerk-a-d-rijn-t-ford__2012fc3a2d","stop_a_name":"Koudekerk a/d Rijn, Spanbeton","stop_b_name":"Koudekerk a/d Rijn, 't Ford","num_lines":1,"line_ids":["QBUZZ:z169"],"line_refs":["169"],"lines":[{"line_id":"QBUZZ:z169","line_ref":"169","line_name":"Alphen a/d Rijn - Leiden","agency_id":"QBUZZ"}],"variant_ids":["QBUZZ:z169|1578492","QBUZZ:z169|1578493","QBUZZ:z169|1578494"],"representative_variant_id":"QBUZZ:z169|1578493","length_m":439.4}},{"type":"Feature","geometry":{"type":"LineString","coordinates":[[4.476565087425661,52.17003977757202],[4.473038,52.169455],[4.471059139447684,52.16941315848937]]},"properties":{"edge_id":"edge/d1e26d3afd45","stop_a":"stop/leiden-albinusdreef__faa891177c","stop_b":"stop/leiden-blauwe-vogelweg__f2ad8e7dc7","stop_a_name":"Leiden, Albinusdreef","stop_b_name":"Leiden, Blauwe Vogelweg","num_lines":1,"line_ids":["QBUZZ:z056"],"line_refs":["56"],"lines":[{"line_id":"QBUZZ:z056","line_ref":"56","line_name":"Sassenheim - Leiden- Roelofarendsveen","agency_id":"QBUZZ"}],"variant_ids":["QBUZZ:z056|1578424","QBUZZ:z056|1578425","QBUZZ:z056|1578427","QBUZZ:z056|1578428","QBUZZ:z056|1578429","QBUZZ:z056|1578430","QBUZZ:z056|1578431"],"representative_variant_id":"QBUZZ:z056|1578424","length_m":384.2}},{"type":"Feature","geometry":{"type":"LineString","coordinates":[[4.47656065881206,52.17003838701272],[4.478269,52.170304],[4.479429,52.170745],[4.47962,52.170692],[4.479608,52.170557],[4.479925685551885,52.17025674074186]]},"properties":{"edge_id":"edge/7a7b97deca50","stop_a":"stop/leiden-albinusdreef__faa891177c","stop_b":"stop/leiden-posthof__c956105776","stop_a_name":"Leiden, Albinusdreef","stop_b_name":"Leiden, Posthof","num_lines":1,"line_ids":["QBUZZ:z056"],"line_refs":["56"],"lines":[{"line_id":"QBUZZ:z056","line_ref":"56","line_name":"Sassenheim - Leiden- Roelofarendsveen","agency_id":"QBUZZ"}],"variant_ids":["QBUZZ:z056|1578424","QBUZZ:z056|1578425","QBUZZ:z056|1578427","QBUZZ:z056|1578428","QBUZZ:z056|1578429","QBUZZ:z056|1578430","QBUZZ:z056|1578431"],"representative_variant_id":"QBUZZ:z056|1578425","length_m":282.4}},{"type":"Feature","geometry":{"type":"LineString","coordinates":[[4.481269971284464,52.173465787430764],[4.48173,52.173333],[4.482829,52.172479],[4.479425,52.170934],[4.47965,52.170648],[4.479608,52.170557],[4.479945778786854,52.17023824026332]]},"properties":{"edge_id":"edge/1210e27aacdb","stop_a":"stop/leiden-alrijne-ziekenhuis__86f1e859cf","stop_b":"stop/leiden-posthof__c956105776","stop_a_name":"Leiden, Alrijne Ziekenhuis","stop_b_name":"Leiden, Posthof","num_lines":1,"line_ids":["QBUZZ:z054"],"line_refs":["54"],"lines":[{"line_id":"QBUZZ:z054","line_ref":"54","line_name":"Voorhout - Leiden - De Vink","agency_id":"QBUZZ"}],"variant_ids":["QBUZZ:z054|1578417","QBUZZ:z054|1578418","QBUZZ:z054|1578419","QBUZZ:z054|1578420","QBUZZ:z054|1578421","QBUZZ:z054|1578422"],"representative_variant_id":"QBUZZ:z054|1578418","length_m":532.5}},{"type":"Feature","geometry":{"type":"LineString","coordinates":[[4.481269971284464,52.173465787430764],[4.480702,52.173586],[4.480927,52.173992],[4.481271,52.174336],[4.482287,52.174704],[4.483393,52.174964],[4.48379,52.174823],[4.486955337966572,52.17259753274587]]},"properties":{"edge_id":"edge/f98dfe526b6b","stop_a":"stop/leiden-alrijne-ziekenhuis__86f1e859cf","stop_b":"stop/leiden-zweilandlaan__72755a89b6","stop_a_name":"Leiden, Alrijne Ziekenhuis","stop_b_name":"Leiden, Zweilandlaan","num_lines":1,"line_ids":["QBUZZ:z054"],"line_refs":["54"],"lines":[{"line_id":"QBUZZ:z054","line_ref":"54","line_name":"Voorhout - Leiden - De Vink","agency_id":"QBUZZ"}],"variant_ids":["QBUZZ:z054|1578417","QBUZZ:z054|1578418","QBUZZ:z054|1578419","QBUZZ:z054|1578420","QBUZZ:z054|1578421","QBUZZ:z054|1578422"],"representative_variant_id":"QBUZZ:z054|1578418","length_m":654.4}},{"type":"Feature","geometry":{"type":"LineString","coordinates":[[4.504126303659807,52.17575353193013],[4.499688,52.176013],[4.499457,52.175868],[4.499083654293357,52.17429727471368]]},"properties":{"edge_id":"edge/bc6b9ff6e6be","stop_a":"stop/leiden-arendshorst__fab5af4a9a","stop_b":"stop/leiden-de-rode-s__46f02b3031","stop_a_name":"Leiden, Arendshorst","stop_b_name":"Leiden, De Rode's","num_lines":1,"line_ids":["QBUZZ:z093"],"line_refs":["3"],"lines":[{"line_id":"QBUZZ:z093","line_ref":"3","line_name":"Leiden: Merenwijk - Leyhof","agency_id":"QBUZZ"}],"variant_ids":["QBUZZ:z093|1578463","QBUZZ:z093|1578469","QBUZZ:z093|1578470","QBUZZ:z093|1589322","QBUZZ:z093|1589323","QBUZZ:z093|1589324"],"representative_variant_id":"QBUZZ:z093|1589322","length_m":503.1}},{"type":"Feature","geometry":{"type":"LineString","coordinates":[[4.504126328714816,52.17575352968505],[4.507924995580256,52.1752950475138]]},"properties":{"edge_id":"edge/2201b7b46b22","stop_a":"stop/leiden-arendshorst__fab5af4a9a","stop_b":"stop/leiden-valkenhorst__3f3186e75e","stop_a_name":"Leiden, Arendshorst","stop_b_name":"Leiden, Valkenhorst","num_lines":1,"line_ids":["QBUZZ:z093"],"line_refs":["3"],"lines":[{"line_id":"QBUZZ:z093","line_ref":"3","line_name":"Leiden: Merenwijk - Leyhof","agency_id":"QBUZZ"}],"variant_ids":["QBUZZ:z093|1578463","QBUZZ:z093|1578469","QBUZZ:z093|1578470","QBUZZ:z093|1589322","QBUZZ:z093|1589323","QBUZZ:z093|1589324"],"representative_variant_id":"QBUZZ:z093|1578463","length_m":264.0}},{"type":"Feature","geometry":{"type":"LineString","coordinates":[[4.513040874424052,52.14877597216557],[4.512578,52.148668],[4.513881734223129,52.146587024352705]]},"properties":{"edge_id":"edge/d0f544bdff33","stop_a":"stop/leiden-augustuspad__c376a9a8c9","stop_b":"stop/leiden-roomburg__5660da4129","stop_a_name":"Leiden, Augustuspad","stop_b_name":"Leiden, Roomburg","num_lines":1,"line_ids":["QBUZZ:z187"],"line_refs":["187"],"lines":[{"line_id":"QBUZZ:z187","line_ref":"187","line_name":"Boskoop - Leiden","agency_id":"QBUZZ"}],"variant_ids":["QBUZZ:z187|1578510","QBUZZ:z187|1578511","QBUZZ:z187|1578513","QBUZZ:z187|1578514","QBUZZ:z187|1578516","QBUZZ:z187|1589331","QBUZZ:z187|1589334","QBUZZ:z187|1625027","QBUZZ:z187|1625028"],"representative_variant_id":"QBUZZ:z187|1578510","length_m":281.7}},{"type":"Feature","geometry":{"type":"LineString","coordinates":[[4.513040874424052,52.14877597216557],[4.515189,52.149658],[4.514867,52.150429],[4.514248,52.151422],[4.514269579188984,52.1515968646133]]},"properties":{"edge_id":"edge/64733591c90c","stop_a":"stop/leiden-augustuspad__c376a9a8c9","stop_b":"stop/leiden-zorgcentrum-roomburgh__1a8344ee26","stop_a_name":"Leiden, Augustuspad","stop_b_name":"Leiden, Zorgcentrum Roomburgh","num_lines":1,"line_ids":["QBUZZ:z187"],"line_refs":["187"],"lines":[{"line_id":"QBUZZ:z187","line_ref":"187","line_name":"Boskoop - Leiden","agency_id":"QBUZZ"}],"variant_ids":["QBUZZ:z187|1578510","QBUZZ:z187|1578511","QBUZZ:z187|1578513","QBUZZ:z187|1578514","QBUZZ:z187|1578516","QBUZZ:z187|1589331","QBUZZ:z187|1589334","QBUZZ:z187|1625027","QBUZZ:z187|1625028"],"representative_variant_id":"QBUZZ:z187|1578510","length_m":402.6}},{"type":"Feature","geometry":{"type":"LineString","coordinates":[[4.460388717034085,52.16475912387398],[4.459525,52.164828],[4.459218,52.164125],[4.458833,52.163637],[4.457889495675064,52.163069089667275]]},"properties":{"edge_id":"edge/1f4061d361c0","stop_a":"stop/leiden-bio-science-park-oost__15c005b002","stop_b":"stop/leiden-dr-lelylaan-haagse-schouwweg__6ddf676cb0","stop_a_name":"Leiden, Bio Science Park-Oost","stop_b_name":"Leiden, Dr. Lelylaan/Haagse Schouwweg","num_lines":1,"line_ids":["EBS:3043"],"line_refs":["43"],"lines":[{"line_id":"EBS:3043","line_ref":"43","line_name":"Den Haag Centraal via Wassenaar - Leiden Centraal","agency_id":"EBS"}],"variant_ids":["EBS:3043|1478702","EBS:3043|1478704","EBS:3043|1478705"],"representative_variant_id":"EBS:3043|1478702","length_m":290.8}},{"type":"Feature","geometry":{"type":"LineString","coordinates":[[4.460482936974483,52.16510231934081],[4.463532,52.164707],[4.4653334446498265,52.16405613968318]]},"properties":{"edge_id":"edge/bf68fc634e82","stop_a":"stop/leiden-bio-science-park-oost__15c005b002","stop_b":"stop/leiden-verbeekstraat__6e00f9f8b2","stop_a_name":"Leiden, Bio Science Park-Oost","stop_b_name":"Leiden, Verbeekstraat","num_lines":6,"line_ids":["EBS:3043","QBUZZ:z022","QBUZZ:z023","QBUZZ:z250","QBUZZ:z400","QBUZZ:z401"],"line_refs":["22","23","43","250","400","401"],"lines":[{"line_id":"EBS:3043","line_ref":"43","line_name":"Den Haag Centraal via Wassenaar - Leiden Centraal","agency_id":"EBS"},{"line_id":"QBUZZ:z022","line_ref":"22","line_name":"Nieuw-Vennep - Hillegom - Noordwijk - Leiden","agency_id":"QBUZZ"},{"line_id":"QBUZZ:z023","line_ref":"23","line_name":"Noordwijk - Leiden","agency_id":"QBUZZ"},{"line_id":"QBUZZ:z250","line_ref":"250","line_name":"Haarlem - Hillegom - Lisse - Leiden","agency_id":"QBUZZ"},{"line_id":"QBUZZ:z400","line_ref":"400","line_name":"Katwijk ESA/ESTEC - Zoetermeer","agency_id":"QBUZZ"},{"line_id":"QBUZZ:z401","line_ref":"401","line_name":"Katwijk-Centrum - Zoetermeer","agency_id":"QBUZZ"}],"variant_ids":["EBS:3043|1478702","EBS:3043|1478704","EBS:3043|1478705","QBUZZ:z022|1598570","QBUZZ:z022|1598571","QBUZZ:z022|1625005","QBUZZ:z022|1625006","QBUZZ:z022|1625007","QBUZZ:z022|1654955","QBUZZ:z022|1654956","QBUZZ:z022|1654957","QBUZZ:z023|1598577","QBUZZ:z023|1625008","QBUZZ:z023|1654958","QBUZZ:z250|1578547","QBUZZ:z250|1578549","QBUZZ:z250|1578551","QBUZZ:z250|1578553","QBUZZ:z250|1625043","QBUZZ:z250|1625044","QBUZZ:z400|1589338","QBUZZ:z400|1589339","QBUZZ:z400|1625068","QBUZZ:z400|1625069","QBUZZ:z400|1655039","QBUZZ:z400|1655040","QBUZZ:z400|1655042","QBUZZ:z400|1655043","QBUZZ:z401|1589343","QBUZZ:z401|1589344","QBUZZ:z401|1625071","QBUZZ:z401|1625072","QBUZZ:z401|1655044","QBUZZ:z401|1655045","QBUZZ:z401|1655046","QBUZZ:z401|1655047"],"representative_variant_id":"QBUZZ:z022|1598570","length_m":355.2}},{"type":"Feature","geometry":{"type":"LineString","coordinates":[[4.460411613971161,52.164819917544826],[4.457488,52.165055],[4.456637,52.165237],[4.453269,52.165525],[4.451389,52.165933],[4.450081,52.166309],[4.44760117072482,52.16730187867223]]},"properties":{"edge_id":"edge/f5e4dd33706a","stop_a":"stop/leiden-bio-science-park-oost__15c005b002","stop_b":"stop/oegstgeest-bio-science-park-west__86a9eea5ed","stop_a_name":"Leiden, Bio Science Park-Oost","stop_b_name":"Oegstgeest, Bio Science Park-West","num_lines":4,"line_ids":["QBUZZ:z022","QBUZZ:z023","QBUZZ:z400","QBUZZ:z401"],"line_refs":["22","23","400","401"],"lines":[{"line_id":"QBUZZ:z022","line_ref":"22","line_name":"Nieuw-Vennep - Hillegom - Noordwijk - Leiden","agency_id":"QBUZZ"},{"line_id":"QBUZZ:z023","line_ref":"23","line_name":"Noordwijk - Leiden","agency_id":"QBUZZ"},{"line_id":"QBUZZ:z400","line_ref":"400","line_name":"Katwijk ESA/ESTEC - Zoetermeer","agency_id":"QBUZZ"},{"line_id":"QBUZZ:z401","line_ref":"401","line_name":"Katwijk-Centrum - Zoetermeer","agency_id":"QBUZZ"}],"variant_ids":["QBUZZ:z022|1598570","QBUZZ:z022|1598571","QBUZZ:z022|1625005","QBUZZ:z022|1625006","QBUZZ:z022|1625007","QBUZZ:z022|1654955","QBUZZ:z022|1654956","QBUZZ:z022|1654957","QBUZZ:z023|1598577","QBUZZ:z023|1625008","QBUZZ:z023|1654958","QBUZZ:z400|1589338","QBUZZ:z400|1589339","QBUZZ:z400|1625068","QBUZZ:z400|1625069","QBUZZ:z400|1655039","QBUZZ:z400|1655040","QBUZZ:z400|1655042","QBUZZ:z400|1655043","QBUZZ:z401|1589343","QBUZZ:z401|1589344","QBUZZ:z401|1625071","QBUZZ:z401|1625072","QBUZZ:z401|1655044","QBUZZ:z401|1655045","QBUZZ:z401|1655046","QBUZZ:z401|1655047"],"representative_variant_id":"QBUZZ:z022|1625005","length_m":931.0}},{"type":"Feature","geometry":{"type":"LineString","coordinates":[[4.460475213310187,52.165103014950326],[4.454318,52.165668],[4.454123,52.165927],[4.454389,52.166496],[4.454423,52.166936],[4.454096,52.167887],[4.454128,52.168471],[4.454779,52.170894],[4.459264,52.183675],[4.464417,52.193315],[4.465309,52.194706],[4.46634,52.19582],[4.468328,52.197265],[4.470559,52.198325],[4.516347,52.216082],[4.518473,52.216645],[4.543607,52.221609],[4.544601,52.221661],[4.544764,52.221537],[4.544651,52.221347],[4.543707,52.220972],[4.543239,52.220933],[4.542887,52.220993],[4.54159,52.221478],[4.541555,52.221748],[4.541436,52.221846],[4.541042,52.221798],[4.540337,52.221946],[4.539276,52.222333],[4.538374,52.222812],[4.531516,52.227041],[4.530696,52.227844],[4.530618,52.228068],[4.530689,52.228204],[4.530466,52.2284],[4.530385,52.228768],[4.529991,52.229493],[4.529364397973759,52.230065471440795]]},"properties":{"edge_id":"edge/be51d0e40f60","stop_a":"stop/leiden-bio-science-park-oost__15c005b002","stop_b":"stop/sassenheim-van-pallandtlaan__77237754e6","stop_a_name":"Leiden, Bio Science Park-Oost","stop_b_name":"Sassenheim, van Pallandtlaan","num_lines":1,"line_ids":["QBUZZ:z250"],"line_refs":["250"],"lines":[{"line_id":"QBUZZ:z250","line_ref":"250","line_name":"Haarlem - Hillegom - Lisse - Leiden","agency_id":"QBUZZ"}],"variant_ids":["QBUZZ:z250|1578547","QBUZZ:z250|1578549","QBUZZ:z250|1578551","QBUZZ:z250|1578553","QBUZZ:z250|1625043","QBUZZ:z250|1625044"],"representative_variant_id":"QBUZZ:z250|1578553","length_m":11630.8}},{"type":"Feature","geometry":{"type":"LineString","coordinates":[[4.467732200500448,52.14656251434477],[4.470767,52.146939],[4.471261744513937,52.14548429778576]]},"properties":{"edge_id":"edge/0a645826464f","stop_a":"stop/leiden-bizetpad__9a742577f6","stop_b":"stop/leiden-debussystraat__a8f7ea95b0","stop_a_name":"Leiden, Bizetpad","stop_b_name":"Leiden, Debussystraat","num_lines":1,"line_ids":["QBUZZ:z094"],"line_refs":["4"],"lines":[{"line_id":"QBUZZ:z094","line_ref":"4","line_name":"Leiden: Merenwijk - De Vink","agency_id":"QBUZZ"}],"variant_ids":["QBUZZ:z094|1578476","QBUZZ:z094|1589327","QBUZZ:z094|1589328"],"representative_variant_id":"QBUZZ:z094|1578476","length_m":376.5}},{"type":"Feature","geometry":{"type":"LineString","coordinates":[[4.4677246719817205,52.14656162588604],[4.470767,52.146939],[4.470413120806691,52.148172732984335]]},"properties":{"edge_id":"edge/031b5a441316","stop_a":"stop/leiden-bizetpad__9a742577f6","stop_b":"stop/leiden-sweelincklaan__38d9d530b1","stop_a_name":"Leiden, Bizetpad","stop_b_name":"Leiden, Sweelincklaan","num_lines":1,"line_ids":["QBUZZ:z095"],"line_refs":["5"],"lines":[{"line_id":"QBUZZ:z095","line_ref":"5","line_name":"Leiden: Leiden - Voorschoten","agency_id":"QBUZZ"}],"variant_ids":["QBUZZ:z095|1578477","QBUZZ:z095|1578478"],"representative_variant_id":"QBUZZ:z095|1578477","length_m":351.1}},{"type":"Feature","geometry":{"type":"LineString","coordinates":[[4.4677289458901805,52.14656213026033],[4.474658,52.147419],[4.477093,52.14769],[4.4778999527891585,52.147708823906186]]},"properties":{"edge_id":"edge/bb573ab0a488","stop_a":"stop/leiden-bizetpad__9a742577f6","stop_b":"stop/leiden-vijf-meiplein__70f5fd94a0","stop_a_name":"Leiden, Bizetpad","stop_b_name":"Leiden, Vijf Meiplein","num_lines":1,"line_ids":["QBUZZ:z054"],"line_refs":["54"],"lines":[{"line_id":"QBUZZ:z054","line_ref":"54","line_name":"Voorhout - Leiden - De Vink","agency_id":"QBUZZ"}],"variant_ids":["QBUZZ:z054|1578417","QBUZZ:z054|1578418","QBUZZ:z054|1578422","QBUZZ:z054|1578423"],"representative_variant_id":"QBUZZ:z054|1578417","length_m":706.3}},{"type":"Feature","geometry":{"type":"LineString","coordinates":[[4.4677289458901805,52.14656213026033],[4.464716,52.146335],[4.461645,52.145772],[4.46087650780288,52.14574170710549]]},"properties":{"edge_id":"edge/8dbebe49fa71","stop_a":"stop/leiden-bizetpad__9a742577f6","stop_b":"stop/voorschoten-trompweg__ae9cbb8740","stop_a_name":"Leiden, Bizetpad","stop_b_name":"Voorschoten, Trompweg","num_lines":3,"line_ids":["QBUZZ:z054","QBUZZ:z094","QBUZZ:z095"],"line_refs":["4","5","54"],"lines":[{"line_id":"QBUZZ:z054","line_ref":"54","line_name":"Voorhout - Leiden - De Vink","agency_id":"QBUZZ"},{"line_id":"QBUZZ:z094","line_ref":"4","line_name":"Leiden: Merenwijk - De Vink","agency_id":"QBUZZ"},{"line_id":"QBUZZ:z095","line_ref":"5","line_name":"Leiden: Leiden - Voorschoten","agency_id":"QBUZZ"}],"variant_ids":["QBUZZ:z054|1578417","QBUZZ:z054|1578418","QBUZZ:z054|1578422","QBUZZ:z054|1578423","QBUZZ:z094|1578476","QBUZZ:z094|1589327","QBUZZ:z094|1589328","QBUZZ:z095|1578477","QBUZZ:z095|1578478"],"representative_variant_id":"QBUZZ:z054|1578417","length_m":478.4}},{"type":"Feature","geometry":{"type":"LineString","coordinates":[[4.471059139447684,52.16941315848937],[4.468346,52.169446],[4.468197,52.169579],[4.467936,52.169451],[4.467439,52.169466],[4.463821354383957,52.16976674981419]]},"properties":{"edge_id":"edge/230aeb874051","stop_a":"stop/leiden-blauwe-vogelweg__f2ad8e7dc7","stop_b":"stop/leiden-gorlaeus-laboratorium__0fe5544683","stop_a_name":"Leiden, Blauwe Vogelweg","stop_b_name":"Leiden, Gorlaeus Laboratorium","num_lines":1,"line_ids":["QBUZZ:z056"],"line_refs":["56"],"lines":[{"line_id":"QBUZZ:z056","line_ref":"56","line_name":"Sassenheim - Leiden- Roelofarendsveen","agency_id":"QBUZZ"}],"variant_ids":["QBUZZ:z056|1578424","QBUZZ:z056|1578425","QBUZZ:z056|1578427","QBUZZ:z056|1578428","QBUZZ:z056|1578429","QBUZZ:z056|1578430","QBUZZ:z056|1578431"],"representative_variant_id":"QBUZZ:z056|1578424","length_m":508.7}},{"type":"Feature","geometry":{"type":"LineString","coordinates":[[4.470764499599845,52.14213772042565],[4.470883,52.141305],[4.470739,52.141196],[4.470842,52.141125],[4.470988,52.141126],[4.471059,52.141225],[4.474614603210165,52.14151997505259]]},"properties":{"edge_id":"edge/2fa07078da4d","stop_a":"stop/leiden-brahmslaan__2a3b228568","stop_b":"stop/leiden-kennedylaan__119bb61729","stop_a_name":"Leiden, Brahmslaan","stop_b_name":"Leiden, Kennedylaan","num_lines":1,"line_ids":["QBUZZ:z094"],"line_refs":["4"],"lines":[{"line_id":"QBUZZ:z094","line_ref":"4","line_name":"Leiden: Merenwijk - De Vink","agency_id":"QBUZZ"}],"variant_ids":["QBUZZ:z094|1578476","QBUZZ:z094|1589327","QBUZZ:z094|1589328"],"representative_variant_id":"QBUZZ:z094|1589327","length_m":386.0}},{"type":"Feature","geometry":{"type":"LineString","coordinates":[[4.4721823166942505,52.13726902572814],[4.480445,52.140156],[4.482170110828051,52.14089405541402]]},"properties":{"edge_id":"edge/86fa2e099d04","stop_a":"stop/leiden-brahmslaan__2a3b228568","stop_b":"stop/leiden-rooseveltstraat__b85e7be46a","stop_a_name":"Leiden, Brahmslaan","stop_b_name":"Leiden, Rooseveltstraat","num_lines":1,"line_ids":["EBS:3045"],"line_refs":["45"],"lines":[{"line_id":"EBS:3045","line_ref":"45","line_name":"Den Haag Centraal via Leidschendam - Leiden","agency_id":"EBS"}],"variant_ids":["EBS:3045|1478709","EBS:3045|1478710"],"representative_variant_id":"EBS:3045|1478710","length_m":792.4}},{"type":"Feature","geometry":{"type":"LineString","coordinates":[[4.470764499599845,52.14213772042565],[4.470348,52.144563],[4.470533,52.144798],[4.470884625675398,52.14488229837221]]},"properties":{"edge_id":"edge/81ba652f4da9","stop_a":"stop/leiden-brahmslaan__2a3b228568","stop_b":"stop/leiden-verdistraat__09e50406e6","stop_a_name":"Leiden, Brahmslaan","stop_b_name":"Leiden, Verdistraat","num_lines":1,"line_ids":["QBUZZ:z094"],"line_refs":["4"],"lines":[{"line_id":"QBUZZ:z094","line_ref":"4","line_name":"Leiden: Merenwijk - De Vink","agency_id":"QBUZZ"}],"variant_ids":["QBUZZ:z094|1578476","QBUZZ:z094|1589327","QBUZZ:z094|1589328"],"representative_variant_id":"QBUZZ:z094|1589327","length_m":326.0}},{"type":"Feature","geometry":{"type":"LineString","coordinates":[[4.4721823166942505,52.13726902572814],[4.463276213417058,52.13410663374466]]},"properties":{"edge_id":"edge/dd821e2873a2","stop_a":"stop/leiden-brahmslaan__2a3b228568","stop_b":"stop/voorschoten-zilverfabriek__4e531d7d43","stop_a_name":"Leiden, Brahmslaan","stop_b_name":"Voorschoten, Zilverfabriek","num_lines":1,"line_ids":["EBS:3045"],"line_refs":["45"],"lines":[{"line_id":"EBS:3045","line_ref":"45","line_name":"Den Haag Centraal via Leidschendam - Leiden","agency_id":"EBS"}],"variant_ids":["EBS:3045|1478709","EBS:3045|1478710"],"representative_variant_id":"EBS:3045|1478710","length_m":702.2}},{"type":"Feature","geometry":{"type":"LineString","coordinates":[[4.473264259682506,52.152773725079506],[4.472849,52.153724],[4.472396,52.154439],[4.471816,52.154911],[4.472103,52.155192],[4.472439,52.155896],[4.473298793327515,52.156941573636644]]},"properties":{"edge_id":"edge/eacb02dfc8cb","stop_a":"stop/leiden-brandts-buyskade__c3301dc5f6","stop_b":"stop/leiden-churchillbrug__5cb8030075","stop_a_name":"Leiden, Brandts Buyskade","stop_b_name":"Leiden, Churchillbrug","num_lines":1,"line_ids":["QBUZZ:z095"],"line_refs":["5"],"lines":[{"line_id":"QBUZZ:z095","line_ref":"5","line_name":"Leiden: Leiden - Voorschoten","agency_id":"QBUZZ"}],"variant_ids":["QBUZZ:z095|1578477","QBUZZ:z095|1578478"],"representative_variant_id":"QBUZZ:z095|1578477","length_m":509.1}},{"type":"Feature","geometry":{"type":"LineString","coordinates":[[4.473264259682506,52.152773725079506],[4.474217,52.149717],[4.472586313745315,52.149516726322254]]},"properties":{"edge_id":"edge/0ffbb8ad6b6f","stop_a":"stop/leiden-brandts-buyskade__c3301dc5f6","stop_b":"stop/leiden-cornelis-schuytlaan__06808cda78","stop_a_name":"Leiden, Brandts Buyskade","stop_b_name":"Leiden, Cornelis Schuytlaan","num_lines":1,"line_ids":["QBUZZ:z095"],"line_refs":["5"],"lines":[{"line_id":"QBUZZ:z095","line_ref":"5","line_name":"Leiden: Leiden - Voorschoten","agency_id":"QBUZZ"}],"variant_ids":["QBUZZ:z095|1578477","QBUZZ:z095|1578478"],"representative_variant_id":"QBUZZ:z095|1578477","length_m":459.5}},{"type":"Feature","geometry":{"type":"LineString","coordinates":[[4.490734520410067,52.157861601891014],[4.491675,52.157122],[4.493094,52.156324],[4.49345190421407,52.155734944834414]]},"properties":{"edge_id":"edge/ecbfc84444ef","stop_a":"stop/leiden-breestraat__886b4a2da3","stop_b":"stop/leiden-korevaarstraat__9269dffef2","stop_a_name":"Leiden, Breestraat","stop_b_name":"Leiden, Korevaarstraat","num_lines":6,"line_ids":["QBUZZ:z054","QBUZZ:z056","QBUZZ:z092","QBUZZ:z093","QBUZZ:z094","QBUZZ:z169"],"line_refs":["2","3","4","54","56","169"],"lines":[{"line_id":"QBUZZ:z054","line_ref":"54","line_name":"Voorhout - Leiden - De Vink","agency_id":"QBUZZ"},{"line_id":"QBUZZ:z056","line_ref":"56","line_name":"Sassenheim - Leiden- Roelofarendsveen","agency_id":"QBUZZ"},{"line_id":"QBUZZ:z092","line_ref":"2","line_name":"Leiden: De Vink - Oranjewijk","agency_id":"QBUZZ"},{"line_id":"QBUZZ:z093","line_ref":"3","line_name":"Leiden: Merenwijk - Leyhof","agency_id":"QBUZZ"},{"line_id":"QBUZZ:z094","line_ref":"4","line_name":"Leiden: Merenwijk - De Vink","agency_id":"QBUZZ"},{"line_id":"QBUZZ:z169","line_ref":"169","line_name":"Alphen a/d Rijn - Leiden","agency_id":"QBUZZ"}],"variant_ids":["QBUZZ:z054|1578417","QBUZZ:z054|1578418","QBUZZ:z054|1578422","QBUZZ:z054|1578423","QBUZZ:z056|1578425","QBUZZ:z056|1578426","QBUZZ:z056|1578427","QBUZZ:z056|1578428","QBUZZ:z056|1578429","QBUZZ:z056|1578432","QBUZZ:z092|1578457","QBUZZ:z092|1578458","QBUZZ:z092|1578459","QBUZZ:z092|1578461","QBUZZ:z092|1578462","QBUZZ:z093|1578463","QBUZZ:z093|1589322","QBUZZ:z093|1589324","QBUZZ:z093|1589326","QBUZZ:z094|1578476","QBUZZ:z094|1589327","QBUZZ:z094|1589328","QBUZZ:z169|1578492","QBUZZ:z169|1578493","QBUZZ:z169|1578495"],"representative_variant_id":"QBUZZ:z054|1578418","length_m":305.5}},{"type":"Feature","geometry":{"type":"LineString","coordinates":[[4.490712615809305,52.157879137146054],[4.489284,52.159018],[4.488087,52.159666],[4.487117,52.159946],[4.484992,52.160208],[4.485477650864819,52.161521284433256]]},"properties":{"edge_id":"edge/635db560a3df","stop_a":"stop/leiden-breestraat__886b4a2da3","stop_b":"stop/leiden-prinsessekade__e438baeedd","stop_a_name":"Leiden, Breestraat","stop_b_name":"Leiden, Prinsessekade","num_lines":6,"line_ids":["QBUZZ:z054","QBUZZ:z056","QBUZZ:z092","QBUZZ:z093","QBUZZ:z094","QBUZZ:z169"],"line_refs":["2","3","4","54","56","169"],"lines":[{"line_id":"QBUZZ:z054","line_ref":"54","line_name":"Voorhout - Leiden - De Vink","agency_id":"QBUZZ"},{"line_id":"QBUZZ:z056","line_ref":"56","line_name":"Sassenheim - Leiden- Roelofarendsveen","agency_id":"QBUZZ"},{"line_id":"QBUZZ:z092","line_ref":"2","line_name":"Leiden: De Vink - Oranjewijk","agency_id":"QBUZZ"},{"line_id":"QBUZZ:z093","line_ref":"3","line_name":"Leiden: Merenwijk - Leyhof","agency_id":"QBUZZ"},{"line_id":"QBUZZ:z094","line_ref":"4","line_name":"Leiden: Merenwijk - De Vink","agency_id":"QBUZZ"},{"line_id":"QBUZZ:z169","line_ref":"169","line_name":"Alphen a/d Rijn - Leiden","agency_id":"QBUZZ"}],"variant_ids":["QBUZZ:z054|1578417","QBUZZ:z054|1578418","QBUZZ:z054|1578422","QBUZZ:z054|1578423","QBUZZ:z056|1578425","QBUZZ:z056|1578426","QBUZZ:z056|1578427","QBUZZ:z056|1578428","QBUZZ:z056|1578429","QBUZZ:z056|1578432","QBUZZ:z092|1578457","QBUZZ:z092|1578458","QBUZZ:z092|1578459","QBUZZ:z092|1578461","QBUZZ:z092|1578462","QBUZZ:z093|1578463","QBUZZ:z093|1589322","QBUZZ:z093|1589324","QBUZZ:z093|1589326","QBUZZ:z094|1578476","QBUZZ:z094|1589327","QBUZZ:z094|1589328","QBUZZ:z169|1578492","QBUZZ:z169|1578493","QBUZZ:z169|1578495"],"representative_variant_id":"QBUZZ:z056|1578425","length_m":639.4}},{"type":"Feature","geometry":{"type":"LineString","coordinates":[[4.51018,52.181449],[4.508205,52.181506],[4.504367,52.1819],[4.503799,52.181779],[4.502662007495549,52.18115388159338]]},"properties":{"edge_id":"edge/80aa02f49a38","stop_a":"stop/leiden-broekweg__4ec15bb24d","stop_b":"stop/leiden-fakkelgras__cea8c583d7","stop_a_name":"Leiden, Broekweg","stop_b_name":"Leiden, Fakkelgras","num_lines":1,"line_ids":["QBUZZ:z094"],"line_refs":["4"],"lines":[{"line_id":"QBUZZ:z094","line_ref":"4","line_name":"Leiden: Merenwijk - De Vink","agency_id":"QBUZZ"}],"variant_ids":["QBUZZ:z094|1578474","QBUZZ:z094|1578475","QBUZZ:z094|1578476","QBUZZ:z094|1589327","QBUZZ:z094|1589328"],"representative_variant_id":"QBUZZ:z094|1589328","length_m":545.2}},{"type":"Feature","geometry":{"type":"LineString","coordinates":[[4.510184794479816,52.18148503392321],[4.513206,52.181516],[4.513646,52.181457],[4.513985,52.181297],[4.514209,52.181047],[4.5142588274793285,52.18002269504186]]},"properties":{"edge_id":"edge/3963d525a384","stop_a":"stop/leiden-broekweg__4ec15bb24d","stop_b":"stop/leiden-vossemeerlaan__7dab861763","stop_a_name":"Leiden, Broekweg","stop_b_name":"Leiden, Vossemeerlaan","num_lines":1,"line_ids":["QBUZZ:z093"],"line_refs":["3"],"lines":[{"line_id":"QBUZZ:z093","line_ref":"3","line_name":"Leiden: Merenwijk - Leyhof","agency_id":"QBUZZ"}],"variant_ids":["QBUZZ:z093|1578463","QBUZZ:z093|1578469","QBUZZ:z093|1578470","QBUZZ:z093|1589322","QBUZZ:z093|1589323","QBUZZ:z093|1589324"],"representative_variant_id":"QBUZZ:z093|1589324","length_m":411.6}},{"type":"Feature","geometry":{"type":"LineString","coordinates":[[4.508112868137491,52.155204009366194],[4.507306,52.155226],[4.507268,52.154183],[4.50678,52.152238],[4.506192,52.151695],[4.504367980843647,52.15059968564601]]},"properties":{"edge_id":"edge/fd076999ecf1","stop_a":"stop/leiden-burggravenlaan__a7f95247b6","stop_b":"stop/leiden-moddermanstraat__4b7bb1c7f5","stop_a_name":"Leiden, Burggravenlaan","stop_b_name":"Leiden, Moddermanstraat","num_lines":1,"line_ids":["QBUZZ:z092"],"line_refs":["2"],"lines":[{"line_id":"QBUZZ:z092","line_ref":"2","line_name":"Leiden: De Vink - Oranjewijk","agency_id":"QBUZZ"}],"variant_ids":["QBUZZ:z092|1578457","QBUZZ:z092|1578458","QBUZZ:z092|1578459","QBUZZ:z092|1578461","QBUZZ:z092|1578462"],"representative_variant_id":"QBUZZ:z092|1578457","length_m":636.5}},{"type":"Feature","geometry":{"type":"LineString","coordinates":[[4.507643280141128,52.15521994147926],[4.503781,52.155362],[4.503417,52.155296],[4.502518,52.15493],[4.501471072215194,52.15486327260193]]},"properties":{"edge_id":"edge/106ab73cf6ba","stop_a":"stop/leiden-burggravenlaan__a7f95247b6","stop_b":"stop/leiden-plantage__8356b87aca","stop_a_name":"Leiden, Burggravenlaan","stop_b_name":"Leiden, Plantage","num_lines":3,"line_ids":["QBUZZ:z169","QBUZZ:z182","QBUZZ:z187"],"line_refs":["169","182","187"],"lines":[{"line_id":"QBUZZ:z169","line_ref":"169","line_name":"Alphen a/d Rijn - Leiden","agency_id":"QBUZZ"},{"line_id":"QBUZZ:z182","line_ref":"182","line_name":"Alphen a/d Rijn - Leiden","agency_id":"QBUZZ"},{"line_id":"QBUZZ:z187","line_ref":"187","line_name":"Boskoop - Leiden","agency_id":"QBUZZ"}],"variant_ids":["QBUZZ:z169|1578492","QBUZZ:z169|1578493","QBUZZ:z169|1578495","QBUZZ:z182|1578503","QBUZZ:z182|1578505","QBUZZ:z187|1578510","QBUZZ:z187|1578511","QBUZZ:z187|1578513","QBUZZ:z187|1578514","QBUZZ:z187|1578516","QBUZZ:z187|1589331","QBUZZ:z187|1589332","QBUZZ:z187|1589334","QBUZZ:z187|1625027","QBUZZ:z187|1625028"],"representative_variant_id":"QBUZZ:z187|1578514","length_m":435.3}},{"type":"Feature","geometry":{"type":"LineString","coordinates":[[4.507629344508128,52.15521991331855],[4.510639,52.155134],[4.512275331693001,52.154954542022864]]},"properties":{"edge_id":"edge/b9e7a06bcb90","stop_a":"stop/leiden-burggravenlaan__a7f95247b6","stop_b":"stop/leiden-wilhelminabrug__ef06b7ff07","stop_a_name":"Leiden, Burggravenlaan","stop_b_name":"Leiden, Wilhelminabrug","num_lines":4,"line_ids":["QBUZZ:z092","QBUZZ:z169","QBUZZ:z182","QBUZZ:z187"],"line_refs":["2","169","182","187"],"lines":[{"line_id":"QBUZZ:z092","line_ref":"2","line_name":"Leiden: De Vink - Oranjewijk","agency_id":"QBUZZ"},{"line_id":"QBUZZ:z169","line_ref":"169","line_name":"Alphen a/d Rijn - Leiden","agency_id":"QBUZZ"},{"line_id":"QBUZZ:z182","line_ref":"182","line_name":"Alphen a/d Rijn - Leiden","agency_id":"QBUZZ"},{"line_id":"QBUZZ:z187","line_ref":"187","line_name":"Boskoop - Leiden","agency_id":"QBUZZ"}],"variant_ids":["QBUZZ:z092|1578457","QBUZZ:z092|1578458","QBUZZ:z092|1578459","QBUZZ:z092|1578461","QBUZZ:z092|1578462","QBUZZ:z169|1578492","QBUZZ:z169|1578493","QBUZZ:z169|1578495","QBUZZ:z182|1578503","QBUZZ:z182|1578505","QBUZZ:z187|1578510","QBUZZ:z187|1578511","QBUZZ:z187|1578513","QBUZZ:z187|1578514","QBUZZ:z187|1578516","QBUZZ:z187|1589331","QBUZZ:z187|1589332","QBUZZ:z187|1589334","QBUZZ:z187|1625027","QBUZZ:z187|1625028"],"representative_variant_id":"QBUZZ:z169|1578493","length_m":318.9}},{"type":"Feature","geometry":{"type":"LineString","coordinates":[[4.44856064862239,52.150724247201275],[4.448557,52.151169],[4.448039,52.151516],[4.444998,52.151554],[4.443145949029874,52.1527263019544]]},"properties":{"edge_id":"edge/98e34e4737b6","stop_a":"stop/leiden-charley-tooropweg__a812e0ecf6","stop_b":"stop/leiden-heintje-davidsweg__f98a2afe7e","stop_a_name":"Leiden, Charley Tooropweg","stop_b_name":"Leiden, Heintje Davidsweg","num_lines":1,"line_ids":["QBUZZ:z092"],"line_refs":["2"],"lines":[{"line_id":"QBUZZ:z092","line_ref":"2","line_name":"Leiden: De Vink - Oranjewijk","agency_id":"QBUZZ"}],"variant_ids":["QBUZZ:z092|1578459","QBUZZ:z092|1578460","QBUZZ:z092|1578461","QBUZZ:z092|1578462"],"representative_variant_id":"QBUZZ:z092|1578459","length_m":490.8}},{"type":"Feature","geometry":{"type":"LineString","coordinates":[[4.44856064862239,52.150724247201275],[4.448538,52.149992],[4.44752,52.149076],[4.447618,52.148609],[4.449607,52.147807],[4.449948509116578,52.14748993630135]]},"properties":{"edge_id":"edge/a3d0de1860ce","stop_a":"stop/leiden-charley-tooropweg__a812e0ecf6","stop_b":"stop/leiden-zeldenrustweg__5ebc505e60","stop_a_name":"Leiden, Charley Tooropweg","stop_b_name":"Leiden, Zeldenrustweg","num_lines":1,"line_ids":["QBUZZ:z092"],"line_refs":["2"],"lines":[{"line_id":"QBUZZ:z092","line_ref":"2","line_name":"Leiden: De Vink - Oranjewijk","agency_id":"QBUZZ"}],"variant_ids":["QBUZZ:z092|1578459","QBUZZ:z092|1578460","QBUZZ:z092|1578461","QBUZZ:z092|1578462"],"representative_variant_id":"QBUZZ:z092|1578459","length_m":461.7}},{"type":"Feature","geometry":{"type":"LineString","coordinates":[[4.473402301730944,52.15690768535277],[4.474655,52.158268],[4.475175,52.158578],[4.476298372469503,52.159006632835364]]},"properties":{"edge_id":"edge/10a3f8e96ea7","stop_a":"stop/leiden-churchillbrug__5cb8030075","stop_b":"stop/leiden-de-genestetstraat__5280e89474","stop_a_name":"Leiden, Churchillbrug","stop_b_name":"Leiden, De Genestetstraat","num_lines":1,"line_ids":["QBUZZ:z095"],"line_refs":["5"],"lines":[{"line_id":"QBUZZ:z095","line_ref":"5","line_name":"Leiden: Leiden - Voorschoten","agency_id":"QBUZZ"}],"variant_ids":["QBUZZ:z095|1578477","QBUZZ:z095|1578478"],"representative_variant_id":"QBUZZ:z095|1578478","length_m":313.4}},{"type":"Feature","geometry":{"type":"LineString","coordinates":[[4.472586313745315,52.149516726322254],[4.47012,52.149262],[4.470413120806691,52.148172732984335]]},"properties":{"edge_id":"edge/618449be6949","stop_a":"stop/leiden-cornelis-schuytlaan__06808cda78","stop_b":"stop/leiden-sweelincklaan__38d9d530b1","stop_a_name":"Leiden, Cornelis Schuytlaan","stop_b_name":"Leiden, Sweelincklaan","num_lines":1,"line_ids":["QBUZZ:z095"],"line_refs":["5"],"lines":[{"line_id":"QBUZZ:z095","line_ref":"5","line_name":"Leiden: Leiden - Voorschoten","agency_id":"QBUZZ"}],"variant_ids":["QBUZZ:z095|1578477","QBUZZ:z095|1578478"],"representative_variant_id":"QBUZZ:z095|1578477","length_m":293.4}},{"type":"Feature","geometry":{"type":"LineString","coordinates":[[4.488074753506023,52.143341481309584],[4.487275,52.142671],[4.486879,52.14203],[4.486303,52.141612],[4.485611,52.141886],[4.484327,52.141804],[4.4836,52.141618],[4.482170110828051,52.14089405541402]]},"properties":{"edge_id":"edge/1b780dc73853","stop_a":"stop/leiden-cronesteinflat__09634c03b1","stop_b":"stop/leiden-rooseveltstraat__b85e7be46a","stop_a_name":"Leiden, Cronesteinflat","stop_b_name":"Leiden, Rooseveltstraat","num_lines":1,"line_ids":["EBS:3045"],"line_refs":["45"],"lines":[{"line_id":"EBS:3045","line_ref":"45","line_name":"Den Haag Centraal via Leidschendam - Leiden","agency_id":"EBS"}],"variant_ids":["EBS:3045|1478709","EBS:3045|1478710"],"representative_variant_id":"EBS:3045|1478710","length_m":554.0}},{"type":"Feature","geometry":{"type":"LineString","coordinates":[[4.488074753506023,52.143341481309584],[4.4917998185486825,52.147419115238016]]},"properties":{"edge_id":"edge/0ea26d0c2f3e","stop_a":"stop/leiden-cronesteinflat__09634c03b1","stop_b":"stop/leiden-station-lammenschans__6493dc01d3","stop_a_name":"Leiden, Cronesteinflat","stop_b_name":"Leiden, Station Lammenschans","num_lines":1,"line_ids":["EBS:3045"],"line_refs":["45"],"lines":[{"line_id":"EBS:3045","line_ref":"45","line_name":"Den Haag Centraal via Leidschendam - Leiden","agency_id":"EBS"}],"variant_ids":["EBS:3045|1478709","EBS:3045|1478710"],"representative_variant_id":"EBS:3045|1478710","length_m":519.8}},{"type":"Feature","geometry":{"type":"LineString","coordinates":[[4.463321213862957,52.16138664577631],[4.462937,52.160972],[4.463044,52.160739],[4.462367,52.160258],[4.46388175186907,52.15923162630748]]},"properties":{"edge_id":"edge/39da64ac8aba","stop_a":"stop/leiden-cruquiuslaan__1ad9784aa2","stop_b":"stop/leiden-dr-lelylaan__84ef6f0b9c","stop_a_name":"Leiden, Cruquiuslaan","stop_b_name":"Leiden, Dr. Lelylaan","num_lines":1,"line_ids":["QBUZZ:z092"],"line_refs":["2"],"lines":[{"line_id":"QBUZZ:z092","line_ref":"2","line_name":"Leiden: De Vink - Oranjewijk","agency_id":"QBUZZ"}],"variant_ids":["QBUZZ:z092|1578459","QBUZZ:z092|1578460","QBUZZ:z092|1578461"],"representative_variant_id":"QBUZZ:z092|1578459","length_m":304.6}},{"type":"Feature","geometry":{"type":"LineString","coordinates":[[4.463321144743652,52.16138657987185],[4.463595,52.16167],[4.463617,52.162002],[4.463985,52.162598],[4.464173,52.162699],[4.464756,52.162793],[4.465406139038533,52.16307905819989]]},"properties":{"edge_id":"edge/e546a8168380","stop_a":"stop/leiden-cruquiuslaan__1ad9784aa2","stop_b":"stop/leiden-jan-luykenlaan__acba0591da","stop_a_name":"Leiden, Cruquiuslaan","stop_b_name":"Leiden, Jan Luykenlaan","num_lines":1,"line_ids":["QBUZZ:z092"],"line_refs":["2"],"lines":[{"line_id":"QBUZZ:z092","line_ref":"2","line_name":"Leiden: De Vink - Oranjewijk","agency_id":"QBUZZ"}],"variant_ids":["QBUZZ:z092|1578459","QBUZZ:z092|1578460","QBUZZ:z092|1578461"],"representative_variant_id":"QBUZZ:z092|1578461","length_m":257.2}},{"type":"Feature","geometry":{"type":"LineString","coordinates":[[4.476298933959784,52.15900680709097],[4.477788,52.159479],[4.478849,52.15973],[4.481520754669255,52.160047]]},"properties":{"edge_id":"edge/b007affb242c","stop_a":"stop/leiden-de-genestetstraat__5280e89474","stop_b":"stop/leiden-noordeinde__0b913fb6b9","stop_a_name":"Leiden, De Genestetstraat","stop_b_name":"Leiden, Noordeinde","num_lines":1,"line_ids":["QBUZZ:z095"],"line_refs":["5"],"lines":[{"line_id":"QBUZZ:z095","line_ref":"5","line_name":"Leiden: Leiden - Voorschoten","agency_id":"QBUZZ"}],"variant_ids":["QBUZZ:z095|1578477","QBUZZ:z095|1578478"],"representative_variant_id":"QBUZZ:z095|1578477","length_m":377.5}},{"type":"Feature","geometry":{"type":"LineString","coordinates":[[4.508320014532975,52.142911900460334],[4.510743,52.143154],[4.511329,52.143041],[4.513246,52.144377],[4.515257,52.145416],[4.514101,52.146235],[4.513888285677399,52.14659576253404]]},"properties":{"edge_id":"edge/80a3088615c0","stop_a":"stop/leiden-de-heyderweg__c95cfb02a8","stop_b":"stop/leiden-roomburg__5660da4129","stop_a_name":"Leiden, De Heyderweg","stop_b_name":"Leiden, Roomburg","num_lines":1,"line_ids":["QBUZZ:z187"],"line_refs":["187"],"lines":[{"line_id":"QBUZZ:z187","line_ref":"187","line_name":"Boskoop - Leiden","agency_id":"QBUZZ"}],"variant_ids":["QBUZZ:z187|1578510","QBUZZ:z187|1578513","QBUZZ:z187|1578514","QBUZZ:z187|1589331","QBUZZ:z187|1625027"],"representative_variant_id":"QBUZZ:z187|1589331","length_m":749.9}},{"type":"Feature","geometry":{"type":"LineString","coordinates":[[4.508320014532975,52.142911900460334],[4.507928,52.14289],[4.507353,52.143901],[4.50658,52.144597],[4.505513,52.14538],[4.503125727229498,52.144588136132086]]},"properties":{"edge_id":"edge/36fce6cfc01e","stop_a":"stop/leiden-de-heyderweg__c95cfb02a8","stop_b":"stop/leiden-zaalbergweg-dzb-leiden__608b115571","stop_a_name":"Leiden, De Heyderweg","stop_b_name":"Leiden, Zaalbergweg/DZB Leiden","num_lines":1,"line_ids":["QBUZZ:z187"],"line_refs":["187"],"lines":[{"line_id":"QBUZZ:z187","line_ref":"187","line_name":"Boskoop - Leiden","agency_id":"QBUZZ"}],"variant_ids":["QBUZZ:z187|1578510","QBUZZ:z187|1578513","QBUZZ:z187|1578514","QBUZZ:z187|1589331","QBUZZ:z187|1625027"],"representative_variant_id":"QBUZZ:z187|1589331","length_m":538.3}},{"type":"Feature","geometry":{"type":"LineString","coordinates":[[4.499083654293357,52.17429727471368],[4.49842,52.172148],[4.497879,52.171407],[4.497867,52.171254],[4.497607,52.171126],[4.496866,52.170132],[4.495797,52.169512],[4.494841,52.168328],[4.493597900122986,52.16854906898117]]},"properties":{"edge_id":"edge/34d264f241c9","stop_a":"stop/leiden-de-rode-s__46f02b3031","stop_b":"stop/leiden-groenoord__81030314ac","stop_a_name":"Leiden, De Rode's","stop_b_name":"Leiden, Groenoord","num_lines":2,"line_ids":["QBUZZ:z093","QBUZZ:z094"],"line_refs":["3","4"],"lines":[{"line_id":"QBUZZ:z093","line_ref":"3","line_name":"Leiden: Merenwijk - Leyhof","agency_id":"QBUZZ"},{"line_id":"QBUZZ:z094","line_ref":"4","line_name":"Leiden: Merenwijk - De Vink","agency_id":"QBUZZ"}],"variant_ids":["QBUZZ:z093|1578463","QBUZZ:z093|1589322","QBUZZ:z093|1589323","QBUZZ:z093|1589324","QBUZZ:z094|1578476","QBUZZ:z094|1589327","QBUZZ:z094|1589328"],"representative_variant_id":"QBUZZ:z093|1589322","length_m":830.3}},{"type":"Feature","geometry":{"type":"LineString","coordinates":[[4.498931224295537,52.17431169834662],[4.499266,52.175911],[4.49919,52.176046],[4.496782,52.177277],[4.496439,52.177625],[4.496477,52.177922],[4.496774,52.178418],[4.496973,52.178707],[4.497176464973624,52.178795985506326]]},"properties":{"edge_id":"edge/a161dcdde2c0","stop_a":"stop/leiden-de-rode-s__46f02b3031","stop_b":"stop/leiden-vossebes__db848a2627","stop_a_name":"Leiden, De Rode's","stop_b_name":"Leiden, Vossebes","num_lines":1,"line_ids":["QBUZZ:z094"],"line_refs":["4"],"lines":[{"line_id":"QBUZZ:z094","line_ref":"4","line_name":"Leiden: Merenwijk - De Vink","agency_id":"QBUZZ"}],"variant_ids":["QBUZZ:z094|1578474","QBUZZ:z094|1578475","QBUZZ:z094|1578476","QBUZZ:z094|1589327","QBUZZ:z094|1589328"],"representative_variant_id":"QBUZZ:z094|1578475","length_m":598.0}},{"type":"Feature","geometry":{"type":"LineString","coordinates":[[4.471259191696797,52.14548418745765],[4.471392,52.144976],[4.470884625675398,52.14488229837221]]},"properties":{"edge_id":"edge/e0abf89c2d77","stop_a":"stop/leiden-debussystraat__a8f7ea95b0","stop_b":"stop/leiden-verdistraat__09e50406e6","stop_a_name":"Leiden, Debussystraat","stop_b_name":"Leiden, Verdistraat","num_lines":1,"line_ids":["QBUZZ:z094"],"line_refs":["4"],"lines":[{"line_id":"QBUZZ:z094","line_ref":"4","line_name":"Leiden: Merenwijk - De Vink","agency_id":"QBUZZ"}],"variant_ids":["QBUZZ:z094|1578476","QBUZZ:z094|1589327","QBUZZ:z094|1589328"],"representative_variant_id":"QBUZZ:z094|1589327","length_m":93.4}},{"type":"Feature","geometry":{"type":"LineString","coordinates":[[4.46388175186907,52.15923162630748],[4.465568,52.158135],[4.46697,52.157498],[4.466527609114837,52.157156860913545]]},"properties":{"edge_id":"edge/a4147e35d5e3","stop_a":"stop/leiden-dr-lelylaan__84ef6f0b9c","stop_b":"stop/leiden-opaalstraat__0a76ca6250","stop_a_name":"Leiden, Dr. Lelylaan","stop_b_name":"Leiden, Opaalstraat","num_lines":1,"line_ids":["QBUZZ:z092"],"line_refs":["2"],"lines":[{"line_id":"QBUZZ:z092","line_ref":"2","line_name":"Leiden: De Vink - Oranjewijk","agency_id":"QBUZZ"}],"variant_ids":["QBUZZ:z092|1578459","QBUZZ:z092|1578460","QBUZZ:z092|1578461","QBUZZ:z092|1578462"],"representative_variant_id":"QBUZZ:z092|1578459","length_m":335.1}},{"type":"Feature","geometry":{"type":"LineString","coordinates":[[4.463830895398009,52.159206029733426],[4.462902,52.159848],[4.460108,52.161399],[4.459201,52.162804],[4.45831,52.163498],[4.459057,52.164115],[4.459444,52.165205],[4.463532,52.164707],[4.464961,52.164152],[4.465663949558922,52.16400421517825]]},"properties":{"edge_id":"edge/ba0b4e127a17","stop_a":"stop/leiden-dr-lelylaan__84ef6f0b9c","stop_b":"stop/leiden-verbeekstraat__6e00f9f8b2","stop_a_name":"Leiden, Dr. Lelylaan","stop_b_name":"Leiden, Verbeekstraat","num_lines":1,"line_ids":["QBUZZ:z092"],"line_refs":["2"],"lines":[{"line_id":"QBUZZ:z092","line_ref":"2","line_name":"Leiden: De Vink - Oranjewijk","agency_id":"QBUZZ"}],"variant_ids":["QBUZZ:z092|1578462"],"representative_variant_id":"QBUZZ:z092|1578462","length_m":1278.6}},{"type":"Feature","geometry":{"type":"LineString","coordinates":[[4.457889495675064,52.163069089667275],[4.454306191102326,52.1616165450968]]},"properties":{"edge_id":"edge/1f53d57fb1dd","stop_a":"stop/leiden-dr-lelylaan-haagse-schouwweg__6ddf676cb0","stop_b":"stop/leiden-rhijnhof__25ced096d1","stop_a_name":"Leiden, Dr. Lelylaan/Haagse Schouwweg","stop_b_name":"Leiden, Rhijnhof","num_lines":1,"line_ids":["EBS:3043"],"line_refs":["43"],"lines":[{"line_id":"EBS:3043","line_ref":"43","line_name":"Den Haag Centraal via Wassenaar - Leiden Centraal","agency_id":"EBS"}],"variant_ids":["EBS:3043|1478702","EBS:3043|1478704","EBS:3043|1478705"],"representative_variant_id":"EBS:3043|1478702","length_m":293.0}},{"type":"Feature","geometry":{"type":"LineString","coordinates":[[4.489642014536687,52.16362327305765],[4.488168,52.163639],[4.487713,52.163743],[4.487496,52.164362],[4.486447,52.164911],[4.486106,52.165879],[4.483568,52.167019],[4.482298,52.167675],[4.480578867709012,52.16637911049312]]},"properties":{"edge_id":"edge/74e3d963dceb","stop_a":"stop/leiden-energiepark__33da34a6b8","stop_b":"stop/leiden-leiden-cs-westzijde__7a42342c5f","stop_a_name":"Leiden, Energiepark","stop_b_name":"Leiden, Leiden CS Westzijde","num_lines":3,"line_ids":["EBS:3045","QBUZZ:z400","QBUZZ:z401"],"line_refs":["45","400","401"],"lines":[{"line_id":"EBS:3045","line_ref":"45","line_name":"Den Haag Centraal via Leidschendam - Leiden","agency_id":"EBS"},{"line_id":"QBUZZ:z400","line_ref":"400","line_name":"Katwijk ESA/ESTEC - Zoetermeer","agency_id":"QBUZZ"},{"line_id":"QBUZZ:z401","line_ref":"401","line_name":"Katwijk-Centrum - Zoetermeer","agency_id":"QBUZZ"}],"variant_ids":["EBS:3045|1478709","EBS:3045|1478710","QBUZZ:z400|1578613","QBUZZ:z400|1589338","QBUZZ:z400|1589341","QBUZZ:z400|1625069","QBUZZ:z400|1655039","QBUZZ:z400|1655040","QBUZZ:z401|1578624","QBUZZ:z401|1589342","QBUZZ:z401|1589343","QBUZZ:z401|1625071","QBUZZ:z401|1655044","QBUZZ:z401|1655046"],"representative_variant_id":"QBUZZ:z400|1625069","length_m":921.8}},{"type":"Feature","geometry":{"type":"LineString","coordinates":[[4.489605789999733,52.163695],[4.493332,52.163418],[4.498107,52.162896],[4.497692,52.161698],[4.497481284590515,52.16139263331547]]},"properties":{"edge_id":"edge/94cfff2fd7c5","stop_a":"stop/leiden-energiepark__33da34a6b8","stop_b":"stop/leiden-pelikaan__82b6e2d587","stop_a_name":"Leiden, Energiepark","stop_b_name":"Leiden, Pelikaan","num_lines":3,"line_ids":["EBS:3045","QBUZZ:z400","QBUZZ:z401"],"line_refs":["45","400","401"],"lines":[{"line_id":"EBS:3045","line_ref":"45","line_name":"Den Haag Centraal via Leidschendam - Leiden","agency_id":"EBS"},{"line_id":"QBUZZ:z400","line_ref":"400","line_name":"Katwijk ESA/ESTEC - Zoetermeer","agency_id":"QBUZZ"},{"line_id":"QBUZZ:z401","line_ref":"401","line_name":"Katwijk-Centrum - Zoetermeer","agency_id":"QBUZZ"}],"variant_ids":["EBS:3045|1478709","EBS:3045|1478710","QBUZZ:z400|1578613","QBUZZ:z400|1589338","QBUZZ:z400|1589341","QBUZZ:z400|1625069","QBUZZ:z400|1655039","QBUZZ:z400|1655040","QBUZZ:z401|1578624","QBUZZ:z401|1589342","QBUZZ:z401|1589343","QBUZZ:z401|1625071","QBUZZ:z401|1655044","QBUZZ:z401|1655046"],"representative_variant_id":"QBUZZ:z400|1589341","length_m":759.9}},{"type":"Feature","geometry":{"type":"LineString","coordinates":[[4.502617246637534,52.18118432281214],[4.501961,52.180812],[4.501524,52.180728],[4.498712,52.180959],[4.498232,52.180829],[4.498089,52.180675],[4.497595,52.179072],[4.497176464973624,52.178795985506326]]},"properties":{"edge_id":"edge/47fddc878efc","stop_a":"stop/leiden-fakkelgras__cea8c583d7","stop_b":"stop/leiden-vossebes__db848a2627","stop_a_name":"Leiden, Fakkelgras","stop_b_name":"Leiden, Vossebes","num_lines":1,"line_ids":["QBUZZ:z094"],"line_refs":["4"],"lines":[{"line_id":"QBUZZ:z094","line_ref":"4","line_name":"Leiden: Merenwijk - De Vink","agency_id":"QBUZZ"}],"variant_ids":["QBUZZ:z094|1578474","QBUZZ:z094|1578475","QBUZZ:z094|1578476","QBUZZ:z094|1589327","QBUZZ:z094|1589328"],"representative_variant_id":"QBUZZ:z094|1578475","length_m":564.4}},{"type":"Feature","geometry":{"type":"LineString","coordinates":[[4.486035458386106,52.1482286577584],[4.487049,52.1488],[4.487769,52.149344],[4.488367,52.150122],[4.488497,52.150177],[4.488890638823857,52.150143467838994]]},"properties":{"edge_id":"edge/6a092a681f47","stop_a":"stop/leiden-fruitweg__a65f6d13e1","stop_b":"stop/leiden-herenstraat__3be7b08685","stop_a_name":"Leiden, Fruitweg","stop_b_name":"Leiden, Herenstraat","num_lines":1,"line_ids":["QBUZZ:z054"],"line_refs":["54"],"lines":[{"line_id":"QBUZZ:z054","line_ref":"54","line_name":"Voorhout - Leiden - De Vink","agency_id":"QBUZZ"}],"variant_ids":["QBUZZ:z054|1578417","QBUZZ:z054|1578418","QBUZZ:z054|1578422","QBUZZ:z054|1578423"],"representative_variant_id":"QBUZZ:z054|1578417","length_m":305.4}},{"type":"Feature","geometry":{"type":"LineString","coordinates":[[4.486035458386106,52.1482286577584],[4.485792,52.148107],[4.485326,52.148031],[4.481943470760181,52.148005951053804]]},"properties":{"edge_id":"edge/e9bbf0eb9e75","stop_a":"stop/leiden-fruitweg__a65f6d13e1","stop_b":"stop/leiden-rosenburch__2721a2f525","stop_a_name":"Leiden, Fruitweg","stop_b_name":"Leiden, Rosenburch","num_lines":1,"line_ids":["QBUZZ:z054"],"line_refs":["54"],"lines":[{"line_id":"QBUZZ:z054","line_ref":"54","line_name":"Voorhout - Leiden - De Vink","agency_id":"QBUZZ"}],"variant_ids":["QBUZZ:z054|1578417","QBUZZ:z054|1578418","QBUZZ:z054|1578422","QBUZZ:z054|1578423"],"representative_variant_id":"QBUZZ:z054|1578417","length_m":285.1}},{"type":"Feature","geometry":{"type":"LineString","coordinates":[[4.457351902858043,52.15722370053796],[4.4539529438592265,52.15544380745596]]},"properties":{"edge_id":"edge/a07142ce749c","stop_a":"stop/leiden-gandhistraat__a82c9a2d33","stop_b":"stop/leiden-helena-verburgstraat__0ee377e84c","stop_a_name":"Leiden, Gandhistraat","stop_b_name":"Leiden, Helena Verburgstraat","num_lines":1,"line_ids":["QBUZZ:z092"],"line_refs":["2"],"lines":[{"line_id":"QBUZZ:z092","line_ref":"2","line_name":"Leiden: De Vink - Oranjewijk","agency_id":"QBUZZ"}],"variant_ids":["QBUZZ:z092|1578459","QBUZZ:z092|1578460","QBUZZ:z092|1578461","QBUZZ:z092|1578462"],"representative_variant_id":"QBUZZ:z092|1578461","length_m":304.9}},{"type":"Feature","geometry":{"type":"LineString","coordinates":[[4.457351902858043,52.15722370053796],[4.458703,52.157946],[4.4591068514416685,52.157650083064425]]},"properties":{"edge_id":"edge/17f5f3b0b3bc","stop_a":"stop/leiden-gandhistraat__a82c9a2d33","stop_b":"stop/leiden-turkooislaan__0b89440725","stop_a_name":"Leiden, Gandhistraat","stop_b_name":"Leiden, Turkooislaan","num_lines":1,"line_ids":["QBUZZ:z092"],"line_refs":["2"],"lines":[{"line_id":"QBUZZ:z092","line_ref":"2","line_name":"Leiden: De Vink - Oranjewijk","agency_id":"QBUZZ"}],"variant_ids":["QBUZZ:z092|1578459","QBUZZ:z092|1578460","QBUZZ:z092|1578461","QBUZZ:z092|1578462"],"representative_variant_id":"QBUZZ:z092|1578461","length_m":165.2}},{"type":"Feature","geometry":{"type":"LineString","coordinates":[[4.473661037194854,52.162387866619184],[4.473291,52.162105],[4.472021,52.162724],[4.471747,52.163288],[4.469912396881451,52.16325568220027]]},"properties":{"edge_id":"edge/f7dedd54693f","stop_a":"stop/leiden-gerard-brandtstraat__48a63c43d2","stop_b":"stop/leiden-muiderkring__7b1ba6729e","stop_a_name":"Leiden, Gerard Brandtstraat","stop_b_name":"Leiden, Muiderkring","num_lines":1,"line_ids":["QBUZZ:z092"],"line_refs":["2"],"lines":[{"line_id":"QBUZZ:z092","line_ref":"2","line_name":"Leiden: De Vink - Oranjewijk","agency_id":"QBUZZ"}],"variant_ids":["QBUZZ:z092|1578459","QBUZZ:z092|1578460","QBUZZ:z092|1578461"],"representative_variant_id":"QBUZZ:z092|1578461","length_m":341.6}},{"type":"Feature","geometry":{"type":"LineString","coordinates":[[4.473658512602053,52.162389286654054],[4.474989,52.163385],[4.474919,52.163942],[4.476421,52.164151],[4.477414,52.164186],[4.478,52.164127],[4.47963,52.163762],[4.480072,52.163586],[4.480232,52.163605],[4.480667,52.163797],[4.481746,52.164606],[4.481317,52.164872],[4.481447,52.164972],[4.482348,52.165212],[4.482595846801475,52.165427840095326]]},"properties":{"edge_id":"edge/abb3e62e815f","stop_a":"stop/leiden-gerard-brandtstraat__48a63c43d2","stop_b":"stop/leiden-station-leiden-centraal__4a6a8ec982","stop_a_name":"Leiden, Gerard Brandtstraat","stop_b_name":"Leiden, Station Leiden Centraal","num_lines":1,"line_ids":["QBUZZ:z092"],"line_refs":["2"],"lines":[{"line_id":"QBUZZ:z092","line_ref":"2","line_name":"Leiden: De Vink - Oranjewijk","agency_id":"QBUZZ"}],"variant_ids":["QBUZZ:z092|1578459","QBUZZ:z092|1578460","QBUZZ:z092|1578461"],"representative_variant_id":"QBUZZ:z092|1578459","length_m":889.0}},{"type":"Feature","geometry":{"type":"LineString","coordinates":[[4.463821354383957,52.16976674981419],[4.457929908949719,52.17034518173645]]},"properties":{"edge_id":"edge/ee36ebb23b9f","stop_a":"stop/leiden-gorlaeus-laboratorium__0fe5544683","stop_b":"stop/leiden-wassenaarseweg-corpus__2cca562357","stop_a_name":"Leiden, Gorlaeus Laboratorium","stop_b_name":"Leiden, Wassenaarseweg/Corpus","num_lines":1,"line_ids":["QBUZZ:z056"],"line_refs":["56"],"lines":[{"line_id":"QBUZZ:z056","line_ref":"56","line_name":"Sassenheim - Leiden- Roelofarendsveen","agency_id":"QBUZZ"}],"variant_ids":["QBUZZ:z056|1578424","QBUZZ:z056|1578425","QBUZZ:z056|1578427","QBUZZ:z056|1578428","QBUZZ:z056|1578429","QBUZZ:z056|1578430","QBUZZ:z056|1578431"],"representative_variant_id":"QBUZZ:z056|1578424","length_m":406.9}},{"type":"Feature","geometry":{"type":"LineString","coordinates":[[4.493585203680801,52.16855246662063],[4.494841,52.168328],[4.502878,52.167768],[4.504123,52.167625],[4.505506247901415,52.16764566081517]]},"properties":{"edge_id":"edge/547a07d49478","stop_a":"stop/leiden-groenoord__81030314ac","stop_b":"stop/leiden-kooiplein__26d71e5324","stop_a_name":"Leiden, Groenoord","stop_b_name":"Leiden, Kooiplein","num_lines":3,"line_ids":["QBUZZ:z365","QBUZZ:z366","QBUZZ:z410"],"line_refs":["365","366","410"],"lines":[{"line_id":"QBUZZ:z365","line_ref":"365","line_name":"Leiden - Schiphol","agency_id":"QBUZZ"},{"line_id":"QBUZZ:z366","line_ref":"366","line_name":"Leiden - Leimuiden","agency_id":"QBUZZ"},{"line_id":"QBUZZ:z410","line_ref":"410","line_name":"Leiderdorp - Leiden","agency_id":"QBUZZ"}],"variant_ids":["QBUZZ:z365|1578584","QBUZZ:z365|1589335","QBUZZ:z365|1625057","QBUZZ:z365|1625058","QBUZZ:z365|1655033","QBUZZ:z366|1578586","QBUZZ:z366|1589337","QBUZZ:z410|1578628","QBUZZ:z410|1589346"],"representative_variant_id":"QBUZZ:z365|1589335","length_m":821.6}},{"type":"Feature","geometry":{"type":"LineString","coordinates":[[4.493585203680801,52.16855246662063],[4.489598,52.169555],[4.488933,52.169946],[4.488453,52.169807],[4.488063,52.169553],[4.486409,52.168228],[4.486247,52.168307],[4.48591,52.168305],[4.484586,52.167288],[4.484215,52.166845],[4.48407,52.166799],[4.483908,52.166869],[4.482298,52.167675],[4.480550702975425,52.166358280325575]]},"properties":{"edge_id":"edge/d3c6ac37759f","stop_a":"stop/leiden-groenoord__81030314ac","stop_b":"stop/leiden-leiden-cs-westzijde__7a42342c5f","stop_a_name":"Leiden, Groenoord","stop_b_name":"Leiden, Leiden CS Westzijde","num_lines":3,"line_ids":["QBUZZ:z365","QBUZZ:z366","QBUZZ:z410"],"line_refs":["365","366","410"],"lines":[{"line_id":"QBUZZ:z365","line_ref":"365","line_name":"Leiden - Schiphol","agency_id":"QBUZZ"},{"line_id":"QBUZZ:z366","line_ref":"366","line_name":"Leiden - Leimuiden","agency_id":"QBUZZ"},{"line_id":"QBUZZ:z410","line_ref":"410","line_name":"Leiderdorp - Leiden","agency_id":"QBUZZ"}],"variant_ids":["QBUZZ:z365|1578584","QBUZZ:z365|1589335","QBUZZ:z365|1625057","QBUZZ:z365|1625058","QBUZZ:z365|1655033","QBUZZ:z366|1578586","QBUZZ:z366|1589337","QBUZZ:z410|1578628","QBUZZ:z410|1589346"],"representative_variant_id":"QBUZZ:z365|1589335","length_m":1209.6}},{"type":"Feature","geometry":{"type":"LineString","coordinates":[[4.493597900122986,52.16854906898117],[4.489598,52.169555],[4.488933,52.169946],[4.488241288661539,52.16967354499786]]},"properties":{"edge_id":"edge/c3e38ceceff9","stop_a":"stop/leiden-groenoord__81030314ac","stop_b":"stop/leiden-schipholweg__54ed4a9567","stop_a_name":"Leiden, Groenoord","stop_b_name":"Leiden, Schipholweg","num_lines":2,"line_ids":["QBUZZ:z093","QBUZZ:z094"],"line_refs":["3","4"],"lines":[{"line_id":"QBUZZ:z093","line_ref":"3","line_name":"Leiden: Merenwijk - Leyhof","agency_id":"QBUZZ"},{"line_id":"QBUZZ:z094","line_ref":"4","line_name":"Leiden: Merenwijk - De Vink","agency_id":"QBUZZ"}],"variant_ids":["QBUZZ:z093|1578463","QBUZZ:z093|1589322","QBUZZ:z093|1589323","QBUZZ:z093|1589324","QBUZZ:z094|1578476","QBUZZ:z094|1589327","QBUZZ:z094|1589328"],"representative_variant_id":"QBUZZ:z093|1589322","length_m":413.7}},{"type":"Feature","geometry":{"type":"LineString","coordinates":[[4.449862168235895,52.15893164457957],[4.450071,52.159109],[4.451719,52.159958],[4.452041,52.15997],[4.452126,52.160069],[4.45205,52.160194],[4.453376,52.161095],[4.454306191102326,52.1616165450968]]},"properties":{"edge_id":"edge/769e1b05b090","stop_a":"stop/leiden-haagse-schouw__b3daa01234","stop_b":"stop/leiden-rhijnhof__25ced096d1","stop_a_name":"Leiden, Haagse Schouw","stop_b_name":"Leiden, Rhijnhof","num_lines":1,"line_ids":["EBS:3043"],"line_refs":["43"],"lines":[{"line_id":"EBS:3043","line_ref":"43","line_name":"Den Haag Centraal via Wassenaar - Leiden Centraal","agency_id":"EBS"}],"variant_ids":["EBS:3043|1478702","EBS:3043|1478704","EBS:3043|1478705"],"representative_variant_id":"EBS:3043|1478702","length_m":441.3}},{"type":"Feature","geometry":{"type":"LineString","coordinates":[[4.449862168235895,52.15893164457957],[4.449641,52.158719],[4.449659,52.158548],[4.449368,52.158465],[4.449175,52.158643],[4.448365,52.158916],[4.447301,52.159491],[4.446111,52.15977],[4.445499,52.159693],[4.444964,52.159392],[4.444236,52.157885],[4.443793035411175,52.157274858423335]]},"properties":{"edge_id":"edge/f36c0fd693bb","stop_a":"stop/leiden-haagse-schouw__b3daa01234","stop_b":"stop/leiden-valkenburgse-meer__028742a8aa","stop_a_name":"Leiden, Haagse Schouw","stop_b_name":"Leiden, Valkenburgse Meer","num_lines":1,"line_ids":["EBS:3043"],"line_refs":["43"],"lines":[{"line_id":"EBS:3043","line_ref":"43","line_name":"Den Haag Centraal via Wassenaar - Leiden Centraal","agency_id":"EBS"}],"variant_ids":["EBS:3043|1478702","EBS:3043|1478704","EBS:3043|1478705"],"representative_variant_id":"EBS:3043|1478702","length_m":680.6}},{"type":"Feature","geometry":{"type":"LineString","coordinates":[[4.445914048301656,52.15531045410031],[4.444509,52.155344],[4.443466,52.154904],[4.441877,52.154046],[4.441888,52.153525],[4.443142840481126,52.15272598950432]]},"properties":{"edge_id":"edge/ec099337420b","stop_a":"stop/leiden-hadewychlaan__468791c3b3","stop_b":"stop/leiden-heintje-davidsweg__f98a2afe7e","stop_a_name":"Leiden, Hadewychlaan","stop_b_name":"Leiden, Heintje Davidsweg","num_lines":1,"line_ids":["QBUZZ:z092"],"line_refs":["2"],"lines":[{"line_id":"QBUZZ:z092","line_ref":"2","line_name":"Leiden: De Vink - Oranjewijk","agency_id":"QBUZZ"}],"variant_ids":["QBUZZ:z092|1578459","QBUZZ:z092|1578460","QBUZZ:z092|1578461","QBUZZ:z092|1578462"],"representative_variant_id":"QBUZZ:z092|1578461","length_m":508.0}},{"type":"Feature","geometry":{"type":"LineString","coordinates":[[4.445911325269031,52.155303548195064],[4.446615,52.155279],[4.44695,52.155336],[4.448847,52.156142],[4.449111,52.156099],[4.449337055197022,52.155942693985196]]},"properties":{"edge_id":"edge/533904c032fa","stop_a":"stop/leiden-hadewychlaan__468791c3b3","stop_b":"stop/leiden-van-hoornkade__d4409741f9","stop_a_name":"Leiden, Hadewychlaan","stop_b_name":"Leiden, van Hoornkade","num_lines":1,"line_ids":["QBUZZ:z092"],"line_refs":["2"],"lines":[{"line_id":"QBUZZ:z092","line_ref":"2","line_name":"Leiden: De Vink - Oranjewijk","agency_id":"QBUZZ"}],"variant_ids":["QBUZZ:z092|1578459","QBUZZ:z092|1578460","QBUZZ:z092|1578461","QBUZZ:z092|1578462"],"representative_variant_id":"QBUZZ:z092|1578459","length_m":271.1}},{"type":"Feature","geometry":{"type":"LineString","coordinates":[[4.453953013659421,52.155443813094465],[4.452774,52.154942],[4.451247,52.154579],[4.450059,52.155514],[4.449337055197022,52.155942693985196]]},"properties":{"edge_id":"edge/27eb9bf40b3e","stop_a":"stop/leiden-helena-verburgstraat__0ee377e84c","stop_b":"stop/leiden-van-hoornkade__d4409741f9","stop_a_name":"Leiden, Helena Verburgstraat","stop_b_name":"Leiden, van Hoornkade","num_lines":1,"line_ids":["QBUZZ:z092"],"line_refs":["2"],"lines":[{"line_id":"QBUZZ:z092","line_ref":"2","line_name":"Leiden: De Vink - Oranjewijk","agency_id":"QBUZZ"}],"variant_ids":["QBUZZ:z092|1578459","QBUZZ:z092|1578460","QBUZZ:z092|1578461","QBUZZ:z092|1578462"],"representative_variant_id":"QBUZZ:z092|1578459","length_m":410.0}},{"type":"Feature","geometry":{"type":"LineString","coordinates":[[4.488866696121013,52.15006053787221],[4.493244792569012,52.14951423180728]]},"properties":{"edge_id":"edge/4265a6d4875a","stop_a":"stop/leiden-herenstraat__3be7b08685","stop_b":"stop/leiden-koninginnelaan__72c5fc75a0","stop_a_name":"Leiden, Herenstraat","stop_b_name":"Leiden, Koninginnelaan","num_lines":1,"line_ids":["QBUZZ:z054"],"line_refs":["54"],"lines":[{"line_id":"QBUZZ:z054","line_ref":"54","line_name":"Voorhout - Leiden - De Vink","agency_id":"QBUZZ"}],"variant_ids":["QBUZZ:z054|1578417","QBUZZ:z054|1578418","QBUZZ:z054|1578422","QBUZZ:z054|1578423"],"representative_variant_id":"QBUZZ:z054|1578418","length_m":304.8}},{"type":"Feature","geometry":{"type":"LineString","coordinates":[[4.494852209111055,52.1557374485923],[4.494894,52.156185],[4.495479,52.157636],[4.496556,52.159298],[4.496785,52.159543],[4.497529650534709,52.15941376075248]]},"properties":{"edge_id":"edge/7a5839592c92","stop_a":"stop/leiden-hogewoerd__cb9a056577","stop_b":"stop/leiden-hooigracht__72c7efdb95","stop_a_name":"Leiden, Hogewoerd","stop_b_name":"Leiden, Hooigracht","num_lines":1,"line_ids":["QBUZZ:z093"],"line_refs":["3"],"lines":[{"line_id":"QBUZZ:z093","line_ref":"3","line_name":"Leiden: Merenwijk - Leyhof","agency_id":"QBUZZ"}],"variant_ids":["QBUZZ:z093|1578463","QBUZZ:z093|1589322","QBUZZ:z093|1589324","QBUZZ:z093|1589326"],"representative_variant_id":"QBUZZ:z093|1578463","length_m":499.1}},{"type":"Feature","geometry":{"type":"LineString","coordinates":[[4.494725525776821,52.1557358281936],[4.494657,52.154889],[4.493968,52.154982],[4.493674,52.155097],[4.493443631602491,52.155756465613806]]},"properties":{"edge_id":"edge/2d0d388d2245","stop_a":"stop/leiden-hogewoerd__cb9a056577","stop_b":"stop/leiden-korevaarstraat__9269dffef2","stop_a_name":"Leiden, Hogewoerd","stop_b_name":"Leiden, Korevaarstraat","num_lines":2,"line_ids":["QBUZZ:z056","QBUZZ:z093"],"line_refs":["3","56"],"lines":[{"line_id":"QBUZZ:z056","line_ref":"56","line_name":"Sassenheim - Leiden- Roelofarendsveen","agency_id":"QBUZZ"},{"line_id":"QBUZZ:z093","line_ref":"3","line_name":"Leiden: Merenwijk - Leyhof","agency_id":"QBUZZ"}],"variant_ids":["QBUZZ:z056|1578425","QBUZZ:z056|1578426","QBUZZ:z056|1578427","QBUZZ:z056|1578428","QBUZZ:z056|1578429","QBUZZ:z056|1578432","QBUZZ:z093|1578463","QBUZZ:z093|1589322","QBUZZ:z093|1589324","QBUZZ:z093|1589326"],"representative_variant_id":"QBUZZ:z056|1578425","length_m":241.2}},{"type":"Feature","geometry":{"type":"LineString","coordinates":[[4.494677519580688,52.15572967622619],[4.494541,52.154124],[4.494426,52.154033],[4.493916,52.15393],[4.493701,52.15374],[4.494373062218858,52.15145107742912]]},"properties":{"edge_id":"edge/604657863e2a","stop_a":"stop/leiden-hogewoerd__cb9a056577","stop_b":"stop/leiden-leliestraat__223da1a506","stop_a_name":"Leiden, Hogewoerd","stop_b_name":"Leiden, Leliestraat","num_lines":1,"line_ids":["EBS:3045"],"line_refs":["45"],"lines":[{"line_id":"EBS:3045","line_ref":"45","line_name":"Den Haag Centraal via Leidschendam - Leiden","agency_id":"EBS"}],"variant_ids":["EBS:3045|1478709","EBS:3045|1478710"],"representative_variant_id":"EBS:3045|1478710","length_m":512.6}},{"type":"Feature","geometry":{"type":"LineString","coordinates":[[4.494850001805523,52.15572567629612],[4.494894,52.156185],[4.495479,52.157636],[4.496899,52.159705],[4.497096,52.160102],[4.497138,52.16093],[4.497477972705012,52.16138840842369]]},"properties":{"edge_id":"edge/ebddb203d87f","stop_a":"stop/leiden-hogewoerd__cb9a056577","stop_b":"stop/leiden-pelikaan__82b6e2d587","stop_a_name":"Leiden, Hogewoerd","stop_b_name":"Leiden, Pelikaan","num_lines":4,"line_ids":["EBS:3045","QBUZZ:z056","QBUZZ:z400","QBUZZ:z401"],"line_refs":["45","56","400","401"],"lines":[{"line_id":"EBS:3045","line_ref":"45","line_name":"Den Haag Centraal via Leidschendam - Leiden","agency_id":"EBS"},{"line_id":"QBUZZ:z056","line_ref":"56","line_name":"Sassenheim - Leiden- Roelofarendsveen","agency_id":"QBUZZ"},{"line_id":"QBUZZ:z400","line_ref":"400","line_name":"Katwijk ESA/ESTEC - Zoetermeer","agency_id":"QBUZZ"},{"line_id":"QBUZZ:z401","line_ref":"401","line_name":"Katwijk-Centrum - Zoetermeer","agency_id":"QBUZZ"}],"variant_ids":["EBS:3045|1478709","EBS:3045|1478710","QBUZZ:z056|1578425","QBUZZ:z056|1578426","QBUZZ:z056|1578427","QBUZZ:z056|1578428","QBUZZ:z056|1578429","QBUZZ:z056|1578432","QBUZZ:z400|1578613","QBUZZ:z400|1589338","QBUZZ:z400|1589341","QBUZZ:z400|1625069","QBUZZ:z400|1655039","QBUZZ:z400|1655040","QBUZZ:z401|1578624","QBUZZ:z401|1589342","QBUZZ:z401|1589343","QBUZZ:z401|1625071","QBUZZ:z401|1655044","QBUZZ:z401|1655046"],"representative_variant_id":"QBUZZ:z056|1578428","length_m":661.3}},{"type":"Feature","geometry":{"type":"LineString","coordinates":[[4.494846272008834,52.155705784047115],[4.494659,52.154044],[4.493877,52.153687],[4.493836,52.153588],[4.49453,52.15176],[4.494617,52.151059],[4.494527,52.150429],[4.494347,52.149943],[4.493949,52.149355],[4.492031056892815,52.147332053835456]]},"properties":{"edge_id":"edge/aab84d80f622","stop_a":"stop/leiden-hogewoerd__cb9a056577","stop_b":"stop/leiden-station-lammenschans__6493dc01d3","stop_a_name":"Leiden, Hogewoerd","stop_b_name":"Leiden, Station Lammenschans","num_lines":2,"line_ids":["QBUZZ:z400","QBUZZ:z401"],"line_refs":["400","401"],"lines":[{"line_id":"QBUZZ:z400","line_ref":"400","line_name":"Katwijk ESA/ESTEC - Zoetermeer","agency_id":"QBUZZ"},{"line_id":"QBUZZ:z401","line_ref":"401","line_name":"Katwijk-Centrum - Zoetermeer","agency_id":"QBUZZ"}],"variant_ids":["QBUZZ:z400|1578613","QBUZZ:z400|1589338","QBUZZ:z400|1589341","QBUZZ:z400|1625069","QBUZZ:z400|1655039","QBUZZ:z400|1655040","QBUZZ:z401|1578624","QBUZZ:z401|1589342","QBUZZ:z401|1589343","QBUZZ:z401|1625071","QBUZZ:z401|1655044","QBUZZ:z401|1655046"],"representative_variant_id":"QBUZZ:z400|1589338","length_m":1006.7}},{"type":"Feature","geometry":{"type":"LineString","coordinates":[[4.497529650534709,52.15941376075248],[4.500813360845333,52.158938053555445]]},"properties":{"edge_id":"edge/101f148264d4","stop_a":"stop/leiden-hooigracht__72c7efdb95","stop_b":"stop/leiden-oosterkerkstraat__452f36a841","stop_a_name":"Leiden, Hooigracht","stop_b_name":"Leiden, Oosterkerkstraat","num_lines":1,"line_ids":["QBUZZ:z093"],"line_refs":["3"],"lines":[{"line_id":"QBUZZ:z093","line_ref":"3","line_name":"Leiden: Merenwijk - Leyhof","agency_id":"QBUZZ"}],"variant_ids":["QBUZZ:z093|1578463","QBUZZ:z093|1589322","QBUZZ:z093|1589324","QBUZZ:z093|1589326"],"representative_variant_id":"QBUZZ:z093|1578463","length_m":230.2}},{"type":"Feature","geometry":{"type":"LineString","coordinates":[[4.4993311523464845,52.16271376059051],[4.499998,52.162614],[4.500539,52.162618],[4.500766,52.163671],[4.502527,52.163352],[4.505758,52.163304],[4.506039,52.163127],[4.50646,52.163265],[4.506510330374995,52.16367147237522]]},"properties":{"edge_id":"edge/aadb891af870","stop_a":"stop/leiden-houtmarkt__bbb8a33550","stop_b":"stop/leiden-kooipark__5aaa320d78","stop_a_name":"Leiden, Houtmarkt","stop_b_name":"Leiden, Kooipark","num_lines":1,"line_ids":["QBUZZ:z056"],"line_refs":["56"],"lines":[{"line_id":"QBUZZ:z056","line_ref":"56","line_name":"Sassenheim - Leiden- Roelofarendsveen","agency_id":"QBUZZ"}],"variant_ids":["QBUZZ:z056|1578425","QBUZZ:z056|1578426","QBUZZ:z056|1578427","QBUZZ:z056|1578428","QBUZZ:z056|1578429","QBUZZ:z056|1578432"],"representative_variant_id":"QBUZZ:z056|1578425","length_m":652.9}},{"type":"Feature","geometry":{"type":"LineString","coordinates":[[4.4993311523464845,52.16271376059051],[4.49799,52.162904],[4.497814,52.162193],[4.497389444219362,52.16141469237194]]},"properties":{"edge_id":"edge/2518e97ff3c2","stop_a":"stop/leiden-houtmarkt__bbb8a33550","stop_b":"stop/leiden-pelikaan__82b6e2d587","stop_a_name":"Leiden, Houtmarkt","stop_b_name":"Leiden, Pelikaan","num_lines":1,"line_ids":["QBUZZ:z056"],"line_refs":["56"],"lines":[{"line_id":"QBUZZ:z056","line_ref":"56","line_name":"Sassenheim - Leiden- Roelofarendsveen","agency_id":"QBUZZ"}],"variant_ids":["QBUZZ:z056|1578425","QBUZZ:z056|1578426","QBUZZ:z056|1578427","QBUZZ:z056|1578428","QBUZZ:z056|1578429","QBUZZ:z056|1578432"],"representative_variant_id":"QBUZZ:z056|1578425","length_m":265.1}},{"type":"Feature","geometry":{"type":"LineString","coordinates":[[4.465406139038533,52.16307905819989],[4.466045,52.16337],[4.466187001666713,52.16359538420093]]},"properties":{"edge_id":"edge/345068c83012","stop_a":"stop/leiden-jan-luykenlaan__acba0591da","stop_b":"stop/leiden-verbeekstraat__6e00f9f8b2","stop_a_name":"Leiden, Jan Luykenlaan","stop_b_name":"Leiden, Verbeekstraat","num_lines":1,"line_ids":["QBUZZ:z092"],"line_refs":["2"],"lines":[{"line_id":"QBUZZ:z092","line_ref":"2","line_name":"Leiden: De Vink - Oranjewijk","agency_id":"QBUZZ"}],"variant_ids":["QBUZZ:z092|1578459","QBUZZ:z092|1578460","QBUZZ:z092|1578461"],"representative_variant_id":"QBUZZ:z092|1578461","length_m":81.1}},{"type":"Feature","geometry":{"type":"LineString","coordinates":[[4.4897717154501136,52.15345837013746],[4.489728,52.153656],[4.49376,52.153713],[4.493874,52.153876],[4.494326,52.153915],[4.494528,52.154025],[4.494657,52.154889],[4.497980038593836,52.15489604574692]]},"properties":{"edge_id":"edge/feb1219f4082","stop_a":"stop/leiden-jan-van-houtkade__a286dcbd0b","stop_b":"stop/leiden-kraaierstraat__c6a60cf2c8","stop_a_name":"Leiden, Jan van Houtkade","stop_b_name":"Leiden, Kraaierstraat","num_lines":2,"line_ids":["QBUZZ:z182","QBUZZ:z187"],"line_refs":["182","187"],"lines":[{"line_id":"QBUZZ:z182","line_ref":"182","line_name":"Alphen a/d Rijn - Leiden","agency_id":"QBUZZ"},{"line_id":"QBUZZ:z187","line_ref":"187","line_name":"Boskoop - Leiden","agency_id":"QBUZZ"}],"variant_ids":["QBUZZ:z182|1578503","QBUZZ:z182|1578505","QBUZZ:z187|1578510","QBUZZ:z187|1578511","QBUZZ:z187|1578513","QBUZZ:z187|1578514","QBUZZ:z187|1578516","QBUZZ:z187|1589331","QBUZZ:z187|1589332","QBUZZ:z187|1589334","QBUZZ:z187|1625027","QBUZZ:z187|1625028"],"representative_variant_id":"QBUZZ:z182|1578503","length_m":689.8}},{"type":"Feature","geometry":{"type":"LineString","coordinates":[[4.4897717154501136,52.15345837013746],[4.489779,52.153288],[4.484862,52.154374],[4.483948,52.154025],[4.483671,52.153996],[4.483114,52.154109],[4.482796216586429,52.15428176989797]]},"properties":{"edge_id":"edge/60ed2e153601","stop_a":"stop/leiden-jan-van-houtkade__a286dcbd0b","stop_b":"stop/leiden-witte-rozenstraat__752f36ef55","stop_a_name":"Leiden, Jan van Houtkade","stop_b_name":"Leiden, Witte Rozenstraat","num_lines":2,"line_ids":["QBUZZ:z182","QBUZZ:z187"],"line_refs":["182","187"],"lines":[{"line_id":"QBUZZ:z182","line_ref":"182","line_name":"Alphen a/d Rijn - Leiden","agency_id":"QBUZZ"},{"line_id":"QBUZZ:z187","line_ref":"187","line_name":"Boskoop - Leiden","agency_id":"QBUZZ"}],"variant_ids":["QBUZZ:z182|1578503","QBUZZ:z182|1578505","QBUZZ:z187|1578510","QBUZZ:z187|1578511","QBUZZ:z187|1578513","QBUZZ:z187|1578514","QBUZZ:z187|1578516","QBUZZ:z187|1589331","QBUZZ:z187|1589332","QBUZZ:z187|1589334","QBUZZ:z187|1625027","QBUZZ:z187|1625028"],"representative_variant_id":"QBUZZ:z182|1578503","length_m":537.1}},{"type":"Feature","geometry":{"type":"LineString","coordinates":[[4.474614603210165,52.14151997505259],[4.477167,52.141893],[4.476540363238071,52.14330488518304]]},"properties":{"edge_id":"edge/5054ee8aa61f","stop_a":"stop/leiden-kennedylaan__119bb61729","stop_b":"stop/leiden-van-der-helmlaan__57e1841a63","stop_a_name":"Leiden, Kennedylaan","stop_b_name":"Leiden, van der Helmlaan","num_lines":1,"line_ids":["QBUZZ:z094"],"line_refs":["4"],"lines":[{"line_id":"QBUZZ:z094","line_ref":"4","line_name":"Leiden: Merenwijk - De Vink","agency_id":"QBUZZ"}],"variant_ids":["QBUZZ:z094|1578476","QBUZZ:z094|1589327","QBUZZ:z094|1589328"],"representative_variant_id":"QBUZZ:z094|1589327","length_m":341.8}},{"type":"Feature","geometry":{"type":"LineString","coordinates":[[4.493244792569012,52.14951423180728],[4.493992,52.149437],[4.494347,52.149943],[4.494595,52.150682],[4.494551066303419,52.15165335183894]]},"properties":{"edge_id":"edge/5504075d531e","stop_a":"stop/leiden-koninginnelaan__72c5fc75a0","stop_b":"stop/leiden-leliestraat__223da1a506","stop_a_name":"Leiden, Koninginnelaan","stop_b_name":"Leiden, Leliestraat","num_lines":1,"line_ids":["QBUZZ:z054"],"line_refs":["54"],"lines":[{"line_id":"QBUZZ:z054","line_ref":"54","line_name":"Voorhout - Leiden - De Vink","agency_id":"QBUZZ"}],"variant_ids":["QBUZZ:z054|1578417","QBUZZ:z054|1578418","QBUZZ:z054|1578422","QBUZZ:z054|1578423"],"representative_variant_id":"QBUZZ:z054|1578418","length_m":304.9}},{"type":"Feature","geometry":{"type":"LineString","coordinates":[[4.506628185744802,52.16367118058414],[4.50661634793727,52.166458559963985]]},"properties":{"edge_id":"edge/eefb5e2ce82d","stop_a":"stop/leiden-kooipark__5aaa320d78","stop_b":"stop/leiden-surinamestraat__89b92dc1e9","stop_a_name":"Leiden, Kooipark","stop_b_name":"Leiden, Surinamestraat","num_lines":2,"line_ids":["QBUZZ:z056","QBUZZ:z093"],"line_refs":["3","56"],"lines":[{"line_id":"QBUZZ:z056","line_ref":"56","line_name":"Sassenheim - Leiden- Roelofarendsveen","agency_id":"QBUZZ"},{"line_id":"QBUZZ:z093","line_ref":"3","line_name":"Leiden: Merenwijk - Leyhof","agency_id":"QBUZZ"}],"variant_ids":["QBUZZ:z056|1578425","QBUZZ:z056|1578426","QBUZZ:z056|1578427","QBUZZ:z056|1578428","QBUZZ:z056|1578429","QBUZZ:z056|1578432","QBUZZ:z093|1578463","QBUZZ:z093|1589322","QBUZZ:z093|1589324","QBUZZ:z093|1589326"],"representative_variant_id":"QBUZZ:z056|1578428","length_m":309.9}},{"type":"Feature","geometry":{"type":"LineString","coordinates":[[4.506510074778984,52.16368348538773],[4.50646,52.163265],[4.505966,52.163108],[4.506029,52.162884],[4.50545,52.161846],[4.505535,52.161235],[4.50604,52.160862],[4.506087,52.160691],[4.505973,52.160538],[4.505078,52.159956],[4.504999,52.15956],[4.505625,52.158899],[4.505527,52.158719],[4.505160238124343,52.158531039179906]]},"properties":{"edge_id":"edge/eacae33cbd3c","stop_a":"stop/leiden-kooipark__5aaa320d78","stop_b":"stop/leiden-zijlsingel__a246807c71","stop_a_name":"Leiden, Kooipark","stop_b_name":"Leiden, Zijlsingel","num_lines":1,"line_ids":["QBUZZ:z093"],"line_refs":["3"],"lines":[{"line_id":"QBUZZ:z093","line_ref":"3","line_name":"Leiden: Merenwijk - Leyhof","agency_id":"QBUZZ"}],"variant_ids":["QBUZZ:z093|1578463","QBUZZ:z093|1589322","QBUZZ:z093|1589324","QBUZZ:z093|1589326"],"representative_variant_id":"QBUZZ:z093|1589322","length_m":664.0}},{"type":"Feature","geometry":{"type":"LineString","coordinates":[[4.505505711848359,52.16779629327425],[4.508321,52.168195],[4.512061,52.169086],[4.518448,52.169879],[4.519759,52.170131],[4.520489,52.169382],[4.521476213797627,52.16871208998345]]},"properties":{"edge_id":"edge/7a6e25f54fc4","stop_a":"stop/leiden-kooiplein__26d71e5324","stop_b":"stop/leiderdorp-buitenhof__d2bd3d271b","stop_a_name":"Leiden, Kooiplein","stop_b_name":"Leiderdorp, Buitenhof","num_lines":1,"line_ids":["QBUZZ:z410"],"line_refs":["410"],"lines":[{"line_id":"QBUZZ:z410","line_ref":"410","line_name":"Leiderdorp - Leiden","agency_id":"QBUZZ"}],"variant_ids":["QBUZZ:z410|1578628","QBUZZ:z410|1589346"],"representative_variant_id":"QBUZZ:z410|1578628","length_m":1206.2}},{"type":"Feature","geometry":{"type":"LineString","coordinates":[[4.505480814096815,52.16779449560266],[4.508321,52.168195],[4.512061,52.169086],[4.518754,52.169926],[4.520137,52.170233],[4.5210932564088235,52.17056131235376]]},"properties":{"edge_id":"edge/6665b7ff243c","stop_a":"stop/leiden-kooiplein__26d71e5324","stop_b":"stop/leiderdorp-engelendaal__caf17fd3de","stop_a_name":"Leiden, Kooiplein","stop_b_name":"Leiderdorp, Engelendaal","num_lines":2,"line_ids":["QBUZZ:z365","QBUZZ:z366"],"line_refs":["365","366"],"lines":[{"line_id":"QBUZZ:z365","line_ref":"365","line_name":"Leiden - Schiphol","agency_id":"QBUZZ"},{"line_id":"QBUZZ:z366","line_ref":"366","line_name":"Leiden - Leimuiden","agency_id":"QBUZZ"}],"variant_ids":["QBUZZ:z365|1578584","QBUZZ:z365|1589335","QBUZZ:z365|1625057","QBUZZ:z365|1625058","QBUZZ:z365|1655033","QBUZZ:z366|1578586","QBUZZ:z366|1589337"],"representative_variant_id":"QBUZZ:z365|1578584","length_m":1113.3}},{"type":"Feature","geometry":{"type":"LineString","coordinates":[[4.493448571063476,52.15574361585661],[4.493674,52.155097],[4.494379,52.154905],[4.497989491345204,52.154896117358675]]},"properties":{"edge_id":"edge/7a67fe466fb8","stop_a":"stop/leiden-korevaarstraat__9269dffef2","stop_b":"stop/leiden-kraaierstraat__c6a60cf2c8","stop_a_name":"Leiden, Korevaarstraat","stop_b_name":"Leiden, Kraaierstraat","num_lines":1,"line_ids":["QBUZZ:z169"],"line_refs":["169"],"lines":[{"line_id":"QBUZZ:z169","line_ref":"169","line_name":"Alphen a/d Rijn - Leiden","agency_id":"QBUZZ"}],"variant_ids":["QBUZZ:z169|1578492","QBUZZ:z169|1578493","QBUZZ:z169|1578495"],"representative_variant_id":"QBUZZ:z169|1578492","length_m":372.5}},{"type":"Feature","geometry":{"type":"LineString","coordinates":[[4.493348394088542,52.15572001539078],[4.493558,52.155033],[4.494657,52.154889],[4.494514,52.154007],[4.493758,52.153803],[4.493797,52.153309],[4.494356042099714,52.15163608247399]]},"properties":{"edge_id":"edge/bf3eddeb6e13","stop_a":"stop/leiden-korevaarstraat__9269dffef2","stop_b":"stop/leiden-leliestraat__223da1a506","stop_a_name":"Leiden, Korevaarstraat","stop_b_name":"Leiden, Leliestraat","num_lines":3,"line_ids":["QBUZZ:z054","QBUZZ:z092","QBUZZ:z094"],"line_refs":["2","4","54"],"lines":[{"line_id":"QBUZZ:z054","line_ref":"54","line_name":"Voorhout - Leiden - De Vink","agency_id":"QBUZZ"},{"line_id":"QBUZZ:z092","line_ref":"2","line_name":"Leiden: De Vink - Oranjewijk","agency_id":"QBUZZ"},{"line_id":"QBUZZ:z094","line_ref":"4","line_name":"Leiden: Merenwijk - De Vink","agency_id":"QBUZZ"}],"variant_ids":["QBUZZ:z054|1578417","QBUZZ:z054|1578418","QBUZZ:z054|1578422","QBUZZ:z054|1578423","QBUZZ:z092|1578457","QBUZZ:z092|1578458","QBUZZ:z092|1578459","QBUZZ:z092|1578461","QBUZZ:z092|1578462","QBUZZ:z094|1578476","QBUZZ:z094|1589327","QBUZZ:z094|1589328"],"representative_variant_id":"QBUZZ:z054|1578417","length_m":554.2}},{"type":"Feature","geometry":{"type":"LineString","coordinates":[[4.485047328188016,52.16066130715118],[4.484817,52.160216],[4.483648,52.160216],[4.481520754669255,52.160047]]},"properties":{"edge_id":"edge/056fc94c3bed","stop_a":"stop/leiden-kort-rapenburg__2aa459ac01","stop_b":"stop/leiden-noordeinde__0b913fb6b9","stop_a_name":"Leiden, Kort Rapenburg","stop_b_name":"Leiden, Noordeinde","num_lines":3,"line_ids":["QBUZZ:z095","QBUZZ:z182","QBUZZ:z187"],"line_refs":["5","182","187"],"lines":[{"line_id":"QBUZZ:z095","line_ref":"5","line_name":"Leiden: Leiden - Voorschoten","agency_id":"QBUZZ"},{"line_id":"QBUZZ:z182","line_ref":"182","line_name":"Alphen a/d Rijn - Leiden","agency_id":"QBUZZ"},{"line_id":"QBUZZ:z187","line_ref":"187","line_name":"Boskoop - Leiden","agency_id":"QBUZZ"}],"variant_ids":["QBUZZ:z095|1578477","QBUZZ:z095|1578478","QBUZZ:z182|1578503","QBUZZ:z182|1578505","QBUZZ:z187|1578510","QBUZZ:z187|1578511","QBUZZ:z187|1578513","QBUZZ:z187|1578514","QBUZZ:z187|1578516","QBUZZ:z187|1589331","QBUZZ:z187|1589332","QBUZZ:z187|1589334","QBUZZ:z187|1625027","QBUZZ:z187|1625028"],"representative_variant_id":"QBUZZ:z095|1578477","length_m":278.0}},{"type":"Feature","geometry":{"type":"LineString","coordinates":[[4.485047328188016,52.16066130715118],[4.4853,52.160912],[4.485471783466389,52.161516781322774]]},"properties":{"edge_id":"edge/3d7422665f13","stop_a":"stop/leiden-kort-rapenburg__2aa459ac01","stop_b":"stop/leiden-prinsessekade__e438baeedd","stop_a_name":"Leiden, Kort Rapenburg","stop_b_name":"Leiden, Prinsessekade","num_lines":3,"line_ids":["QBUZZ:z095","QBUZZ:z182","QBUZZ:z187"],"line_refs":["5","182","187"],"lines":[{"line_id":"QBUZZ:z095","line_ref":"5","line_name":"Leiden: Leiden - Voorschoten","agency_id":"QBUZZ"},{"line_id":"QBUZZ:z182","line_ref":"182","line_name":"Alphen a/d Rijn - Leiden","agency_id":"QBUZZ"},{"line_id":"QBUZZ:z187","line_ref":"187","line_name":"Boskoop - Leiden","agency_id":"QBUZZ"}],"variant_ids":["QBUZZ:z095|1578477","QBUZZ:z095|1578478","QBUZZ:z182|1578503","QBUZZ:z182|1578505","QBUZZ:z187|1578510","QBUZZ:z187|1578511","QBUZZ:z187|1578513","QBUZZ:z187|1578514","QBUZZ:z187|1578516","QBUZZ:z187|1589331","QBUZZ:z187|1589332","QBUZZ:z187|1589334","QBUZZ:z187|1625027","QBUZZ:z187|1625028"],"representative_variant_id":"QBUZZ:z095|1578477","length_m":101.0}},{"type":"Feature","geometry":{"type":"LineString","coordinates":[[4.497989491345204,52.154896117358675],[4.501458841302251,52.15486256449644]]},"properties":{"edge_id":"edge/be0dd197b7a6","stop_a":"stop/leiden-kraaierstraat__c6a60cf2c8","stop_b":"stop/leiden-plantage__8356b87aca","stop_a_name":"Leiden, Kraaierstraat","stop_b_name":"Leiden, Plantage","num_lines":3,"line_ids":["QBUZZ:z169","QBUZZ:z182","QBUZZ:z187"],"line_refs":["169","182","187"],"lines":[{"line_id":"QBUZZ:z169","line_ref":"169","line_name":"Alphen a/d Rijn - Leiden","agency_id":"QBUZZ"},{"line_id":"QBUZZ:z182","line_ref":"182","line_name":"Alphen a/d Rijn - Leiden","agency_id":"QBUZZ"},{"line_id":"QBUZZ:z187","line_ref":"187","line_name":"Boskoop - Leiden","agency_id":"QBUZZ"}],"variant_ids":["QBUZZ:z169|1578492","QBUZZ:z169|1578493","QBUZZ:z169|1578495","QBUZZ:z182|1578503","QBUZZ:z182|1578505","QBUZZ:z187|1578510","QBUZZ:z187|1578511","QBUZZ:z187|1578513","QBUZZ:z187|1578514","QBUZZ:z187|1578516","QBUZZ:z187|1589331","QBUZZ:z187|1589332","QBUZZ:z187|1589334","QBUZZ:z187|1625027","QBUZZ:z187|1625028"],"representative_variant_id":"QBUZZ:z169|1578492","length_m":236.7}},{"type":"Feature","geometry":{"type":"LineString","coordinates":[[4.480552243588685,52.16635941973746],[4.482326,52.167738],[4.479931404602018,52.17025147503107]]},"properties":{"edge_id":"edge/1936983ae893","stop_a":"stop/leiden-leiden-cs-westzijde__7a42342c5f","stop_b":"stop/leiden-posthof__c956105776","stop_a_name":"Leiden, Leiden CS Westzijde","stop_b_name":"Leiden, Posthof","num_lines":5,"line_ids":["QBUZZ:z020","QBUZZ:z021","QBUZZ:z050","QBUZZ:z054","QBUZZ:z056"],"line_refs":["20","21","50","54","56"],"lines":[{"line_id":"QBUZZ:z020","line_ref":"20","line_name":"Noordwijk - Leiden","agency_id":"QBUZZ"},{"line_id":"QBUZZ:z021","line_ref":"21","line_name":"Noordwijk - Leiden","agency_id":"QBUZZ"},{"line_id":"QBUZZ:z050","line_ref":"50","line_name":"Lisse - Warmond - Leiden","agency_id":"QBUZZ"},{"line_id":"QBUZZ:z054","line_ref":"54","line_name":"Voorhout - Leiden - De Vink","agency_id":"QBUZZ"},{"line_id":"QBUZZ:z056","line_ref":"56","line_name":"Sassenheim - Leiden- Roelofarendsveen","agency_id":"QBUZZ"}],"variant_ids":["QBUZZ:z020|1578381","QBUZZ:z020|1589312","QBUZZ:z020|1589314","QBUZZ:z021|1578387","QBUZZ:z021|1589315","QBUZZ:z050|1578414","QBUZZ:z050|1578415","QBUZZ:z054|1578417","QBUZZ:z054|1578418","QBUZZ:z054|1578419","QBUZZ:z054|1578420","QBUZZ:z054|1578421","QBUZZ:z054|1578422","QBUZZ:z056|1578424","QBUZZ:z056|1578425","QBUZZ:z056|1578427","QBUZZ:z056|1578428","QBUZZ:z056|1578429","QBUZZ:z056|1578430","QBUZZ:z056|1578431"],"representative_variant_id":"QBUZZ:z020|1589312","length_m":519.0}},{"type":"Feature","geometry":{"type":"LineString","coordinates":[[4.48055113451467,52.1663585994848],[4.482298,52.167675],[4.483908,52.166869],[4.48407,52.166799],[4.484215,52.166845],[4.484586,52.167288],[4.48591,52.168305],[4.486247,52.168307],[4.486409,52.168228],[4.488241288661539,52.16967354499786]]},"properties":{"edge_id":"edge/65889d5b55c3","stop_a":"stop/leiden-leiden-cs-westzijde__7a42342c5f","stop_b":"stop/leiden-schipholweg__54ed4a9567","stop_a_name":"Leiden, Leiden CS Westzijde","stop_b_name":"Leiden, Schipholweg","num_lines":2,"line_ids":["QBUZZ:z093","QBUZZ:z094"],"line_refs":["3","4"],"lines":[{"line_id":"QBUZZ:z093","line_ref":"3","line_name":"Leiden: Merenwijk - Leyhof","agency_id":"QBUZZ"},{"line_id":"QBUZZ:z094","line_ref":"4","line_name":"Leiden: Merenwijk - De Vink","agency_id":"QBUZZ"}],"variant_ids":["QBUZZ:z093|1578463","QBUZZ:z093|1589322","QBUZZ:z093|1589323","QBUZZ:z093|1589324","QBUZZ:z094|1578476","QBUZZ:z094|1589327","QBUZZ:z094|1589328"],"representative_variant_id":"QBUZZ:z093|1589322","length_m":795.9}},{"type":"Feature","geometry":{"type":"LineString","coordinates":[[4.480557887254035,52.16636359369829],[4.479909,52.16585],[4.479928,52.165625],[4.481717,52.164623],[4.482897,52.165549],[4.482501,52.165573],[4.48213,52.165157],[4.482348,52.165212],[4.4826903004715275,52.165506240675604]]},"properties":{"edge_id":"edge/3077ea332aa0","stop_a":"stop/leiden-leiden-cs-westzijde__7a42342c5f","stop_b":"stop/leiden-station-leiden-centraal__4a6a8ec982","stop_a_name":"Leiden, Leiden CS Westzijde","stop_b_name":"Leiden, Station Leiden Centraal","num_lines":13,"line_ids":["EBS:3045","QBUZZ:z020","QBUZZ:z021","QBUZZ:z050","QBUZZ:z054","QBUZZ:z056","QBUZZ:z093","QBUZZ:z094","QBUZZ:z365","QBUZZ:z366","QBUZZ:z400","QBUZZ:z401","QBUZZ:z410"],"line_refs":["3","4","20","21","45","50","54","56","365","366","400","401","410"],"lines":[{"line_id":"EBS:3045","line_ref":"45","line_name":"Den Haag Centraal via Leidschendam - Leiden","agency_id":"EBS"},{"line_id":"QBUZZ:z020","line_ref":"20","line_name":"Noordwijk - Leiden","agency_id":"QBUZZ"},{"line_id":"QBUZZ:z021","line_ref":"21","line_name":"Noordwijk - Leiden","agency_id":"QBUZZ"},{"line_id":"QBUZZ:z050","line_ref":"50","line_name":"Lisse - Warmond - Leiden","agency_id":"QBUZZ"},{"line_id":"QBUZZ:z054","line_ref":"54","line_name":"Voorhout - Leiden - De Vink","agency_id":"QBUZZ"},{"line_id":"QBUZZ:z056","line_ref":"56","line_name":"Sassenheim - Leiden- Roelofarendsveen","agency_id":"QBUZZ"},{"line_id":"QBUZZ:z093","line_ref":"3","line_name":"Leiden: Merenwijk - Leyhof","agency_id":"QBUZZ"},{"line_id":"QBUZZ:z094","line_ref":"4","line_name":"Leiden: Merenwijk - De Vink","agency_id":"QBUZZ"},{"line_id":"QBUZZ:z365","line_ref":"365","line_name":"Leiden - Schiphol","agency_id":"QBUZZ"},{"line_id":"QBUZZ:z366","line_ref":"366","line_name":"Leiden - Leimuiden","agency_id":"QBUZZ"},{"line_id":"QBUZZ:z400","line_ref":"400","line_name":"Katwijk ESA/ESTEC - Zoetermeer","agency_id":"QBUZZ"},{"line_id":"QBUZZ:z401","line_ref":"401","line_name":"Katwijk-Centrum - Zoetermeer","agency_id":"QBUZZ"},{"line_id":"QBUZZ:z410","line_ref":"410","line_name":"Leiderdorp - Leiden","agency_id":"QBUZZ"}],"variant_ids":["EBS:3045|1478709","EBS:3045|1478710","QBUZZ:z020|1578381","QBUZZ:z020|1589312","QBUZZ:z020|1589314","QBUZZ:z021|1578387","QBUZZ:z021|1589315","QBUZZ:z050|1578414","QBUZZ:z050|1578415","QBUZZ:z054|1578417","QBUZZ:z054|1578418","QBUZZ:z054|1578419","QBUZZ:z054|1578420","QBUZZ:z054|1578421","QBUZZ:z054|1578422","QBUZZ:z056|1578424","QBUZZ:z056|1578425","QBUZZ:z056|1578427","QBUZZ:z056|1578428","QBUZZ:z056|1578429","QBUZZ:z056|1578430","QBUZZ:z056|1578431","QBUZZ:z093|1578463","QBUZZ:z093|1589322","QBUZZ:z093|1589323","QBUZZ:z093|1589324","QBUZZ:z094|1578476","QBUZZ:z094|1589327","QBUZZ:z094|1589328","QBUZZ:z365|1578584","QBUZZ:z365|1589335","QBUZZ:z365|1625057","QBUZZ:z365|1625058","QBUZZ:z365|1655033","QBUZZ:z366|1578586","QBUZZ:z366|1589337","QBUZZ:z400|1578613","QBUZZ:z400|1589338","QBUZZ:z400|1589341","QBUZZ:z400|1625069","QBUZZ:z400|1655039","QBUZZ:z400|1655040","QBUZZ:z401|1578624","QBUZZ:z401|1589342","QBUZZ:z401|1589343","QBUZZ:z401|1625071","QBUZZ:z401|1655044","QBUZZ:z401|1655046","QBUZZ:z410|1578628","QBUZZ:z410|1589346"],"representative_variant_id":"QBUZZ:z056|1578425","length_m":529.4}},{"type":"Feature","geometry":{"type":"LineString","coordinates":[[4.5208685277454865,52.1523632615359],[4.520115,52.153299],[4.519537,52.153735],[4.518857,52.154107],[4.517902003800785,52.15443818482891]]},"properties":{"edge_id":"edge/6716c8830f2f","stop_a":"stop/leiden-leiderdorpsebrug__7c571fbb9f","stop_b":"stop/leiden-meerburgerkade__0da26ac095","stop_a_name":"Leiden, Leiderdorpsebrug","stop_b_name":"Leiden, Meerburgerkade","num_lines":3,"line_ids":["QBUZZ:z092","QBUZZ:z169","QBUZZ:z182"],"line_refs":["2","169","182"],"lines":[{"line_id":"QBUZZ:z092","line_ref":"2","line_name":"Leiden: De Vink - Oranjewijk","agency_id":"QBUZZ"},{"line_id":"QBUZZ:z169","line_ref":"169","line_name":"Alphen a/d Rijn - Leiden","agency_id":"QBUZZ"},{"line_id":"QBUZZ:z182","line_ref":"182","line_name":"Alphen a/d Rijn - Leiden","agency_id":"QBUZZ"}],"variant_ids":["QBUZZ:z092|1578457","QBUZZ:z092|1578458","QBUZZ:z092|1578459","QBUZZ:z092|1578461","QBUZZ:z092|1578462","QBUZZ:z169|1578492","QBUZZ:z169|1578493","QBUZZ:z169|1578495","QBUZZ:z182|1578503","QBUZZ:z182|1578505"],"representative_variant_id":"QBUZZ:z092|1578457","length_m":315.5}},{"type":"Feature","geometry":{"type":"LineString","coordinates":[[4.520867853791207,52.15236456549093],[4.521045,52.152074],[4.522781,52.152204],[4.524015,52.152608],[4.525957,52.153449],[4.52689886352218,52.15219290227396]]},"properties":{"edge_id":"edge/6daa0e72c620","stop_a":"stop/leiden-leiderdorpsebrug__7c571fbb9f","stop_b":"stop/leiderdorp-acacialaan__e4a9dd9201","stop_a_name":"Leiden, Leiderdorpsebrug","stop_b_name":"Leiderdorp, Acacialaan","num_lines":1,"line_ids":["QBUZZ:z182"],"line_refs":["182"],"lines":[{"line_id":"QBUZZ:z182","line_ref":"182","line_name":"Alphen a/d Rijn - Leiden","agency_id":"QBUZZ"}],"variant_ids":["QBUZZ:z182|1578503","QBUZZ:z182|1578505"],"representative_variant_id":"QBUZZ:z182|1578503","length_m":565.2}},{"type":"Feature","geometry":{"type":"LineString","coordinates":[[4.5208685277454865,52.1523632615359],[4.521045,52.152074],[4.522781,52.152204],[4.524015,52.152608],[4.525827,52.153395],[4.524484244702204,52.154734239853205]]},"properties":{"edge_id":"edge/5abcfca838b7","stop_a":"stop/leiden-leiderdorpsebrug__7c571fbb9f","stop_b":"stop/leiderdorp-van-der-valk-boumanweg__2b495a7cac","stop_a_name":"Leiden, Leiderdorpsebrug","stop_b_name":"Leiderdorp, van der Valk Boumanweg","num_lines":1,"line_ids":["QBUZZ:z092"],"line_refs":["2"],"lines":[{"line_id":"QBUZZ:z092","line_ref":"2","line_name":"Leiden: De Vink - Oranjewijk","agency_id":"QBUZZ"}],"variant_ids":["QBUZZ:z092|1578457","QBUZZ:z092|1578458","QBUZZ:z092|1578459","QBUZZ:z092|1578461","QBUZZ:z092|1578462"],"representative_variant_id":"QBUZZ:z092|1578457","length_m":575.4}},{"type":"Feature","geometry":{"type":"LineString","coordinates":[[4.520872717491129,52.1523551552889],[4.521105,52.151958],[4.521426,52.150522],[4.522348,52.148156],[4.522325,52.147841],[4.522518,52.147708],[4.522926607526065,52.14695787534107]]},"properties":{"edge_id":"edge/93cb8dc20c53","stop_a":"stop/leiden-leiderdorpsebrug__7c571fbb9f","stop_b":"stop/zoeterwoude-rijndijk-laan-de-goede-herder__a2ceae227d","stop_a_name":"Leiden, Leiderdorpsebrug","stop_b_name":"Zoeterwoude-Rijndijk, Laan de Goede Herder","num_lines":1,"line_ids":["QBUZZ:z169"],"line_refs":["169"],"lines":[{"line_id":"QBUZZ:z169","line_ref":"169","line_name":"Alphen a/d Rijn - Leiden","agency_id":"QBUZZ"}],"variant_ids":["QBUZZ:z169|1578492","QBUZZ:z169|1578493","QBUZZ:z169|1578495"],"representative_variant_id":"QBUZZ:z169|1578492","length_m":621.4}},{"type":"Feature","geometry":{"type":"LineString","coordinates":[[4.494549048807126,52.15166356541393],[4.494595,52.150682],[4.494347,52.149943],[4.493707,52.149084],[4.492289,52.147644],[4.492922788853605,52.14746508090466]]},"properties":{"edge_id":"edge/5332d171ddc7","stop_a":"stop/leiden-leliestraat__223da1a506","stop_b":"stop/leiden-station-lammenschans__6493dc01d3","stop_a_name":"Leiden, Leliestraat","stop_b_name":"Leiden, Station Lammenschans","num_lines":3,"line_ids":["EBS:3045","QBUZZ:z092","QBUZZ:z094"],"line_refs":["2","4","45"],"lines":[{"line_id":"EBS:3045","line_ref":"45","line_name":"Den Haag Centraal via Leidschendam - Leiden","agency_id":"EBS"},{"line_id":"QBUZZ:z092","line_ref":"2","line_name":"Leiden: De Vink - Oranjewijk","agency_id":"QBUZZ"},{"line_id":"QBUZZ:z094","line_ref":"4","line_name":"Leiden: Merenwijk - De Vink","agency_id":"QBUZZ"}],"variant_ids":["EBS:3045|1478709","EBS:3045|1478710","QBUZZ:z092|1578457","QBUZZ:z092|1578458","QBUZZ:z092|1578459","QBUZZ:z092|1578461","QBUZZ:z092|1578462","QBUZZ:z094|1578476","QBUZZ:z094|1589327","QBUZZ:z094|1589328"],"representative_variant_id":"QBUZZ:z092|1578457","length_m":532.8}},{"type":"Feature","geometry":{"type":"LineString","coordinates":[[4.473835055775072,52.1732822252126],[4.474811,52.172804],[4.477326,52.172086],[4.479291,52.171076],[4.47965,52.170648],[4.479608,52.170557],[4.479931404602018,52.17025147503107]]},"properties":{"edge_id":"edge/74e293640598","stop_a":"stop/leiden-lijsterstraat__d2b1d34872","stop_b":"stop/leiden-posthof__c956105776","stop_a_name":"Leiden, Lijsterstraat","stop_b_name":"Leiden, Posthof","num_lines":3,"line_ids":["QBUZZ:z020","QBUZZ:z021","QBUZZ:z050"],"line_refs":["20","21","50"],"lines":[{"line_id":"QBUZZ:z020","line_ref":"20","line_name":"Noordwijk - Leiden","agency_id":"QBUZZ"},{"line_id":"QBUZZ:z021","line_ref":"21","line_name":"Noordwijk - Leiden","agency_id":"QBUZZ"},{"line_id":"QBUZZ:z050","line_ref":"50","line_name":"Lisse - Warmond - Leiden","agency_id":"QBUZZ"}],"variant_ids":["QBUZZ:z020|1578381","QBUZZ:z020|1589312","QBUZZ:z020|1589314","QBUZZ:z021|1578387","QBUZZ:z021|1589315","QBUZZ:z050|1578414","QBUZZ:z050|1578415"],"representative_variant_id":"QBUZZ:z020|1589312","length_m":553.8}},{"type":"Feature","geometry":{"type":"LineString","coordinates":[[4.473835055775072,52.1732822252126],[4.471768,52.174344],[4.470771573940572,52.174976855635656]]},"properties":{"edge_id":"edge/eb39207d0a5c","stop_a":"stop/leiden-lijsterstraat__d2b1d34872","stop_b":"stop/oegstgeest-hendrik-kraemerpark__c360b09841","stop_a_name":"Leiden, Lijsterstraat","stop_b_name":"Oegstgeest, Hendrik Kraemerpark","num_lines":2,"line_ids":["QBUZZ:z020","QBUZZ:z021"],"line_refs":["20","21"],"lines":[{"line_id":"QBUZZ:z020","line_ref":"20","line_name":"Noordwijk - Leiden","agency_id":"QBUZZ"},{"line_id":"QBUZZ:z021","line_ref":"21","line_name":"Noordwijk - Leiden","agency_id":"QBUZZ"}],"variant_ids":["QBUZZ:z020|1578381","QBUZZ:z020|1589312","QBUZZ:z020|1589314","QBUZZ:z021|1578387","QBUZZ:z021|1589315"],"representative_variant_id":"QBUZZ:z020|1589312","length_m":281.7}},{"type":"Feature","geometry":{"type":"LineString","coordinates":[[4.473836059276153,52.17328162762207],[4.471576,52.174459],[4.474823681969472,52.176797917016586]]},"properties":{"edge_id":"edge/9c0168ac0e0c","stop_a":"stop/leiden-lijsterstraat__d2b1d34872","stop_b":"stop/oegstgeest-warmonderweg__47e42c6083","stop_a_name":"Leiden, Lijsterstraat","stop_b_name":"Oegstgeest, Warmonderweg","num_lines":1,"line_ids":["QBUZZ:z050"],"line_refs":["50"],"lines":[{"line_id":"QBUZZ:z050","line_ref":"50","line_name":"Lisse - Warmond - Leiden","agency_id":"QBUZZ"}],"variant_ids":["QBUZZ:z050|1578414","QBUZZ:z050|1578415"],"representative_variant_id":"QBUZZ:z050|1578414","length_m":543.8}},{"type":"Feature","geometry":{"type":"LineString","coordinates":[[4.499492936365369,52.14801533306977],[4.500225,52.148252],[4.504367980843647,52.15059968564601]]},"properties":{"edge_id":"edge/ae4d9b25f5c7","stop_a":"stop/leiden-lorentzkade__2afb90b41c","stop_b":"stop/leiden-moddermanstraat__4b7bb1c7f5","stop_a_name":"Leiden, Lorentzkade","stop_b_name":"Leiden, Moddermanstraat","num_lines":1,"line_ids":["QBUZZ:z092"],"line_refs":["2"],"lines":[{"line_id":"QBUZZ:z092","line_ref":"2","line_name":"Leiden: De Vink - Oranjewijk","agency_id":"QBUZZ"}],"variant_ids":["QBUZZ:z092|1578457","QBUZZ:z092|1578458","QBUZZ:z092|1578459","QBUZZ:z092|1578461","QBUZZ:z092|1578462"],"representative_variant_id":"QBUZZ:z092|1578457","length_m":441.2}},{"type":"Feature","geometry":{"type":"LineString","coordinates":[[4.499492936365369,52.14801533306977],[4.497349,52.147386],[4.493565,52.147402],[4.492922788853605,52.14746508090466]]},"properties":{"edge_id":"edge/c1f4af4032aa","stop_a":"stop/leiden-lorentzkade__2afb90b41c","stop_b":"stop/leiden-station-lammenschans__6493dc01d3","stop_a_name":"Leiden, Lorentzkade","stop_b_name":"Leiden, Station Lammenschans","num_lines":1,"line_ids":["QBUZZ:z092"],"line_refs":["2"],"lines":[{"line_id":"QBUZZ:z092","line_ref":"2","line_name":"Leiden: De Vink - Oranjewijk","agency_id":"QBUZZ"}],"variant_ids":["QBUZZ:z092|1578457","QBUZZ:z092|1578458","QBUZZ:z092|1578459","QBUZZ:z092|1578461","QBUZZ:z092|1578462"],"representative_variant_id":"QBUZZ:z092|1578457","length_m":464.7}},{"type":"Feature","geometry":{"type":"LineString","coordinates":[[4.517901791262347,52.15443823681199],[4.516786,52.154667],[4.51329,52.154839],[4.5122643543242615,52.154956040520815]]},"properties":{"edge_id":"edge/1a88a5799752","stop_a":"stop/leiden-meerburgerkade__0da26ac095","stop_b":"stop/leiden-wilhelminabrug__ef06b7ff07","stop_a_name":"Leiden, Meerburgerkade","stop_b_name":"Leiden, Wilhelminabrug","num_lines":3,"line_ids":["QBUZZ:z092","QBUZZ:z169","QBUZZ:z182"],"line_refs":["2","169","182"],"lines":[{"line_id":"QBUZZ:z092","line_ref":"2","line_name":"Leiden: De Vink - Oranjewijk","agency_id":"QBUZZ"},{"line_id":"QBUZZ:z169","line_ref":"169","line_name":"Alphen a/d Rijn - Leiden","agency_id":"QBUZZ"},{"line_id":"QBUZZ:z182","line_ref":"182","line_name":"Alphen a/d Rijn - Leiden","agency_id":"QBUZZ"}],"variant_ids":["QBUZZ:z092|1578457","QBUZZ:z092|1578458","QBUZZ:z092|1578459","QBUZZ:z092|1578461","QBUZZ:z092|1578462","QBUZZ:z169|1578492","QBUZZ:z169|1578493","QBUZZ:z169|1578495","QBUZZ:z182|1578503","QBUZZ:z182|1578505"],"representative_variant_id":"QBUZZ:z092|1578458","length_m":390.7}},{"type":"Feature","geometry":{"type":"LineString","coordinates":[[4.486936271184934,52.14526265506705],[4.486012,52.145196],[4.485589,52.148051],[4.481946986899278,52.14800610680225]]},"properties":{"edge_id":"edge/a476fc264f26","stop_a":"stop/leiden-meloenstraat__6f059b3cfd","stop_b":"stop/leiden-rosenburch__2721a2f525","stop_a_name":"Leiden, Meloenstraat","stop_b_name":"Leiden, Rosenburch","num_lines":1,"line_ids":["QBUZZ:z094"],"line_refs":["4"],"lines":[{"line_id":"QBUZZ:z094","line_ref":"4","line_name":"Leiden: Merenwijk - De Vink","agency_id":"QBUZZ"}],"variant_ids":["QBUZZ:z094|1578476","QBUZZ:z094|1589327","QBUZZ:z094|1589328"],"representative_variant_id":"QBUZZ:z094|1578476","length_m":630.8}},{"type":"Feature","geometry":{"type":"LineString","coordinates":[[4.486936271184934,52.14526265506705],[4.489133,52.145454],[4.489809,52.145279],[4.49157,52.147072],[4.491760876166,52.14744951491713]]},"properties":{"edge_id":"edge/51bd910e35c4","stop_a":"stop/leiden-meloenstraat__6f059b3cfd","stop_b":"stop/leiden-station-lammenschans__6493dc01d3","stop_a_name":"Leiden, Meloenstraat","stop_b_name":"Leiden, Station Lammenschans","num_lines":1,"line_ids":["QBUZZ:z094"],"line_refs":["4"],"lines":[{"line_id":"QBUZZ:z094","line_ref":"4","line_name":"Leiden: Merenwijk - De Vink","agency_id":"QBUZZ"}],"variant_ids":["QBUZZ:z094|1578476","QBUZZ:z094|1589327","QBUZZ:z094|1589328"],"representative_variant_id":"QBUZZ:z094|1578476","length_m":478.2}},{"type":"Feature","geometry":{"type":"LineString","coordinates":[[4.46998728355688,52.16400705414105],[4.47429,52.164009],[4.47709,52.164309],[4.477998,52.164208],[4.480099,52.163694],[4.481436,52.164765],[4.481717,52.164623],[4.482897,52.165549],[4.482356,52.165554],[4.482043,52.165138],[4.481447,52.164972],[4.481317,52.164872],[4.481717,52.164623],[4.48266741530777,52.165386998680376]]},"properties":{"edge_id":"edge/ed1daa33fd65","stop_a":"stop/leiden-muiderkring__7b1ba6729e","stop_b":"stop/leiden-station-leiden-centraal__4a6a8ec982","stop_a_name":"Leiden, Muiderkring","stop_b_name":"Leiden, Station Leiden Centraal","num_lines":1,"line_ids":["QBUZZ:z092"],"line_refs":["2"],"lines":[{"line_id":"QBUZZ:z092","line_ref":"2","line_name":"Leiden: De Vink - Oranjewijk","agency_id":"QBUZZ"}],"variant_ids":["QBUZZ:z092|1578462"],"representative_variant_id":"QBUZZ:z092|1578462","length_m":1302.5}},{"type":"Feature","geometry":{"type":"LineString","coordinates":[[4.469912396881451,52.16325568220027],[4.469716,52.163254],[4.468788,52.163598],[4.468186,52.163728],[4.466187001666713,52.16359538420093]]},"properties":{"edge_id":"edge/87c75e1154f4","stop_a":"stop/leiden-muiderkring__7b1ba6729e","stop_b":"stop/leiden-verbeekstraat__6e00f9f8b2","stop_a_name":"Leiden, Muiderkring","stop_b_name":"Leiden, Verbeekstraat","num_lines":1,"line_ids":["QBUZZ:z092"],"line_refs":["2"],"lines":[{"line_id":"QBUZZ:z092","line_ref":"2","line_name":"Leiden: De Vink - Oranjewijk","agency_id":"QBUZZ"}],"variant_ids":["QBUZZ:z092|1578459","QBUZZ:z092|1578460","QBUZZ:z092|1578461","QBUZZ:z092|1578462"],"representative_variant_id":"QBUZZ:z092|1578461","length_m":268.0}},{"type":"Feature","geometry":{"type":"LineString","coordinates":[[4.457226748497248,52.16809382832416],[4.457034,52.1672],[4.459788,52.166943],[4.459995,52.16681],[4.461116059370941,52.16671044093599]]},"properties":{"edge_id":"edge/e77685fbe8df","stop_a":"stop/leiden-niels-bohrweg__1c572bc5c1","stop_b":"stop/leiden-universiteitsterrein__3cb73e47a1","stop_a_name":"Leiden, Niels Bohrweg","stop_b_name":"Leiden, Universiteitsterrein","num_lines":1,"line_ids":["QBUZZ:z031"],"line_refs":["31"],"lines":[{"line_id":"QBUZZ:z031","line_ref":"31","line_name":"Katwijk - Rijnsburg - Leiden","agency_id":"QBUZZ"}],"variant_ids":["QBUZZ:z031|1598582","QBUZZ:z031|1625009","QBUZZ:z031|1654961","QBUZZ:z031|1654962"],"representative_variant_id":"QBUZZ:z031|1598582","length_m":387.9}},{"type":"Feature","geometry":{"type":"LineString","coordinates":[[4.457226771075035,52.168093903583454],[4.457272,52.168415],[4.457096,52.168459],[4.454326,52.168796],[4.452030896978271,52.16918259595755]]},"properties":{"edge_id":"edge/c21a0cb838f4","stop_a":"stop/leiden-niels-bohrweg__1c572bc5c1","stop_b":"stop/oegstgeest-willem-einthovenstraat__027bbca77a","stop_a_name":"Leiden, Niels Bohrweg","stop_b_name":"Oegstgeest, Willem Einthovenstraat","num_lines":1,"line_ids":["QBUZZ:z031"],"line_refs":["31"],"lines":[{"line_id":"QBUZZ:z031","line_ref":"31","line_name":"Katwijk - Rijnsburg - Leiden","agency_id":"QBUZZ"}],"variant_ids":["QBUZZ:z031|1598582","QBUZZ:z031|1625009","QBUZZ:z031|1654961","QBUZZ:z031|1654962"],"representative_variant_id":"QBUZZ:z031|1625009","length_m":403.7}},{"type":"Feature","geometry":{"type":"LineString","coordinates":[[4.48601839005933,52.16320658672441],[4.486192,52.163795],[4.485985,52.16391],[4.485707,52.163899],[4.484691,52.163577],[4.484398,52.163574],[4.483943,52.165117],[4.483478,52.165724],[4.483243,52.165759],[4.48297,52.165523],[4.482779,52.165575],[4.4826903004715275,52.165506240675604]]},"properties":{"edge_id":"edge/d936f7b49ccf","stop_a":"stop/leiden-nieuwe-beestenmarkt__65e7a0a43b","stop_b":"stop/leiden-station-leiden-centraal__4a6a8ec982","stop_a_name":"Leiden, Nieuwe Beestenmarkt","stop_b_name":"Leiden, Station Leiden Centraal","num_lines":9,"line_ids":["QBUZZ:z054","QBUZZ:z056","QBUZZ:z092","QBUZZ:z093","QBUZZ:z094","QBUZZ:z095","QBUZZ:z169","QBUZZ:z182","QBUZZ:z187"],"line_refs":["2","3","4","5","54","56","169","182","187"],"lines":[{"line_id":"QBUZZ:z054","line_ref":"54","line_name":"Voorhout - Leiden - De Vink","agency_id":"QBUZZ"},{"line_id":"QBUZZ:z056","line_ref":"56","line_name":"Sassenheim - Leiden- Roelofarendsveen","agency_id":"QBUZZ"},{"line_id":"QBUZZ:z092","line_ref":"2","line_name":"Leiden: De Vink - Oranjewijk","agency_id":"QBUZZ"},{"line_id":"QBUZZ:z093","line_ref":"3","line_name":"Leiden: Merenwijk - Leyhof","agency_id":"QBUZZ"},{"line_id":"QBUZZ:z094","line_ref":"4","line_name":"Leiden: Merenwijk - De Vink","agency_id":"QBUZZ"},{"line_id":"QBUZZ:z095","line_ref":"5","line_name":"Leiden: Leiden - Voorschoten","agency_id":"QBUZZ"},{"line_id":"QBUZZ:z169","line_ref":"169","line_name":"Alphen a/d Rijn - Leiden","agency_id":"QBUZZ"},{"line_id":"QBUZZ:z182","line_ref":"182","line_name":"Alphen a/d Rijn - Leiden","agency_id":"QBUZZ"},{"line_id":"QBUZZ:z187","line_ref":"187","line_name":"Boskoop - Leiden","agency_id":"QBUZZ"}],"variant_ids":["QBUZZ:z054|1578418","QBUZZ:z056|1578425","QBUZZ:z056|1578426","QBUZZ:z056|1578427","QBUZZ:z092|1578457","QBUZZ:z092|1578461","QBUZZ:z092|1578462","QBUZZ:z093|1589322","QBUZZ:z093|1589324","QBUZZ:z093|1589326","QBUZZ:z094|1589327","QBUZZ:z094|1589328","QBUZZ:z095|1578478","QBUZZ:z169|1578492","QBUZZ:z182|1578503","QBUZZ:z187|1578510","QBUZZ:z187|1578511","QBUZZ:z187|1578513","QBUZZ:z187|1578514","QBUZZ:z187|1578516"],"representative_variant_id":"QBUZZ:z056|1578425","length_m":524.1}},{"type":"Feature","geometry":{"type":"LineString","coordinates":[[4.48601839005933,52.16320658672441],[4.485994,52.162742],[4.485739195814484,52.1620681019316]]},"properties":{"edge_id":"edge/9c6223480f8a","stop_a":"stop/leiden-nieuwe-beestenmarkt__65e7a0a43b","stop_b":"stop/leiden-steenstraat__fcada9fe20","stop_a_name":"Leiden, Nieuwe Beestenmarkt","stop_b_name":"Leiden, Steenstraat","num_lines":9,"line_ids":["QBUZZ:z054","QBUZZ:z056","QBUZZ:z092","QBUZZ:z093","QBUZZ:z094","QBUZZ:z095","QBUZZ:z169","QBUZZ:z182","QBUZZ:z187"],"line_refs":["2","3","4","5","54","56","169","182","187"],"lines":[{"line_id":"QBUZZ:z054","line_ref":"54","line_name":"Voorhout - Leiden - De Vink","agency_id":"QBUZZ"},{"line_id":"QBUZZ:z056","line_ref":"56","line_name":"Sassenheim - Leiden- Roelofarendsveen","agency_id":"QBUZZ"},{"line_id":"QBUZZ:z092","line_ref":"2","line_name":"Leiden: De Vink - Oranjewijk","agency_id":"QBUZZ"},{"line_id":"QBUZZ:z093","line_ref":"3","line_name":"Leiden: Merenwijk - Leyhof","agency_id":"QBUZZ"},{"line_id":"QBUZZ:z094","line_ref":"4","line_name":"Leiden: Merenwijk - De Vink","agency_id":"QBUZZ"},{"line_id":"QBUZZ:z095","line_ref":"5","line_name":"Leiden: Leiden - Voorschoten","agency_id":"QBUZZ"},{"line_id":"QBUZZ:z169","line_ref":"169","line_name":"Alphen a/d Rijn - Leiden","agency_id":"QBUZZ"},{"line_id":"QBUZZ:z182","line_ref":"182","line_name":"Alphen a/d Rijn - Leiden","agency_id":"QBUZZ"},{"line_id":"QBUZZ:z187","line_ref":"187","line_name":"Boskoop - Leiden","agency_id":"QBUZZ"}],"variant_ids":["QBUZZ:z054|1578418","QBUZZ:z056|1578425","QBUZZ:z056|1578426","QBUZZ:z056|1578427","QBUZZ:z092|1578457","QBUZZ:z092|1578461","QBUZZ:z092|1578462","QBUZZ:z093|1589322","QBUZZ:z093|1589324","QBUZZ:z093|1589326","QBUZZ:z094|1589327","QBUZZ:z094|1589328","QBUZZ:z095|1578478","QBUZZ:z169|1578492","QBUZZ:z182|1578503","QBUZZ:z187|1578510","QBUZZ:z187|1578511","QBUZZ:z187|1578513","QBUZZ:z187|1578514","QBUZZ:z187|1578516"],"representative_variant_id":"QBUZZ:z056|1578425","length_m":128.6}},{"type":"Feature","geometry":{"type":"LineString","coordinates":[[4.48152408556362,52.160047],[4.480438,52.159922],[4.480532,52.159644],[4.481271,52.159227],[4.48148,52.159022],[4.481894202235905,52.1577007579189]]},"properties":{"edge_id":"edge/d1fd18f32915","stop_a":"stop/leiden-noordeinde__0b913fb6b9","stop_b":"stop/leiden-paterstraat__ae408cd79e","stop_a_name":"Leiden, Noordeinde","stop_b_name":"Leiden, Paterstraat","num_lines":2,"line_ids":["QBUZZ:z182","QBUZZ:z187"],"line_refs":["182","187"],"lines":[{"line_id":"QBUZZ:z182","line_ref":"182","line_name":"Alphen a/d Rijn - Leiden","agency_id":"QBUZZ"},{"line_id":"QBUZZ:z187","line_ref":"187","line_name":"Boskoop - Leiden","agency_id":"QBUZZ"}],"variant_ids":["QBUZZ:z182|1578503","QBUZZ:z182|1578505","QBUZZ:z187|1578510","QBUZZ:z187|1578511","QBUZZ:z187|1578513","QBUZZ:z187|1578514","QBUZZ:z187|1578516","QBUZZ:z187|1589331","QBUZZ:z187|1589332","QBUZZ:z187|1589334","QBUZZ:z187|1625027","QBUZZ:z187|1625028"],"representative_variant_id":"QBUZZ:z182|1578503","length_m":351.9}},{"type":"Feature","geometry":{"type":"LineString","coordinates":[[4.500813352961235,52.15893805451692],[4.503806,52.158544],[4.504658,52.158308],[4.505160238124343,52.158531039179906]]},"properties":{"edge_id":"edge/24cfdf285c86","stop_a":"stop/leiden-oosterkerkstraat__452f36a841","stop_b":"stop/leiden-zijlsingel__a246807c71","stop_a_name":"Leiden, Oosterkerkstraat","stop_b_name":"Leiden, Zijlsingel","num_lines":1,"line_ids":["QBUZZ:z093"],"line_refs":["3"],"lines":[{"line_id":"QBUZZ:z093","line_ref":"3","line_name":"Leiden: Merenwijk - Leyhof","agency_id":"QBUZZ"}],"variant_ids":["QBUZZ:z093|1578463","QBUZZ:z093|1589322","QBUZZ:z093|1589324","QBUZZ:z093|1589326"],"representative_variant_id":"QBUZZ:z093|1589322","length_m":314.9}},{"type":"Feature","geometry":{"type":"LineString","coordinates":[[4.466527062524232,52.157155336064996],[4.466336,52.157017],[4.466339,52.156882],[4.463328,52.154791],[4.463138,52.154799],[4.462740141981685,52.1550495109278]]},"properties":{"edge_id":"edge/da71f19c44f2","stop_a":"stop/leiden-opaalstraat__0a76ca6250","stop_b":"stop/leiden-robijnstraat__cd70d1ce93","stop_a_name":"Leiden, Opaalstraat","stop_b_name":"Leiden, Robijnstraat","num_lines":1,"line_ids":["QBUZZ:z092"],"line_refs":["2"],"lines":[{"line_id":"QBUZZ:z092","line_ref":"2","line_name":"Leiden: De Vink - Oranjewijk","agency_id":"QBUZZ"}],"variant_ids":["QBUZZ:z092|1578459","QBUZZ:z092|1578460","QBUZZ:z092|1578461","QBUZZ:z092|1578462"],"representative_variant_id":"QBUZZ:z092|1578461","length_m":397.3}},{"type":"Feature","geometry":{"type":"LineString","coordinates":[[4.481894179779626,52.15770080156035],[4.482088,52.157157],[4.483052,52.155717],[4.483026,52.155573],[4.482307,52.154965],[4.482327,52.154723],[4.482798338413825,52.15428168545596]]},"properties":{"edge_id":"edge/fb7ec41df43b","stop_a":"stop/leiden-paterstraat__ae408cd79e","stop_b":"stop/leiden-witte-rozenstraat__752f36ef55","stop_a_name":"Leiden, Paterstraat","stop_b_name":"Leiden, Witte Rozenstraat","num_lines":2,"line_ids":["QBUZZ:z182","QBUZZ:z187"],"line_refs":["182","187"],"lines":[{"line_id":"QBUZZ:z182","line_ref":"182","line_name":"Alphen a/d Rijn - Leiden","agency_id":"QBUZZ"},{"line_id":"QBUZZ:z187","line_ref":"187","line_name":"Boskoop - Leiden","agency_id":"QBUZZ"}],"variant_ids":["QBUZZ:z182|1578503","QBUZZ:z182|1578505","QBUZZ:z187|1578510","QBUZZ:z187|1578511","QBUZZ:z187|1578513","QBUZZ:z187|1578514","QBUZZ:z187|1578516","QBUZZ:z187|1589331","QBUZZ:z187|1589332","QBUZZ:z187|1589334","QBUZZ:z187|1625027","QBUZZ:z187|1625028"],"representative_variant_id":"QBUZZ:z182|1578505","length_m":420.2}},{"type":"Feature","geometry":{"type":"LineString","coordinates":[[4.485471968376929,52.161517356226454],[4.485561,52.161705],[4.484857,52.161852],[4.4846875039613945,52.162266498340784]]},"properties":{"edge_id":"edge/c4c102e51c70","stop_a":"stop/leiden-prinsessekade__e438baeedd","stop_b":"stop/leiden-steenstraat__fcada9fe20","stop_a_name":"Leiden, Prinsessekade","stop_b_name":"Leiden, Steenstraat","num_lines":9,"line_ids":["QBUZZ:z054","QBUZZ:z056","QBUZZ:z092","QBUZZ:z093","QBUZZ:z094","QBUZZ:z095","QBUZZ:z169","QBUZZ:z182","QBUZZ:z187"],"line_refs":["2","3","4","5","54","56","169","182","187"],"lines":[{"line_id":"QBUZZ:z054","line_ref":"54","line_name":"Voorhout - Leiden - De Vink","agency_id":"QBUZZ"},{"line_id":"QBUZZ:z056","line_ref":"56","line_name":"Sassenheim - Leiden- Roelofarendsveen","agency_id":"QBUZZ"},{"line_id":"QBUZZ:z092","line_ref":"2","line_name":"Leiden: De Vink - Oranjewijk","agency_id":"QBUZZ"},{"line_id":"QBUZZ:z093","line_ref":"3","line_name":"Leiden: Merenwijk - Leyhof","agency_id":"QBUZZ"},{"line_id":"QBUZZ:z094","line_ref":"4","line_name":"Leiden: Merenwijk - De Vink","agency_id":"QBUZZ"},{"line_id":"QBUZZ:z095","line_ref":"5","line_name":"Leiden: Leiden - Voorschoten","agency_id":"QBUZZ"},{"line_id":"QBUZZ:z169","line_ref":"169","line_name":"Alphen a/d Rijn - Leiden","agency_id":"QBUZZ"},{"line_id":"QBUZZ:z182","line_ref":"182","line_name":"Alphen a/d Rijn - Leiden","agency_id":"QBUZZ"},{"line_id":"QBUZZ:z187","line_ref":"187","line_name":"Boskoop - Leiden","agency_id":"QBUZZ"}],"variant_ids":["QBUZZ:z054|1578417","QBUZZ:z054|1578418","QBUZZ:z054|1578422","QBUZZ:z054|1578423","QBUZZ:z056|1578425","QBUZZ:z056|1578426","QBUZZ:z056|1578427","QBUZZ:z056|1578428","QBUZZ:z056|1578429","QBUZZ:z056|1578432","QBUZZ:z092|1578457","QBUZZ:z092|1578458","QBUZZ:z092|1578459","QBUZZ:z092|1578461","QBUZZ:z092|1578462","QBUZZ:z093|1578463","QBUZZ:z093|1589322","QBUZZ:z093|1589324","QBUZZ:z093|1589326","QBUZZ:z094|1578476","QBUZZ:z094|1589327","QBUZZ:z094|1589328","QBUZZ:z095|1578477","QBUZZ:z095|1578478","QBUZZ:z169|1578492","QBUZZ:z169|1578493","QBUZZ:z169|1578495","QBUZZ:z182|1578503","QBUZZ:z182|1578505","QBUZZ:z187|1578510","QBUZZ:z187|1578511","QBUZZ:z187|1578513","QBUZZ:z187|1578514","QBUZZ:z187|1578516","QBUZZ:z187|1589331","QBUZZ:z187|1589332","QBUZZ:z187|1589334","QBUZZ:z187|1625027","QBUZZ:z187|1625028"],"representative_variant_id":"QBUZZ:z054|1578423","length_m":120.0}},{"type":"Feature","geometry":{"type":"LineString","coordinates":[[4.462740141981685,52.1550495109278],[4.4591068514416685,52.157650083064425]]},"properties":{"edge_id":"edge/e14ec6177b01","stop_a":"stop/leiden-robijnstraat__cd70d1ce93","stop_b":"stop/leiden-turkooislaan__0b89440725","stop_a_name":"Leiden, Robijnstraat","stop_b_name":"Leiden, Turkooislaan","num_lines":1,"line_ids":["QBUZZ:z092"],"line_refs":["2"],"lines":[{"line_id":"QBUZZ:z092","line_ref":"2","line_name":"Leiden: De Vink - Oranjewijk","agency_id":"QBUZZ"}],"variant_ids":["QBUZZ:z092|1578459","QBUZZ:z092|1578460","QBUZZ:z092|1578461","QBUZZ:z092|1578462"],"representative_variant_id":"QBUZZ:z092|1578461","length_m":380.9}},{"type":"Feature","geometry":{"type":"LineString","coordinates":[[4.513877212278767,52.14659428419307],[4.514101,52.146235],[4.515257,52.145416],[4.517503,52.14635],[4.520874,52.147345],[4.52202,52.147758],[4.522207,52.147921],[4.522243,52.14829],[4.520537,52.152619],[4.519982,52.15337],[4.519537,52.153735],[4.518518,52.154249],[4.517152,52.154607],[4.512266345285211,52.154955768738844]]},"properties":{"edge_id":"edge/fa5b297e9dcb","stop_a":"stop/leiden-roomburg__5660da4129","stop_b":"stop/leiden-wilhelminabrug__ef06b7ff07","stop_a_name":"Leiden, Roomburg","stop_b_name":"Leiden, Wilhelminabrug","num_lines":1,"line_ids":["QBUZZ:z187"],"line_refs":["187"],"lines":[{"line_id":"QBUZZ:z187","line_ref":"187","line_name":"Boskoop - Leiden","agency_id":"QBUZZ"}],"variant_ids":["QBUZZ:z187|1589332"],"representative_variant_id":"QBUZZ:z187|1589332","length_m":1922.1}},{"type":"Feature","geometry":{"type":"LineString","coordinates":[[4.513891699708001,52.146590620921685],[4.514101,52.146235],[4.515332,52.145327],[4.517925,52.146469],[4.522239,52.147778],[4.522506,52.147573],[4.522847342799971,52.14694253921973]]},"properties":{"edge_id":"edge/673484c7ac2d","stop_a":"stop/leiden-roomburg__5660da4129","stop_b":"stop/zoeterwoude-rijndijk-laan-de-goede-herder__a2ceae227d","stop_a_name":"Leiden, Roomburg","stop_b_name":"Zoeterwoude-Rijndijk, Laan de Goede Herder","num_lines":1,"line_ids":["QBUZZ:z187"],"line_refs":["187"],"lines":[{"line_id":"QBUZZ:z187","line_ref":"187","line_name":"Boskoop - Leiden","agency_id":"QBUZZ"}],"variant_ids":["QBUZZ:z187|1578516","QBUZZ:z187|1589334","QBUZZ:z187|1625028"],"representative_variant_id":"QBUZZ:z187|1589334","length_m":822.6}},{"type":"Feature","geometry":{"type":"LineString","coordinates":[[4.481943470760181,52.148005951053804],[4.481207,52.147973],[4.481016,52.148025],[4.480711,52.147933],[4.4778999527891585,52.147708823906186]]},"properties":{"edge_id":"edge/85f1db741a55","stop_a":"stop/leiden-rosenburch__2721a2f525","stop_b":"stop/leiden-vijf-meiplein__70f5fd94a0","stop_a_name":"Leiden, Rosenburch","stop_b_name":"Leiden, Vijf Meiplein","num_lines":2,"line_ids":["QBUZZ:z054","QBUZZ:z094"],"line_refs":["4","54"],"lines":[{"line_id":"QBUZZ:z054","line_ref":"54","line_name":"Voorhout - Leiden - De Vink","agency_id":"QBUZZ"},{"line_id":"QBUZZ:z094","line_ref":"4","line_name":"Leiden: Merenwijk - De Vink","agency_id":"QBUZZ"}],"variant_ids":["QBUZZ:z054|1578417","QBUZZ:z054|1578418","QBUZZ:z054|1578422","QBUZZ:z054|1578423","QBUZZ:z094|1578476","QBUZZ:z094|1589327","QBUZZ:z094|1589328"],"representative_variant_id":"QBUZZ:z054|1578417","length_m":281.2}},{"type":"Feature","geometry":{"type":"LineString","coordinates":[[4.455377618748818,52.14688408124848],[4.455507,52.147251],[4.455338,52.147619],[4.455346,52.147933],[4.45466,52.147937],[4.454414,52.147809],[4.453383,52.146821],[4.452778,52.146367],[4.452372,52.146229],[4.451861,52.146216],[4.451139,52.146489],[4.449949405389166,52.14749062627755]]},"properties":{"edge_id":"edge/de45a958dd7e","stop_a":"stop/leiden-station-de-vink__c2a72307b5","stop_b":"stop/leiden-zeldenrustweg__5ebc505e60","stop_a_name":"Leiden, Station De Vink","stop_b_name":"Leiden, Zeldenrustweg","num_lines":1,"line_ids":["QBUZZ:z092"],"line_refs":["2"],"lines":[{"line_id":"QBUZZ:z092","line_ref":"2","line_name":"Leiden: De Vink - Oranjewijk","agency_id":"QBUZZ"}],"variant_ids":["QBUZZ:z092|1578459","QBUZZ:z092|1578460","QBUZZ:z092|1578461","QBUZZ:z092|1578462"],"representative_variant_id":"QBUZZ:z092|1578461","length_m":645.9}},{"type":"Feature","geometry":{"type":"LineString","coordinates":[[4.455377616484498,52.14688407833721],[4.45548,52.147152],[4.455713,52.147172],[4.456685,52.146802],[4.456977,52.146805],[4.457642,52.146432],[4.45919,52.145806],[4.46087650780288,52.14574170710549]]},"properties":{"edge_id":"edge/075ba88b0f9e","stop_a":"stop/leiden-station-de-vink__c2a72307b5","stop_b":"stop/voorschoten-trompweg__ae9cbb8740","stop_a_name":"Leiden, Station De Vink","stop_b_name":"Voorschoten, Trompweg","num_lines":2,"line_ids":["QBUZZ:z054","QBUZZ:z094"],"line_refs":["4","54"],"lines":[{"line_id":"QBUZZ:z054","line_ref":"54","line_name":"Voorhout - Leiden - De Vink","agency_id":"QBUZZ"},{"line_id":"QBUZZ:z094","line_ref":"4","line_name":"Leiden: Merenwijk - De Vink","agency_id":"QBUZZ"}],"variant_ids":["QBUZZ:z054|1578417","QBUZZ:z054|1578418","QBUZZ:z054|1578422","QBUZZ:z054|1578423","QBUZZ:z094|1578476","QBUZZ:z094|1589327","QBUZZ:z094|1589328"],"representative_variant_id":"QBUZZ:z054|1578417","length_m":447.9}},{"type":"Feature","geometry":{"type":"LineString","coordinates":[[4.4917575867264325,52.14744455190304],[4.49157,52.147072],[4.489737,52.145207],[4.488453,52.143696],[4.487347,52.142726],[4.486879,52.142048],[4.486174,52.141503],[4.48748,52.140507],[4.487987,52.139962],[4.48823,52.139533],[4.488213,52.138921],[4.487887,52.137696],[4.488018,52.136996],[4.48823,52.136611],[4.49215,52.131994],[4.49297,52.131164],[4.495153,52.129356],[4.495348,52.129097],[4.49555,52.128487],[4.495506,52.127759],[4.494876611970815,52.12660010331344]]},"properties":{"edge_id":"edge/6944dc98a225","stop_a":"stop/leiden-station-lammenschans__6493dc01d3","stop_b":"stop/zoeterwoude-a4-p-r__0b729e6d66","stop_a_name":"Leiden, Station Lammenschans","stop_b_name":"Zoeterwoude, A4 P+R","num_lines":2,"line_ids":["QBUZZ:z400","QBUZZ:z401"],"line_refs":["400","401"],"lines":[{"line_id":"QBUZZ:z400","line_ref":"400","line_name":"Katwijk ESA/ESTEC - Zoetermeer","agency_id":"QBUZZ"},{"line_id":"QBUZZ:z401","line_ref":"401","line_name":"Katwijk-Centrum - Zoetermeer","agency_id":"QBUZZ"}],"variant_ids":["QBUZZ:z400|1578613","QBUZZ:z400|1589338","QBUZZ:z400|1589341","QBUZZ:z400|1625069","QBUZZ:z400|1655039","QBUZZ:z400|1655040","QBUZZ:z401|1578624","QBUZZ:z401|1589342","QBUZZ:z401|1589343","QBUZZ:z401|1625071","QBUZZ:z401|1655044","QBUZZ:z401|1655046"],"representative_variant_id":"QBUZZ:z400|1578613","length_m":2612.9}},{"type":"Feature","geometry":{"type":"LineString","coordinates":[[4.4827003789911375,52.165513483951564],[4.482779,52.165575],[4.48297,52.165523],[4.483243,52.165759],[4.483419,52.16576],[4.483943,52.165117],[4.484688,52.16226370195186]]},"properties":{"edge_id":"edge/0258eeeb5f2e","stop_a":"stop/leiden-station-leiden-centraal__4a6a8ec982","stop_b":"stop/leiden-steenstraat__fcada9fe20","stop_a_name":"Leiden, Station Leiden Centraal","stop_b_name":"Leiden, Steenstraat","num_lines":9,"line_ids":["QBUZZ:z054","QBUZZ:z056","QBUZZ:z092","QBUZZ:z093","QBUZZ:z094","QBUZZ:z095","QBUZZ:z169","QBUZZ:z182","QBUZZ:z187"],"line_refs":["2","3","4","5","54","56","169","182","187"],"lines":[{"line_id":"QBUZZ:z054","line_ref":"54","line_name":"Voorhout - Leiden - De Vink","agency_id":"QBUZZ"},{"line_id":"QBUZZ:z056","line_ref":"56","line_name":"Sassenheim - Leiden- Roelofarendsveen","agency_id":"QBUZZ"},{"line_id":"QBUZZ:z092","line_ref":"2","line_name":"Leiden: De Vink - Oranjewijk","agency_id":"QBUZZ"},{"line_id":"QBUZZ:z093","line_ref":"3","line_name":"Leiden: Merenwijk - Leyhof","agency_id":"QBUZZ"},{"line_id":"QBUZZ:z094","line_ref":"4","line_name":"Leiden: Merenwijk - De Vink","agency_id":"QBUZZ"},{"line_id":"QBUZZ:z095","line_ref":"5","line_name":"Leiden: Leiden - Voorschoten","agency_id":"QBUZZ"},{"line_id":"QBUZZ:z169","line_ref":"169","line_name":"Alphen a/d Rijn - Leiden","agency_id":"QBUZZ"},{"line_id":"QBUZZ:z182","line_ref":"182","line_name":"Alphen a/d Rijn - Leiden","agency_id":"QBUZZ"},{"line_id":"QBUZZ:z187","line_ref":"187","line_name":"Boskoop - Leiden","agency_id":"QBUZZ"}],"variant_ids":["QBUZZ:z054|1578417","QBUZZ:z054|1578422","QBUZZ:z054|1578423","QBUZZ:z056|1578428","QBUZZ:z056|1578429","QBUZZ:z056|1578432","QBUZZ:z092|1578458","QBUZZ:z092|1578459","QBUZZ:z093|1578463","QBUZZ:z094|1578476","QBUZZ:z095|1578477","QBUZZ:z169|1578493","QBUZZ:z169|1578495","QBUZZ:z182|1578505","QBUZZ:z187|1589331","QBUZZ:z187|1589332","QBUZZ:z187|1589334","QBUZZ:z187|1625027","QBUZZ:z187|1625028"],"representative_variant_id":"QBUZZ:z056|1578429","length_m":468.4}},{"type":"Feature","geometry":{"type":"LineString","coordinates":[[4.48259,52.165538],[4.482897,52.165549],[4.481717,52.164623],[4.481436,52.164765],[4.480099,52.163694],[4.477998,52.164208],[4.47709,52.164309],[4.473851,52.163996],[4.470826,52.163982],[4.467813,52.164075],[4.465622,52.164004],[4.464446,52.164337],[4.464875,52.164816],[4.465075,52.165726],[4.464448,52.166368],[4.464198,52.166456],[4.461116059370941,52.16671044093599]]},"properties":{"edge_id":"edge/3894c16cf95b","stop_a":"stop/leiden-station-leiden-centraal__4a6a8ec982","stop_b":"stop/leiden-universiteitsterrein__3cb73e47a1","stop_a_name":"Leiden, Station Leiden Centraal","stop_b_name":"Leiden, Universiteitsterrein","num_lines":1,"line_ids":["QBUZZ:z031"],"line_refs":["31"],"lines":[{"line_id":"QBUZZ:z031","line_ref":"31","line_name":"Katwijk - Rijnsburg - Leiden","agency_id":"QBUZZ"}],"variant_ids":["QBUZZ:z031|1598582","QBUZZ:z031|1625009","QBUZZ:z031|1654961","QBUZZ:z031|1654962"],"representative_variant_id":"QBUZZ:z031|1598582","length_m":1895.3}},{"type":"Feature","geometry":{"type":"LineString","coordinates":[[4.482112807479287,52.16538268437152],[4.482195,52.165526],[4.482897,52.165549],[4.481717,52.164623],[4.481436,52.164765],[4.480099,52.163694],[4.477998,52.164208],[4.47709,52.164309],[4.473851,52.163996],[4.470826,52.163982],[4.467813,52.164075],[4.466193,52.163982],[4.465351370918759,52.16405199762862]]},"properties":{"edge_id":"edge/d4e4a4f0b532","stop_a":"stop/leiden-station-leiden-centraal__4a6a8ec982","stop_b":"stop/leiden-verbeekstraat__6e00f9f8b2","stop_a_name":"Leiden, Station Leiden Centraal","stop_b_name":"Leiden, Verbeekstraat","num_lines":6,"line_ids":["EBS:3043","QBUZZ:z022","QBUZZ:z023","QBUZZ:z250","QBUZZ:z400","QBUZZ:z401"],"line_refs":["22","23","43","250","400","401"],"lines":[{"line_id":"EBS:3043","line_ref":"43","line_name":"Den Haag Centraal via Wassenaar - Leiden Centraal","agency_id":"EBS"},{"line_id":"QBUZZ:z022","line_ref":"22","line_name":"Nieuw-Vennep - Hillegom - Noordwijk - Leiden","agency_id":"QBUZZ"},{"line_id":"QBUZZ:z023","line_ref":"23","line_name":"Noordwijk - Leiden","agency_id":"QBUZZ"},{"line_id":"QBUZZ:z250","line_ref":"250","line_name":"Haarlem - Hillegom - Lisse - Leiden","agency_id":"QBUZZ"},{"line_id":"QBUZZ:z400","line_ref":"400","line_name":"Katwijk ESA/ESTEC - Zoetermeer","agency_id":"QBUZZ"},{"line_id":"QBUZZ:z401","line_ref":"401","line_name":"Katwijk-Centrum - Zoetermeer","agency_id":"QBUZZ"}],"variant_ids":["EBS:3043|1478702","EBS:3043|1478704","EBS:3043|1478705","QBUZZ:z022|1598570","QBUZZ:z022|1598571","QBUZZ:z022|1625005","QBUZZ:z022|1625006","QBUZZ:z022|1625007","QBUZZ:z022|1654955","QBUZZ:z022|1654956","QBUZZ:z022|1654957","QBUZZ:z023|1598577","QBUZZ:z023|1625008","QBUZZ:z023|1654958","QBUZZ:z250|1578547","QBUZZ:z250|1578549","QBUZZ:z250|1578551","QBUZZ:z250|1578553","QBUZZ:z250|1625043","QBUZZ:z250|1625044","QBUZZ:z400|1589338","QBUZZ:z400|1589339","QBUZZ:z400|1625068","QBUZZ:z400|1625069","QBUZZ:z400|1655039","QBUZZ:z400|1655040","QBUZZ:z400|1655042","QBUZZ:z400|1655043","QBUZZ:z401|1589343","QBUZZ:z401|1589344","QBUZZ:z401|1625071","QBUZZ:z401|1625072","QBUZZ:z401|1655044","QBUZZ:z401|1655045","QBUZZ:z401|1655046","QBUZZ:z401|1655047"],"representative_variant_id":"QBUZZ:z400|1589338","length_m":1392.2}},{"type":"Feature","geometry":{"type":"LineString","coordinates":[[4.512236114927195,52.16314569089722],[4.512519,52.165107],[4.512114,52.166372],[4.511729526557884,52.167105514294406]]},"properties":{"edge_id":"edge/95c35f6f7b79","stop_a":"stop/leiden-sumatrabrug__97f6885a9d","stop_b":"stop/leiden-zwembad-de-zijl__76a6791ed4","stop_a_name":"Leiden, Sumatrabrug","stop_b_name":"Leiden, Zwembad de Zijl","num_lines":1,"line_ids":["QBUZZ:z093"],"line_refs":["3"],"lines":[{"line_id":"QBUZZ:z093","line_ref":"3","line_name":"Leiden: Merenwijk - Leyhof","agency_id":"QBUZZ"}],"variant_ids":["QBUZZ:z093|1578463","QBUZZ:z093|1589322","QBUZZ:z093|1589324","QBUZZ:z093|1589326"],"representative_variant_id":"QBUZZ:z093|1589322","length_m":448.0}},{"type":"Feature","geometry":{"type":"LineString","coordinates":[[4.512236114927195,52.16314569089722],[4.512136,52.161536],[4.515066,52.161171],[4.515135038521666,52.16166239841607]]},"properties":{"edge_id":"edge/848cdb164082","stop_a":"stop/leiden-sumatrabrug__97f6885a9d","stop_b":"stop/leiderdorp-spanjaardsbrug__6b0895ed5b","stop_a_name":"Leiden, Sumatrabrug","stop_b_name":"Leiderdorp, Spanjaardsbrug","num_lines":1,"line_ids":["QBUZZ:z093"],"line_refs":["3"],"lines":[{"line_id":"QBUZZ:z093","line_ref":"3","line_name":"Leiden: Merenwijk - Leyhof","agency_id":"QBUZZ"}],"variant_ids":["QBUZZ:z093|1578463","QBUZZ:z093|1589322","QBUZZ:z093|1589324","QBUZZ:z093|1589326"],"representative_variant_id":"QBUZZ:z093|1589322","length_m":437.9}},{"type":"Feature","geometry":{"type":"LineString","coordinates":[[4.510044419999987,52.1684865412459],[4.507976,52.167923],[4.506532,52.167741],[4.50661634793727,52.166458559963985]]},"properties":{"edge_id":"edge/a03820a1eb50","stop_a":"stop/leiden-sumatrastraat__cbdf251d68","stop_b":"stop/leiden-surinamestraat__89b92dc1e9","stop_a_name":"Leiden, Sumatrastraat","stop_b_name":"Leiden, Surinamestraat","num_lines":2,"line_ids":["QBUZZ:z056","QBUZZ:z093"],"line_refs":["3","56"],"lines":[{"line_id":"QBUZZ:z056","line_ref":"56","line_name":"Sassenheim - Leiden- Roelofarendsveen","agency_id":"QBUZZ"},{"line_id":"QBUZZ:z093","line_ref":"3","line_name":"Leiden: Merenwijk - Leyhof","agency_id":"QBUZZ"}],"variant_ids":["QBUZZ:z056|1578425","QBUZZ:z056|1578426","QBUZZ:z056|1578427","QBUZZ:z056|1578428","QBUZZ:z056|1578429","QBUZZ:z056|1578432","QBUZZ:z093|1578463","QBUZZ:z093|1589322","QBUZZ:z093|1589324","QBUZZ:z093|1589326"],"representative_variant_id":"QBUZZ:z056|1578428","length_m":397.6}},{"type":"Feature","geometry":{"type":"LineString","coordinates":[[4.51006257955135,52.168490947169836],[4.510579,52.168625],[4.5117260573068565,52.167104782502015]]},"properties":{"edge_id":"edge/da674cdcc4c6","stop_a":"stop/leiden-sumatrastraat__cbdf251d68","stop_b":"stop/leiden-zwembad-de-zijl__76a6791ed4","stop_a_name":"Leiden, Sumatrastraat","stop_b_name":"Leiden, Zwembad de Zijl","num_lines":1,"line_ids":["QBUZZ:z093"],"line_refs":["3"],"lines":[{"line_id":"QBUZZ:z093","line_ref":"3","line_name":"Leiden: Merenwijk - Leyhof","agency_id":"QBUZZ"}],"variant_ids":["QBUZZ:z093|1578463","QBUZZ:z093|1589322","QBUZZ:z093|1589324","QBUZZ:z093|1589326"],"representative_variant_id":"QBUZZ:z093|1578463","length_m":224.5}},{"type":"Feature","geometry":{"type":"LineString","coordinates":[[4.509961179518237,52.168612642842064],[4.512061,52.169086],[4.518448,52.169879],[4.519759,52.170131],[4.520489,52.169382],[4.521462048041933,52.16872237377725]]},"properties":{"edge_id":"edge/a719a7acb290","stop_a":"stop/leiden-sumatrastraat__cbdf251d68","stop_b":"stop/leiderdorp-buitenhof__d2bd3d271b","stop_a_name":"Leiden, Sumatrastraat","stop_b_name":"Leiderdorp, Buitenhof","num_lines":1,"line_ids":["QBUZZ:z056"],"line_refs":["56"],"lines":[{"line_id":"QBUZZ:z056","line_ref":"56","line_name":"Sassenheim - Leiden- Roelofarendsveen","agency_id":"QBUZZ"}],"variant_ids":["QBUZZ:z056|1578425","QBUZZ:z056|1578426","QBUZZ:z056|1578427","QBUZZ:z056|1578428","QBUZZ:z056|1578429","QBUZZ:z056|1578432"],"representative_variant_id":"QBUZZ:z056|1578425","length_m":886.6}},{"type":"Feature","geometry":{"type":"LineString","coordinates":[[4.443793035411175,52.157274858423335],[4.442467,52.155884],[4.441158,52.154867],[4.440535,52.154602],[4.440027,52.154481],[4.438407,52.154369],[4.437756,52.154049],[4.437516,52.153661],[4.437398,52.152356],[4.436868,52.151858],[4.433641,52.150375],[4.430283925940034,52.14907841181045]]},"properties":{"edge_id":"edge/aef5c0b74e12","stop_a":"stop/leiden-valkenburgse-meer__028742a8aa","stop_b":"stop/wassenaar-maaldrift__f8bdca84ce","stop_a_name":"Leiden, Valkenburgse Meer","stop_b_name":"Wassenaar, Maaldrift","num_lines":1,"line_ids":["EBS:3043"],"line_refs":["43"],"lines":[{"line_id":"EBS:3043","line_ref":"43","line_name":"Den Haag Centraal via Wassenaar - Leiden Centraal","agency_id":"EBS"}],"variant_ids":["EBS:3043|1478702","EBS:3043|1478704","EBS:3043|1478705"],"representative_variant_id":"EBS:3043|1478702","length_m":1383.6}},{"type":"Feature","geometry":{"type":"LineString","coordinates":[[4.507924995580256,52.1752950475138],[4.509252,52.175141],[4.509968,52.175146],[4.510726,52.17526],[4.512761014170505,52.1753793763898]]},"properties":{"edge_id":"edge/fefb5658c254","stop_a":"stop/leiden-valkenhorst__3f3186e75e","stop_b":"stop/leiden-zwartemeerlaan__07ea6f71eb","stop_a_name":"Leiden, Valkenhorst","stop_b_name":"Leiden, Zwartemeerlaan","num_lines":1,"line_ids":["QBUZZ:z093"],"line_refs":["3"],"lines":[{"line_id":"QBUZZ:z093","line_ref":"3","line_name":"Leiden: Merenwijk - Leyhof","agency_id":"QBUZZ"}],"variant_ids":["QBUZZ:z093|1578463","QBUZZ:z093|1578469","QBUZZ:z093|1578470","QBUZZ:z093|1589322","QBUZZ:z093|1589323","QBUZZ:z093|1589324"],"representative_variant_id":"QBUZZ:z093|1578463","length_m":333.5}},{"type":"Feature","geometry":{"type":"LineString","coordinates":[[4.476540363238071,52.14330488518304],[4.475259,52.147334],[4.476264,52.147494],[4.477918232706588,52.14763140771185]]},"properties":{"edge_id":"edge/a8855b0131fe","stop_a":"stop/leiden-van-der-helmlaan__57e1841a63","stop_b":"stop/leiden-vijf-meiplein__70f5fd94a0","stop_a_name":"Leiden, van der Helmlaan","stop_b_name":"Leiden, Vijf Meiplein","num_lines":1,"line_ids":["QBUZZ:z094"],"line_refs":["4"],"lines":[{"line_id":"QBUZZ:z094","line_ref":"4","line_name":"Leiden: Merenwijk - De Vink","agency_id":"QBUZZ"}],"variant_ids":["QBUZZ:z094|1578476","QBUZZ:z094|1589327","QBUZZ:z094|1589328"],"representative_variant_id":"QBUZZ:z094|1589327","length_m":641.2}},{"type":"Feature","geometry":{"type":"LineString","coordinates":[[4.514186346232156,52.18002304073254],[4.514178,52.178917],[4.514951,52.178266],[4.514907,52.176046],[4.514809,52.175803],[4.514376,52.175539],[4.513793,52.175435],[4.512761014170505,52.1753793763898]]},"properties":{"edge_id":"edge/804de937b471","stop_a":"stop/leiden-vossemeerlaan__7dab861763","stop_b":"stop/leiden-zwartemeerlaan__07ea6f71eb","stop_a_name":"Leiden, Vossemeerlaan","stop_b_name":"Leiden, Zwartemeerlaan","num_lines":1,"line_ids":["QBUZZ:z093"],"line_refs":["3"],"lines":[{"line_id":"QBUZZ:z093","line_ref":"3","line_name":"Leiden: Merenwijk - Leyhof","agency_id":"QBUZZ"}],"variant_ids":["QBUZZ:z093|1578463","QBUZZ:z093|1578469","QBUZZ:z093|1578470","QBUZZ:z093|1589322","QBUZZ:z093|1589323","QBUZZ:z093|1589324"],"representative_variant_id":"QBUZZ:z093|1578463","length_m":640.9}},{"type":"Feature","geometry":{"type":"LineString","coordinates":[[4.457929908949719,52.17034518173645],[4.456629,52.170495],[4.456818,52.171279],[4.457116,52.171686],[4.457404,52.171922],[4.4582311151188065,52.172336754259334]]},"properties":{"edge_id":"edge/15ea977caca0","stop_a":"stop/leiden-wassenaarseweg-corpus__2cca562357","stop_b":"stop/oegstgeest-curium__110b988360","stop_a_name":"Leiden, Wassenaarseweg/Corpus","stop_b_name":"Oegstgeest, Curium","num_lines":1,"line_ids":["QBUZZ:z056"],"line_refs":["56"],"lines":[{"line_id":"QBUZZ:z056","line_ref":"56","line_name":"Sassenheim - Leiden- Roelofarendsveen","agency_id":"QBUZZ"}],"variant_ids":["QBUZZ:z056|1578424","QBUZZ:z056|1578425","QBUZZ:z056|1578427","QBUZZ:z056|1578428","QBUZZ:z056|1578429","QBUZZ:z056|1578430","QBUZZ:z056|1578431"],"representative_variant_id":"QBUZZ:z056|1578424","length_m":333.6}},{"type":"Feature","geometry":{"type":"LineString","coordinates":[[4.512267234036079,52.154955647417296],[4.51329,52.154839],[4.516376,52.154691],[4.516395,52.154458],[4.516239,52.154214],[4.5142739638516804,52.15160241718816]]},"properties":{"edge_id":"edge/86752656a044","stop_a":"stop/leiden-wilhelminabrug__ef06b7ff07","stop_b":"stop/leiden-zorgcentrum-roomburgh__1a8344ee26","stop_a_name":"Leiden, Wilhelminabrug","stop_b_name":"Leiden, Zorgcentrum Roomburgh","num_lines":1,"line_ids":["QBUZZ:z187"],"line_refs":["187"],"lines":[{"line_id":"QBUZZ:z187","line_ref":"187","line_name":"Boskoop - Leiden","agency_id":"QBUZZ"}],"variant_ids":["QBUZZ:z187|1578510","QBUZZ:z187|1578511","QBUZZ:z187|1578513","QBUZZ:z187|1578514","QBUZZ:z187|1578516","QBUZZ:z187|1589331","QBUZZ:z187|1589334","QBUZZ:z187|1625027","QBUZZ:z187|1625028"],"representative_variant_id":"QBUZZ:z187|1589331","length_m":657.1}},{"type":"Feature","geometry":{"type":"LineString","coordinates":[[4.503114901091497,52.144583441728315],[4.502828,52.144479],[4.502299,52.143855],[4.507212,52.142192],[4.507361,52.142032],[4.508523,52.141645],[4.509245,52.141318],[4.512021637154428,52.14046045081539]]},"properties":{"edge_id":"edge/982d3e4e0a79","stop_a":"stop/leiden-zaalbergweg-dzb-leiden__608b115571","stop_b":"stop/zoeterwoude-rijndijk-meerburg__4ec168ae55","stop_a_name":"Leiden, Zaalbergweg/DZB Leiden","stop_b_name":"Zoeterwoude-Rijndijk, Meerburg","num_lines":1,"line_ids":["QBUZZ:z187"],"line_refs":["187"],"lines":[{"line_id":"QBUZZ:z187","line_ref":"187","line_name":"Boskoop - Leiden","agency_id":"QBUZZ"}],"variant_ids":["QBUZZ:z187|1578510","QBUZZ:z187|1578514","QBUZZ:z187|1625027"],"representative_variant_id":"QBUZZ:z187|1578510","length_m":867.9}},{"type":"Feature","geometry":{"type":"LineString","coordinates":[[4.486955337966572,52.17259753274587],[4.487616,52.172156],[4.488297,52.172476],[4.487818,52.173038],[4.48739,52.17397],[4.486906,52.175449],[4.486718,52.176796],[4.486228,52.177188],[4.48708,52.177725],[4.488017,52.177678],[4.488667,52.177323],[4.488884,52.177424],[4.489751,52.178662],[4.49023,52.179591],[4.490561,52.180546],[4.490252066365527,52.18075241143289]]},"properties":{"edge_id":"edge/692a132f77a9","stop_a":"stop/leiden-zweilandlaan__72755a89b6","stop_b":"stop/oegstgeest-jachthaven-poelgeest__462e2e9ebf","stop_a_name":"Leiden, Zweilandlaan","stop_b_name":"Oegstgeest, Jachthaven Poelgeest","num_lines":1,"line_ids":["QBUZZ:z054"],"line_refs":["54"],"lines":[{"line_id":"QBUZZ:z054","line_ref":"54","line_name":"Voorhout - Leiden - De Vink","agency_id":"QBUZZ"}],"variant_ids":["QBUZZ:z054|1578417","QBUZZ:z054|1578418","QBUZZ:z054|1578419","QBUZZ:z054|1578420","QBUZZ:z054|1578421","QBUZZ:z054|1578422"],"representative_variant_id":"QBUZZ:z054|1578418","length_m":1299.5}},{"type":"Feature","geometry":{"type":"LineString","coordinates":[[4.52689886352218,52.15219290227396],[4.527839,52.151315],[4.528296,52.151148],[4.528528,52.151203],[4.528728,52.151474],[4.529277733743038,52.151747624905134]]},"properties":{"edge_id":"edge/cdd27b62bbe8","stop_a":"stop/leiderdorp-acacialaan__e4a9dd9201","stop_b":"stop/leiderdorp-zwembad-de-does__3dc7ce9b9c","stop_a_name":"Leiderdorp, Acacialaan","stop_b_name":"Leiderdorp, Zwembad de Does","num_lines":1,"line_ids":["QBUZZ:z182"],"line_refs":["182"],"lines":[{"line_id":"QBUZZ:z182","line_ref":"182","line_name":"Alphen a/d Rijn - Leiden","agency_id":"QBUZZ"}],"variant_ids":["QBUZZ:z182|1578503","QBUZZ:z182|1578505"],"representative_variant_id":"QBUZZ:z182|1578503","length_m":251.4}},{"type":"Feature","geometry":{"type":"LineString","coordinates":[[4.529823904169956,52.168216606849526],[4.528588,52.167868],[4.527528,52.167474],[4.525617668516978,52.16647285500502]]},"properties":{"edge_id":"edge/bfcff30111f8","stop_a":"stop/leiderdorp-buitendijklaan__cc26c6621b","stop_b":"stop/leiderdorp-dennenschans__e789c0c219","stop_a_name":"Leiderdorp, Buitendijklaan","stop_b_name":"Leiderdorp, Dennenschans","num_lines":1,"line_ids":["QBUZZ:z093"],"line_refs":["3"],"lines":[{"line_id":"QBUZZ:z093","line_ref":"3","line_name":"Leiden: Merenwijk - Leyhof","agency_id":"QBUZZ"}],"variant_ids":["QBUZZ:z093|1578463","QBUZZ:z093|1589322","QBUZZ:z093|1589324","QBUZZ:z093|1589326"],"representative_variant_id":"QBUZZ:z093|1578463","length_m":348.7}},{"type":"Feature","geometry":{"type":"LineString","coordinates":[[4.529823904169956,52.168216606849526],[4.530899,52.168523],[4.531826,52.168961],[4.534326,52.171253],[4.534868551270947,52.1710122750806]]},"properties":{"edge_id":"edge/558bf88e7c85","stop_a":"stop/leiderdorp-buitendijklaan__cc26c6621b","stop_b":"stop/leiderdorp-dijkwacht__6cc816ee2f","stop_a_name":"Leiderdorp, Buitendijklaan","stop_b_name":"Leiderdorp, Dijkwacht","num_lines":1,"line_ids":["QBUZZ:z093"],"line_refs":["3"],"lines":[{"line_id":"QBUZZ:z093","line_ref":"3","line_name":"Leiden: Merenwijk - Leyhof","agency_id":"QBUZZ"}],"variant_ids":["QBUZZ:z093|1578463","QBUZZ:z093|1589322","QBUZZ:z093|1589324","QBUZZ:z093|1589326"],"representative_variant_id":"QBUZZ:z093|1578463","length_m":513.0}},{"type":"Feature","geometry":{"type":"LineString","coordinates":[[4.521462048041933,52.16872237377725],[4.525163609316384,52.16629137552888]]},"properties":{"edge_id":"edge/1e287f250f04","stop_a":"stop/leiderdorp-buitenhof__d2bd3d271b","stop_b":"stop/leiderdorp-dennenschans__e789c0c219","stop_a_name":"Leiderdorp, Buitenhof","stop_b_name":"Leiderdorp, Dennenschans","num_lines":1,"line_ids":["QBUZZ:z056"],"line_refs":["56"],"lines":[{"line_id":"QBUZZ:z056","line_ref":"56","line_name":"Sassenheim - Leiden- Roelofarendsveen","agency_id":"QBUZZ"}],"variant_ids":["QBUZZ:z056|1578425","QBUZZ:z056|1578426","QBUZZ:z056|1578427","QBUZZ:z056|1578428","QBUZZ:z056|1578429","QBUZZ:z056|1578432"],"representative_variant_id":"QBUZZ:z056|1578425","length_m":369.9}},{"type":"Feature","geometry":{"type":"LineString","coordinates":[[4.521476213797627,52.16871208998345],[4.532602337818716,52.161317598654385]]},"properties":{"edge_id":"edge/78926126df83","stop_a":"stop/leiderdorp-buitenhof__d2bd3d271b","stop_b":"stop/leiderdorp-winkelhof__25ddd9a71f","stop_a_name":"Leiderdorp, Buitenhof","stop_b_name":"Leiderdorp, Winkelhof","num_lines":1,"line_ids":["QBUZZ:z410"],"line_refs":["410"],"lines":[{"line_id":"QBUZZ:z410","line_ref":"410","line_name":"Leiderdorp - Leiden","agency_id":"QBUZZ"}],"variant_ids":["QBUZZ:z410|1578628","QBUZZ:z410|1589346"],"representative_variant_id":"QBUZZ:z410|1578628","length_m":1118.9}},{"type":"Feature","geometry":{"type":"LineString","coordinates":[[4.52561776973578,52.166472910719115],[4.525228,52.166244],[4.521497,52.168697],[4.5191350180557786,52.167343953071715]]},"properties":{"edge_id":"edge/c3941e79d70d","stop_a":"stop/leiderdorp-dennenschans__e789c0c219","stop_b":"stop/leiderdorp-touwbaan__cfd542b163","stop_a_name":"Leiderdorp, Dennenschans","stop_b_name":"Leiderdorp, Touwbaan","num_lines":1,"line_ids":["QBUZZ:z093"],"line_refs":["3"],"lines":[{"line_id":"QBUZZ:z093","line_ref":"3","line_name":"Leiden: Merenwijk - Leyhof","agency_id":"QBUZZ"}],"variant_ids":["QBUZZ:z093|1578463","QBUZZ:z093|1589322","QBUZZ:z093|1589324","QBUZZ:z093|1589326"],"representative_variant_id":"QBUZZ:z093|1589322","length_m":630.3}},{"type":"Feature","geometry":{"type":"LineString","coordinates":[[4.525163609316384,52.16629137552888],[4.529463630958588,52.163412530358876]]},"properties":{"edge_id":"edge/6efb54157254","stop_a":"stop/leiderdorp-dennenschans__e789c0c219","stop_b":"stop/leiderdorp-vronkenlaan__dbcc3c25fd","stop_a_name":"Leiderdorp, Dennenschans","stop_b_name":"Leiderdorp, Vronkenlaan","num_lines":1,"line_ids":["QBUZZ:z056"],"line_refs":["56"],"lines":[{"line_id":"QBUZZ:z056","line_ref":"56","line_name":"Sassenheim - Leiden- Roelofarendsveen","agency_id":"QBUZZ"}],"variant_ids":["QBUZZ:z056|1578425","QBUZZ:z056|1578426","QBUZZ:z056|1578427","QBUZZ:z056|1578428","QBUZZ:z056|1578429","QBUZZ:z056|1578432"],"representative_variant_id":"QBUZZ:z056|1578425","length_m":434.2}},{"type":"Feature","geometry":{"type":"LineString","coordinates":[[4.534868551270947,52.1710122750806],[4.53611,52.170493],[4.537549,52.171681],[4.537458,52.171824],[4.535841677219585,52.1725551932847]]},"properties":{"edge_id":"edge/d0ee6068a9dc","stop_a":"stop/leiderdorp-dijkwacht__6cc816ee2f","stop_b":"stop/leiderdorp-leyhof__e6fe560471","stop_a_name":"Leiderdorp, Dijkwacht","stop_b_name":"Leiderdorp, Leyhof","num_lines":1,"line_ids":["QBUZZ:z093"],"line_refs":["3"],"lines":[{"line_id":"QBUZZ:z093","line_ref":"3","line_name":"Leiden: Merenwijk - Leyhof","agency_id":"QBUZZ"}],"variant_ids":["QBUZZ:z093|1578463","QBUZZ:z093|1589322","QBUZZ:z093|1589324","QBUZZ:z093|1589326"],"representative_variant_id":"QBUZZ:z093|1578463","length_m":421.1}},{"type":"Feature","geometry":{"type":"LineString","coordinates":[[4.539969647896661,52.15902247343341],[4.538425,52.158672],[4.537942,52.158723],[4.536533,52.159782],[4.536237894599555,52.160185422695314]]},"properties":{"edge_id":"edge/759ed8d5316c","stop_a":"stop/leiderdorp-dragontuin__6c2b5c2111","stop_b":"stop/leiderdorp-klaprooskamp__3a53ea839b","stop_a_name":"Leiderdorp, Dragontuin","stop_b_name":"Leiderdorp, Klaprooskamp","num_lines":1,"line_ids":["QBUZZ:z092"],"line_refs":["2"],"lines":[{"line_id":"QBUZZ:z092","line_ref":"2","line_name":"Leiden: De Vink - Oranjewijk","agency_id":"QBUZZ"}],"variant_ids":["QBUZZ:z092|1578457","QBUZZ:z092|1578458","QBUZZ:z092|1578459","QBUZZ:z092|1578461","QBUZZ:z092|1578462"],"representative_variant_id":"QBUZZ:z092|1578458","length_m":346.9}},{"type":"Feature","geometry":{"type":"LineString","coordinates":[[4.539969647896661,52.15902247343341],[4.541087,52.159294],[4.541762,52.158426],[4.541706,52.158282],[4.541912,52.158212],[4.542165,52.157944],[4.541278,52.157704],[4.541396,52.15766],[4.54176,52.157734961286735]]},"properties":{"edge_id":"edge/100fbee8d14c","stop_a":"stop/leiderdorp-dragontuin__6c2b5c2111","stop_b":"stop/leiderdorp-ziekenhuis__bd06890e65","stop_a_name":"Leiderdorp, Dragontuin","stop_b_name":"Leiderdorp, Ziekenhuis","num_lines":1,"line_ids":["QBUZZ:z092"],"line_refs":["2"],"lines":[{"line_id":"QBUZZ:z092","line_ref":"2","line_name":"Leiden: De Vink - Oranjewijk","agency_id":"QBUZZ"}],"variant_ids":["QBUZZ:z092|1578457","QBUZZ:z092|1578458","QBUZZ:z092|1578459","QBUZZ:z092|1578461","QBUZZ:z092|1578462"],"representative_variant_id":"QBUZZ:z092|1578458","length_m":357.6}},{"type":"Feature","geometry":{"type":"LineString","coordinates":[[4.521201143567223,52.170473709029686],[4.523151,52.171567],[4.524992,52.17239],[4.529257,52.173347],[4.531744522766632,52.17381677148949]]},"properties":{"edge_id":"edge/0372978ac35a","stop_a":"stop/leiderdorp-engelendaal__caf17fd3de","stop_b":"stop/leiderdorp-leyhof-n445__3abeeae2c4","stop_a_name":"Leiderdorp, Engelendaal","stop_b_name":"Leiderdorp, Leyhof/N445","num_lines":2,"line_ids":["QBUZZ:z365","QBUZZ:z366"],"line_refs":["365","366"],"lines":[{"line_id":"QBUZZ:z365","line_ref":"365","line_name":"Leiden - Schiphol","agency_id":"QBUZZ"},{"line_id":"QBUZZ:z366","line_ref":"366","line_name":"Leiden - Leimuiden","agency_id":"QBUZZ"}],"variant_ids":["QBUZZ:z365|1578584","QBUZZ:z365|1589335","QBUZZ:z365|1625057","QBUZZ:z365|1625058","QBUZZ:z365|1655033","QBUZZ:z366|1578586","QBUZZ:z366|1589337"],"representative_variant_id":"QBUZZ:z365|1589335","length_m":822.7}},{"type":"Feature","geometry":{"type":"LineString","coordinates":[[4.531374519825084,52.15069931682041],[4.529764,52.150035],[4.529549,52.149808],[4.52964,52.149629],[4.531426,52.147907],[4.532631206502587,52.146873657970026]]},"properties":{"edge_id":"edge/4efdd638a59a","stop_a":"stop/leiderdorp-ericalaan__9c64b01d8a","stop_b":"stop/leiderdorp-mauritssingel__0e2627b1e0","stop_a_name":"Leiderdorp, Ericalaan","stop_b_name":"Leiderdorp, Mauritssingel","num_lines":1,"line_ids":["QBUZZ:z092"],"line_refs":["2"],"lines":[{"line_id":"QBUZZ:z092","line_ref":"2","line_name":"Leiden: De Vink - Oranjewijk","agency_id":"QBUZZ"}],"variant_ids":["QBUZZ:z092|1578457","QBUZZ:z092|1578458","QBUZZ:z092|1578459","QBUZZ:z092|1578461","QBUZZ:z092|1578462"],"representative_variant_id":"QBUZZ:z092|1578457","length_m":550.7}},{"type":"Feature","geometry":{"type":"LineString","coordinates":[[4.531374519825084,52.15069931682041],[4.533417,52.151562],[4.537744840926048,52.153586880448245]]},"properties":{"edge_id":"edge/25a5feeeadbf","stop_a":"stop/leiderdorp-ericalaan__9c64b01d8a","stop_b":"stop/leiderdorp-simon-smitweg__4a2d9864f7","stop_a_name":"Leiderdorp, Ericalaan","stop_b_name":"Leiderdorp, Simon Smitweg","num_lines":1,"line_ids":["QBUZZ:z092"],"line_refs":["2"],"lines":[{"line_id":"QBUZZ:z092","line_ref":"2","line_name":"Leiden: De Vink - Oranjewijk","agency_id":"QBUZZ"}],"variant_ids":["QBUZZ:z092|1578457","QBUZZ:z092|1578458","QBUZZ:z092|1578459","QBUZZ:z092|1578461","QBUZZ:z092|1578462"],"representative_variant_id":"QBUZZ:z092|1578457","length_m":540.5}},{"type":"Feature","geometry":{"type":"LineString","coordinates":[[4.531329581009744,52.14517570429129],[4.533076,52.146463],[4.532631298028802,52.14687358024538]]},"properties":{"edge_id":"edge/7c4a92ddc3ee","stop_a":"stop/leiderdorp-frederik-hendriklaan__40da6674e3","stop_b":"stop/leiderdorp-mauritssingel__0e2627b1e0","stop_a_name":"Leiderdorp, Frederik Hendriklaan","stop_b_name":"Leiderdorp, Mauritssingel","num_lines":1,"line_ids":["QBUZZ:z092"],"line_refs":["2"],"lines":[{"line_id":"QBUZZ:z092","line_ref":"2","line_name":"Leiden: De Vink - Oranjewijk","agency_id":"QBUZZ"}],"variant_ids":["QBUZZ:z092|1578457","QBUZZ:z092|1578458","QBUZZ:z092|1578459","QBUZZ:z092|1578461","QBUZZ:z092|1578462"],"representative_variant_id":"QBUZZ:z092|1578458","length_m":241.1}},{"type":"Feature","geometry":{"type":"LineString","coordinates":[[4.531329581009744,52.14517570429129],[4.530728,52.14473],[4.528399,52.143517],[4.528177,52.143659],[4.528365,52.14376],[4.52872296981105,52.143797064281024]]},"properties":{"edge_id":"edge/25d321bf896a","stop_a":"stop/leiderdorp-frederik-hendriklaan__40da6674e3","stop_b":"stop/leiderdorp-oranjewijk__952e228dff","stop_a_name":"Leiderdorp, Frederik Hendriklaan","stop_b_name":"Leiderdorp, Oranjewijk","num_lines":1,"line_ids":["QBUZZ:z092"],"line_refs":["2"],"lines":[{"line_id":"QBUZZ:z092","line_ref":"2","line_name":"Leiden: De Vink - Oranjewijk","agency_id":"QBUZZ"}],"variant_ids":["QBUZZ:z092|1578457","QBUZZ:z092|1578458","QBUZZ:z092|1578459","QBUZZ:z092|1578461","QBUZZ:z092|1578462"],"representative_variant_id":"QBUZZ:z092|1578458","length_m":336.5}},{"type":"Feature","geometry":{"type":"LineString","coordinates":[[4.536237894313368,52.16018542378526],[4.536165,52.160678],[4.535291,52.161319],[4.53623,52.161892],[4.534329440298221,52.16317503180595]]},"properties":{"edge_id":"edge/2e6771af5bb7","stop_a":"stop/leiderdorp-klaprooskamp__3a53ea839b","stop_b":"stop/leiderdorp-winkelhof-heinsiuslaan__df1904739f","stop_a_name":"Leiderdorp, Klaprooskamp","stop_b_name":"Leiderdorp, Winkelhof/Heinsiuslaan","num_lines":1,"line_ids":["QBUZZ:z092"],"line_refs":["2"],"lines":[{"line_id":"QBUZZ:z092","line_ref":"2","line_name":"Leiden: De Vink - Oranjewijk","agency_id":"QBUZZ"}],"variant_ids":["QBUZZ:z092|1578457","QBUZZ:z092|1578458","QBUZZ:z092|1578459","QBUZZ:z092|1578461","QBUZZ:z092|1578462"],"representative_variant_id":"QBUZZ:z092|1578457","length_m":431.0}},{"type":"Feature","geometry":{"type":"LineString","coordinates":[[4.531744522766632,52.17381677148949],[4.5321,52.173754],[4.532534,52.174009],[4.533829,52.174333],[4.536653,52.174937],[4.538839,52.175313],[4.53941,52.175299],[4.539786,52.175499],[4.541737,52.175918],[4.55216,52.177547],[4.55363,52.177899],[4.559198,52.17881],[4.559897,52.178985],[4.560769,52.179279],[4.569091,52.183094],[4.570428,52.183553],[4.571316,52.183766],[4.577378,52.184931],[4.585197,52.185991],[4.58725,52.186473],[4.590829,52.187485],[4.592694,52.187902],[4.600924,52.188883],[4.601929,52.189115],[4.602931,52.189517],[4.604057,52.190396],[4.611424,52.198175],[4.611548,52.198571],[4.611322,52.198965],[4.611347,52.199226],[4.61185,52.199741],[4.612096,52.199905],[4.612534,52.199917],[4.614638,52.199211],[4.615258,52.198883],[4.615519,52.199029],[4.616219,52.199159],[4.616798,52.199495],[4.617339,52.200353],[4.61753,52.200345],[4.617703,52.200472],[4.617568,52.200669],[4.617793,52.201183],[4.6178234640959275,52.20206960976849]]},"properties":{"edge_id":"edge/47bbf7347497","stop_a":"stop/leiderdorp-leyhof-n445__3abeeae2c4","stop_b":"stop/roelofarendsveen-westeinde__9a83dca99b","stop_a_name":"Leiderdorp, Leyhof/N445","stop_b_name":"Roelofarendsveen, Westeinde","num_lines":2,"line_ids":["QBUZZ:z365","QBUZZ:z366"],"line_refs":["365","366"],"lines":[{"line_id":"QBUZZ:z365","line_ref":"365","line_name":"Leiden - Schiphol","agency_id":"QBUZZ"},{"line_id":"QBUZZ:z366","line_ref":"366","line_name":"Leiden - Leimuiden","agency_id":"QBUZZ"}],"variant_ids":["QBUZZ:z365|1578584","QBUZZ:z365|1589335","QBUZZ:z365|1625057","QBUZZ:z365|1625058","QBUZZ:z365|1655033","QBUZZ:z366|1578586","QBUZZ:z366|1589337"],"representative_variant_id":"QBUZZ:z365|1589335","length_m":7253.8}},{"type":"Feature","geometry":{"type":"LineString","coordinates":[[4.536300531020925,52.15532422474728],[4.537035,52.155696],[4.536124,52.156696],[4.537886,52.157041],[4.541042812131288,52.15807537438334]]},"properties":{"edge_id":"edge/adde34d94da6","stop_a":"stop/leiderdorp-leythenrode__442396f3d4","stop_b":"stop/leiderdorp-ziekenhuis__bd06890e65","stop_a_name":"Leiderdorp, Leythenrode","stop_b_name":"Leiderdorp, Ziekenhuis","num_lines":1,"line_ids":["QBUZZ:z182"],"line_refs":["182"],"lines":[{"line_id":"QBUZZ:z182","line_ref":"182","line_name":"Alphen a/d Rijn - Leiden","agency_id":"QBUZZ"}],"variant_ids":["QBUZZ:z182|1578503","QBUZZ:z182|1578505"],"representative_variant_id":"QBUZZ:z182|1578503","length_m":562.7}},{"type":"Feature","geometry":{"type":"LineString","coordinates":[[4.536300531020925,52.15532422474728],[4.53384,52.153884],[4.529277733743038,52.151747624905134]]},"properties":{"edge_id":"edge/eb36b30eaad7","stop_a":"stop/leiderdorp-leythenrode__442396f3d4","stop_b":"stop/leiderdorp-zwembad-de-does__3dc7ce9b9c","stop_a_name":"Leiderdorp, Leythenrode","stop_b_name":"Leiderdorp, Zwembad de Does","num_lines":1,"line_ids":["QBUZZ:z182"],"line_refs":["182"],"lines":[{"line_id":"QBUZZ:z182","line_ref":"182","line_name":"Alphen a/d Rijn - Leiden","agency_id":"QBUZZ"}],"variant_ids":["QBUZZ:z182|1578503","QBUZZ:z182|1578505"],"representative_variant_id":"QBUZZ:z182|1578503","length_m":623.6}},{"type":"Feature","geometry":{"type":"LineString","coordinates":[[4.537092116998345,52.15690413259697],[4.536357,52.156743],[4.534148,52.159945],[4.533447,52.16065],[4.532583547868837,52.16132961348399]]},"properties":{"edge_id":"edge/41d51d8b1a46","stop_a":"stop/leiderdorp-leythenrode-engelendaal__826e2e6b8f","stop_b":"stop/leiderdorp-winkelhof__25ddd9a71f","stop_a_name":"Leiderdorp, Leythenrode/Engelendaal","stop_b_name":"Leiderdorp, Winkelhof","num_lines":1,"line_ids":["QBUZZ:z056"],"line_refs":["56"],"lines":[{"line_id":"QBUZZ:z056","line_ref":"56","line_name":"Sassenheim - Leiden- Roelofarendsveen","agency_id":"QBUZZ"}],"variant_ids":["QBUZZ:z056|1578425","QBUZZ:z056|1578426","QBUZZ:z056|1578427","QBUZZ:z056|1578428","QBUZZ:z056|1578429","QBUZZ:z056|1578432"],"representative_variant_id":"QBUZZ:z056|1578425","length_m":627.5}},{"type":"Feature","geometry":{"type":"LineString","coordinates":[[4.537092116998345,52.15690413259697],[4.538307,52.157161],[4.541023705223598,52.1580657550436]]},"properties":{"edge_id":"edge/7bb5ab670372","stop_a":"stop/leiderdorp-leythenrode-engelendaal__826e2e6b8f","stop_b":"stop/leiderdorp-ziekenhuis__bd06890e65","stop_a_name":"Leiderdorp, Leythenrode/Engelendaal","stop_b_name":"Leiderdorp, Ziekenhuis","num_lines":1,"line_ids":["QBUZZ:z056"],"line_refs":["56"],"lines":[{"line_id":"QBUZZ:z056","line_ref":"56","line_name":"Sassenheim - Leiden- Roelofarendsveen","agency_id":"QBUZZ"}],"variant_ids":["QBUZZ:z056|1578425","QBUZZ:z056|1578426","QBUZZ:z056|1578427","QBUZZ:z056|1578428","QBUZZ:z056|1578429","QBUZZ:z056|1578432"],"representative_variant_id":"QBUZZ:z056|1578425","length_m":298.5}},{"type":"Feature","geometry":{"type":"LineString","coordinates":[[4.54991393076577,52.161963203202795],[4.549072,52.161373],[4.549077,52.161121],[4.548757,52.160993],[4.548617,52.160713],[4.547661,52.160248],[4.542766,52.158622],[4.542084,52.158357],[4.54197,52.158221],[4.541736,52.158256],[4.541037127455822,52.15804441164355]]},"properties":{"edge_id":"edge/b1b28c449c5d","stop_a":"stop/leiderdorp-munnikenbrug__89f8b2d7dc","stop_b":"stop/leiderdorp-ziekenhuis__bd06890e65","stop_a_name":"Leiderdorp, Munnikenbrug","stop_b_name":"Leiderdorp, Ziekenhuis","num_lines":2,"line_ids":["QBUZZ:z056","QBUZZ:z182"],"line_refs":["56","182"],"lines":[{"line_id":"QBUZZ:z056","line_ref":"56","line_name":"Sassenheim - Leiden- Roelofarendsveen","agency_id":"QBUZZ"},{"line_id":"QBUZZ:z182","line_ref":"182","line_name":"Alphen a/d Rijn - Leiden","agency_id":"QBUZZ"}],"variant_ids":["QBUZZ:z056|1578425","QBUZZ:z056|1578426","QBUZZ:z056|1578427","QBUZZ:z056|1578428","QBUZZ:z056|1578429","QBUZZ:z056|1578432","QBUZZ:z182|1578503","QBUZZ:z182|1578505"],"representative_variant_id":"QBUZZ:z056|1578428","length_m":778.5}},{"type":"Feature","geometry":{"type":"LineString","coordinates":[[4.54991393076577,52.161963203202795],[4.550906,52.162527],[4.551519,52.162604],[4.551619,52.162712],[4.551557,52.162919],[4.551336,52.163007],[4.550942,52.162959],[4.550677,52.163047],[4.5497,52.163741],[4.544421,52.169303],[4.542166,52.171786],[4.539663,52.175022],[4.539497,52.175317],[4.539626,52.175435],[4.53958,52.175579],[4.53933,52.175667],[4.539071321421961,52.17608956973576]]},"properties":{"edge_id":"edge/273353e86524","stop_a":"stop/leiderdorp-munnikenbrug__89f8b2d7dc","stop_b":"stop/oud-ade-kapteijn__da393a742e","stop_a_name":"Leiderdorp, Munnikenbrug","stop_b_name":"Oud Ade, Kapteijn","num_lines":1,"line_ids":["QBUZZ:z056"],"line_refs":["56"],"lines":[{"line_id":"QBUZZ:z056","line_ref":"56","line_name":"Sassenheim - Leiden- Roelofarendsveen","agency_id":"QBUZZ"}],"variant_ids":["QBUZZ:z056|1578425","QBUZZ:z056|1578426","QBUZZ:z056|1578427","QBUZZ:z056|1578428","QBUZZ:z056|1578429","QBUZZ:z056|1578432"],"representative_variant_id":"QBUZZ:z056|1578428","length_m":1906.6}},{"type":"Feature","geometry":{"type":"LineString","coordinates":[[4.537700483541166,52.15362141892038],[4.538498,52.154035],[4.538844,52.154307],[4.54316,52.156342],[4.543347,52.156496],[4.543387,52.156703],[4.542719,52.157256],[4.542225,52.157873],[4.54176,52.157734961286735]]},"properties":{"edge_id":"edge/e5bef82c8b53","stop_a":"stop/leiderdorp-simon-smitweg__4a2d9864f7","stop_b":"stop/leiderdorp-ziekenhuis__bd06890e65","stop_a_name":"Leiderdorp, Simon Smitweg","stop_b_name":"Leiderdorp, Ziekenhuis","num_lines":1,"line_ids":["QBUZZ:z092"],"line_refs":["2"],"lines":[{"line_id":"QBUZZ:z092","line_ref":"2","line_name":"Leiden: De Vink - Oranjewijk","agency_id":"QBUZZ"}],"variant_ids":["QBUZZ:z092|1578457","QBUZZ:z092|1578458","QBUZZ:z092|1578459","QBUZZ:z092|1578461","QBUZZ:z092|1578462"],"representative_variant_id":"QBUZZ:z092|1578458","length_m":713.7}},{"type":"Feature","geometry":{"type":"LineString","coordinates":[[4.516301080511664,52.1652895920594],[4.515662,52.16434],[4.515411,52.163709],[4.515135038521666,52.16166239841607]]},"properties":{"edge_id":"edge/bea95429b6b5","stop_a":"stop/leiderdorp-sisalbaan__2f16e3307b","stop_b":"stop/leiderdorp-spanjaardsbrug__6b0895ed5b","stop_a_name":"Leiderdorp, Sisalbaan","stop_b_name":"Leiderdorp, Spanjaardsbrug","num_lines":1,"line_ids":["QBUZZ:z093"],"line_refs":["3"],"lines":[{"line_id":"QBUZZ:z093","line_ref":"3","line_name":"Leiden: Merenwijk - Leyhof","agency_id":"QBUZZ"}],"variant_ids":["QBUZZ:z093|1578463","QBUZZ:z093|1589322","QBUZZ:z093|1589324","QBUZZ:z093|1589326"],"representative_variant_id":"QBUZZ:z093|1589322","length_m":414.8}},{"type":"Feature","geometry":{"type":"LineString","coordinates":[[4.516301080511664,52.1652895920594],[4.516509,52.165847],[4.516481,52.166566],[4.517998,52.166712],[4.5191350180557786,52.167343953071715]]},"properties":{"edge_id":"edge/96284dfe4add","stop_a":"stop/leiderdorp-sisalbaan__2f16e3307b","stop_b":"stop/leiderdorp-touwbaan__cfd542b163","stop_a_name":"Leiderdorp, Sisalbaan","stop_b_name":"Leiderdorp, Touwbaan","num_lines":1,"line_ids":["QBUZZ:z093"],"line_refs":["3"],"lines":[{"line_id":"QBUZZ:z093","line_ref":"3","line_name":"Leiden: Merenwijk - Leyhof","agency_id":"QBUZZ"}],"variant_ids":["QBUZZ:z093|1578463","QBUZZ:z093|1589322","QBUZZ:z093|1589324","QBUZZ:z093|1589326"],"representative_variant_id":"QBUZZ:z093|1589322","length_m":352.9}},{"type":"Feature","geometry":{"type":"LineString","coordinates":[[4.524483639464879,52.154734607480975],[4.522248,52.156317],[4.52527,52.15802],[4.525327,52.158065],[4.52497977752411,52.15830077674729]]},"properties":{"edge_id":"edge/37db30bbc0e0","stop_a":"stop/leiderdorp-van-der-valk-boumanweg__2b495a7cac","stop_b":"stop/leiderdorp-van-poelgeestlaan__29b8243f38","stop_a_name":"Leiderdorp, van der Valk Boumanweg","stop_b_name":"Leiderdorp, van Poelgeestlaan","num_lines":1,"line_ids":["QBUZZ:z092"],"line_refs":["2"],"lines":[{"line_id":"QBUZZ:z092","line_ref":"2","line_name":"Leiden: De Vink - Oranjewijk","agency_id":"QBUZZ"}],"variant_ids":["QBUZZ:z092|1578457","QBUZZ:z092|1578458","QBUZZ:z092|1578459","QBUZZ:z092|1578461","QBUZZ:z092|1578462"],"representative_variant_id":"QBUZZ:z092|1578458","length_m":554.4}},{"type":"Feature","geometry":{"type":"LineString","coordinates":[[4.52497977752411,52.15830077674729],[4.523195,52.159532],[4.523147,52.159739],[4.526911284045333,52.1619368778417]]},"properties":{"edge_id":"edge/cce4bbcb415c","stop_a":"stop/leiderdorp-van-poelgeestlaan__29b8243f38","stop_b":"stop/leiderdorp-vogellaan__4ca57567ca","stop_a_name":"Leiderdorp, van Poelgeestlaan","stop_b_name":"Leiderdorp, Vogellaan","num_lines":1,"line_ids":["QBUZZ:z092"],"line_refs":["2"],"lines":[{"line_id":"QBUZZ:z092","line_ref":"2","line_name":"Leiden: De Vink - Oranjewijk","agency_id":"QBUZZ"}],"variant_ids":["QBUZZ:z092|1578457","QBUZZ:z092|1578458","QBUZZ:z092|1578459","QBUZZ:z092|1578461","QBUZZ:z092|1578462"],"representative_variant_id":"QBUZZ:z092|1578458","length_m":560.9}},{"type":"Feature","geometry":{"type":"LineString","coordinates":[[4.526911343715946,52.16193691541973],[4.529209003261788,52.16328395590359]]},"properties":{"edge_id":"edge/fe40003ed669","stop_a":"stop/leiderdorp-vogellaan__4ca57567ca","stop_b":"stop/leiderdorp-vronkenlaan__dbcc3c25fd","stop_a_name":"Leiderdorp, Vogellaan","stop_b_name":"Leiderdorp, Vronkenlaan","num_lines":1,"line_ids":["QBUZZ:z092"],"line_refs":["2"],"lines":[{"line_id":"QBUZZ:z092","line_ref":"2","line_name":"Leiden: De Vink - Oranjewijk","agency_id":"QBUZZ"}],"variant_ids":["QBUZZ:z092|1578457","QBUZZ:z092|1578458","QBUZZ:z092|1578459","QBUZZ:z092|1578461","QBUZZ:z092|1578462"],"representative_variant_id":"QBUZZ:z092|1578457","length_m":216.8}},{"type":"Feature","geometry":{"type":"LineString","coordinates":[[4.529463630958588,52.163412530358876],[4.532583547868837,52.16132961348399]]},"properties":{"edge_id":"edge/9ca38c57584f","stop_a":"stop/leiderdorp-vronkenlaan__dbcc3c25fd","stop_b":"stop/leiderdorp-winkelhof__25ddd9a71f","stop_a_name":"Leiderdorp, Vronkenlaan","stop_b_name":"Leiderdorp, Winkelhof","num_lines":1,"line_ids":["QBUZZ:z056"],"line_refs":["56"],"lines":[{"line_id":"QBUZZ:z056","line_ref":"56","line_name":"Sassenheim - Leiden- Roelofarendsveen","agency_id":"QBUZZ"}],"variant_ids":["QBUZZ:z056|1578425","QBUZZ:z056|1578426","QBUZZ:z056|1578427","QBUZZ:z056|1578428","QBUZZ:z056|1578429","QBUZZ:z056|1578432"],"representative_variant_id":"QBUZZ:z056|1578425","length_m":314.5}},{"type":"Feature","geometry":{"type":"LineString","coordinates":[[4.529209003261788,52.16328395590359],[4.53172,52.164583],[4.532573,52.164338],[4.534329440298221,52.16317503180595]]},"properties":{"edge_id":"edge/8073d0e96220","stop_a":"stop/leiderdorp-vronkenlaan__dbcc3c25fd","stop_b":"stop/leiderdorp-winkelhof-heinsiuslaan__df1904739f","stop_a_name":"Leiderdorp, Vronkenlaan","stop_b_name":"Leiderdorp, Winkelhof/Heinsiuslaan","num_lines":1,"line_ids":["QBUZZ:z092"],"line_refs":["2"],"lines":[{"line_id":"QBUZZ:z092","line_ref":"2","line_name":"Leiden: De Vink - Oranjewijk","agency_id":"QBUZZ"}],"variant_ids":["QBUZZ:z092|1578457","QBUZZ:z092|1578458","QBUZZ:z092|1578459","QBUZZ:z092|1578461","QBUZZ:z092|1578462"],"representative_variant_id":"QBUZZ:z092|1578457","length_m":464.6}},{"type":"Feature","geometry":{"type":"LineString","coordinates":[[4.532384015905408,52.16118259153673],[4.533499,52.160246],[4.536214,52.156589],[4.537087,52.156784],[4.541065170526205,52.158052474026285]]},"properties":{"edge_id":"edge/ea1a19e6ecb9","stop_a":"stop/leiderdorp-winkelhof__25ddd9a71f","stop_b":"stop/leiderdorp-ziekenhuis__bd06890e65","stop_a_name":"Leiderdorp, Winkelhof","stop_b_name":"Leiderdorp, Ziekenhuis","num_lines":1,"line_ids":["QBUZZ:z410"],"line_refs":["410"],"lines":[{"line_id":"QBUZZ:z410","line_ref":"410","line_name":"Leiderdorp - Leiden","agency_id":"QBUZZ"}],"variant_ids":["QBUZZ:z410|1578628","QBUZZ:z410|1589346"],"representative_variant_id":"QBUZZ:z410|1589346","length_m":945.0}},{"type":"Feature","geometry":{"type":"LineString","coordinates":[[4.38490218190665,52.0904718632354],[4.383237,52.091549],[4.3840243611446015,52.091957788521164]]},"properties":{"edge_id":"edge/465675606535","stop_a":"stop/leidschendam-burgemeester-banninglaan__2cacd127fa","stop_b":"stop/leidschendam-hmc-antoniushove__152c8b547a","stop_a_name":"Leidschendam, Burgemeester Banninglaan","stop_b_name":"Leidschendam, HMC Antoniushove","num_lines":1,"line_ids":["EBS:3046"],"line_refs":["46"],"lines":[{"line_id":"EBS:3046","line_ref":"46","line_name":"Den Haag Centraal via Voorschoten - Wassenaar","agency_id":"EBS"}],"variant_ids":["EBS:3046|1478711","EBS:3046|1478712"],"representative_variant_id":"EBS:3046|1478712","length_m":235.6}},{"type":"Feature","geometry":{"type":"LineString","coordinates":[[4.385035778522673,52.09055207306907],[4.388164,52.088544],[4.388834,52.087912],[4.3900791198665345,52.08718466409549]]},"properties":{"edge_id":"edge/60ca9c492a6d","stop_a":"stop/leidschendam-burgemeester-banninglaan__2cacd127fa","stop_b":"stop/leidschendam-j-s-bachlaan__ef4bb3e5ee","stop_a_name":"Leidschendam, Burgemeester Banninglaan","stop_b_name":"Leidschendam, J.S. Bachlaan","num_lines":1,"line_ids":["EBS:3046"],"line_refs":["46"],"lines":[{"line_id":"EBS:3046","line_ref":"46","line_name":"Den Haag Centraal via Voorschoten - Wassenaar","agency_id":"EBS"}],"variant_ids":["EBS:3046|1478711","EBS:3046|1478712"],"representative_variant_id":"EBS:3046|1478711","length_m":510.3}},{"type":"Feature","geometry":{"type":"LineString","coordinates":[[4.394498396052273,52.08300884266649],[4.395248,52.083624],[4.393784,52.084475],[4.393205,52.084946],[4.393049,52.085412],[4.392825,52.085608],[4.3900791198665345,52.08718466409549]]},"properties":{"edge_id":"edge/e75ed1e2672b","stop_a":"stop/leidschendam-damlaan__cca80f83a9","stop_b":"stop/leidschendam-j-s-bachlaan__ef4bb3e5ee","stop_a_name":"Leidschendam, Damlaan","stop_b_name":"Leidschendam, J.S. Bachlaan","num_lines":1,"line_ids":["EBS:3046"],"line_refs":["46"],"lines":[{"line_id":"EBS:3046","line_ref":"46","line_name":"Den Haag Centraal via Voorschoten - Wassenaar","agency_id":"EBS"}],"variant_ids":["EBS:3046|1478711","EBS:3046|1478712"],"representative_variant_id":"EBS:3046|1478711","length_m":625.1}},{"type":"Feature","geometry":{"type":"LineString","coordinates":[[4.3934437257248,52.08352728269073],[4.394273,52.084173],[4.395203,52.08366],[4.398347,52.085996],[4.4009249008709705,52.08767409226315]]},"properties":{"edge_id":"edge/06456cd0d296","stop_a":"stop/leidschendam-damlaan__cca80f83a9","stop_b":"stop/leidschendam-koningin-julianaplein__6f598a500d","stop_a_name":"Leidschendam, Damlaan","stop_b_name":"Leidschendam, Koningin Julianaplein","num_lines":1,"line_ids":["EBS:3045"],"line_refs":["45"],"lines":[{"line_id":"EBS:3045","line_ref":"45","line_name":"Den Haag Centraal via Leidschendam - Leiden","agency_id":"EBS"}],"variant_ids":["EBS:3045|1478709","EBS:3045|1478710"],"representative_variant_id":"EBS:3045|1478710","length_m":770.5}},{"type":"Feature","geometry":{"type":"LineString","coordinates":[[4.3934437257248,52.08352728269073],[4.390809,52.081798],[4.388263,52.080824],[4.38641314822,52.07982356015431]]},"properties":{"edge_id":"edge/e2353109bdf1","stop_a":"stop/leidschendam-damlaan__cca80f83a9","stop_b":"stop/voorburg-sijtwendetunnel__89b274a198","stop_a_name":"Leidschendam, Damlaan","stop_b_name":"Voorburg, Sijtwendetunnel","num_lines":2,"line_ids":["EBS:3045","EBS:3046"],"line_refs":["45","46"],"lines":[{"line_id":"EBS:3045","line_ref":"45","line_name":"Den Haag Centraal via Leidschendam - Leiden","agency_id":"EBS"},{"line_id":"EBS:3046","line_ref":"46","line_name":"Den Haag Centraal via Voorschoten - Wassenaar","agency_id":"EBS"}],"variant_ids":["EBS:3045|1478709","EBS:3045|1478710","EBS:3046|1478711","EBS:3046|1478712"],"representative_variant_id":"EBS:3045|1478710","length_m":636.7}},{"type":"Feature","geometry":{"type":"LineString","coordinates":[[4.400616093347614,52.099935002630886],[4.400373,52.099955],[4.399837,52.099779],[4.395631,52.097937],[4.393287583026768,52.09677246913234]]},"properties":{"edge_id":"edge/ab9b312905c3","stop_a":"stop/leidschendam-dillenburgsingel__80c5fdb919","stop_b":"stop/leidschendam-prinsensingel__386ff93a60","stop_a_name":"Leidschendam, Dillenburgsingel","stop_b_name":"Leidschendam, Prinsensingel","num_lines":1,"line_ids":["EBS:3046"],"line_refs":["46"],"lines":[{"line_id":"EBS:3046","line_ref":"46","line_name":"Den Haag Centraal via Voorschoten - Wassenaar","agency_id":"EBS"}],"variant_ids":["EBS:3046|1478711","EBS:3046|1478712"],"representative_variant_id":"EBS:3046|1478711","length_m":617.0}},{"type":"Feature","geometry":{"type":"LineString","coordinates":[[4.404101306649245,52.09706258698093],[4.401452,52.099343],[4.400616093347614,52.099935002630886]]},"properties":{"edge_id":"edge/641126612725","stop_a":"stop/leidschendam-dillenburgsingel-noordsingel__79c7caedea","stop_b":"stop/leidschendam-dillenburgsingel__80c5fdb919","stop_a_name":"Leidschendam, Dillenburgsingel/Noordsingel","stop_b_name":"Leidschendam, Dillenburgsingel","num_lines":1,"line_ids":["EBS:3046"],"line_refs":["46"],"lines":[{"line_id":"EBS:3046","line_ref":"46","line_name":"Den Haag Centraal via Voorschoten - Wassenaar","agency_id":"EBS"}],"variant_ids":["EBS:3046|1478711","EBS:3046|1478712"],"representative_variant_id":"EBS:3046|1478711","length_m":398.7}},{"type":"Feature","geometry":{"type":"LineString","coordinates":[[4.404143315034033,52.09708102221317],[4.404856,52.096541],[4.406245,52.097082],[4.40677,52.097123],[4.407296,52.097073],[4.408032,52.096819],[4.408623,52.096482],[4.40907,52.096072],[4.410519,52.095185],[4.411311,52.094994],[4.411689,52.095087],[4.412391,52.095677],[4.413931,52.096661],[4.415053033256671,52.09772415200413]]},"properties":{"edge_id":"edge/c75f59d673a3","stop_a":"stop/leidschendam-dillenburgsingel-noordsingel__79c7caedea","stop_b":"stop/leidschendam-ggz-rivierduinen__f5c397c9d1","stop_a_name":"Leidschendam, Dillenburgsingel/Noordsingel","stop_b_name":"Leidschendam, GGZ Rivierduinen","num_lines":1,"line_ids":["EBS:3046"],"line_refs":["46"],"lines":[{"line_id":"EBS:3046","line_ref":"46","line_name":"Den Haag Centraal via Voorschoten - Wassenaar","agency_id":"EBS"}],"variant_ids":["EBS:3046|1478711","EBS:3046|1478712"],"representative_variant_id":"EBS:3046|1478712","length_m":1029.4}},{"type":"Feature","geometry":{"type":"LineString","coordinates":[[4.41514984441793,52.09768275838764],[4.416333,52.098982],[4.417511,52.101194],[4.418348612656253,52.102315366419965]]},"properties":{"edge_id":"edge/baf4dbbac414","stop_a":"stop/leidschendam-ggz-rivierduinen__f5c397c9d1","stop_b":"stop/leidschendam-vlindertuin__96ef3a3578","stop_a_name":"Leidschendam, GGZ Rivierduinen","stop_b_name":"Leidschendam, Vlindertuin","num_lines":2,"line_ids":["EBS:3045","EBS:3046"],"line_refs":["45","46"],"lines":[{"line_id":"EBS:3045","line_ref":"45","line_name":"Den Haag Centraal via Leidschendam - Leiden","agency_id":"EBS"},{"line_id":"EBS:3046","line_ref":"46","line_name":"Den Haag Centraal via Voorschoten - Wassenaar","agency_id":"EBS"}],"variant_ids":["EBS:3045|1478709","EBS:3045|1478710","EBS:3046|1478711","EBS:3046|1478712"],"representative_variant_id":"EBS:3045|1478709","length_m":561.5}},{"type":"Feature","geometry":{"type":"LineString","coordinates":[[4.41514984441793,52.09768275838764],[4.414292,52.096826],[4.412668,52.095706],[4.411881,52.09499],[4.411548,52.094834],[4.411582,52.09461],[4.411386,52.094267],[4.410371436691192,52.093478264104235]]},"properties":{"edge_id":"edge/bb0fb63f4c1f","stop_a":"stop/leidschendam-ggz-rivierduinen__f5c397c9d1","stop_b":"stop/leidschendam-weikamp__990f4fb8bc","stop_a_name":"Leidschendam, GGZ Rivierduinen","stop_b_name":"Leidschendam, Weikamp","num_lines":1,"line_ids":["EBS:3045"],"line_refs":["45"],"lines":[{"line_id":"EBS:3045","line_ref":"45","line_name":"Den Haag Centraal via Leidschendam - Leiden","agency_id":"EBS"}],"variant_ids":["EBS:3045|1478709","EBS:3045|1478710"],"representative_variant_id":"EBS:3045|1478709","length_m":580.5}},{"type":"Feature","geometry":{"type":"LineString","coordinates":[[4.384271331864822,52.09179831379501],[4.390504,52.095494],[4.392122,52.096254],[4.392732,52.096367],[4.393003,52.096666],[4.393287583026768,52.09677246913234]]},"properties":{"edge_id":"edge/a7b62915d2f6","stop_a":"stop/leidschendam-hmc-antoniushove__152c8b547a","stop_b":"stop/leidschendam-prinsensingel__386ff93a60","stop_a_name":"Leidschendam, HMC Antoniushove","stop_b_name":"Leidschendam, Prinsensingel","num_lines":1,"line_ids":["EBS:3046"],"line_refs":["46"],"lines":[{"line_id":"EBS:3046","line_ref":"46","line_name":"Den Haag Centraal via Voorschoten - Wassenaar","agency_id":"EBS"}],"variant_ids":["EBS:3046|1478711","EBS:3046|1478712"],"representative_variant_id":"EBS:3046|1478711","length_m":835.2}},{"type":"Feature","geometry":{"type":"LineString","coordinates":[[4.4009249008709705,52.08767409226315],[4.403571,52.089294],[4.4064967881183685,52.09077844048849]]},"properties":{"edge_id":"edge/bfece0f2dbad","stop_a":"stop/leidschendam-koningin-julianaplein__6f598a500d","stop_b":"stop/leidschendam-rozenrust__c5bace6937","stop_a_name":"Leidschendam, Koningin Julianaplein","stop_b_name":"Leidschendam, Rozenrust","num_lines":1,"line_ids":["EBS:3045"],"line_refs":["45"],"lines":[{"line_id":"EBS:3045","line_ref":"45","line_name":"Den Haag Centraal via Leidschendam - Leiden","agency_id":"EBS"}],"variant_ids":["EBS:3045|1478709","EBS:3045|1478710"],"representative_variant_id":"EBS:3045|1478710","length_m":514.4}},{"type":"Feature","geometry":{"type":"LineString","coordinates":[[4.406551201387681,52.09073703231518],[4.40741,52.091232],[4.410371436691192,52.093478264104235]]},"properties":{"edge_id":"edge/7d8a15418529","stop_a":"stop/leidschendam-rozenrust__c5bace6937","stop_b":"stop/leidschendam-weikamp__990f4fb8bc","stop_a_name":"Leidschendam, Rozenrust","stop_b_name":"Leidschendam, Weikamp","num_lines":1,"line_ids":["EBS:3045"],"line_refs":["45"],"lines":[{"line_id":"EBS:3045","line_ref":"45","line_name":"Den Haag Centraal via Leidschendam - Leiden","agency_id":"EBS"}],"variant_ids":["EBS:3045|1478709","EBS:3045|1478710"],"representative_variant_id":"EBS:3045|1478709","length_m":401.9}},{"type":"Feature","geometry":{"type":"LineString","coordinates":[[4.418348612656253,52.102315366419965],[4.419188,52.103257],[4.420664,52.104536],[4.422146,52.105546],[4.425809,52.107607],[4.427216,52.108697],[4.428456230201525,52.109954551970304]]},"properties":{"edge_id":"edge/05264967cca0","stop_a":"stop/leidschendam-vlindertuin__96ef3a3578","stop_b":"stop/voorschoten-kniplaan__5fc58b2419","stop_a_name":"Leidschendam, Vlindertuin","stop_b_name":"Voorschoten, Kniplaan","num_lines":2,"line_ids":["EBS:3045","EBS:3046"],"line_refs":["45","46"],"lines":[{"line_id":"EBS:3045","line_ref":"45","line_name":"Den Haag Centraal via Leidschendam - Leiden","agency_id":"EBS"},{"line_id":"EBS:3046","line_ref":"46","line_name":"Den Haag Centraal via Voorschoten - Wassenaar","agency_id":"EBS"}],"variant_ids":["EBS:3045|1478709","EBS:3045|1478710","EBS:3046|1478711","EBS:3046|1478712"],"representative_variant_id":"EBS:3045|1478709","length_m":1102.3}},{"type":"Feature","geometry":{"type":"LineString","coordinates":[[4.666229920606897,52.22142508533097],[4.663768,52.221112],[4.663508,52.221812],[4.663264,52.223311],[4.663032408954854,52.22372329372405]]},"properties":{"edge_id":"edge/97175a345293","stop_a":"stop/leimuiden-acacialaan__1f96334b65","stop_b":"stop/leimuiden-dennenlaan__59fe44ed35","stop_a_name":"Leimuiden, Acacialaan","stop_b_name":"Leimuiden, Dennenlaan","num_lines":1,"line_ids":["QBUZZ:z366"],"line_refs":["366"],"lines":[{"line_id":"QBUZZ:z366","line_ref":"366","line_name":"Leiden - Leimuiden","agency_id":"QBUZZ"}],"variant_ids":["QBUZZ:z366|1589337"],"representative_variant_id":"QBUZZ:z366|1589337","length_m":467.1}},{"type":"Feature","geometry":{"type":"LineString","coordinates":[[4.666229920606897,52.22142508533097],[4.671172,52.222065],[4.672006,52.222115],[4.673083793007821,52.22203248706299]]},"properties":{"edge_id":"edge/79a592214985","stop_a":"stop/leimuiden-acacialaan__1f96334b65","stop_b":"stop/leimuiden-kloofpad__504d8fb705","stop_a_name":"Leimuiden, Acacialaan","stop_b_name":"Leimuiden, Kloofpad","num_lines":1,"line_ids":["QBUZZ:z366"],"line_refs":["366"],"lines":[{"line_id":"QBUZZ:z366","line_ref":"366","line_name":"Leiden - Leimuiden","agency_id":"QBUZZ"}],"variant_ids":["QBUZZ:z366|1589337"],"representative_variant_id":"QBUZZ:z366|1589337","length_m":475.2}},{"type":"Feature","geometry":{"type":"LineString","coordinates":[[4.663032408954854,52.22372329372405],[4.662241,52.225022],[4.662428,52.225239],[4.663988,52.225599],[4.666096,52.225576],[4.666628395706528,52.22575310526132]]},"properties":{"edge_id":"edge/8478a51a804d","stop_a":"stop/leimuiden-dennenlaan__59fe44ed35","stop_b":"stop/leimuiden-rietlanden__26edc24027","stop_a_name":"Leimuiden, Dennenlaan","stop_b_name":"Leimuiden, Rietlanden","num_lines":1,"line_ids":["QBUZZ:z366"],"line_refs":["366"],"lines":[{"line_id":"QBUZZ:z366","line_ref":"366","line_name":"Leiden - Leimuiden","agency_id":"QBUZZ"}],"variant_ids":["QBUZZ:z366|1589337"],"representative_variant_id":"QBUZZ:z366|1589337","length_m":479.8}},{"type":"Feature","geometry":{"type":"LineString","coordinates":[[4.673083793007821,52.22203248706299],[4.674887,52.222249],[4.675294,52.222387],[4.675394,52.222585],[4.674916,52.224056],[4.67495,52.224695]]},"properties":{"edge_id":"edge/48a8abbc60f6","stop_a":"stop/leimuiden-kloofpad__504d8fb705","stop_b":"stop/leimuiden-tuinderij__bd4631570e","stop_a_name":"Leimuiden, Kloofpad","stop_b_name":"Leimuiden, Tuinderij","num_lines":1,"line_ids":["QBUZZ:z366"],"line_refs":["366"],"lines":[{"line_id":"QBUZZ:z366","line_ref":"366","line_name":"Leiden - Leimuiden","agency_id":"QBUZZ"}],"variant_ids":["QBUZZ:z366|1589337"],"representative_variant_id":"QBUZZ:z366|1589337","length_m":417.8}},{"type":"Feature","geometry":{"type":"LineString","coordinates":[[4.675575487641705,52.22516372158105],[4.674917,52.224955],[4.674448,52.224979],[4.673926,52.225596],[4.672769,52.225652],[4.671768502812252,52.22610638782648]]},"properties":{"edge_id":"edge/3d6a10ce5d26","stop_a":"stop/leimuiden-leimuiden-n207__d2b6110958","stop_b":"stop/leimuiden-noordeinde__a886bd41c4","stop_a_name":"Leimuiden, Leimuiden/N207","stop_b_name":"Leimuiden, Noordeinde","num_lines":1,"line_ids":["QBUZZ:z366"],"line_refs":["366"],"lines":[{"line_id":"QBUZZ:z366","line_ref":"366","line_name":"Leiden - Leimuiden","agency_id":"QBUZZ"}],"variant_ids":["QBUZZ:z366|1589337"],"representative_variant_id":"QBUZZ:z366|1589337","length_m":323.7}},{"type":"Feature","geometry":{"type":"LineString","coordinates":[[4.675557958475568,52.22516089663279],[4.674917,52.224955],[4.67495,52.22470400467976]]},"properties":{"edge_id":"edge/be728743699a","stop_a":"stop/leimuiden-leimuiden-n207__d2b6110958","stop_b":"stop/leimuiden-tuinderij__bd4631570e","stop_a_name":"Leimuiden, Leimuiden/N207","stop_b_name":"Leimuiden, Tuinderij","num_lines":1,"line_ids":["QBUZZ:z366"],"line_refs":["366"],"lines":[{"line_id":"QBUZZ:z366","line_ref":"366","line_name":"Leiden - Leimuiden","agency_id":"QBUZZ"}],"variant_ids":["QBUZZ:z366|1578586"],"representative_variant_id":"QBUZZ:z366|1578586","length_m":77.3}},{"type":"Feature","geometry":{"type":"LineString","coordinates":[[4.675557958475568,52.22516089663279],[4.676537,52.225199],[4.674304,52.227558],[4.672378,52.229029],[4.669019,52.231247],[4.668037,52.230414],[4.667112218400962,52.22983228458775]]},"properties":{"edge_id":"edge/fbf8af964757","stop_a":"stop/leimuiden-leimuiden-n207__d2b6110958","stop_b":"stop/leimuiderbrug-leimuiderbrug__2b0927f06f","stop_a_name":"Leimuiden, Leimuiden/N207","stop_b_name":"Leimuiderbrug, Leimuiderbrug","num_lines":1,"line_ids":["QBUZZ:z366"],"line_refs":["366"],"lines":[{"line_id":"QBUZZ:z366","line_ref":"366","line_name":"Leiden - Leimuiden","agency_id":"QBUZZ"}],"variant_ids":["QBUZZ:z366|1578586","QBUZZ:z366|1589337"],"representative_variant_id":"QBUZZ:z366|1578586","length_m":1120.6}},{"type":"Feature","geometry":{"type":"LineString","coordinates":[[4.676813219767698,52.224795838800496],[4.679279,52.221251],[4.680758,52.219319],[4.681216,52.218117],[4.681157,52.217245],[4.679956,52.212654],[4.679365,52.211203],[4.6794,52.210844],[4.679055,52.210428],[4.678806,52.209582],[4.678507,52.207198],[4.678667,52.204467],[4.680138,52.196575],[4.680184,52.195569],[4.679926,52.194264],[4.679103,52.192668],[4.674236471339375,52.186911339558286]]},"properties":{"edge_id":"edge/87c77aec5bda","stop_a":"stop/leimuiden-leimuiden-n207__d2b6110958","stop_b":"stop/rijnsaterwoude-rijnsaterwoude__ca00cde3e4","stop_a_name":"Leimuiden, Leimuiden/N207","stop_b_name":"Rijnsaterwoude, Rijnsaterwoude","num_lines":1,"line_ids":["QBUZZ:z470"],"line_refs":["470"],"lines":[{"line_id":"QBUZZ:z470","line_ref":"470","line_name":"Alphen a/d Rijn - Schiphol","agency_id":"QBUZZ"}],"variant_ids":["QBUZZ:z470|1578630","QBUZZ:z470|1578631","QBUZZ:z470|1655048"],"representative_variant_id":"QBUZZ:z470|1578630","length_m":4389.0}},{"type":"Feature","geometry":{"type":"LineString","coordinates":[[4.671768502812252,52.22610638782648],[4.67069,52.226592],[4.669531,52.226756],[4.669107,52.226744],[4.668829,52.226689],[4.666628395706528,52.22575310526132]]},"properties":{"edge_id":"edge/e5beef7bf2ae","stop_a":"stop/leimuiden-noordeinde__a886bd41c4","stop_b":"stop/leimuiden-rietlanden__26edc24027","stop_a_name":"Leimuiden, Noordeinde","stop_b_name":"Leimuiden, Rietlanden","num_lines":1,"line_ids":["QBUZZ:z366"],"line_refs":["366"],"lines":[{"line_id":"QBUZZ:z366","line_ref":"366","line_name":"Leiden - Leimuiden","agency_id":"QBUZZ"}],"variant_ids":["QBUZZ:z366|1589337"],"representative_variant_id":"QBUZZ:z366|1589337","length_m":403.5}},{"type":"Feature","geometry":{"type":"LineString","coordinates":[[4.667112218400962,52.22983228458775],[4.66495,52.228535],[4.6631,52.227984],[4.66008,52.227381],[4.657136,52.226617],[4.655099,52.225859],[4.6524374378934805,52.22472580671072]]},"properties":{"edge_id":"edge/a6a84203784d","stop_a":"stop/leimuiderbrug-leimuiderbrug__2b0927f06f","stop_b":"stop/weteringbrug-immink__f939846aa5","stop_a_name":"Leimuiderbrug, Leimuiderbrug","stop_b_name":"Weteringbrug, Immink","num_lines":2,"line_ids":["QBUZZ:z365","QBUZZ:z366"],"line_refs":["365","366"],"lines":[{"line_id":"QBUZZ:z365","line_ref":"365","line_name":"Leiden - Schiphol","agency_id":"QBUZZ"},{"line_id":"QBUZZ:z366","line_ref":"366","line_name":"Leiden - Leimuiden","agency_id":"QBUZZ"}],"variant_ids":["QBUZZ:z365|1578584","QBUZZ:z365|1589335","QBUZZ:z365|1655033","QBUZZ:z366|1578586","QBUZZ:z366|1589337"],"representative_variant_id":"QBUZZ:z366|1578586","length_m":1163.5}},{"type":"Feature","geometry":{"type":"LineString","coordinates":[[4.55292658722908,52.242259612126084],[4.552709,52.241943],[4.55273,52.241646],[4.552541,52.241537],[4.552308,52.241481],[4.551061,52.241634],[4.549766,52.241185],[4.549312,52.241163],[4.545141,52.242635],[4.542309,52.243747],[4.541038,52.244376],[4.540714,52.244428],[4.540437,52.24439],[4.54006,52.244198],[4.539808,52.243576],[4.538868895990773,52.242511483168116]]},"properties":{"edge_id":"edge/2c2d00de64ac","stop_a":"stop/lisse-anna-blamandreef__670e0f91f0","stop_b":"stop/lisse-engelenbuurt__6d6c5e850b","stop_a_name":"Lisse, Anna Blamandreef","stop_b_name":"Lisse, Engelenbuurt","num_lines":3,"line_ids":["QBUZZ:z050","QBUZZ:z250","QBUZZ:z361"],"line_refs":["50","250","361"],"lines":[{"line_id":"QBUZZ:z050","line_ref":"50","line_name":"Lisse - Warmond - Leiden","agency_id":"QBUZZ"},{"line_id":"QBUZZ:z250","line_ref":"250","line_name":"Haarlem - Hillegom - Lisse - Leiden","agency_id":"QBUZZ"},{"line_id":"QBUZZ:z361","line_ref":"361","line_name":"Noordwijk - Sassenheim - Lisse - Schiphol","agency_id":"QBUZZ"}],"variant_ids":["QBUZZ:z050|1578414","QBUZZ:z050|1578415","QBUZZ:z250|1578547","QBUZZ:z250|1578549","QBUZZ:z250|1578551","QBUZZ:z250|1578553","QBUZZ:z250|1625043","QBUZZ:z250|1625044","QBUZZ:z361|1578576","QBUZZ:z361|1625053","QBUZZ:z361|1625054","QBUZZ:z361|1625055","QBUZZ:z361|1625056","QBUZZ:z361|1655026","QBUZZ:z361|1655027","QBUZZ:z361|1655028","QBUZZ:z361|1655029","QBUZZ:z361|1655031"],"representative_variant_id":"QBUZZ:z050|1578414","length_m":1274.3}},{"type":"Feature","geometry":{"type":"LineString","coordinates":[[4.55292658722908,52.242259612126084],[4.55322,52.242836],[4.552654,52.244099],[4.553701399228466,52.245106810362486]]},"properties":{"edge_id":"edge/a7b485a2d4ac","stop_a":"stop/lisse-anna-blamandreef__670e0f91f0","stop_b":"stop/lisse-hannie-schaftlaan__69e6cf9f02","stop_a_name":"Lisse, Anna Blamandreef","stop_b_name":"Lisse, Hannie Schaftlaan","num_lines":3,"line_ids":["QBUZZ:z050","QBUZZ:z250","QBUZZ:z361"],"line_refs":["50","250","361"],"lines":[{"line_id":"QBUZZ:z050","line_ref":"50","line_name":"Lisse - Warmond - Leiden","agency_id":"QBUZZ"},{"line_id":"QBUZZ:z250","line_ref":"250","line_name":"Haarlem - Hillegom - Lisse - Leiden","agency_id":"QBUZZ"},{"line_id":"QBUZZ:z361","line_ref":"361","line_name":"Noordwijk - Sassenheim - Lisse - Schiphol","agency_id":"QBUZZ"}],"variant_ids":["QBUZZ:z050|1578414","QBUZZ:z050|1578415","QBUZZ:z250|1578546","QBUZZ:z250|1578547","QBUZZ:z250|1578549","QBUZZ:z250|1578550","QBUZZ:z250|1578551","QBUZZ:z250|1578553","QBUZZ:z250|1625043","QBUZZ:z250|1625044","QBUZZ:z361|1578575","QBUZZ:z361|1578576","QBUZZ:z361|1578577","QBUZZ:z361|1625053","QBUZZ:z361|1625054","QBUZZ:z361|1625055","QBUZZ:z361|1625056","QBUZZ:z361|1655026","QBUZZ:z361|1655027","QBUZZ:z361|1655028","QBUZZ:z361|1655029","QBUZZ:z361|1655031"],"representative_variant_id":"QBUZZ:z050|1578414","length_m":345.6}},{"type":"Feature","geometry":{"type":"LineString","coordinates":[[4.532301899591911,52.23440335935937],[4.534133,52.236372],[4.535361,52.23799],[4.537938,52.241055],[4.538868845300539,52.2425114108382]]},"properties":{"edge_id":"edge/9ba21cab7e90","stop_a":"stop/lisse-beekbrug__b41f7ffa15","stop_b":"stop/lisse-engelenbuurt__6d6c5e850b","stop_a_name":"Lisse, Beekbrug","stop_b_name":"Lisse, Engelenbuurt","num_lines":3,"line_ids":["QBUZZ:z050","QBUZZ:z250","QBUZZ:z361"],"line_refs":["50","250","361"],"lines":[{"line_id":"QBUZZ:z050","line_ref":"50","line_name":"Lisse - Warmond - Leiden","agency_id":"QBUZZ"},{"line_id":"QBUZZ:z250","line_ref":"250","line_name":"Haarlem - Hillegom - Lisse - Leiden","agency_id":"QBUZZ"},{"line_id":"QBUZZ:z361","line_ref":"361","line_name":"Noordwijk - Sassenheim - Lisse - Schiphol","agency_id":"QBUZZ"}],"variant_ids":["QBUZZ:z050|1578414","QBUZZ:z050|1578415","QBUZZ:z250|1578547","QBUZZ:z250|1578549","QBUZZ:z250|1578551","QBUZZ:z250|1578553","QBUZZ:z250|1625043","QBUZZ:z250|1625044","QBUZZ:z361|1578576","QBUZZ:z361|1625053","QBUZZ:z361|1625054","QBUZZ:z361|1625055","QBUZZ:z361|1625056","QBUZZ:z361|1655026","QBUZZ:z361|1655027","QBUZZ:z361|1655028","QBUZZ:z361|1655029","QBUZZ:z361|1655031"],"representative_variant_id":"QBUZZ:z050|1578415","length_m":1007.6}},{"type":"Feature","geometry":{"type":"LineString","coordinates":[[4.532259424081732,52.23435830002735],[4.531379,52.233413],[4.528307,52.231018],[4.527931,52.230817],[4.528006,52.230683],[4.528285,52.230649],[4.528713,52.230463],[4.529398137029107,52.23003947261537]]},"properties":{"edge_id":"edge/97da8ede6429","stop_a":"stop/lisse-beekbrug__b41f7ffa15","stop_b":"stop/sassenheim-van-pallandtlaan__77237754e6","stop_a_name":"Lisse, Beekbrug","stop_b_name":"Sassenheim, van Pallandtlaan","num_lines":3,"line_ids":["QBUZZ:z050","QBUZZ:z250","QBUZZ:z361"],"line_refs":["50","250","361"],"lines":[{"line_id":"QBUZZ:z050","line_ref":"50","line_name":"Lisse - Warmond - Leiden","agency_id":"QBUZZ"},{"line_id":"QBUZZ:z250","line_ref":"250","line_name":"Haarlem - Hillegom - Lisse - Leiden","agency_id":"QBUZZ"},{"line_id":"QBUZZ:z361","line_ref":"361","line_name":"Noordwijk - Sassenheim - Lisse - Schiphol","agency_id":"QBUZZ"}],"variant_ids":["QBUZZ:z050|1578414","QBUZZ:z050|1578415","QBUZZ:z250|1578547","QBUZZ:z250|1578549","QBUZZ:z250|1578551","QBUZZ:z250|1578553","QBUZZ:z250|1625043","QBUZZ:z250|1625044","QBUZZ:z361|1578576","QBUZZ:z361|1625053","QBUZZ:z361|1625054","QBUZZ:z361|1625055","QBUZZ:z361|1625056","QBUZZ:z361|1655026","QBUZZ:z361|1655027","QBUZZ:z361|1655028","QBUZZ:z361|1655029","QBUZZ:z361|1655031"],"representative_variant_id":"QBUZZ:z250|1578549","length_m":630.8}},{"type":"Feature","geometry":{"type":"LineString","coordinates":[[4.558229370128388,52.25712236017485],[4.558459,52.257892],[4.558692,52.257975],[4.559798,52.257596],[4.560849,52.256992],[4.561558,52.257455],[4.563689113924294,52.2591807434015]]},"properties":{"edge_id":"edge/b17dd40c0a22","stop_a":"stop/lisse-centrum__6da58c217d","stop_b":"stop/lisse-nassaupark__eb9922eb67","stop_a_name":"Lisse, Centrum","stop_b_name":"Lisse, Nassaupark","num_lines":3,"line_ids":["QBUZZ:z050","QBUZZ:z250","QBUZZ:z361"],"line_refs":["50","250","361"],"lines":[{"line_id":"QBUZZ:z050","line_ref":"50","line_name":"Lisse - Warmond - Leiden","agency_id":"QBUZZ"},{"line_id":"QBUZZ:z250","line_ref":"250","line_name":"Haarlem - Hillegom - Lisse - Leiden","agency_id":"QBUZZ"},{"line_id":"QBUZZ:z361","line_ref":"361","line_name":"Noordwijk - Sassenheim - Lisse - Schiphol","agency_id":"QBUZZ"}],"variant_ids":["QBUZZ:z050|1578414","QBUZZ:z050|1578415","QBUZZ:z250|1578546","QBUZZ:z250|1578547","QBUZZ:z250|1578549","QBUZZ:z250|1578550","QBUZZ:z250|1578551","QBUZZ:z250|1578553","QBUZZ:z250|1625043","QBUZZ:z250|1625044","QBUZZ:z361|1578575","QBUZZ:z361|1578576","QBUZZ:z361|1578577","QBUZZ:z361|1625053","QBUZZ:z361|1625054","QBUZZ:z361|1625055","QBUZZ:z361|1625056","QBUZZ:z361|1655026","QBUZZ:z361|1655027","QBUZZ:z361|1655028","QBUZZ:z361|1655029","QBUZZ:z361|1655031"],"representative_variant_id":"QBUZZ:z250|1578551","length_m":600.8}},{"type":"Feature","geometry":{"type":"LineString","coordinates":[[4.558250016992977,52.25719132941051],[4.558136,52.256362],[4.558948,52.254462],[4.559726,52.253569],[4.561169,52.252392],[4.56141,52.252026],[4.561477,52.251586],[4.560622683842832,52.2501721946344]]},"properties":{"edge_id":"edge/4b1ff6f27bab","stop_a":"stop/lisse-centrum__6da58c217d","stop_b":"stop/lisse-uitermeer__fde24877a0","stop_a_name":"Lisse, Centrum","stop_b_name":"Lisse, Uitermeer","num_lines":3,"line_ids":["QBUZZ:z050","QBUZZ:z250","QBUZZ:z361"],"line_refs":["50","250","361"],"lines":[{"line_id":"QBUZZ:z050","line_ref":"50","line_name":"Lisse - Warmond - Leiden","agency_id":"QBUZZ"},{"line_id":"QBUZZ:z250","line_ref":"250","line_name":"Haarlem - Hillegom - Lisse - Leiden","agency_id":"QBUZZ"},{"line_id":"QBUZZ:z361","line_ref":"361","line_name":"Noordwijk - Sassenheim - Lisse - Schiphol","agency_id":"QBUZZ"}],"variant_ids":["QBUZZ:z050|1578414","QBUZZ:z050|1578415","QBUZZ:z250|1578546","QBUZZ:z250|1578547","QBUZZ:z250|1578549","QBUZZ:z250|1578550","QBUZZ:z250|1578551","QBUZZ:z250|1578553","QBUZZ:z250|1625043","QBUZZ:z250|1625044","QBUZZ:z361|1578575","QBUZZ:z361|1578576","QBUZZ:z361|1578577","QBUZZ:z361|1625053","QBUZZ:z361|1625054","QBUZZ:z361|1625055","QBUZZ:z361|1625056","QBUZZ:z361|1655026","QBUZZ:z361|1655027","QBUZZ:z361|1655028","QBUZZ:z361|1655029","QBUZZ:z361|1655031"],"representative_variant_id":"QBUZZ:z050|1578414","length_m":847.7}},{"type":"Feature","geometry":{"type":"LineString","coordinates":[[4.553701399228466,52.245106810362486],[4.555694,52.246781],[4.555897,52.246855],[4.55717,52.246926],[4.557678,52.247164],[4.559742,52.248787],[4.560039,52.249364],[4.56033,52.249474],[4.56021,52.249626],[4.560622683842832,52.2501721946344]]},"properties":{"edge_id":"edge/d0e289d10c21","stop_a":"stop/lisse-hannie-schaftlaan__69e6cf9f02","stop_b":"stop/lisse-uitermeer__fde24877a0","stop_a_name":"Lisse, Hannie Schaftlaan","stop_b_name":"Lisse, Uitermeer","num_lines":3,"line_ids":["QBUZZ:z050","QBUZZ:z250","QBUZZ:z361"],"line_refs":["50","250","361"],"lines":[{"line_id":"QBUZZ:z050","line_ref":"50","line_name":"Lisse - Warmond - Leiden","agency_id":"QBUZZ"},{"line_id":"QBUZZ:z250","line_ref":"250","line_name":"Haarlem - Hillegom - Lisse - Leiden","agency_id":"QBUZZ"},{"line_id":"QBUZZ:z361","line_ref":"361","line_name":"Noordwijk - Sassenheim - Lisse - Schiphol","agency_id":"QBUZZ"}],"variant_ids":["QBUZZ:z050|1578414","QBUZZ:z050|1578415","QBUZZ:z250|1578546","QBUZZ:z250|1578547","QBUZZ:z250|1578549","QBUZZ:z250|1578550","QBUZZ:z250|1578551","QBUZZ:z250|1578553","QBUZZ:z250|1625043","QBUZZ:z250|1625044","QBUZZ:z361|1578575","QBUZZ:z361|1578576","QBUZZ:z361|1578577","QBUZZ:z361|1625053","QBUZZ:z361|1625054","QBUZZ:z361|1625055","QBUZZ:z361|1625056","QBUZZ:z361|1655026","QBUZZ:z361|1655027","QBUZZ:z361|1655028","QBUZZ:z361|1655029","QBUZZ:z361|1655031"],"representative_variant_id":"QBUZZ:z050|1578414","length_m":782.0}},{"type":"Feature","geometry":{"type":"LineString","coordinates":[[4.563077854370218,52.27079942788452],[4.562722,52.270514],[4.561138,52.269811],[4.559139,52.269375],[4.558889,52.269418],[4.55873,52.269327],[4.558762,52.269201],[4.559027,52.269131],[4.55952,52.268613],[4.559386,52.267911],[4.55939,52.266896],[4.559122,52.266346],[4.559168,52.266256],[4.560641554073177,52.2657624779088]]},"properties":{"edge_id":"edge/16eadb43e046","stop_a":"stop/lisse-meer-en-duin__6028aee55f","stop_b":"stop/lisse-vreewijk__8061bbbf0d","stop_a_name":"Lisse, Meer en Duin","stop_b_name":"Lisse, Vreewijk","num_lines":3,"line_ids":["QBUZZ:z050","QBUZZ:z250","QBUZZ:z361"],"line_refs":["50","250","361"],"lines":[{"line_id":"QBUZZ:z050","line_ref":"50","line_name":"Lisse - Warmond - Leiden","agency_id":"QBUZZ"},{"line_id":"QBUZZ:z250","line_ref":"250","line_name":"Haarlem - Hillegom - Lisse - Leiden","agency_id":"QBUZZ"},{"line_id":"QBUZZ:z361","line_ref":"361","line_name":"Noordwijk - Sassenheim - Lisse - Schiphol","agency_id":"QBUZZ"}],"variant_ids":["QBUZZ:z050|1578414","QBUZZ:z050|1578415","QBUZZ:z250|1578546","QBUZZ:z250|1578547","QBUZZ:z250|1578549","QBUZZ:z250|1578550","QBUZZ:z250|1578551","QBUZZ:z250|1578553","QBUZZ:z250|1625043","QBUZZ:z250|1625044","QBUZZ:z361|1578575","QBUZZ:z361|1578576","QBUZZ:z361|1578577","QBUZZ:z361|1625053","QBUZZ:z361|1625054","QBUZZ:z361|1625055","QBUZZ:z361|1625056","QBUZZ:z361|1655026","QBUZZ:z361|1655027","QBUZZ:z361|1655028","QBUZZ:z361|1655029","QBUZZ:z361|1655031"],"representative_variant_id":"QBUZZ:z250|1578547","length_m":830.5}},{"type":"Feature","geometry":{"type":"LineString","coordinates":[[4.563752092017363,52.25924216822321],[4.565161,52.260626],[4.565346,52.260951],[4.565346,52.261742],[4.564758866310615,52.26246841764652]]},"properties":{"edge_id":"edge/9dd07e9b2d51","stop_a":"stop/lisse-nassaupark__eb9922eb67","stop_b":"stop/lisse-sportlaan__d341a7e15b","stop_a_name":"Lisse, Nassaupark","stop_b_name":"Lisse, Sportlaan","num_lines":3,"line_ids":["QBUZZ:z050","QBUZZ:z250","QBUZZ:z361"],"line_refs":["50","250","361"],"lines":[{"line_id":"QBUZZ:z050","line_ref":"50","line_name":"Lisse - Warmond - Leiden","agency_id":"QBUZZ"},{"line_id":"QBUZZ:z250","line_ref":"250","line_name":"Haarlem - Hillegom - Lisse - Leiden","agency_id":"QBUZZ"},{"line_id":"QBUZZ:z361","line_ref":"361","line_name":"Noordwijk - Sassenheim - Lisse - Schiphol","agency_id":"QBUZZ"}],"variant_ids":["QBUZZ:z050|1578414","QBUZZ:z050|1578415","QBUZZ:z250|1578546","QBUZZ:z250|1578547","QBUZZ:z250|1578549","QBUZZ:z250|1578550","QBUZZ:z250|1578551","QBUZZ:z250|1578553","QBUZZ:z250|1625043","QBUZZ:z250|1625044","QBUZZ:z361|1578575","QBUZZ:z361|1578576","QBUZZ:z361|1578577","QBUZZ:z361|1625053","QBUZZ:z361|1625054","QBUZZ:z361|1625055","QBUZZ:z361|1625056","QBUZZ:z361|1655026","QBUZZ:z361|1655027","QBUZZ:z361|1655028","QBUZZ:z361|1655029","QBUZZ:z361|1655031"],"representative_variant_id":"QBUZZ:z050|1578415","length_m":397.6}},{"type":"Feature","geometry":{"type":"LineString","coordinates":[[4.564818908266705,52.26240059658154],[4.562457,52.265057],[4.561866,52.265349],[4.560726634762013,52.265733755016406]]},"properties":{"edge_id":"edge/392d96f3ce0b","stop_a":"stop/lisse-sportlaan__d341a7e15b","stop_b":"stop/lisse-vreewijk__8061bbbf0d","stop_a_name":"Lisse, Sportlaan","stop_b_name":"Lisse, Vreewijk","num_lines":3,"line_ids":["QBUZZ:z050","QBUZZ:z250","QBUZZ:z361"],"line_refs":["50","250","361"],"lines":[{"line_id":"QBUZZ:z050","line_ref":"50","line_name":"Lisse - Warmond - Leiden","agency_id":"QBUZZ"},{"line_id":"QBUZZ:z250","line_ref":"250","line_name":"Haarlem - Hillegom - Lisse - Leiden","agency_id":"QBUZZ"},{"line_id":"QBUZZ:z361","line_ref":"361","line_name":"Noordwijk - Sassenheim - Lisse - Schiphol","agency_id":"QBUZZ"}],"variant_ids":["QBUZZ:z050|1578414","QBUZZ:z050|1578415","QBUZZ:z250|1578546","QBUZZ:z250|1578547","QBUZZ:z250|1578549","QBUZZ:z250|1578550","QBUZZ:z250|1578551","QBUZZ:z250|1578553","QBUZZ:z250|1625043","QBUZZ:z250|1625044","QBUZZ:z361|1578575","QBUZZ:z361|1578576","QBUZZ:z361|1578577","QBUZZ:z361|1625053","QBUZZ:z361|1625054","QBUZZ:z361|1625055","QBUZZ:z361|1625056","QBUZZ:z361|1655026","QBUZZ:z361|1655027","QBUZZ:z361|1655028","QBUZZ:z361|1655029","QBUZZ:z361|1655031"],"representative_variant_id":"QBUZZ:z250|1578549","length_m":476.5}},{"type":"Feature","geometry":{"type":"LineString","coordinates":[[4.6392089089142665,52.26198166107088],[4.636493,52.26342],[4.636116,52.263202],[4.634786065933174,52.26388585625234]]},"properties":{"edge_id":"edge/af1caa619236","stop_a":"stop/nieuw-vennep-akkerstraat__c512fcbe2a","stop_b":"stop/nieuw-vennep-rustoordstraat__911db04a2b","stop_a_name":"Nieuw-Vennep, Akkerstraat","stop_b_name":"Nieuw-Vennep, Rustoordstraat","num_lines":1,"line_ids":["QBUZZ:z022"],"line_refs":["22"],"lines":[{"line_id":"QBUZZ:z022","line_ref":"22","line_name":"Nieuw-Vennep - Hillegom - Noordwijk - Leiden","agency_id":"QBUZZ"}],"variant_ids":["QBUZZ:z022|1578393","QBUZZ:z022|1578394","QBUZZ:z022|1598570","QBUZZ:z022|1625006","QBUZZ:z022|1654957"],"representative_variant_id":"QBUZZ:z022|1578393","length_m":397.9}},{"type":"Feature","geometry":{"type":"LineString","coordinates":[[4.6392089089142665,52.26198166107088],[4.641252,52.260888],[4.6418,52.260514],[4.641846,52.260398],[4.642405,52.260249],[4.6431,52.259884],[4.643367,52.259697],[4.643413,52.259545],[4.643692,52.259529],[4.644208,52.259298],[4.644411,52.259434],[4.644751,52.259248]]},"properties":{"edge_id":"edge/86032965e672","stop_a":"stop/nieuw-vennep-akkerstraat__c512fcbe2a","stop_b":"stop/nieuw-vennep-station__62c33a3f91","stop_a_name":"Nieuw-Vennep, Akkerstraat","stop_b_name":"Nieuw-Vennep, Station","num_lines":1,"line_ids":["QBUZZ:z022"],"line_refs":["22"],"lines":[{"line_id":"QBUZZ:z022","line_ref":"22","line_name":"Nieuw-Vennep - Hillegom - Noordwijk - Leiden","agency_id":"QBUZZ"}],"variant_ids":["QBUZZ:z022|1578393","QBUZZ:z022|1578394","QBUZZ:z022|1598570","QBUZZ:z022|1625006","QBUZZ:z022|1654957"],"representative_variant_id":"QBUZZ:z022|1578393","length_m":516.6}},{"type":"Feature","geometry":{"type":"LineString","coordinates":[[4.623383656588938,52.27046009292488],[4.624829,52.269592],[4.625725776780854,52.26920293928051]]},"properties":{"edge_id":"edge/517f73de4b36","stop_a":"stop/nieuw-vennep-getsewoud-centrum__4895654219","stop_b":"stop/nieuw-vennep-staringstraat__d6554ef0c0","stop_a_name":"Nieuw-Vennep, Getsewoud Centrum","stop_b_name":"Nieuw-Vennep, Staringstraat","num_lines":1,"line_ids":["QBUZZ:z022"],"line_refs":["22"],"lines":[{"line_id":"QBUZZ:z022","line_ref":"22","line_name":"Nieuw-Vennep - Hillegom - Noordwijk - Leiden","agency_id":"QBUZZ"}],"variant_ids":["QBUZZ:z022|1578393","QBUZZ:z022|1578394","QBUZZ:z022|1598570","QBUZZ:z022|1625006","QBUZZ:z022|1654957"],"representative_variant_id":"QBUZZ:z022|1598570","length_m":212.6}},{"type":"Feature","geometry":{"type":"LineString","coordinates":[[4.623382305270258,52.27045893461666],[4.622358,52.270996],[4.622385,52.271158],[4.622266,52.271238],[4.622032,52.271255],[4.620982889347147,52.2718135226957]]},"properties":{"edge_id":"edge/e443d4379ead","stop_a":"stop/nieuw-vennep-getsewoud-centrum__4895654219","stop_b":"stop/nieuw-vennep-wkc-getsewoud__579ffab411","stop_a_name":"Nieuw-Vennep, Getsewoud Centrum","stop_b_name":"Nieuw-Vennep, Wkc Getsewoud","num_lines":1,"line_ids":["QBUZZ:z022"],"line_refs":["22"],"lines":[{"line_id":"QBUZZ:z022","line_ref":"22","line_name":"Nieuw-Vennep - Hillegom - Noordwijk - Leiden","agency_id":"QBUZZ"}],"variant_ids":["QBUZZ:z022|1578393","QBUZZ:z022|1578394","QBUZZ:z022|1598570","QBUZZ:z022|1625006","QBUZZ:z022|1654957"],"representative_variant_id":"QBUZZ:z022|1625006","length_m":232.6}},{"type":"Feature","geometry":{"type":"LineString","coordinates":[[4.612637868887753,52.27620196397966],[4.611739,52.276706],[4.611476,52.276696],[4.61134,52.276928],[4.603907903566732,52.28087855825041]]},"properties":{"edge_id":"edge/c32ea1a5634e","stop_a":"stop/nieuw-vennep-ijweg-venneperweg__a4f8ef04fe","stop_b":"stop/nieuw-vennep-middelweg__8146c1dd94","stop_a_name":"Nieuw-Vennep, IJweg/Venneperweg","stop_b_name":"Nieuw-Vennep, Middelweg","num_lines":1,"line_ids":["QBUZZ:z022"],"line_refs":["22"],"lines":[{"line_id":"QBUZZ:z022","line_ref":"22","line_name":"Nieuw-Vennep - Hillegom - Noordwijk - Leiden","agency_id":"QBUZZ"}],"variant_ids":["QBUZZ:z022|1578393","QBUZZ:z022|1578394","QBUZZ:z022|1598570","QBUZZ:z022|1625006","QBUZZ:z022|1654957"],"representative_variant_id":"QBUZZ:z022|1578393","length_m":798.1}},{"type":"Feature","geometry":{"type":"LineString","coordinates":[[4.6126264981143255,52.276210792423825],[4.614595,52.275134],[4.615051,52.275011],[4.616974,52.273963],[4.61708,52.273793],[4.619239,52.272648],[4.620982889347147,52.2718135226957]]},"properties":{"edge_id":"edge/1cd27f332221","stop_a":"stop/nieuw-vennep-ijweg-venneperweg__a4f8ef04fe","stop_b":"stop/nieuw-vennep-wkc-getsewoud__579ffab411","stop_a_name":"Nieuw-Vennep, IJweg/Venneperweg","stop_b_name":"Nieuw-Vennep, Wkc Getsewoud","num_lines":1,"line_ids":["QBUZZ:z022"],"line_refs":["22"],"lines":[{"line_id":"QBUZZ:z022","line_ref":"22","line_name":"Nieuw-Vennep - Hillegom - Noordwijk - Leiden","agency_id":"QBUZZ"}],"variant_ids":["QBUZZ:z022|1578393","QBUZZ:z022|1578394","QBUZZ:z022|1598570","QBUZZ:z022|1625006","QBUZZ:z022|1654957"],"representative_variant_id":"QBUZZ:z022|1625006","length_m":754.0}},{"type":"Feature","geometry":{"type":"LineString","coordinates":[[4.6304822714999165,52.26185363419203],[4.633987,52.26433],[4.634786065933174,52.26388585625234]]},"properties":{"edge_id":"edge/3f2dba66c6f0","stop_a":"stop/nieuw-vennep-madeliefstraat__773b337b5d","stop_b":"stop/nieuw-vennep-rustoordstraat__911db04a2b","stop_a_name":"Nieuw-Vennep, Madeliefstraat","stop_b_name":"Nieuw-Vennep, Rustoordstraat","num_lines":1,"line_ids":["QBUZZ:z022"],"line_refs":["22"],"lines":[{"line_id":"QBUZZ:z022","line_ref":"22","line_name":"Nieuw-Vennep - Hillegom - Noordwijk - Leiden","agency_id":"QBUZZ"}],"variant_ids":["QBUZZ:z022|1578393","QBUZZ:z022|1578394","QBUZZ:z022|1598570","QBUZZ:z022|1625006","QBUZZ:z022|1654957"],"representative_variant_id":"QBUZZ:z022|1578393","length_m":437.8}},{"type":"Feature","geometry":{"type":"LineString","coordinates":[[4.630470976058665,52.261854674112456],[4.628574,52.260511],[4.62621369830786,52.26176746229826]]},"properties":{"edge_id":"edge/4aec18bd55d4","stop_a":"stop/nieuw-vennep-madeliefstraat__773b337b5d","stop_b":"stop/nieuw-vennep-zuiderdreef__9760e3fbdf","stop_a_name":"Nieuw-Vennep, Madeliefstraat","stop_b_name":"Nieuw-Vennep, Zuiderdreef","num_lines":1,"line_ids":["QBUZZ:z022"],"line_refs":["22"],"lines":[{"line_id":"QBUZZ:z022","line_ref":"22","line_name":"Nieuw-Vennep - Hillegom - Noordwijk - Leiden","agency_id":"QBUZZ"}],"variant_ids":["QBUZZ:z022|1578393","QBUZZ:z022|1578394","QBUZZ:z022|1598570","QBUZZ:z022|1625006","QBUZZ:z022|1654957"],"representative_variant_id":"QBUZZ:z022|1625006","length_m":410.4}},{"type":"Feature","geometry":{"type":"LineString","coordinates":[[4.625727509608589,52.26920426576403],[4.626498,52.268803],[4.626777,52.268796],[4.626897,52.268635],[4.626752,52.268535],[4.626459,52.268542],[4.626022,52.268377],[4.625182185425225,52.26781570582043]]},"properties":{"edge_id":"edge/fea9147ffa0f","stop_a":"stop/nieuw-vennep-staringstraat__d6554ef0c0","stop_b":"stop/nieuw-vennep-westerdreef__78fb9bcbac","stop_a_name":"Nieuw-Vennep, Staringstraat","stop_b_name":"Nieuw-Vennep, Westerdreef","num_lines":1,"line_ids":["QBUZZ:z022"],"line_refs":["22"],"lines":[{"line_id":"QBUZZ:z022","line_ref":"22","line_name":"Nieuw-Vennep - Hillegom - Noordwijk - Leiden","agency_id":"QBUZZ"}],"variant_ids":["QBUZZ:z022|1578393","QBUZZ:z022|1578394","QBUZZ:z022|1598570","QBUZZ:z022|1625006","QBUZZ:z022|1654957"],"representative_variant_id":"QBUZZ:z022|1625006","length_m":261.9}},{"type":"Feature","geometry":{"type":"LineString","coordinates":[[4.625182185425225,52.26781570582043],[4.621289,52.265057],[4.621209,52.264571],[4.621359,52.264392],[4.621828088168229,52.26412189953296]]},"properties":{"edge_id":"edge/0d3f844d2b08","stop_a":"stop/nieuw-vennep-westerdreef__78fb9bcbac","stop_b":"stop/nieuw-vennep-westerkim__649db04bab","stop_a_name":"Nieuw-Vennep, Westerdreef","stop_b_name":"Nieuw-Vennep, Westerkim","num_lines":1,"line_ids":["QBUZZ:z022"],"line_refs":["22"],"lines":[{"line_id":"QBUZZ:z022","line_ref":"22","line_name":"Nieuw-Vennep - Hillegom - Noordwijk - Leiden","agency_id":"QBUZZ"}],"variant_ids":["QBUZZ:z022|1578393","QBUZZ:z022|1578394","QBUZZ:z022|1598570","QBUZZ:z022|1625006","QBUZZ:z022|1654957"],"representative_variant_id":"QBUZZ:z022|1625006","length_m":525.8}},{"type":"Feature","geometry":{"type":"LineString","coordinates":[[4.621828088168229,52.26412189953296],[4.62621369830786,52.26176746229826]]},"properties":{"edge_id":"edge/d67846fe93d4","stop_a":"stop/nieuw-vennep-westerkim__649db04bab","stop_b":"stop/nieuw-vennep-zuiderdreef__9760e3fbdf","stop_a_name":"Nieuw-Vennep, Westerkim","stop_b_name":"Nieuw-Vennep, Zuiderdreef","num_lines":1,"line_ids":["QBUZZ:z022"],"line_refs":["22"],"lines":[{"line_id":"QBUZZ:z022","line_ref":"22","line_name":"Nieuw-Vennep - Hillegom - Noordwijk - Leiden","agency_id":"QBUZZ"}],"variant_ids":["QBUZZ:z022|1578393","QBUZZ:z022|1578394","QBUZZ:z022|1598570","QBUZZ:z022|1625006","QBUZZ:z022|1654957"],"representative_variant_id":"QBUZZ:z022|1625006","length_m":397.0}},{"type":"Feature","geometry":{"type":"LineString","coordinates":[[4.61045839170606,52.19862664208945],[4.609531,52.198486],[4.589982580032534,52.19660255765172]]},"properties":{"edge_id":"edge/54cf331d793c","stop_a":"stop/nieuwe-wetering-rotonde__0e1b2fc61a","stop_b":"stop/rijpwetering-ripselaan-6__2b7f5aac14","stop_a_name":"Nieuwe Wetering, Rotonde","stop_b_name":"Rijpwetering, Ripselaan 6","num_lines":1,"line_ids":["QBUZZ:z056"],"line_refs":["56"],"lines":[{"line_id":"QBUZZ:z056","line_ref":"56","line_name":"Sassenheim - Leiden- Roelofarendsveen","agency_id":"QBUZZ"}],"variant_ids":["QBUZZ:z056|1578425","QBUZZ:z056|1578426","QBUZZ:z056|1578427","QBUZZ:z056|1578428","QBUZZ:z056|1578429","QBUZZ:z056|1578432"],"representative_variant_id":"QBUZZ:z056|1578428","length_m":1413.8}},{"type":"Feature","geometry":{"type":"LineString","coordinates":[[4.610459256496295,52.19862695578787],[4.610768,52.198854],[4.610748,52.199168],[4.6113,52.199414],[4.611861,52.199921],[4.611857,52.200164],[4.612089,52.200273],[4.612295,52.200239],[4.6124,52.200078],[4.614916,52.199213],[4.615839,52.199147],[4.616377,52.199313],[4.616795,52.199702],[4.617135,52.200342],[4.617102,52.200558],[4.617392,52.200695],[4.617521,52.200857],[4.617843344181429,52.202134671866496]]},"properties":{"edge_id":"edge/ccf2d7ed41bc","stop_a":"stop/nieuwe-wetering-rotonde__0e1b2fc61a","stop_b":"stop/roelofarendsveen-westeinde__9a83dca99b","stop_a_name":"Nieuwe Wetering, Rotonde","stop_b_name":"Roelofarendsveen, Westeinde","num_lines":1,"line_ids":["QBUZZ:z056"],"line_refs":["56"],"lines":[{"line_id":"QBUZZ:z056","line_ref":"56","line_name":"Sassenheim - Leiden- Roelofarendsveen","agency_id":"QBUZZ"}],"variant_ids":["QBUZZ:z056|1578425","QBUZZ:z056|1578426","QBUZZ:z056|1578427","QBUZZ:z056|1578428","QBUZZ:z056|1578429","QBUZZ:z056|1578432"],"representative_variant_id":"QBUZZ:z056|1578425","length_m":903.7}},{"type":"Feature","geometry":{"type":"LineString","coordinates":[[4.777650614956927,52.16354013321706],[4.77777,52.163486],[4.779415,52.160717],[4.780608,52.158979],[4.780536,52.158898],[4.780622135114155,52.158780066438354]]},"properties":{"edge_id":"edge/406f664a1b8c","stop_a":"stop/nieuwkoop-atoomweg__3b60e7b687","stop_b":"stop/nieuwkoop-industrieweg__7e0ebd42e2","stop_a_name":"Nieuwkoop, Atoomweg","stop_b_name":"Nieuwkoop, Industrieweg","num_lines":1,"line_ids":["QBUZZ:z147"],"line_refs":["147"],"lines":[{"line_id":"QBUZZ:z147","line_ref":"147","line_name":"Alphen a/d Rijn - Uithoorn","agency_id":"QBUZZ"}],"variant_ids":["QBUZZ:z147|1625021","QBUZZ:z147|1625022","QBUZZ:z147|1625023","QBUZZ:z147|1625026"],"representative_variant_id":"QBUZZ:z147|1625023","length_m":572.2}},{"type":"Feature","geometry":{"type":"LineString","coordinates":[[4.777678390327933,52.16351740791351],[4.77765,52.16371],[4.774947,52.167875],[4.769922705776688,52.17611687918079]]},"properties":{"edge_id":"edge/c7834529d42b","stop_a":"stop/nieuwkoop-atoomweg__3b60e7b687","stop_b":"stop/zevenhoven-t-haasje__522c3e959f","stop_a_name":"Nieuwkoop, Atoomweg","stop_b_name":"Zevenhoven, 't Haasje","num_lines":1,"line_ids":["QBUZZ:z147"],"line_refs":["147"],"lines":[{"line_id":"QBUZZ:z147","line_ref":"147","line_name":"Alphen a/d Rijn - Uithoorn","agency_id":"QBUZZ"}],"variant_ids":["QBUZZ:z147|1625021","QBUZZ:z147|1625022","QBUZZ:z147|1625023","QBUZZ:z147|1625026"],"representative_variant_id":"QBUZZ:z147|1625022","length_m":1498.4}},{"type":"Feature","geometry":{"type":"LineString","coordinates":[[4.765569476042452,52.145919173676894],[4.764877,52.145775],[4.764422,52.145943],[4.764047,52.146606],[4.763816,52.147477],[4.763038283496141,52.1486965046581]]},"properties":{"edge_id":"edge/8c169f6faa61","stop_a":"stop/nieuwkoop-de-halve-roe__cd8c0af154","stop_b":"stop/nieuwkoop-de-schepegaten__9a7099be1d","stop_a_name":"Nieuwkoop, De Halve Roe","stop_b_name":"Nieuwkoop, De Schepegaten","num_lines":1,"line_ids":["QBUZZ:z147"],"line_refs":["147"],"lines":[{"line_id":"QBUZZ:z147","line_ref":"147","line_name":"Alphen a/d Rijn - Uithoorn","agency_id":"QBUZZ"}],"variant_ids":["QBUZZ:z147|1625021","QBUZZ:z147|1625022","QBUZZ:z147|1625023","QBUZZ:z147|1625026","QBUZZ:z147|1654978","QBUZZ:z147|1654980"],"representative_variant_id":"QBUZZ:z147|1625022","length_m":407.9}},{"type":"Feature","geometry":{"type":"LineString","coordinates":[[4.765602066320304,52.145928125512874],[4.766552,52.146152],[4.767191,52.146398],[4.768334910754414,52.14735134988517]]},"properties":{"edge_id":"edge/ccf235ca54f6","stop_a":"stop/nieuwkoop-de-halve-roe__cd8c0af154","stop_b":"stop/nieuwkoop-maarten-freeke-wije__211a76bc8c","stop_a_name":"Nieuwkoop, De Halve Roe","stop_b_name":"Nieuwkoop, Maarten Freeke Wije","num_lines":1,"line_ids":["QBUZZ:z147"],"line_refs":["147"],"lines":[{"line_id":"QBUZZ:z147","line_ref":"147","line_name":"Alphen a/d Rijn - Uithoorn","agency_id":"QBUZZ"}],"variant_ids":["QBUZZ:z147|1625021","QBUZZ:z147|1625022","QBUZZ:z147|1625023","QBUZZ:z147|1625026","QBUZZ:z147|1654978","QBUZZ:z147|1654980"],"representative_variant_id":"QBUZZ:z147|1625021","length_m":252.5}},{"type":"Feature","geometry":{"type":"LineString","coordinates":[[4.780649668029434,52.15875906675721],[4.780816,52.158738],[4.782377,52.156795],[4.782546,52.156185],[4.782469733171707,52.15566803305049]]},"properties":{"edge_id":"edge/7ed90ce6542a","stop_a":"stop/nieuwkoop-industrieweg__7e0ebd42e2","stop_b":"stop/nieuwkoop-nieuwveenseweg__5d285c3cc9","stop_a_name":"Nieuwkoop, Industrieweg","stop_b_name":"Nieuwkoop, Nieuwveenseweg","num_lines":1,"line_ids":["QBUZZ:z147"],"line_refs":["147"],"lines":[{"line_id":"QBUZZ:z147","line_ref":"147","line_name":"Alphen a/d Rijn - Uithoorn","agency_id":"QBUZZ"}],"variant_ids":["QBUZZ:z147|1625021","QBUZZ:z147|1625022","QBUZZ:z147|1625023","QBUZZ:z147|1625026"],"representative_variant_id":"QBUZZ:z147|1625022","length_m":379.0}},{"type":"Feature","geometry":{"type":"LineString","coordinates":[[4.773850403710482,52.14878800090499],[4.772947,52.148549],[4.772832,52.148432],[4.772365,52.14843],[4.768928,52.147576],[4.768334910754414,52.14735134988517]]},"properties":{"edge_id":"edge/24b1b086be18","stop_a":"stop/nieuwkoop-kennedylaan__08da6aa3f7","stop_b":"stop/nieuwkoop-maarten-freeke-wije__211a76bc8c","stop_a_name":"Nieuwkoop, Kennedylaan","stop_b_name":"Nieuwkoop, Maarten Freeke Wije","num_lines":1,"line_ids":["QBUZZ:z147"],"line_refs":["147"],"lines":[{"line_id":"QBUZZ:z147","line_ref":"147","line_name":"Alphen a/d Rijn - Uithoorn","agency_id":"QBUZZ"}],"variant_ids":["QBUZZ:z147|1625021","QBUZZ:z147|1625022","QBUZZ:z147|1625023","QBUZZ:z147|1625026","QBUZZ:z147|1654978","QBUZZ:z147|1654980"],"representative_variant_id":"QBUZZ:z147|1625021","length_m":414.7}},{"type":"Feature","geometry":{"type":"LineString","coordinates":[[4.773850403710482,52.14878800090499],[4.776383,52.149448],[4.777188,52.150414],[4.778114350770653,52.151047846365465]]},"properties":{"edge_id":"edge/5a0a5eb9f9fb","stop_a":"stop/nieuwkoop-kennedylaan__08da6aa3f7","stop_b":"stop/nieuwkoop-roerdomplaan__45732c8538","stop_a_name":"Nieuwkoop, Kennedylaan","stop_b_name":"Nieuwkoop, Roerdomplaan","num_lines":1,"line_ids":["QBUZZ:z147"],"line_refs":["147"],"lines":[{"line_id":"QBUZZ:z147","line_ref":"147","line_name":"Alphen a/d Rijn - Uithoorn","agency_id":"QBUZZ"}],"variant_ids":["QBUZZ:z147|1625021","QBUZZ:z147|1625022","QBUZZ:z147|1625023","QBUZZ:z147|1625026","QBUZZ:z147|1654978","QBUZZ:z147|1654980"],"representative_variant_id":"QBUZZ:z147|1625021","length_m":403.0}},{"type":"Feature","geometry":{"type":"LineString","coordinates":[[4.783105948736947,52.15334105835937],[4.783766,52.153486],[4.783123,52.154525],[4.782827,52.154811],[4.782299,52.154961],[4.782022,52.154942],[4.781918,52.155031],[4.781975,52.155157],[4.782337,52.155384],[4.782469733171707,52.15566803305049]]},"properties":{"edge_id":"edge/89a71e40e67a","stop_a":"stop/nieuwkoop-meeuwenlaan__8f968a3879","stop_b":"stop/nieuwkoop-nieuwveenseweg__5d285c3cc9","stop_a_name":"Nieuwkoop, Meeuwenlaan","stop_b_name":"Nieuwkoop, Nieuwveenseweg","num_lines":1,"line_ids":["QBUZZ:z147"],"line_refs":["147"],"lines":[{"line_id":"QBUZZ:z147","line_ref":"147","line_name":"Alphen a/d Rijn - Uithoorn","agency_id":"QBUZZ"}],"variant_ids":["QBUZZ:z147|1625021","QBUZZ:z147|1625022","QBUZZ:z147|1625023","QBUZZ:z147|1625026","QBUZZ:z147|1654978","QBUZZ:z147|1654980"],"representative_variant_id":"QBUZZ:z147|1625022","length_m":362.7}},{"type":"Feature","geometry":{"type":"LineString","coordinates":[[4.783143779072302,52.15334916009143],[4.779853,52.152136],[4.778114350770653,52.151047846365465]]},"properties":{"edge_id":"edge/291284d35e00","stop_a":"stop/nieuwkoop-meeuwenlaan__8f968a3879","stop_b":"stop/nieuwkoop-roerdomplaan__45732c8538","stop_a_name":"Nieuwkoop, Meeuwenlaan","stop_b_name":"Nieuwkoop, Roerdomplaan","num_lines":1,"line_ids":["QBUZZ:z147"],"line_refs":["147"],"lines":[{"line_id":"QBUZZ:z147","line_ref":"147","line_name":"Alphen a/d Rijn - Uithoorn","agency_id":"QBUZZ"}],"variant_ids":["QBUZZ:z147|1625021","QBUZZ:z147|1625022","QBUZZ:z147|1625023","QBUZZ:z147|1625026","QBUZZ:z147|1654978","QBUZZ:z147|1654980"],"representative_variant_id":"QBUZZ:z147|1625021","length_m":431.4}},{"type":"Feature","geometry":{"type":"LineString","coordinates":[[4.773920041025527,52.20623993282553],[4.768807877206157,52.204064429546975]]},"properties":{"edge_id":"edge/fd4cdeaabd85","stop_a":"stop/nieuwveen-hoeve-amsterdam__ca3426bfc7","stop_b":"stop/nieuwveen-liemeerbrug__aae36132ee","stop_a_name":"Nieuwveen, Hoeve Amsterdam","stop_b_name":"Nieuwveen, Liemeerbrug","num_lines":1,"line_ids":["QBUZZ:z147"],"line_refs":["147"],"lines":[{"line_id":"QBUZZ:z147","line_ref":"147","line_name":"Alphen a/d Rijn - Uithoorn","agency_id":"QBUZZ"}],"variant_ids":["QBUZZ:z147|1625022","QBUZZ:z147|1625026"],"representative_variant_id":"QBUZZ:z147|1625022","length_m":424.1}},{"type":"Feature","geometry":{"type":"LineString","coordinates":[[4.773920041025527,52.20623993282553],[4.77833,52.208088],[4.77868,52.208206],[4.779571,52.208274],[4.779668,52.208697],[4.780169,52.209535],[4.783052,52.213801],[4.783393,52.214549],[4.783478715137518,52.21558714831924]]},"properties":{"edge_id":"edge/6e8afbc0f5fb","stop_a":"stop/nieuwveen-hoeve-amsterdam__ca3426bfc7","stop_b":"stop/vrouwenakker-blokland__34d28aa286","stop_a_name":"Nieuwveen, Hoeve Amsterdam","stop_b_name":"Vrouwenakker, Blokland","num_lines":1,"line_ids":["QBUZZ:z147"],"line_refs":["147"],"lines":[{"line_id":"QBUZZ:z147","line_ref":"147","line_name":"Alphen a/d Rijn - Uithoorn","agency_id":"QBUZZ"}],"variant_ids":["QBUZZ:z147|1625022","QBUZZ:z147|1625026"],"representative_variant_id":"QBUZZ:z147|1625022","length_m":1314.5}},{"type":"Feature","geometry":{"type":"LineString","coordinates":[[4.757017098953115,52.19676071285657],[4.756579,52.197439],[4.758760963786228,52.19945627357466]]},"properties":{"edge_id":"edge/139c15fb7541","stop_a":"stop/nieuwveen-kerkstraat__66755fa4e7","stop_b":"stop/nieuwveen-rk-kerk__116bb43c31","stop_a_name":"Nieuwveen, Kerkstraat","stop_b_name":"Nieuwveen, RK Kerk","num_lines":1,"line_ids":["QBUZZ:z147"],"line_refs":["147"],"lines":[{"line_id":"QBUZZ:z147","line_ref":"147","line_name":"Alphen a/d Rijn - Uithoorn","agency_id":"QBUZZ"}],"variant_ids":["QBUZZ:z147|1625022","QBUZZ:z147|1625026"],"representative_variant_id":"QBUZZ:z147|1625026","length_m":350.2}},{"type":"Feature","geometry":{"type":"LineString","coordinates":[[4.757017098953115,52.19676071285657],[4.757238,52.196364],[4.757272,52.196014],[4.758165,52.194913],[4.759368381862535,52.192954331172196]]},"properties":{"edge_id":"edge/908d9602d926","stop_a":"stop/nieuwveen-kerkstraat__66755fa4e7","stop_b":"stop/nieuwveen-w-p-speelmanweg__f71a1c2188","stop_a_name":"Nieuwveen, Kerkstraat","stop_b_name":"Nieuwveen, W.P. Speelmanweg","num_lines":1,"line_ids":["QBUZZ:z147"],"line_refs":["147"],"lines":[{"line_id":"QBUZZ:z147","line_ref":"147","line_name":"Alphen a/d Rijn - Uithoorn","agency_id":"QBUZZ"}],"variant_ids":["QBUZZ:z147|1625021","QBUZZ:z147|1625022","QBUZZ:z147|1625023","QBUZZ:z147|1625026"],"representative_variant_id":"QBUZZ:z147|1625026","length_m":455.0}},{"type":"Feature","geometry":{"type":"LineString","coordinates":[[4.768808692748707,52.20406476239814],[4.7639935080079505,52.20205577939252]]},"properties":{"edge_id":"edge/412a63011aa1","stop_a":"stop/nieuwveen-liemeerbrug__aae36132ee","stop_b":"stop/nieuwveen-uiterbuurtweg__fb61a4f182","stop_a_name":"Nieuwveen, Liemeerbrug","stop_b_name":"Nieuwveen, Uiterbuurtweg","num_lines":1,"line_ids":["QBUZZ:z147"],"line_refs":["147"],"lines":[{"line_id":"QBUZZ:z147","line_ref":"147","line_name":"Alphen a/d Rijn - Uithoorn","agency_id":"QBUZZ"}],"variant_ids":["QBUZZ:z147|1625022","QBUZZ:z147|1625026"],"representative_variant_id":"QBUZZ:z147|1625026","length_m":397.0}},{"type":"Feature","geometry":{"type":"LineString","coordinates":[[4.7605768996064945,52.18983137302005],[4.760442,52.191141],[4.759347244426598,52.192993989028196]]},"properties":{"edge_id":"edge/acce749781c8","stop_a":"stop/nieuwveen-provincialeweg__d793d2981e","stop_b":"stop/nieuwveen-w-p-speelmanweg__f71a1c2188","stop_a_name":"Nieuwveen, Provincialeweg","stop_b_name":"Nieuwveen, W.P. Speelmanweg","num_lines":1,"line_ids":["QBUZZ:z147"],"line_refs":["147"],"lines":[{"line_id":"QBUZZ:z147","line_ref":"147","line_name":"Alphen a/d Rijn - Uithoorn","agency_id":"QBUZZ"}],"variant_ids":["QBUZZ:z147|1625021","QBUZZ:z147|1625022","QBUZZ:z147|1625023","QBUZZ:z147|1625026"],"representative_variant_id":"QBUZZ:z147|1625021","length_m":365.1}},{"type":"Feature","geometry":{"type":"LineString","coordinates":[[4.76057760414751,52.18979015737066],[4.760702,52.189282],[4.761329,52.189429],[4.761578,52.189368],[4.761985,52.189568],[4.762949,52.189654],[4.771816960644942,52.19178934038293]]},"properties":{"edge_id":"edge/a41e5f289db1","stop_a":"stop/nieuwveen-provincialeweg__d793d2981e","stop_b":"stop/noordeinde-tochtpad__690b24fa4e","stop_a_name":"Nieuwveen, Provincialeweg","stop_b_name":"Noordeinde, Tochtpad","num_lines":1,"line_ids":["QBUZZ:z147"],"line_refs":["147"],"lines":[{"line_id":"QBUZZ:z147","line_ref":"147","line_name":"Alphen a/d Rijn - Uithoorn","agency_id":"QBUZZ"}],"variant_ids":["QBUZZ:z147|1625021","QBUZZ:z147|1625022","QBUZZ:z147|1625023","QBUZZ:z147|1625026"],"representative_variant_id":"QBUZZ:z147|1625022","length_m":872.6}},{"type":"Feature","geometry":{"type":"LineString","coordinates":[[4.758760963786228,52.19945627357466],[4.75925,52.199979],[4.759786,52.200297],[4.7639935080079505,52.20205577939252]]},"properties":{"edge_id":"edge/f32da71c7143","stop_a":"stop/nieuwveen-rk-kerk__116bb43c31","stop_b":"stop/nieuwveen-uiterbuurtweg__fb61a4f182","stop_a_name":"Nieuwveen, RK Kerk","stop_b_name":"Nieuwveen, Uiterbuurtweg","num_lines":1,"line_ids":["QBUZZ:z147"],"line_refs":["147"],"lines":[{"line_id":"QBUZZ:z147","line_ref":"147","line_name":"Alphen a/d Rijn - Uithoorn","agency_id":"QBUZZ"}],"variant_ids":["QBUZZ:z147|1625022","QBUZZ:z147|1625026"],"representative_variant_id":"QBUZZ:z147|1625026","length_m":464.9}},{"type":"Feature","geometry":{"type":"LineString","coordinates":[[4.774664150074789,52.19119238419921],[4.774027,52.192309],[4.771816960644942,52.19178934038293]]},"properties":{"edge_id":"edge/a7cd6e2f4c31","stop_a":"stop/noordeinde-noordeinde__2e4380c3d8","stop_b":"stop/noordeinde-tochtpad__690b24fa4e","stop_a_name":"Noordeinde, Noordeinde","stop_b_name":"Noordeinde, Tochtpad","num_lines":1,"line_ids":["QBUZZ:z147"],"line_refs":["147"],"lines":[{"line_id":"QBUZZ:z147","line_ref":"147","line_name":"Alphen a/d Rijn - Uithoorn","agency_id":"QBUZZ"}],"variant_ids":["QBUZZ:z147|1625021","QBUZZ:z147|1625022","QBUZZ:z147|1625023","QBUZZ:z147|1625026"],"representative_variant_id":"QBUZZ:z147|1625022","length_m":292.9}},{"type":"Feature","geometry":{"type":"LineString","coordinates":[[4.7746477785769,52.19123033659177],[4.777019,52.187399],[4.780297183584483,52.18350574598885]]},"properties":{"edge_id":"edge/06d113425635","stop_a":"stop/noordeinde-noordeinde__2e4380c3d8","stop_b":"stop/zevenhoven-s-van-drielstraat__287a94fda5","stop_a_name":"Noordeinde, Noordeinde","stop_b_name":"Zevenhoven, S. van Drielstraat","num_lines":1,"line_ids":["QBUZZ:z147"],"line_refs":["147"],"lines":[{"line_id":"QBUZZ:z147","line_ref":"147","line_name":"Alphen a/d Rijn - Uithoorn","agency_id":"QBUZZ"}],"variant_ids":["QBUZZ:z147|1625021","QBUZZ:z147|1625022","QBUZZ:z147|1625023","QBUZZ:z147|1625026"],"representative_variant_id":"QBUZZ:z147|1625021","length_m":942.9}},{"type":"Feature","geometry":{"type":"LineString","coordinates":[[4.433291497936976,52.21411042670295],[4.43168,52.216694],[4.431894,52.216948],[4.433291,52.217327],[4.43264,52.218338],[4.432837,52.218708],[4.433083225574304,52.218845973202605]]},"properties":{"edge_id":"edge/4aafae55fba7","stop_a":"stop/noordwijk-s-gravendijckseweg__fc7250c61e","stop_b":"stop/noordwijk-willem-van-den-bergh__ae301bf058","stop_a_name":"Noordwijk, 's-Gravendijckseweg","stop_b_name":"Noordwijk, Willem van den Bergh","num_lines":2,"line_ids":["QBUZZ:z020","QBUZZ:z021"],"line_refs":["20","21"],"lines":[{"line_id":"QBUZZ:z020","line_ref":"20","line_name":"Noordwijk - Leiden","agency_id":"QBUZZ"},{"line_id":"QBUZZ:z021","line_ref":"21","line_name":"Noordwijk - Leiden","agency_id":"QBUZZ"}],"variant_ids":["QBUZZ:z020|1578381","QBUZZ:z020|1589312","QBUZZ:z020|1589314","QBUZZ:z021|1578387","QBUZZ:z021|1589315"],"representative_variant_id":"QBUZZ:z020|1589312","length_m":630.3}},{"type":"Feature","geometry":{"type":"LineString","coordinates":[[4.4406898212786725,52.24146641795631],[4.441213,52.240509],[4.442063,52.238413],[4.442756,52.237465],[4.443605,52.236807],[4.443234839866189,52.23640236554224]]},"properties":{"edge_id":"edge/68e1eb9eeb69","stop_a":"stop/noordwijk-binnenzee__aa361f6011","stop_b":"stop/noordwijk-lijnbaanweg__6e4477bcbd","stop_a_name":"Noordwijk, BinnenZee","stop_b_name":"Noordwijk, Lijnbaanweg","num_lines":1,"line_ids":["QBUZZ:z023"],"line_refs":["23"],"lines":[{"line_id":"QBUZZ:z023","line_ref":"23","line_name":"Noordwijk - Leiden","agency_id":"QBUZZ"}],"variant_ids":["QBUZZ:z023|1598577","QBUZZ:z023|1625008","QBUZZ:z023|1654958"],"representative_variant_id":"QBUZZ:z023|1625008","length_m":612.7}},{"type":"Feature","geometry":{"type":"LineString","coordinates":[[4.4406898212786725,52.24146641795631],[4.440244,52.242011],[4.439135,52.242506],[4.439419,52.24294],[4.440404,52.24346],[4.440928,52.244282],[4.440351,52.244556],[4.439696,52.245063],[4.438688,52.246322],[4.437158,52.247317],[4.434899,52.248206],[4.43397007181512,52.2471721985505]]},"properties":{"edge_id":"edge/e46d3ba26511","stop_a":"stop/noordwijk-binnenzee__aa361f6011","stop_b":"stop/noordwijk-vuurtorenplein__1567487cb3","stop_a_name":"Noordwijk, BinnenZee","stop_b_name":"Noordwijk, Vuurtorenplein","num_lines":1,"line_ids":["QBUZZ:z023"],"line_refs":["23"],"lines":[{"line_id":"QBUZZ:z023","line_ref":"23","line_name":"Noordwijk - Leiden","agency_id":"QBUZZ"}],"variant_ids":["QBUZZ:z023|1598577","QBUZZ:z023|1625008","QBUZZ:z023|1654958"],"representative_variant_id":"QBUZZ:z023|1625008","length_m":1143.3}},{"type":"Feature","geometry":{"type":"LineString","coordinates":[[4.458972122887471,52.23630885133686],[4.458753,52.236325],[4.458706,52.236468],[4.45792,52.236939],[4.456192,52.237689],[4.454089,52.238805],[4.45031652298672,52.23986776261073]]},"properties":{"edge_id":"edge/d4041c7d9541","stop_a":"stop/noordwijk-boechorst__219a956d4f","stop_b":"stop/noordwijk-boerenburg__ced1e71117","stop_a_name":"Noordwijk, Boechorst","stop_b_name":"Noordwijk, Boerenburg","num_lines":1,"line_ids":["QBUZZ:z361"],"line_refs":["361"],"lines":[{"line_id":"QBUZZ:z361","line_ref":"361","line_name":"Noordwijk - Sassenheim - Lisse - Schiphol","agency_id":"QBUZZ"}],"variant_ids":["QBUZZ:z361|1625053","QBUZZ:z361|1625054","QBUZZ:z361|1625055","QBUZZ:z361|1625056","QBUZZ:z361|1655026","QBUZZ:z361|1655027","QBUZZ:z361|1655028","QBUZZ:z361|1655029"],"representative_variant_id":"QBUZZ:z361|1625053","length_m":722.6}},{"type":"Feature","geometry":{"type":"LineString","coordinates":[[4.458972122887471,52.23630885133686],[4.459417,52.236078],[4.460045,52.235418],[4.460786,52.233599],[4.461697653907454,52.232164270760286]]},"properties":{"edge_id":"edge/4ec1d81f60c0","stop_a":"stop/noordwijk-boechorst__219a956d4f","stop_b":"stop/noordwijk-sportpark__b1bf35408d","stop_a_name":"Noordwijk, Boechorst","stop_b_name":"Noordwijk, Sportpark","num_lines":1,"line_ids":["QBUZZ:z361"],"line_refs":["361"],"lines":[{"line_id":"QBUZZ:z361","line_ref":"361","line_name":"Noordwijk - Sassenheim - Lisse - Schiphol","agency_id":"QBUZZ"}],"variant_ids":["QBUZZ:z361|1625053","QBUZZ:z361|1625054","QBUZZ:z361|1625055","QBUZZ:z361|1625056","QBUZZ:z361|1655026","QBUZZ:z361|1655027","QBUZZ:z361|1655028","QBUZZ:z361|1655029"],"representative_variant_id":"QBUZZ:z361|1625053","length_m":504.3}},{"type":"Feature","geometry":{"type":"LineString","coordinates":[[4.441940045671708,52.22967151495848],[4.441909,52.229819],[4.441718,52.229853],[4.438337426769841,52.23252280938629]]},"properties":{"edge_id":"edge/23fe1ae03172","stop_a":"stop/noordwijk-boekerslootlaan__e4c96b478e","stop_b":"stop/noordwijk-gladiolusstraat__77a45dcb83","stop_a_name":"Noordwijk, Boekerslootlaan","stop_b_name":"Noordwijk, Gladiolusstraat","num_lines":5,"line_ids":["QBUZZ:z022","QBUZZ:z023","QBUZZ:z090","QBUZZ:z361","QBUZZ:z385"],"line_refs":["22","23","90","361","385"],"lines":[{"line_id":"QBUZZ:z022","line_ref":"22","line_name":"Nieuw-Vennep - Hillegom - Noordwijk - Leiden","agency_id":"QBUZZ"},{"line_id":"QBUZZ:z023","line_ref":"23","line_name":"Noordwijk - Leiden","agency_id":"QBUZZ"},{"line_id":"QBUZZ:z090","line_ref":"90","line_name":"Sassenheim - Noordwijkerhout - Wassenaar","agency_id":"QBUZZ"},{"line_id":"QBUZZ:z361","line_ref":"361","line_name":"Noordwijk - Sassenheim - Lisse - Schiphol","agency_id":"QBUZZ"},{"line_id":"QBUZZ:z385","line_ref":"385","line_name":"Noordwijk - Katwijk - Den Haag","agency_id":"QBUZZ"}],"variant_ids":["QBUZZ:z022|1578393","QBUZZ:z022|1578399","QBUZZ:z022|1598570","QBUZZ:z022|1598571","QBUZZ:z022|1625005","QBUZZ:z022|1625006","QBUZZ:z022|1625007","QBUZZ:z022|1654955","QBUZZ:z022|1654956","QBUZZ:z022|1654957","QBUZZ:z023|1598577","QBUZZ:z023|1625008","QBUZZ:z023|1654958","QBUZZ:z090|1625013","QBUZZ:z090|1625015","QBUZZ:z090|1625016","QBUZZ:z090|1654972","QBUZZ:z090|1654973","QBUZZ:z090|1654974","QBUZZ:z361|1625053","QBUZZ:z361|1625054","QBUZZ:z361|1625055","QBUZZ:z361|1625056","QBUZZ:z361|1655026","QBUZZ:z361|1655027","QBUZZ:z361|1655028","QBUZZ:z361|1655029","QBUZZ:z385|1625063","QBUZZ:z385|1625064","QBUZZ:z385|1655035","QBUZZ:z385|1655038"],"representative_variant_id":"QBUZZ:z023|1598577","length_m":405.8}},{"type":"Feature","geometry":{"type":"LineString","coordinates":[[4.441969974093614,52.229644911916786],[4.443933,52.228217],[4.444452,52.227906],[4.444716,52.2279],[4.444806,52.227792],[4.444735,52.227684],[4.444516,52.227655],[4.44423,52.227356],[4.442177,52.223394],[4.441211449686146,52.222222400435534]]},"properties":{"edge_id":"edge/7bb4152b7be9","stop_a":"stop/noordwijk-boekerslootlaan__e4c96b478e","stop_b":"stop/noordwijk-herenweg__7ad2b836ef","stop_a_name":"Noordwijk, Boekerslootlaan","stop_b_name":"Noordwijk, Herenweg","num_lines":2,"line_ids":["QBUZZ:z090","QBUZZ:z385"],"line_refs":["90","385"],"lines":[{"line_id":"QBUZZ:z090","line_ref":"90","line_name":"Sassenheim - Noordwijkerhout - Wassenaar","agency_id":"QBUZZ"},{"line_id":"QBUZZ:z385","line_ref":"385","line_name":"Noordwijk - Katwijk - Den Haag","agency_id":"QBUZZ"}],"variant_ids":["QBUZZ:z090|1625013","QBUZZ:z090|1625015","QBUZZ:z090|1625016","QBUZZ:z090|1654972","QBUZZ:z090|1654973","QBUZZ:z090|1654974","QBUZZ:z385|1625063","QBUZZ:z385|1625064","QBUZZ:z385|1655035","QBUZZ:z385|1655038"],"representative_variant_id":"QBUZZ:z090|1625015","length_m":963.4}},{"type":"Feature","geometry":{"type":"LineString","coordinates":[[4.45037013126818,52.23996043224654],[4.45419,52.238896],[4.455981,52.237939],[4.457600256868958,52.239229942808976]]},"properties":{"edge_id":"edge/bdba10a8c180","stop_a":"stop/noordwijk-boerenburg__ced1e71117","stop_b":"stop/noordwijk-gooweg__0fb4feb2f9","stop_a_name":"Noordwijk, Boerenburg","stop_b_name":"Noordwijk, Gooweg","num_lines":1,"line_ids":["QBUZZ:z022"],"line_refs":["22"],"lines":[{"line_id":"QBUZZ:z022","line_ref":"22","line_name":"Nieuw-Vennep - Hillegom - Noordwijk - Leiden","agency_id":"QBUZZ"}],"variant_ids":["QBUZZ:z022|1578393","QBUZZ:z022|1578399","QBUZZ:z022|1598570","QBUZZ:z022|1598571","QBUZZ:z022|1625005","QBUZZ:z022|1625006","QBUZZ:z022|1625007","QBUZZ:z022|1654955","QBUZZ:z022|1654956","QBUZZ:z022|1654957"],"representative_variant_id":"QBUZZ:z022|1578399","length_m":628.6}},{"type":"Feature","geometry":{"type":"LineString","coordinates":[[4.450287882613448,52.239981593308194],[4.446473,52.241019],[4.446264,52.241197],[4.446075,52.241177],[4.446064,52.240988],[4.445748,52.240698],[4.444666,52.237876],[4.444297,52.237325],[4.443937,52.237034],[4.443588,52.236924],[4.443549,52.236672],[4.443188880407484,52.23636116254605]]},"properties":{"edge_id":"edge/5a84f44f1898","stop_a":"stop/noordwijk-boerenburg__ced1e71117","stop_b":"stop/noordwijk-lijnbaanweg__6e4477bcbd","stop_a_name":"Noordwijk, Boerenburg","stop_b_name":"Noordwijk, Lijnbaanweg","num_lines":1,"line_ids":["QBUZZ:z022"],"line_refs":["22"],"lines":[{"line_id":"QBUZZ:z022","line_ref":"22","line_name":"Nieuw-Vennep - Hillegom - Noordwijk - Leiden","agency_id":"QBUZZ"}],"variant_ids":["QBUZZ:z022|1578393","QBUZZ:z022|1578399","QBUZZ:z022|1598570","QBUZZ:z022|1598571","QBUZZ:z022|1625005","QBUZZ:z022|1625006","QBUZZ:z022|1625007","QBUZZ:z022|1654955","QBUZZ:z022|1654956","QBUZZ:z022|1654957"],"representative_variant_id":"QBUZZ:z022|1625005","length_m":907.8}},{"type":"Feature","geometry":{"type":"LineString","coordinates":[[4.450391481986942,52.23995493910045],[4.45419,52.238896],[4.456129,52.237868],[4.45425,52.236739],[4.45293252242583,52.23543194995861]]},"properties":{"edge_id":"edge/19baa43879ea","stop_a":"stop/noordwijk-boerenburg__ced1e71117","stop_b":"stop/noordwijk-schiestraat__af825729fb","stop_a_name":"Noordwijk, Boerenburg","stop_b_name":"Noordwijk, Schiestraat","num_lines":2,"line_ids":["QBUZZ:z020","QBUZZ:z021"],"line_refs":["20","21"],"lines":[{"line_id":"QBUZZ:z020","line_ref":"20","line_name":"Noordwijk - Leiden","agency_id":"QBUZZ"},{"line_id":"QBUZZ:z021","line_ref":"21","line_name":"Noordwijk - Leiden","agency_id":"QBUZZ"}],"variant_ids":["QBUZZ:z020|1578381","QBUZZ:z020|1589312","QBUZZ:z020|1589314","QBUZZ:z021|1578387","QBUZZ:z021|1589315"],"representative_variant_id":"QBUZZ:z020|1589312","length_m":808.9}},{"type":"Feature","geometry":{"type":"LineString","coordinates":[[4.450391481986942,52.23995493910045],[4.446473,52.241019],[4.446309,52.241179],[4.446075,52.241177],[4.445749339701364,52.24142139783144]]},"properties":{"edge_id":"edge/d5c05d7207bf","stop_a":"stop/noordwijk-boerenburg__ced1e71117","stop_b":"stop/noordwijk-van-panhuysstraat__29dfdf72ff","stop_a_name":"Noordwijk, Boerenburg","stop_b_name":"Noordwijk, Van Panhuysstraat","num_lines":3,"line_ids":["QBUZZ:z020","QBUZZ:z021","QBUZZ:z361"],"line_refs":["20","21","361"],"lines":[{"line_id":"QBUZZ:z020","line_ref":"20","line_name":"Noordwijk - Leiden","agency_id":"QBUZZ"},{"line_id":"QBUZZ:z021","line_ref":"21","line_name":"Noordwijk - Leiden","agency_id":"QBUZZ"},{"line_id":"QBUZZ:z361","line_ref":"361","line_name":"Noordwijk - Sassenheim - Lisse - Schiphol","agency_id":"QBUZZ"}],"variant_ids":["QBUZZ:z020|1578381","QBUZZ:z020|1589312","QBUZZ:z020|1589314","QBUZZ:z021|1578387","QBUZZ:z021|1589315","QBUZZ:z361|1625053","QBUZZ:z361|1625054","QBUZZ:z361|1625055","QBUZZ:z361|1625056","QBUZZ:z361|1655026","QBUZZ:z361|1655027","QBUZZ:z361|1655028","QBUZZ:z361|1655029"],"representative_variant_id":"QBUZZ:z020|1589312","length_m":363.9}},{"type":"Feature","geometry":{"type":"LineString","coordinates":[[4.460036019944972,52.26435625363624],[4.463404,52.266868],[4.465158,52.267789],[4.466602165345491,52.26887760465566]]},"properties":{"edge_id":"edge/8e4612a5441c","stop_a":"stop/noordwijk-bos-zee-en-duin__f202bd1781","stop_b":"stop/noordwijk-de-witte-raaf__6f49136324","stop_a_name":"Noordwijk, Bos Zee en Duin","stop_b_name":"Noordwijk, De Witte Raaf","num_lines":1,"line_ids":["QBUZZ:z090"],"line_refs":["90"],"lines":[{"line_id":"QBUZZ:z090","line_ref":"90","line_name":"Sassenheim - Noordwijkerhout - Wassenaar","agency_id":"QBUZZ"}],"variant_ids":["QBUZZ:z090|1625013","QBUZZ:z090|1625015","QBUZZ:z090|1625016","QBUZZ:z090|1654972","QBUZZ:z090|1654973","QBUZZ:z090|1654974"],"representative_variant_id":"QBUZZ:z090|1625015","length_m":674.5}},{"type":"Feature","geometry":{"type":"LineString","coordinates":[[4.460036019944972,52.26435625363624],[4.458019,52.263086],[4.455754,52.262098],[4.455277,52.261806],[4.453762,52.260716],[4.452257,52.259113],[4.452116,52.258887],[4.452097,52.258393],[4.453256,52.255499],[4.452931234259366,52.25447816761927]]},"properties":{"edge_id":"edge/063328aae18b","stop_a":"stop/noordwijk-bos-zee-en-duin__f202bd1781","stop_b":"stop/noordwijk-hollands-duin__8f55f1ad4f","stop_a_name":"Noordwijk, Bos Zee en Duin","stop_b_name":"Noordwijk, Hollands Duin","num_lines":1,"line_ids":["QBUZZ:z090"],"line_refs":["90"],"lines":[{"line_id":"QBUZZ:z090","line_ref":"90","line_name":"Sassenheim - Noordwijkerhout - Wassenaar","agency_id":"QBUZZ"}],"variant_ids":["QBUZZ:z090|1625013","QBUZZ:z090|1625015","QBUZZ:z090|1625016","QBUZZ:z090|1654972","QBUZZ:z090|1654973","QBUZZ:z090|1654974"],"representative_variant_id":"QBUZZ:z090|1625015","length_m":1325.7}},{"type":"Feature","geometry":{"type":"LineString","coordinates":[[4.4666052392982305,52.26887982642348],[4.467567,52.269579],[4.467256,52.269765],[4.467223,52.269935],[4.46870358247811,52.27144927200281]]},"properties":{"edge_id":"edge/6c581b3ec798","stop_a":"stop/noordwijk-de-witte-raaf__6f49136324","stop_b":"stop/noordwijk-parc-du-soleil__2a947b4183","stop_a_name":"Noordwijk, De Witte Raaf","stop_b_name":"Noordwijk, Parc du Soleil","num_lines":1,"line_ids":["QBUZZ:z090"],"line_refs":["90"],"lines":[{"line_id":"QBUZZ:z090","line_ref":"90","line_name":"Sassenheim - Noordwijkerhout - Wassenaar","agency_id":"QBUZZ"}],"variant_ids":["QBUZZ:z090|1625013","QBUZZ:z090|1625015","QBUZZ:z090|1625016","QBUZZ:z090|1654972","QBUZZ:z090|1654973","QBUZZ:z090|1654974"],"representative_variant_id":"QBUZZ:z090|1625013","length_m":346.5}},{"type":"Feature","geometry":{"type":"LineString","coordinates":[[4.474326707818082,52.27513888335418],[4.472641,52.274373],[4.469778,52.272517],[4.469114,52.272017],[4.4687017881470235,52.271446643099125]]},"properties":{"edge_id":"edge/c9c27bc33a1c","stop_a":"stop/noordwijk-de-wulp__d90d234dc6","stop_b":"stop/noordwijk-parc-du-soleil__2a947b4183","stop_a_name":"Noordwijk, De Wulp","stop_b_name":"Noordwijk, Parc du Soleil","num_lines":1,"line_ids":["QBUZZ:z090"],"line_refs":["90"],"lines":[{"line_id":"QBUZZ:z090","line_ref":"90","line_name":"Sassenheim - Noordwijkerhout - Wassenaar","agency_id":"QBUZZ"}],"variant_ids":["QBUZZ:z090|1625013","QBUZZ:z090|1625015","QBUZZ:z090|1625016","QBUZZ:z090|1654972","QBUZZ:z090|1654973","QBUZZ:z090|1654974"],"representative_variant_id":"QBUZZ:z090|1625015","length_m":567.6}},{"type":"Feature","geometry":{"type":"LineString","coordinates":[[4.474328045376803,52.275140569033674],[4.475468,52.275806],[4.477469,52.277565],[4.483364,52.2817],[4.484613,52.282959],[4.485364,52.283513],[4.4861805945498086,52.283020183058916]]},"properties":{"edge_id":"edge/1765dd5c4b56","stop_a":"stop/noordwijk-de-wulp__d90d234dc6","stop_b":"stop/noordwijk-stayokay__44e5b7b6b8","stop_a_name":"Noordwijk, De Wulp","stop_b_name":"Noordwijk, Stayokay","num_lines":1,"line_ids":["QBUZZ:z090"],"line_refs":["90"],"lines":[{"line_id":"QBUZZ:z090","line_ref":"90","line_name":"Sassenheim - Noordwijkerhout - Wassenaar","agency_id":"QBUZZ"}],"variant_ids":["QBUZZ:z090|1625013","QBUZZ:z090|1625015","QBUZZ:z090|1625016","QBUZZ:z090|1654972","QBUZZ:z090|1654973","QBUZZ:z090|1654974"],"representative_variant_id":"QBUZZ:z090|1625013","length_m":1277.4}},{"type":"Feature","geometry":{"type":"LineString","coordinates":[[4.447064164724035,52.250576665084054],[4.448849,52.249873],[4.448979,52.249946],[4.449156,52.249911],[4.449203,52.249768],[4.449897,52.249468],[4.450566,52.248979],[4.452734,52.246884],[4.452859,52.245797],[4.453147,52.245332],[4.451926,52.244918],[4.4512746585283205,52.244480446148636]]},"properties":{"edge_id":"edge/901276407136","stop_a":"stop/noordwijk-duinpark__85e6f3f637","stop_b":"stop/noordwijk-duinwetering__136dedce93","stop_a_name":"Noordwijk, Duinpark","stop_b_name":"Noordwijk, Duinwetering","num_lines":1,"line_ids":["QBUZZ:z021"],"line_refs":["21"],"lines":[{"line_id":"QBUZZ:z021","line_ref":"21","line_name":"Noordwijk - Leiden","agency_id":"QBUZZ"}],"variant_ids":["QBUZZ:z021|1578387","QBUZZ:z021|1589315"],"representative_variant_id":"QBUZZ:z021|1589315","length_m":927.3}},{"type":"Feature","geometry":{"type":"LineString","coordinates":[[4.447064164724035,52.250576665084054],[4.445822,52.251044],[4.443677,52.251387],[4.440977,52.2523],[4.440626,52.252297],[4.440218,52.252168],[4.439706717956685,52.2514391027696]]},"properties":{"edge_id":"edge/709d84b17a9d","stop_a":"stop/noordwijk-duinpark__85e6f3f637","stop_b":"stop/noordwijk-groot-hoogwaak__00186bf4a6","stop_a_name":"Noordwijk, Duinpark","stop_b_name":"Noordwijk, Groot Hoogwaak","num_lines":2,"line_ids":["QBUZZ:z021","QBUZZ:z090"],"line_refs":["21","90"],"lines":[{"line_id":"QBUZZ:z021","line_ref":"21","line_name":"Noordwijk - Leiden","agency_id":"QBUZZ"},{"line_id":"QBUZZ:z090","line_ref":"90","line_name":"Sassenheim - Noordwijkerhout - Wassenaar","agency_id":"QBUZZ"}],"variant_ids":["QBUZZ:z021|1578387","QBUZZ:z021|1578388","QBUZZ:z021|1578389","QBUZZ:z021|1589315","QBUZZ:z090|1625013","QBUZZ:z090|1625015","QBUZZ:z090|1625016","QBUZZ:z090|1654972","QBUZZ:z090|1654973","QBUZZ:z090|1654974"],"representative_variant_id":"QBUZZ:z021|1589315","length_m":603.5}},{"type":"Feature","geometry":{"type":"LineString","coordinates":[[4.4470082881438175,52.250599908825414],[4.448849,52.249873],[4.449067,52.249938],[4.449319,52.250515],[4.450059,52.251527],[4.451606,52.252465],[4.452023,52.252837],[4.45245,52.253443],[4.452931369714206,52.254481355877395]]},"properties":{"edge_id":"edge/87f4700bc870","stop_a":"stop/noordwijk-duinpark__85e6f3f637","stop_b":"stop/noordwijk-hollands-duin__8f55f1ad4f","stop_a_name":"Noordwijk, Duinpark","stop_b_name":"Noordwijk, Hollands Duin","num_lines":1,"line_ids":["QBUZZ:z090"],"line_refs":["90"],"lines":[{"line_id":"QBUZZ:z090","line_ref":"90","line_name":"Sassenheim - Noordwijkerhout - Wassenaar","agency_id":"QBUZZ"}],"variant_ids":["QBUZZ:z090|1625013","QBUZZ:z090|1625015","QBUZZ:z090|1625016","QBUZZ:z090|1654972","QBUZZ:z090|1654973","QBUZZ:z090|1654974"],"representative_variant_id":"QBUZZ:z090|1625013","length_m":747.1}},{"type":"Feature","geometry":{"type":"LineString","coordinates":[[4.4512746585283205,52.244480446148636],[4.447373835896191,52.24190492696647]]},"properties":{"edge_id":"edge/7394c2512f6d","stop_a":"stop/noordwijk-duinwetering__136dedce93","stop_b":"stop/noordwijk-van-panhuysstraat__29dfdf72ff","stop_a_name":"Noordwijk, Duinwetering","stop_b_name":"Noordwijk, Van Panhuysstraat","num_lines":1,"line_ids":["QBUZZ:z021"],"line_refs":["21"],"lines":[{"line_id":"QBUZZ:z021","line_ref":"21","line_name":"Noordwijk - Leiden","agency_id":"QBUZZ"}],"variant_ids":["QBUZZ:z021|1578387","QBUZZ:z021|1589315"],"representative_variant_id":"QBUZZ:z021|1589315","length_m":390.6}},{"type":"Feature","geometry":{"type":"LineString","coordinates":[[4.416026666063131,52.21582001629545],[4.416385,52.216165],[4.416706,52.216195],[4.417,52.215478],[4.418537,52.214789],[4.419976,52.214532],[4.420516,52.21459],[4.421059456140861,52.214748459064495]]},"properties":{"edge_id":"edge/1a6eae4d5082","stop_a":"stop/noordwijk-esa-estec__e02773b505","stop_b":"stop/noordwijk-space-expo__625d58d890","stop_a_name":"Noordwijk, ESA Estec","stop_b_name":"Noordwijk, Space Expo","num_lines":2,"line_ids":["QBUZZ:z385","QBUZZ:z400"],"line_refs":["385","400"],"lines":[{"line_id":"QBUZZ:z385","line_ref":"385","line_name":"Noordwijk - Katwijk - Den Haag","agency_id":"QBUZZ"},{"line_id":"QBUZZ:z400","line_ref":"400","line_name":"Katwijk ESA/ESTEC - Zoetermeer","agency_id":"QBUZZ"}],"variant_ids":["QBUZZ:z385|1655036","QBUZZ:z385|1655037","QBUZZ:z400|1589338","QBUZZ:z400|1589339","QBUZZ:z400|1625068","QBUZZ:z400|1625069","QBUZZ:z400|1655039","QBUZZ:z400|1655040","QBUZZ:z400|1655042","QBUZZ:z400|1655043"],"representative_variant_id":"QBUZZ:z385|1655037","length_m":460.0}},{"type":"Feature","geometry":{"type":"LineString","coordinates":[[4.43832768137512,52.23253395411974],[4.437977,52.23296],[4.437807,52.233408],[4.437861,52.233579],[4.439991,52.234612],[4.443246043950561,52.23639458942526]]},"properties":{"edge_id":"edge/383126bb78da","stop_a":"stop/noordwijk-gladiolusstraat__77a45dcb83","stop_b":"stop/noordwijk-lijnbaanweg__6e4477bcbd","stop_a_name":"Noordwijk, Gladiolusstraat","stop_b_name":"Noordwijk, Lijnbaanweg","num_lines":3,"line_ids":["QBUZZ:z022","QBUZZ:z023","QBUZZ:z385"],"line_refs":["22","23","385"],"lines":[{"line_id":"QBUZZ:z022","line_ref":"22","line_name":"Nieuw-Vennep - Hillegom - Noordwijk - Leiden","agency_id":"QBUZZ"},{"line_id":"QBUZZ:z023","line_ref":"23","line_name":"Noordwijk - Leiden","agency_id":"QBUZZ"},{"line_id":"QBUZZ:z385","line_ref":"385","line_name":"Noordwijk - Katwijk - Den Haag","agency_id":"QBUZZ"}],"variant_ids":["QBUZZ:z022|1578393","QBUZZ:z022|1578399","QBUZZ:z022|1598570","QBUZZ:z022|1598571","QBUZZ:z022|1625005","QBUZZ:z022|1625006","QBUZZ:z022|1625007","QBUZZ:z022|1654955","QBUZZ:z022|1654956","QBUZZ:z022|1654957","QBUZZ:z023|1598577","QBUZZ:z023|1625008","QBUZZ:z023|1654958","QBUZZ:z385|1625063","QBUZZ:z385|1625064","QBUZZ:z385|1655035","QBUZZ:z385|1655038"],"representative_variant_id":"QBUZZ:z022|1578393","length_m":605.9}},{"type":"Feature","geometry":{"type":"LineString","coordinates":[[4.43827754080484,52.23246850883789],[4.437861,52.232932],[4.437705,52.233389],[4.437527,52.233469],[4.437627,52.233613],[4.437294,52.234123],[4.434763,52.236754],[4.434016,52.238159],[4.432931,52.238897],[4.432824,52.239102],[4.432959,52.239643],[4.432866,52.239903],[4.431848,52.240955],[4.431521511402284,52.241176741347516]]},"properties":{"edge_id":"edge/053fcff82f02","stop_a":"stop/noordwijk-gladiolusstraat__77a45dcb83","stop_b":"stop/noordwijk-pickeplein__faaf29d512","stop_a_name":"Noordwijk, Gladiolusstraat","stop_b_name":"Noordwijk, Picképlein","num_lines":2,"line_ids":["QBUZZ:z090","QBUZZ:z361"],"line_refs":["90","361"],"lines":[{"line_id":"QBUZZ:z090","line_ref":"90","line_name":"Sassenheim - Noordwijkerhout - Wassenaar","agency_id":"QBUZZ"},{"line_id":"QBUZZ:z361","line_ref":"361","line_name":"Noordwijk - Sassenheim - Lisse - Schiphol","agency_id":"QBUZZ"}],"variant_ids":["QBUZZ:z090|1625013","QBUZZ:z090|1625015","QBUZZ:z090|1625016","QBUZZ:z090|1654972","QBUZZ:z090|1654973","QBUZZ:z090|1654974","QBUZZ:z361|1625053","QBUZZ:z361|1625054","QBUZZ:z361|1625055","QBUZZ:z361|1625056","QBUZZ:z361|1655026","QBUZZ:z361|1655027","QBUZZ:z361|1655028","QBUZZ:z361|1655029"],"representative_variant_id":"QBUZZ:z090|1625013","length_m":1102.1}},{"type":"Feature","geometry":{"type":"LineString","coordinates":[[4.457567519457883,52.23918191878024],[4.458656,52.240261],[4.459492,52.240906],[4.462357,52.242519],[4.464123609108916,52.24362211727153]]},"properties":{"edge_id":"edge/821c53309d34","stop_a":"stop/noordwijk-gooweg__0fb4feb2f9","stop_b":"stop/noordwijkerhout-dijk-en-burg__165f565c4a","stop_a_name":"Noordwijk, Gooweg","stop_b_name":"Noordwijkerhout, Dijk en Burg","num_lines":1,"line_ids":["QBUZZ:z022"],"line_refs":["22"],"lines":[{"line_id":"QBUZZ:z022","line_ref":"22","line_name":"Nieuw-Vennep - Hillegom - Noordwijk - Leiden","agency_id":"QBUZZ"}],"variant_ids":["QBUZZ:z022|1578393","QBUZZ:z022|1578399","QBUZZ:z022|1598570","QBUZZ:z022|1598571","QBUZZ:z022|1625005","QBUZZ:z022|1625006","QBUZZ:z022|1625007","QBUZZ:z022|1654955","QBUZZ:z022|1654956","QBUZZ:z022|1654957"],"representative_variant_id":"QBUZZ:z022|1625005","length_m":669.4}},{"type":"Feature","geometry":{"type":"LineString","coordinates":[[4.43970447400127,52.25143720671425],[4.437443,52.249764],[4.436444174829173,52.249298649537195]]},"properties":{"edge_id":"edge/b6cf17273b88","stop_a":"stop/noordwijk-groot-hoogwaak__00186bf4a6","stop_b":"stop/noordwijk-wantveld__7ff3d037c3","stop_a_name":"Noordwijk, Groot Hoogwaak","stop_b_name":"Noordwijk, Wantveld","num_lines":2,"line_ids":["QBUZZ:z021","QBUZZ:z090"],"line_refs":["21","90"],"lines":[{"line_id":"QBUZZ:z021","line_ref":"21","line_name":"Noordwijk - Leiden","agency_id":"QBUZZ"},{"line_id":"QBUZZ:z090","line_ref":"90","line_name":"Sassenheim - Noordwijkerhout - Wassenaar","agency_id":"QBUZZ"}],"variant_ids":["QBUZZ:z021|1578387","QBUZZ:z021|1578388","QBUZZ:z021|1578389","QBUZZ:z021|1589315","QBUZZ:z090|1625013","QBUZZ:z090|1625015","QBUZZ:z090|1625016","QBUZZ:z090|1654972","QBUZZ:z090|1654973","QBUZZ:z090|1654974"],"representative_variant_id":"QBUZZ:z021|1578389","length_m":326.9}},{"type":"Feature","geometry":{"type":"LineString","coordinates":[[4.441240785646968,52.22225144449625],[4.442177,52.223394],[4.44423,52.227356],[4.444516,52.227655],[4.444778,52.227729],[4.444716,52.2279],[4.445076844517887,52.22842633740682]]},"properties":{"edge_id":"edge/e08130a50c5a","stop_a":"stop/noordwijk-herenweg__7ad2b836ef","stop_b":"stop/noordwijk-voorstraat__0d226bf9ec","stop_a_name":"Noordwijk, Herenweg","stop_b_name":"Noordwijk, Voorstraat","num_lines":2,"line_ids":["QBUZZ:z020","QBUZZ:z021"],"line_refs":["20","21"],"lines":[{"line_id":"QBUZZ:z020","line_ref":"20","line_name":"Noordwijk - Leiden","agency_id":"QBUZZ"},{"line_id":"QBUZZ:z021","line_ref":"21","line_name":"Noordwijk - Leiden","agency_id":"QBUZZ"}],"variant_ids":["QBUZZ:z020|1578381","QBUZZ:z020|1589312","QBUZZ:z020|1589314","QBUZZ:z021|1578387","QBUZZ:z021|1589315"],"representative_variant_id":"QBUZZ:z020|1589312","length_m":745.5}},{"type":"Feature","geometry":{"type":"LineString","coordinates":[[4.441240785646968,52.22225144449625],[4.440532,52.221583],[4.440209,52.221635],[4.439478,52.221602],[4.438707,52.221353],[4.433083225574304,52.218845973202605]]},"properties":{"edge_id":"edge/9c1c7ec23de9","stop_a":"stop/noordwijk-herenweg__7ad2b836ef","stop_b":"stop/noordwijk-willem-van-den-bergh__ae301bf058","stop_a_name":"Noordwijk, Herenweg","stop_b_name":"Noordwijk, Willem van den Bergh","num_lines":4,"line_ids":["QBUZZ:z020","QBUZZ:z021","QBUZZ:z090","QBUZZ:z385"],"line_refs":["20","21","90","385"],"lines":[{"line_id":"QBUZZ:z020","line_ref":"20","line_name":"Noordwijk - Leiden","agency_id":"QBUZZ"},{"line_id":"QBUZZ:z021","line_ref":"21","line_name":"Noordwijk - Leiden","agency_id":"QBUZZ"},{"line_id":"QBUZZ:z090","line_ref":"90","line_name":"Sassenheim - Noordwijkerhout - Wassenaar","agency_id":"QBUZZ"},{"line_id":"QBUZZ:z385","line_ref":"385","line_name":"Noordwijk - Katwijk - Den Haag","agency_id":"QBUZZ"}],"variant_ids":["QBUZZ:z020|1578381","QBUZZ:z020|1589312","QBUZZ:z020|1589314","QBUZZ:z021|1578387","QBUZZ:z021|1589315","QBUZZ:z090|1625013","QBUZZ:z090|1625015","QBUZZ:z090|1625016","QBUZZ:z090|1654972","QBUZZ:z090|1654973","QBUZZ:z090|1654974","QBUZZ:z385|1625063","QBUZZ:z385|1625064","QBUZZ:z385|1655035","QBUZZ:z385|1655038"],"representative_variant_id":"QBUZZ:z020|1589312","length_m":694.5}},{"type":"Feature","geometry":{"type":"LineString","coordinates":[[4.436573955005396,52.242992653977886],[4.434669,52.242533],[4.4322179840343905,52.24142498513547]]},"properties":{"edge_id":"edge/60f249497291","stop_a":"stop/noordwijk-huis-ter-duinstraat__7dfa7159ea","stop_b":"stop/noordwijk-pickeplein__faaf29d512","stop_a_name":"Noordwijk, Huis ter Duinstraat","stop_b_name":"Noordwijk, Picképlein","num_lines":1,"line_ids":["QBUZZ:z020"],"line_refs":["20"],"lines":[{"line_id":"QBUZZ:z020","line_ref":"20","line_name":"Noordwijk - Leiden","agency_id":"QBUZZ"}],"variant_ids":["QBUZZ:z020|1578380","QBUZZ:z020|1578381","QBUZZ:z020|1578382","QBUZZ:z020|1589312","QBUZZ:z020|1589314"],"representative_variant_id":"QBUZZ:z020|1578382","length_m":346.8}},{"type":"Feature","geometry":{"type":"LineString","coordinates":[[4.436580032995367,52.242993344658565],[4.436987,52.242983],[4.439135,52.242506],[4.439419,52.24294],[4.440404,52.24346],[4.440956,52.244327],[4.441248,52.244356],[4.441428,52.244151],[4.441885169739022,52.24399400044948]]},"properties":{"edge_id":"edge/a2c7dd49fdc2","stop_a":"stop/noordwijk-huis-ter-duinstraat__7dfa7159ea","stop_b":"stop/noordwijk-piet-heinplein__047109fdf7","stop_a_name":"Noordwijk, Huis ter Duinstraat","stop_b_name":"Noordwijk, Piet Heinplein","num_lines":1,"line_ids":["QBUZZ:z020"],"line_refs":["20"],"lines":[{"line_id":"QBUZZ:z020","line_ref":"20","line_name":"Noordwijk - Leiden","agency_id":"QBUZZ"}],"variant_ids":["QBUZZ:z020|1578380","QBUZZ:z020|1578381","QBUZZ:z020|1578382","QBUZZ:z020|1589312","QBUZZ:z020|1589314"],"representative_variant_id":"QBUZZ:z020|1589312","length_m":509.0}},{"type":"Feature","geometry":{"type":"LineString","coordinates":[[4.439621497302178,52.207832835224906],[4.439179,52.208153],[4.439203,52.208369],[4.438881,52.208384],[4.438389,52.208812],[4.437893,52.209446],[4.437556,52.210144],[4.437488,52.210593],[4.437588,52.211376],[4.437682,52.211808],[4.437914,52.211873],[4.437911,52.212008],[4.437676,52.212087],[4.437488,52.211977],[4.437341,52.211985],[4.43517,52.212255],[4.434699,52.212395],[4.434431,52.212582],[4.433291497936976,52.21411042670295]]},"properties":{"edge_id":"edge/7211208be880","stop_a":"stop/noordwijk-klei-oost__fb6fbc7eef","stop_b":"stop/noordwijk-s-gravendijckseweg__fc7250c61e","stop_a_name":"Noordwijk, Klei-Oost","stop_b_name":"Noordwijk, 's-Gravendijckseweg","num_lines":2,"line_ids":["QBUZZ:z020","QBUZZ:z021"],"line_refs":["20","21"],"lines":[{"line_id":"QBUZZ:z020","line_ref":"20","line_name":"Noordwijk - Leiden","agency_id":"QBUZZ"},{"line_id":"QBUZZ:z021","line_ref":"21","line_name":"Noordwijk - Leiden","agency_id":"QBUZZ"}],"variant_ids":["QBUZZ:z020|1578381","QBUZZ:z020|1589312","QBUZZ:z020|1589314","QBUZZ:z021|1578387","QBUZZ:z021|1589315"],"representative_variant_id":"QBUZZ:z020|1589312","length_m":975.5}},{"type":"Feature","geometry":{"type":"LineString","coordinates":[[4.439627376311075,52.207836730345356],[4.441971,52.206198],[4.443356,52.205049],[4.445617,52.202569],[4.445937842698215,52.20194483143213]]},"properties":{"edge_id":"edge/f2f71c2734d5","stop_a":"stop/noordwijk-klei-oost__fb6fbc7eef","stop_b":"stop/rijnsburg-sportpark__96cb538900","stop_a_name":"Noordwijk, Klei-Oost","stop_b_name":"Rijnsburg, Sportpark","num_lines":2,"line_ids":["QBUZZ:z020","QBUZZ:z021"],"line_refs":["20","21"],"lines":[{"line_id":"QBUZZ:z020","line_ref":"20","line_name":"Noordwijk - Leiden","agency_id":"QBUZZ"},{"line_id":"QBUZZ:z021","line_ref":"21","line_name":"Noordwijk - Leiden","agency_id":"QBUZZ"}],"variant_ids":["QBUZZ:z020|1578381","QBUZZ:z020|1589312","QBUZZ:z020|1589314","QBUZZ:z021|1578387","QBUZZ:z021|1589315"],"representative_variant_id":"QBUZZ:z020|1578381","length_m":789.8}},{"type":"Feature","geometry":{"type":"LineString","coordinates":[[4.443228928587205,52.2363947653264],[4.443549,52.236672],[4.443588,52.236924],[4.443937,52.237034],[4.444297,52.237325],[4.444666,52.237876],[4.445748,52.240698],[4.446064,52.240988],[4.446075,52.241177],[4.445756592970333,52.24141327620954]]},"properties":{"edge_id":"edge/242ce2e9561b","stop_a":"stop/noordwijk-lijnbaanweg__6e4477bcbd","stop_b":"stop/noordwijk-van-panhuysstraat__29dfdf72ff","stop_a_name":"Noordwijk, Lijnbaanweg","stop_b_name":"Noordwijk, Van Panhuysstraat","num_lines":1,"line_ids":["QBUZZ:z385"],"line_refs":["385"],"lines":[{"line_id":"QBUZZ:z385","line_ref":"385","line_name":"Noordwijk - Katwijk - Den Haag","agency_id":"QBUZZ"}],"variant_ids":["QBUZZ:z385|1625063","QBUZZ:z385|1625064","QBUZZ:z385|1655035","QBUZZ:z385|1655038"],"representative_variant_id":"QBUZZ:z385|1625064","length_m":615.6}},{"type":"Feature","geometry":{"type":"LineString","coordinates":[[4.4658024584322575,52.229449510714595],[4.46444,52.230365],[4.464348,52.230553],[4.46386,52.230783],[4.462658,52.231592],[4.462536,52.231815],[4.462241,52.231894],[4.461859854150861,52.23223579203397]]},"properties":{"edge_id":"edge/4d3506c20cae","stop_a":"stop/noordwijk-noordwijkerhoek__e122ac3612","stop_b":"stop/noordwijk-sportpark__b1bf35408d","stop_a_name":"Noordwijk, Noordwijkerhoek","stop_b_name":"Noordwijk, Sportpark","num_lines":1,"line_ids":["QBUZZ:z361"],"line_refs":["361"],"lines":[{"line_id":"QBUZZ:z361","line_ref":"361","line_name":"Noordwijk - Sassenheim - Lisse - Schiphol","agency_id":"QBUZZ"}],"variant_ids":["QBUZZ:z361|1625053","QBUZZ:z361|1625054","QBUZZ:z361|1625055","QBUZZ:z361|1625056","QBUZZ:z361|1655026","QBUZZ:z361|1655027","QBUZZ:z361|1655028","QBUZZ:z361|1655029"],"representative_variant_id":"QBUZZ:z361|1625055","length_m":417.2}},{"type":"Feature","geometry":{"type":"LineString","coordinates":[[4.465802458434129,52.22944951071335],[4.467378,52.228429],[4.468182,52.227788],[4.468438,52.227403],[4.468537,52.226874],[4.468459,52.226397],[4.468628,52.225994],[4.469121,52.225548],[4.469357,52.225433],[4.469636,52.225417],[4.470028,52.225555],[4.47049,52.225864],[4.470978,52.226335],[4.471337,52.227399],[4.471835,52.22805],[4.473886,52.229432],[4.474187,52.229713],[4.474199,52.229857],[4.474505,52.229904],[4.475202053484381,52.23031937017813]]},"properties":{"edge_id":"edge/9db8c52336b6","stop_a":"stop/noordwijk-noordwijkerhoek__e122ac3612","stop_b":"stop/voorhout-nieuw-boekhorst__c10ceb4f97","stop_a_name":"Noordwijk, Noordwijkerhoek","stop_b_name":"Voorhout, Nieuw-Boekhorst","num_lines":1,"line_ids":["QBUZZ:z361"],"line_refs":["361"],"lines":[{"line_id":"QBUZZ:z361","line_ref":"361","line_name":"Noordwijk - Sassenheim - Lisse - Schiphol","agency_id":"QBUZZ"}],"variant_ids":["QBUZZ:z361|1625053","QBUZZ:z361|1625054","QBUZZ:z361|1625055","QBUZZ:z361|1625056","QBUZZ:z361|1655026","QBUZZ:z361|1655027","QBUZZ:z361|1655028","QBUZZ:z361|1655029"],"representative_variant_id":"QBUZZ:z361|1655028","length_m":1239.5}},{"type":"Feature","geometry":{"type":"LineString","coordinates":[[4.430743835250306,52.244230826297226],[4.429396,52.243281],[4.429328,52.243038],[4.430409,52.241806],[4.431472244361639,52.241206005228804]]},"properties":{"edge_id":"edge/cdf329d0079e","stop_a":"stop/noordwijk-parallel-boulevard__5c5d7e7ea4","stop_b":"stop/noordwijk-pickeplein__faaf29d512","stop_a_name":"Noordwijk, Parallel Boulevard","stop_b_name":"Noordwijk, Picképlein","num_lines":5,"line_ids":["QBUZZ:z020","QBUZZ:z023","QBUZZ:z090","QBUZZ:z361","QBUZZ:z385"],"line_refs":["20","23","90","361","385"],"lines":[{"line_id":"QBUZZ:z020","line_ref":"20","line_name":"Noordwijk - Leiden","agency_id":"QBUZZ"},{"line_id":"QBUZZ:z023","line_ref":"23","line_name":"Noordwijk - Leiden","agency_id":"QBUZZ"},{"line_id":"QBUZZ:z090","line_ref":"90","line_name":"Sassenheim - Noordwijkerhout - Wassenaar","agency_id":"QBUZZ"},{"line_id":"QBUZZ:z361","line_ref":"361","line_name":"Noordwijk - Sassenheim - Lisse - Schiphol","agency_id":"QBUZZ"},{"line_id":"QBUZZ:z385","line_ref":"385","line_name":"Noordwijk - Katwijk - Den Haag","agency_id":"QBUZZ"}],"variant_ids":["QBUZZ:z020|1578380","QBUZZ:z020|1578381","QBUZZ:z020|1578382","QBUZZ:z020|1589312","QBUZZ:z020|1589314","QBUZZ:z023|1598577","QBUZZ:z023|1625008","QBUZZ:z023|1654958","QBUZZ:z090|1625013","QBUZZ:z090|1625015","QBUZZ:z090|1625016","QBUZZ:z090|1654972","QBUZZ:z090|1654973","QBUZZ:z090|1654974","QBUZZ:z361|1625053","QBUZZ:z361|1625054","QBUZZ:z361|1625055","QBUZZ:z361|1625056","QBUZZ:z361|1655026","QBUZZ:z361|1655027","QBUZZ:z361|1655028","QBUZZ:z361|1655029","QBUZZ:z385|1625063","QBUZZ:z385|1625064","QBUZZ:z385|1655035","QBUZZ:z385|1655038"],"representative_variant_id":"QBUZZ:z023|1598577","length_m":421.3}},{"type":"Feature","geometry":{"type":"LineString","coordinates":[[4.430733919939088,52.24423240458906],[4.43182,52.244982],[4.432616,52.246085],[4.434358240274083,52.24757556369126]]},"properties":{"edge_id":"edge/00b25383e73d","stop_a":"stop/noordwijk-parallel-boulevard__5c5d7e7ea4","stop_b":"stop/noordwijk-vuurtorenplein__1567487cb3","stop_a_name":"Noordwijk, Parallel Boulevard","stop_b_name":"Noordwijk, Vuurtorenplein","num_lines":5,"line_ids":["QBUZZ:z020","QBUZZ:z023","QBUZZ:z090","QBUZZ:z361","QBUZZ:z385"],"line_refs":["20","23","90","361","385"],"lines":[{"line_id":"QBUZZ:z020","line_ref":"20","line_name":"Noordwijk - Leiden","agency_id":"QBUZZ"},{"line_id":"QBUZZ:z023","line_ref":"23","line_name":"Noordwijk - Leiden","agency_id":"QBUZZ"},{"line_id":"QBUZZ:z090","line_ref":"90","line_name":"Sassenheim - Noordwijkerhout - Wassenaar","agency_id":"QBUZZ"},{"line_id":"QBUZZ:z361","line_ref":"361","line_name":"Noordwijk - Sassenheim - Lisse - Schiphol","agency_id":"QBUZZ"},{"line_id":"QBUZZ:z385","line_ref":"385","line_name":"Noordwijk - Katwijk - Den Haag","agency_id":"QBUZZ"}],"variant_ids":["QBUZZ:z020|1578380","QBUZZ:z020|1589312","QBUZZ:z020|1589314","QBUZZ:z023|1598577","QBUZZ:z023|1625008","QBUZZ:z023|1654958","QBUZZ:z090|1625013","QBUZZ:z090|1625015","QBUZZ:z090|1625016","QBUZZ:z090|1654972","QBUZZ:z090|1654973","QBUZZ:z090|1654974","QBUZZ:z361|1625053","QBUZZ:z361|1625054","QBUZZ:z361|1625055","QBUZZ:z361|1625056","QBUZZ:z361|1655026","QBUZZ:z361|1655027","QBUZZ:z361|1655028","QBUZZ:z361|1655029","QBUZZ:z385|1625063","QBUZZ:z385|1625064","QBUZZ:z385|1655035","QBUZZ:z385|1655038"],"representative_variant_id":"QBUZZ:z020|1578380","length_m":449.3}},{"type":"Feature","geometry":{"type":"LineString","coordinates":[[4.441885169739022,52.24399400044948],[4.443598,52.24336],[4.445749339701364,52.24142139783144]]},"properties":{"edge_id":"edge/91113c5adad6","stop_a":"stop/noordwijk-piet-heinplein__047109fdf7","stop_b":"stop/noordwijk-van-panhuysstraat__29dfdf72ff","stop_a_name":"Noordwijk, Piet Heinplein","stop_b_name":"Noordwijk, Van Panhuysstraat","num_lines":3,"line_ids":["QBUZZ:z020","QBUZZ:z361","QBUZZ:z385"],"line_refs":["20","361","385"],"lines":[{"line_id":"QBUZZ:z020","line_ref":"20","line_name":"Noordwijk - Leiden","agency_id":"QBUZZ"},{"line_id":"QBUZZ:z361","line_ref":"361","line_name":"Noordwijk - Sassenheim - Lisse - Schiphol","agency_id":"QBUZZ"},{"line_id":"QBUZZ:z385","line_ref":"385","line_name":"Noordwijk - Katwijk - Den Haag","agency_id":"QBUZZ"}],"variant_ids":["QBUZZ:z020|1578381","QBUZZ:z020|1589312","QBUZZ:z020|1589314","QBUZZ:z361|1625053","QBUZZ:z361|1625054","QBUZZ:z361|1625055","QBUZZ:z361|1625056","QBUZZ:z361|1655026","QBUZZ:z361|1655027","QBUZZ:z361|1655028","QBUZZ:z361|1655029","QBUZZ:z385|1625063","QBUZZ:z385|1625064","QBUZZ:z385|1655035","QBUZZ:z385|1655038"],"representative_variant_id":"QBUZZ:z020|1589312","length_m":396.9}},{"type":"Feature","geometry":{"type":"LineString","coordinates":[[4.441872653758536,52.243997928650714],[4.441428,52.244151],[4.441308,52.24433],[4.440867,52.244398],[4.439994,52.244823],[4.439382,52.245375],[4.438688,52.246322],[4.438019,52.246811],[4.436685,52.247547],[4.434985,52.248279],[4.433963876905467,52.24716739433485]]},"properties":{"edge_id":"edge/d0c4e0cfbec3","stop_a":"stop/noordwijk-piet-heinplein__047109fdf7","stop_b":"stop/noordwijk-vuurtorenplein__1567487cb3","stop_a_name":"Noordwijk, Piet Heinplein","stop_b_name":"Noordwijk, Vuurtorenplein","num_lines":2,"line_ids":["QBUZZ:z361","QBUZZ:z385"],"line_refs":["361","385"],"lines":[{"line_id":"QBUZZ:z361","line_ref":"361","line_name":"Noordwijk - Sassenheim - Lisse - Schiphol","agency_id":"QBUZZ"},{"line_id":"QBUZZ:z385","line_ref":"385","line_name":"Noordwijk - Katwijk - Den Haag","agency_id":"QBUZZ"}],"variant_ids":["QBUZZ:z361|1625053","QBUZZ:z361|1625054","QBUZZ:z361|1625055","QBUZZ:z361|1625056","QBUZZ:z361|1655026","QBUZZ:z361|1655027","QBUZZ:z361|1655028","QBUZZ:z361|1655029","QBUZZ:z385|1625063","QBUZZ:z385|1625064","QBUZZ:z385|1655035","QBUZZ:z385|1655038"],"representative_variant_id":"QBUZZ:z361|1625055","length_m":829.2}},{"type":"Feature","geometry":{"type":"LineString","coordinates":[[4.45293252242583,52.23543194995861],[4.452559,52.235],[4.45265,52.234857],[4.452402,52.234774],[4.4507,52.232882],[4.449347,52.231801],[4.446459,52.229918],[4.445582,52.229138],[4.445076844517887,52.22842633740682]]},"properties":{"edge_id":"edge/46c171c39b96","stop_a":"stop/noordwijk-schiestraat__af825729fb","stop_b":"stop/noordwijk-voorstraat__0d226bf9ec","stop_a_name":"Noordwijk, Schiestraat","stop_b_name":"Noordwijk, Voorstraat","num_lines":2,"line_ids":["QBUZZ:z020","QBUZZ:z021"],"line_refs":["20","21"],"lines":[{"line_id":"QBUZZ:z020","line_ref":"20","line_name":"Noordwijk - Leiden","agency_id":"QBUZZ"},{"line_id":"QBUZZ:z021","line_ref":"21","line_name":"Noordwijk - Leiden","agency_id":"QBUZZ"}],"variant_ids":["QBUZZ:z020|1578381","QBUZZ:z020|1589312","QBUZZ:z020|1589314","QBUZZ:z021|1578387","QBUZZ:z021|1589315"],"representative_variant_id":"QBUZZ:z020|1589312","length_m":961.2}},{"type":"Feature","geometry":{"type":"LineString","coordinates":[[4.422280561965735,52.214612841523895],[4.422626,52.215155],[4.42332,52.215557],[4.426051,52.21646],[4.426766,52.216564],[4.427402,52.216911],[4.430264,52.217914],[4.432286,52.218452],[4.433055603420294,52.21883394804073]]},"properties":{"edge_id":"edge/525f3ebaef26","stop_a":"stop/noordwijk-space-expo__625d58d890","stop_b":"stop/noordwijk-willem-van-den-bergh__ae301bf058","stop_a_name":"Noordwijk, Space Expo","stop_b_name":"Noordwijk, Willem van den Bergh","num_lines":1,"line_ids":["QBUZZ:z385"],"line_refs":["385"],"lines":[{"line_id":"QBUZZ:z385","line_ref":"385","line_name":"Noordwijk - Katwijk - Den Haag","agency_id":"QBUZZ"}],"variant_ids":["QBUZZ:z385|1625063","QBUZZ:z385|1625064","QBUZZ:z385|1655035","QBUZZ:z385|1655038"],"representative_variant_id":"QBUZZ:z385|1625064","length_m":891.6}},{"type":"Feature","geometry":{"type":"LineString","coordinates":[[4.4861805945498086,52.283020183058916],[4.486687,52.282597],[4.487086,52.281692],[4.488196,52.281197],[4.48964,52.280795],[4.490697,52.280668],[4.493625,52.280097],[4.49504006992069,52.27960054463849]]},"properties":{"edge_id":"edge/f808e68fedb9","stop_a":"stop/noordwijk-stayokay__44e5b7b6b8","stop_b":"stop/noordwijkerhout-duinschooten__3e70551a7f","stop_a_name":"Noordwijk, Stayokay","stop_b_name":"Noordwijkerhout, Duinschooten","num_lines":1,"line_ids":["QBUZZ:z090"],"line_refs":["90"],"lines":[{"line_id":"QBUZZ:z090","line_ref":"90","line_name":"Sassenheim - Noordwijkerhout - Wassenaar","agency_id":"QBUZZ"}],"variant_ids":["QBUZZ:z090|1625013","QBUZZ:z090|1625015","QBUZZ:z090|1625016","QBUZZ:z090|1654972","QBUZZ:z090|1654973","QBUZZ:z090|1654974"],"representative_variant_id":"QBUZZ:z090|1625013","length_m":757.2}},{"type":"Feature","geometry":{"type":"LineString","coordinates":[[4.433650380145085,52.24693519007254],[4.434227,52.247428],[4.435114,52.248415],[4.435878,52.248996],[4.436444174829173,52.249298649537195]]},"properties":{"edge_id":"edge/545b53bc1d10","stop_a":"stop/noordwijk-vuurtorenplein__1567487cb3","stop_b":"stop/noordwijk-wantveld__7ff3d037c3","stop_a_name":"Noordwijk, Vuurtorenplein","stop_b_name":"Noordwijk, Wantveld","num_lines":2,"line_ids":["QBUZZ:z021","QBUZZ:z090"],"line_refs":["21","90"],"lines":[{"line_id":"QBUZZ:z021","line_ref":"21","line_name":"Noordwijk - Leiden","agency_id":"QBUZZ"},{"line_id":"QBUZZ:z090","line_ref":"90","line_name":"Sassenheim - Noordwijkerhout - Wassenaar","agency_id":"QBUZZ"}],"variant_ids":["QBUZZ:z021|1578389","QBUZZ:z021|1589315","QBUZZ:z090|1625013","QBUZZ:z090|1625015","QBUZZ:z090|1625016","QBUZZ:z090|1654972","QBUZZ:z090|1654973","QBUZZ:z090|1654974"],"representative_variant_id":"QBUZZ:z021|1578389","length_m":326.8}},{"type":"Feature","geometry":{"type":"LineString","coordinates":[[4.49743905320318,52.26459447150023],[4.498889,52.265288],[4.500489,52.266594],[4.500845,52.267082],[4.501024,52.267668],[4.500988,52.268018],[4.500469,52.268347],[4.495846,52.270209],[4.495551,52.270287],[4.495156,52.270257],[4.495149,52.270608],[4.496732,52.272786],[4.497796,52.274502],[4.498599,52.275389],[4.499898,52.276396],[4.500055,52.276577],[4.500093,52.276892],[4.499897,52.277196],[4.499659,52.277356],[4.495795,52.279304],[4.495036643784682,52.27960180267281]]},"properties":{"edge_id":"edge/1c46f132d902","stop_a":"stop/noordwijkerhout-brink__97655ed10d","stop_b":"stop/noordwijkerhout-duinschooten__3e70551a7f","stop_a_name":"Noordwijkerhout, Brink","stop_b_name":"Noordwijkerhout, Duinschooten","num_lines":1,"line_ids":["QBUZZ:z090"],"line_refs":["90"],"lines":[{"line_id":"QBUZZ:z090","line_ref":"90","line_name":"Sassenheim - Noordwijkerhout - Wassenaar","agency_id":"QBUZZ"}],"variant_ids":["QBUZZ:z090|1625013","QBUZZ:z090|1625015","QBUZZ:z090|1625016","QBUZZ:z090|1654972","QBUZZ:z090|1654973","QBUZZ:z090|1654974"],"representative_variant_id":"QBUZZ:z090|1625015","length_m":2231.6}},{"type":"Feature","geometry":{"type":"LineString","coordinates":[[4.497401865466068,52.26457822698916],[4.498889,52.265288],[4.500489,52.266594],[4.500845,52.267082],[4.501024,52.267668],[4.500988,52.268018],[4.50084,52.268089],[4.500853,52.268179],[4.501071,52.268244],[4.501258,52.268416],[4.501632,52.269497],[4.501874,52.269876],[4.502236,52.270095],[4.502936,52.270235],[4.503669,52.270231],[4.504273,52.270047],[4.504448,52.270084],[4.506156360708042,52.27139707962739]]},"properties":{"edge_id":"edge/1795aa120315","stop_a":"stop/noordwijkerhout-brink__97655ed10d","stop_b":"stop/noordwijkerhout-narcissa__f798891a2a","stop_a_name":"Noordwijkerhout, Brink","stop_b_name":"Noordwijkerhout, Narcissa","num_lines":1,"line_ids":["QBUZZ:z022"],"line_refs":["22"],"lines":[{"line_id":"QBUZZ:z022","line_ref":"22","line_name":"Nieuw-Vennep - Hillegom - Noordwijk - Leiden","agency_id":"QBUZZ"}],"variant_ids":["QBUZZ:z022|1578393","QBUZZ:z022|1578399","QBUZZ:z022|1598570","QBUZZ:z022|1598571","QBUZZ:z022|1625005","QBUZZ:z022|1625006","QBUZZ:z022|1654956","QBUZZ:z022|1654957"],"representative_variant_id":"QBUZZ:z022|1578399","length_m":1084.7}},{"type":"Feature","geometry":{"type":"LineString","coordinates":[[4.49743905320318,52.26459447150023],[4.496348,52.264127],[4.495751,52.263961],[4.493559,52.263702],[4.492238,52.263818],[4.491389,52.263802],[4.491158,52.263648],[4.491089,52.263414],[4.490801,52.263196],[4.490477183445961,52.26269802736671]]},"properties":{"edge_id":"edge/e9fc24fe4ff8","stop_a":"stop/noordwijkerhout-brink__97655ed10d","stop_b":"stop/noordwijkerhout-victoriberg__9351374773","stop_a_name":"Noordwijkerhout, Brink","stop_b_name":"Noordwijkerhout, Victoriberg","num_lines":2,"line_ids":["QBUZZ:z022","QBUZZ:z090"],"line_refs":["22","90"],"lines":[{"line_id":"QBUZZ:z022","line_ref":"22","line_name":"Nieuw-Vennep - Hillegom - Noordwijk - Leiden","agency_id":"QBUZZ"},{"line_id":"QBUZZ:z090","line_ref":"90","line_name":"Sassenheim - Noordwijkerhout - Wassenaar","agency_id":"QBUZZ"}],"variant_ids":["QBUZZ:z022|1578393","QBUZZ:z022|1578399","QBUZZ:z022|1598570","QBUZZ:z022|1598571","QBUZZ:z022|1625005","QBUZZ:z022|1625006","QBUZZ:z022|1625007","QBUZZ:z022|1654955","QBUZZ:z022|1654956","QBUZZ:z022|1654957","QBUZZ:z090|1625012","QBUZZ:z090|1625013","QBUZZ:z090|1625014","QBUZZ:z090|1625015","QBUZZ:z090|1654972","QBUZZ:z090|1654974"],"representative_variant_id":"QBUZZ:z090|1625015","length_m":576.3}},{"type":"Feature","geometry":{"type":"LineString","coordinates":[[4.519566349448161,52.28490562582641],[4.523015,52.288737],[4.525418140082678,52.29112019310978]]},"properties":{"edge_id":"edge/6cf3efb10e5d","stop_a":"stop/noordwijkerhout-corneliabrug__f500c16106","stop_b":"stop/noordwijkerhout-ruigenhoek__bfbbbba5c8","stop_a_name":"Noordwijkerhout, Corneliabrug","stop_b_name":"Noordwijkerhout, Ruigenhoek","num_lines":1,"line_ids":["QBUZZ:z022"],"line_refs":["22"],"lines":[{"line_id":"QBUZZ:z022","line_ref":"22","line_name":"Nieuw-Vennep - Hillegom - Noordwijk - Leiden","agency_id":"QBUZZ"}],"variant_ids":["QBUZZ:z022|1578393","QBUZZ:z022|1578399","QBUZZ:z022|1598570","QBUZZ:z022|1598571","QBUZZ:z022|1625005","QBUZZ:z022|1625006","QBUZZ:z022|1654956","QBUZZ:z022|1654957"],"representative_variant_id":"QBUZZ:z022|1578399","length_m":797.7}},{"type":"Feature","geometry":{"type":"LineString","coordinates":[[4.519566349448161,52.28490562582641],[4.514897,52.279663],[4.514116059554782,52.27829897498427]]},"properties":{"edge_id":"edge/564a8b01ad63","stop_a":"stop/noordwijkerhout-corneliabrug__f500c16106","stop_b":"stop/noordwijkerhout-transformatorhuisje__e834d0e669","stop_a_name":"Noordwijkerhout, Corneliabrug","stop_b_name":"Noordwijkerhout, Transformatorhuisje","num_lines":1,"line_ids":["QBUZZ:z022"],"line_refs":["22"],"lines":[{"line_id":"QBUZZ:z022","line_ref":"22","line_name":"Nieuw-Vennep - Hillegom - Noordwijk - Leiden","agency_id":"QBUZZ"}],"variant_ids":["QBUZZ:z022|1578393","QBUZZ:z022|1578399","QBUZZ:z022|1598570","QBUZZ:z022|1598571","QBUZZ:z022|1625005","QBUZZ:z022|1625006","QBUZZ:z022|1654956","QBUZZ:z022|1654957"],"representative_variant_id":"QBUZZ:z022|1578399","length_m":824.6}},{"type":"Feature","geometry":{"type":"LineString","coordinates":[[4.464181121300429,52.24365842681179],[4.470483031608435,52.247562692835494]]},"properties":{"edge_id":"edge/6e5a133e81b3","stop_a":"stop/noordwijkerhout-dijk-en-burg__165f565c4a","stop_b":"stop/noordwijkerhout-nieuw-leeuwenhorst__8fc2dafecb","stop_a_name":"Noordwijkerhout, Dijk en Burg","stop_b_name":"Noordwijkerhout, Nieuw Leeuwenhorst","num_lines":1,"line_ids":["QBUZZ:z022"],"line_refs":["22"],"lines":[{"line_id":"QBUZZ:z022","line_ref":"22","line_name":"Nieuw-Vennep - Hillegom - Noordwijk - Leiden","agency_id":"QBUZZ"}],"variant_ids":["QBUZZ:z022|1578393","QBUZZ:z022|1578399","QBUZZ:z022|1598570","QBUZZ:z022|1598571","QBUZZ:z022|1625005","QBUZZ:z022|1625006","QBUZZ:z022|1625007","QBUZZ:z022|1654955","QBUZZ:z022|1654956","QBUZZ:z022|1654957"],"representative_variant_id":"QBUZZ:z022|1578399","length_m":610.4}},{"type":"Feature","geometry":{"type":"LineString","coordinates":[[4.4949682372008715,52.25931896366782],[4.492720413798395,52.260471355937796]]},"properties":{"edge_id":"edge/6b4ea191480b","stop_a":"stop/noordwijkerhout-kerkstraat__5044dabf7c","stop_b":"stop/noordwijkerhout-viaductweg__f433f982ac","stop_a_name":"Noordwijkerhout, Kerkstraat","stop_b_name":"Noordwijkerhout, Viaductweg","num_lines":2,"line_ids":["QBUZZ:z022","QBUZZ:z090"],"line_refs":["22","90"],"lines":[{"line_id":"QBUZZ:z022","line_ref":"22","line_name":"Nieuw-Vennep - Hillegom - Noordwijk - Leiden","agency_id":"QBUZZ"},{"line_id":"QBUZZ:z090","line_ref":"90","line_name":"Sassenheim - Noordwijkerhout - Wassenaar","agency_id":"QBUZZ"}],"variant_ids":["QBUZZ:z022|1578393","QBUZZ:z022|1578399","QBUZZ:z022|1598570","QBUZZ:z022|1598571","QBUZZ:z022|1625005","QBUZZ:z022|1625006","QBUZZ:z022|1625007","QBUZZ:z022|1654955","QBUZZ:z022|1654956","QBUZZ:z022|1654957","QBUZZ:z090|1625012","QBUZZ:z090|1625013","QBUZZ:z090|1625014","QBUZZ:z090|1625015","QBUZZ:z090|1654972","QBUZZ:z090|1654974"],"representative_variant_id":"QBUZZ:z022|1578393","length_m":199.6}},{"type":"Feature","geometry":{"type":"LineString","coordinates":[[4.494971400064964,52.25932280503155],[4.498439,52.257735],[4.499505,52.257149],[4.499434,52.257059],[4.499524,52.256952],[4.499213727257419,52.256660738368545]]},"properties":{"edge_id":"edge/1f8ea37228f7","stop_a":"stop/noordwijkerhout-kerkstraat__5044dabf7c","stop_b":"stop/noordwijkerhout-wildlaan__a616869a59","stop_a_name":"Noordwijkerhout, Kerkstraat","stop_b_name":"Noordwijkerhout, Wildlaan","num_lines":2,"line_ids":["QBUZZ:z022","QBUZZ:z090"],"line_refs":["22","90"],"lines":[{"line_id":"QBUZZ:z022","line_ref":"22","line_name":"Nieuw-Vennep - Hillegom - Noordwijk - Leiden","agency_id":"QBUZZ"},{"line_id":"QBUZZ:z090","line_ref":"90","line_name":"Sassenheim - Noordwijkerhout - Wassenaar","agency_id":"QBUZZ"}],"variant_ids":["QBUZZ:z022|1578393","QBUZZ:z022|1578399","QBUZZ:z022|1598570","QBUZZ:z022|1598571","QBUZZ:z022|1625005","QBUZZ:z022|1625006","QBUZZ:z022|1625007","QBUZZ:z022|1654955","QBUZZ:z022|1654956","QBUZZ:z022|1654957","QBUZZ:z090|1625012","QBUZZ:z090|1625013","QBUZZ:z090|1625014","QBUZZ:z090|1625015","QBUZZ:z090|1654972","QBUZZ:z090|1654974"],"representative_variant_id":"QBUZZ:z022|1578399","length_m":455.4}},{"type":"Feature","geometry":{"type":"LineString","coordinates":[[4.474351924742702,52.24994685061949],[4.475554,52.2509],[4.47597,52.251326],[4.475952,52.251505],[4.476243,52.251579],[4.476391,52.2515],[4.476379,52.251356],[4.478085,52.250326],[4.47983,52.249468],[4.48098,52.249108],[4.481654,52.249068],[4.482371,52.249119],[4.484293,52.249637],[4.484878,52.249686],[4.485109,52.24985],[4.485286,52.249797],[4.485347,52.249672],[4.48601930659914,52.249549521486294]]},"properties":{"edge_id":"edge/d5a714618084","stop_a":"stop/noordwijkerhout-langelaan__625bfadcec","stop_b":"stop/noordwijkerhout-leeweg__d03dff4964","stop_a_name":"Noordwijkerhout, Langelaan","stop_b_name":"Noordwijkerhout, Leeweg","num_lines":1,"line_ids":["QBUZZ:z022"],"line_refs":["22"],"lines":[{"line_id":"QBUZZ:z022","line_ref":"22","line_name":"Nieuw-Vennep - Hillegom - Noordwijk - Leiden","agency_id":"QBUZZ"}],"variant_ids":["QBUZZ:z022|1578393","QBUZZ:z022|1578399","QBUZZ:z022|1598570","QBUZZ:z022|1598571","QBUZZ:z022|1625005","QBUZZ:z022|1625006","QBUZZ:z022|1625007","QBUZZ:z022|1654955","QBUZZ:z022|1654956","QBUZZ:z022|1654957"],"representative_variant_id":"QBUZZ:z022|1578399","length_m":1041.4}},{"type":"Feature","geometry":{"type":"LineString","coordinates":[[4.474351924742702,52.24994685061949],[4.470483031608435,52.247562692835494]]},"properties":{"edge_id":"edge/d5d7803d6a30","stop_a":"stop/noordwijkerhout-langelaan__625bfadcec","stop_b":"stop/noordwijkerhout-nieuw-leeuwenhorst__8fc2dafecb","stop_a_name":"Noordwijkerhout, Langelaan","stop_b_name":"Noordwijkerhout, Nieuw Leeuwenhorst","num_lines":1,"line_ids":["QBUZZ:z022"],"line_refs":["22"],"lines":[{"line_id":"QBUZZ:z022","line_ref":"22","line_name":"Nieuw-Vennep - Hillegom - Noordwijk - Leiden","agency_id":"QBUZZ"}],"variant_ids":["QBUZZ:z022|1578393","QBUZZ:z022|1578399","QBUZZ:z022|1598570","QBUZZ:z022|1598571","QBUZZ:z022|1625005","QBUZZ:z022|1625006","QBUZZ:z022|1625007","QBUZZ:z022|1654955","QBUZZ:z022|1654956","QBUZZ:z022|1654957"],"representative_variant_id":"QBUZZ:z022|1578399","length_m":373.7}},{"type":"Feature","geometry":{"type":"LineString","coordinates":[[4.485932297179642,52.24957629885821],[4.49043,52.247436],[4.490707,52.247474],[4.49079,52.247745],[4.491448,52.248478],[4.49220493082601,52.24909244331576]]},"properties":{"edge_id":"edge/d9190dd50d09","stop_a":"stop/noordwijkerhout-leeweg__d03dff4964","stop_b":"stop/noordwijkerhout-smederij__9f8c30f7a8","stop_a_name":"Noordwijkerhout, Leeweg","stop_b_name":"Noordwijkerhout, Smederij","num_lines":1,"line_ids":["QBUZZ:z022"],"line_refs":["22"],"lines":[{"line_id":"QBUZZ:z022","line_ref":"22","line_name":"Nieuw-Vennep - Hillegom - Noordwijk - Leiden","agency_id":"QBUZZ"}],"variant_ids":["QBUZZ:z022|1578393","QBUZZ:z022|1578399","QBUZZ:z022|1598570","QBUZZ:z022|1598571","QBUZZ:z022|1625005","QBUZZ:z022|1625006","QBUZZ:z022|1625007","QBUZZ:z022|1654955","QBUZZ:z022|1654956","QBUZZ:z022|1654957"],"representative_variant_id":"QBUZZ:z022|1598570","length_m":616.4}},{"type":"Feature","geometry":{"type":"LineString","coordinates":[[4.493039987260516,52.251429166571306],[4.492482,52.251703],[4.492376,52.251873],[4.492416,52.252071],[4.495152480848842,52.25371101988824]]},"properties":{"edge_id":"edge/982899588ed2","stop_a":"stop/noordwijkerhout-maandagse-wetering__4efcafef05","stop_b":"stop/noordwijkerhout-pilarenlaan__0349078b6d","stop_a_name":"Noordwijkerhout, Maandagse Wetering","stop_b_name":"Noordwijkerhout, Pilarenlaan","num_lines":2,"line_ids":["QBUZZ:z022","QBUZZ:z090"],"line_refs":["22","90"],"lines":[{"line_id":"QBUZZ:z022","line_ref":"22","line_name":"Nieuw-Vennep - Hillegom - Noordwijk - Leiden","agency_id":"QBUZZ"},{"line_id":"QBUZZ:z090","line_ref":"90","line_name":"Sassenheim - Noordwijkerhout - Wassenaar","agency_id":"QBUZZ"}],"variant_ids":["QBUZZ:z022|1578393","QBUZZ:z022|1578399","QBUZZ:z022|1598570","QBUZZ:z022|1598571","QBUZZ:z022|1625005","QBUZZ:z022|1625006","QBUZZ:z022|1625007","QBUZZ:z022|1654955","QBUZZ:z022|1654956","QBUZZ:z022|1654957","QBUZZ:z090|1625012","QBUZZ:z090|1625013","QBUZZ:z090|1625014","QBUZZ:z090|1625015","QBUZZ:z090|1654972","QBUZZ:z090|1654974"],"representative_variant_id":"QBUZZ:z022|1578393","length_m":351.8}},{"type":"Feature","geometry":{"type":"LineString","coordinates":[[4.493039987260516,52.251429166571306],[4.49402,52.250951],[4.494258,52.250755],[4.494435,52.25073],[4.494452,52.250604],[4.493884,52.250438],[4.492261296490766,52.2491386318466]]},"properties":{"edge_id":"edge/52ff5cb09bfe","stop_a":"stop/noordwijkerhout-maandagse-wetering__4efcafef05","stop_b":"stop/noordwijkerhout-smederij__9f8c30f7a8","stop_a_name":"Noordwijkerhout, Maandagse Wetering","stop_b_name":"Noordwijkerhout, Smederij","num_lines":2,"line_ids":["QBUZZ:z022","QBUZZ:z090"],"line_refs":["22","90"],"lines":[{"line_id":"QBUZZ:z022","line_ref":"22","line_name":"Nieuw-Vennep - Hillegom - Noordwijk - Leiden","agency_id":"QBUZZ"},{"line_id":"QBUZZ:z090","line_ref":"90","line_name":"Sassenheim - Noordwijkerhout - Wassenaar","agency_id":"QBUZZ"}],"variant_ids":["QBUZZ:z022|1578393","QBUZZ:z022|1578399","QBUZZ:z022|1598570","QBUZZ:z022|1598571","QBUZZ:z022|1625005","QBUZZ:z022|1625006","QBUZZ:z022|1625007","QBUZZ:z022|1654955","QBUZZ:z022|1654956","QBUZZ:z022|1654957","QBUZZ:z090|1625012","QBUZZ:z090|1625013","QBUZZ:z090|1625014","QBUZZ:z090|1625015","QBUZZ:z090|1654972","QBUZZ:z090|1654974"],"representative_variant_id":"QBUZZ:z022|1578393","length_m":363.6}},{"type":"Feature","geometry":{"type":"LineString","coordinates":[[4.506126145531037,52.27137298244117],[4.506713,52.271872],[4.5077,52.273093],[4.50901,52.274271],[4.509681082844533,52.27472745825209]]},"properties":{"edge_id":"edge/bb1e9301fbe5","stop_a":"stop/noordwijkerhout-narcissa__f798891a2a","stop_b":"stop/noordwijkerhout-zanderij__ce186bf793","stop_a_name":"Noordwijkerhout, Narcissa","stop_b_name":"Noordwijkerhout, Zanderij","num_lines":1,"line_ids":["QBUZZ:z022"],"line_refs":["22"],"lines":[{"line_id":"QBUZZ:z022","line_ref":"22","line_name":"Nieuw-Vennep - Hillegom - Noordwijk - Leiden","agency_id":"QBUZZ"}],"variant_ids":["QBUZZ:z022|1578393","QBUZZ:z022|1578399","QBUZZ:z022|1598570","QBUZZ:z022|1598571","QBUZZ:z022|1625005","QBUZZ:z022|1625006","QBUZZ:z022|1654956","QBUZZ:z022|1654957"],"representative_variant_id":"QBUZZ:z022|1625005","length_m":446.5}},{"type":"Feature","geometry":{"type":"LineString","coordinates":[[4.493609412377901,52.24596145506033],[4.490887,52.247269],[4.490707,52.247474],[4.49079,52.247745],[4.491448,52.248478],[4.492271584743263,52.249147062497954]]},"properties":{"edge_id":"edge/258b133ed261","stop_a":"stop/noordwijkerhout-piet-gijzenbrug__0dd28d3e1e","stop_b":"stop/noordwijkerhout-smederij__9f8c30f7a8","stop_a_name":"Noordwijkerhout, Piet Gijzenbrug","stop_b_name":"Noordwijkerhout, Smederij","num_lines":1,"line_ids":["QBUZZ:z090"],"line_refs":["90"],"lines":[{"line_id":"QBUZZ:z090","line_ref":"90","line_name":"Sassenheim - Noordwijkerhout - Wassenaar","agency_id":"QBUZZ"}],"variant_ids":["QBUZZ:z090|1625012","QBUZZ:z090|1625013","QBUZZ:z090|1625014","QBUZZ:z090|1625015","QBUZZ:z090|1654972","QBUZZ:z090|1654974"],"representative_variant_id":"QBUZZ:z090|1625012","length_m":478.3}},{"type":"Feature","geometry":{"type":"LineString","coordinates":[[4.493609412377901,52.24596145506033],[4.495309,52.245091],[4.496809,52.244024],[4.500798942641691,52.24148925182155]]},"properties":{"edge_id":"edge/5be308b2b831","stop_a":"stop/noordwijkerhout-piet-gijzenbrug__0dd28d3e1e","stop_b":"stop/voorhout-s-gravendamseweg__5e9fa0a291","stop_a_name":"Noordwijkerhout, Piet Gijzenbrug","stop_b_name":"Voorhout, 's-Gravendamseweg","num_lines":1,"line_ids":["QBUZZ:z090"],"line_refs":["90"],"lines":[{"line_id":"QBUZZ:z090","line_ref":"90","line_name":"Sassenheim - Noordwijkerhout - Wassenaar","agency_id":"QBUZZ"}],"variant_ids":["QBUZZ:z090|1625012","QBUZZ:z090|1625013","QBUZZ:z090|1625014","QBUZZ:z090|1625015","QBUZZ:z090|1654972","QBUZZ:z090|1654974"],"representative_variant_id":"QBUZZ:z090|1625012","length_m":698.9}},{"type":"Feature","geometry":{"type":"LineString","coordinates":[[4.495152480848842,52.25371101988824],[4.499209109623919,52.256661512052595]]},"properties":{"edge_id":"edge/7b52ed14f2fd","stop_a":"stop/noordwijkerhout-pilarenlaan__0349078b6d","stop_b":"stop/noordwijkerhout-wildlaan__a616869a59","stop_a_name":"Noordwijkerhout, Pilarenlaan","stop_b_name":"Noordwijkerhout, Wildlaan","num_lines":2,"line_ids":["QBUZZ:z022","QBUZZ:z090"],"line_refs":["22","90"],"lines":[{"line_id":"QBUZZ:z022","line_ref":"22","line_name":"Nieuw-Vennep - Hillegom - Noordwijk - Leiden","agency_id":"QBUZZ"},{"line_id":"QBUZZ:z090","line_ref":"90","line_name":"Sassenheim - Noordwijkerhout - Wassenaar","agency_id":"QBUZZ"}],"variant_ids":["QBUZZ:z022|1578393","QBUZZ:z022|1578399","QBUZZ:z022|1598570","QBUZZ:z022|1598571","QBUZZ:z022|1625005","QBUZZ:z022|1625006","QBUZZ:z022|1625007","QBUZZ:z022|1654955","QBUZZ:z022|1654956","QBUZZ:z022|1654957","QBUZZ:z090|1625012","QBUZZ:z090|1625013","QBUZZ:z090|1625014","QBUZZ:z090|1625015","QBUZZ:z090|1654972","QBUZZ:z090|1654974"],"representative_variant_id":"QBUZZ:z022|1578393","length_m":428.8}},{"type":"Feature","geometry":{"type":"LineString","coordinates":[[4.514116059554782,52.27829897498427],[4.513517,52.277576],[4.512724,52.276923],[4.510934,52.275553],[4.509713077557472,52.274748819428076]]},"properties":{"edge_id":"edge/c94de0d1541f","stop_a":"stop/noordwijkerhout-transformatorhuisje__e834d0e669","stop_b":"stop/noordwijkerhout-zanderij__ce186bf793","stop_a_name":"Noordwijkerhout, Transformatorhuisje","stop_b_name":"Noordwijkerhout, Zanderij","num_lines":1,"line_ids":["QBUZZ:z022"],"line_refs":["22"],"lines":[{"line_id":"QBUZZ:z022","line_ref":"22","line_name":"Nieuw-Vennep - Hillegom - Noordwijk - Leiden","agency_id":"QBUZZ"}],"variant_ids":["QBUZZ:z022|1578393","QBUZZ:z022|1578399","QBUZZ:z022|1598570","QBUZZ:z022|1598571","QBUZZ:z022|1625005","QBUZZ:z022|1625006","QBUZZ:z022|1654956","QBUZZ:z022|1654957"],"representative_variant_id":"QBUZZ:z022|1578399","length_m":497.7}},{"type":"Feature","geometry":{"type":"LineString","coordinates":[[4.492789964509327,52.26043982679313],[4.491073,52.261319],[4.490518,52.261216],[4.489732,52.261695],[4.4904260431616665,52.26262560166679]]},"properties":{"edge_id":"edge/38e847172185","stop_a":"stop/noordwijkerhout-viaductweg__f433f982ac","stop_b":"stop/noordwijkerhout-victoriberg__9351374773","stop_a_name":"Noordwijkerhout, Viaductweg","stop_b_name":"Noordwijkerhout, Victoriberg","num_lines":2,"line_ids":["QBUZZ:z022","QBUZZ:z090"],"line_refs":["22","90"],"lines":[{"line_id":"QBUZZ:z022","line_ref":"22","line_name":"Nieuw-Vennep - Hillegom - Noordwijk - Leiden","agency_id":"QBUZZ"},{"line_id":"QBUZZ:z090","line_ref":"90","line_name":"Sassenheim - Noordwijkerhout - Wassenaar","agency_id":"QBUZZ"}],"variant_ids":["QBUZZ:z022|1578393","QBUZZ:z022|1578399","QBUZZ:z022|1598570","QBUZZ:z022|1598571","QBUZZ:z022|1625005","QBUZZ:z022|1625006","QBUZZ:z022|1625007","QBUZZ:z022|1654955","QBUZZ:z022|1654956","QBUZZ:z022|1654957","QBUZZ:z090|1625012","QBUZZ:z090|1625013","QBUZZ:z090|1625014","QBUZZ:z090|1625015","QBUZZ:z090|1654972","QBUZZ:z090|1654974"],"representative_variant_id":"QBUZZ:z022|1598570","length_m":381.1}},{"type":"Feature","geometry":{"type":"LineString","coordinates":[[4.484222179827252,52.18322111075314],[4.483549,52.182407],[4.482772,52.181772],[4.4804,52.180505],[4.480008,52.180394],[4.479922,52.180285],[4.47885,52.179783],[4.478098151471623,52.17916137680622]]},"properties":{"edge_id":"edge/6224d1d2d08a","stop_a":"stop/oegstgeest-abtspoelweg__2da2f51286","stop_b":"stop/oegstgeest-marelaan__2d148580dd","stop_a_name":"Oegstgeest, Abtspoelweg","stop_b_name":"Oegstgeest, Marelaan","num_lines":1,"line_ids":["QBUZZ:z050"],"line_refs":["50"],"lines":[{"line_id":"QBUZZ:z050","line_ref":"50","line_name":"Lisse - Warmond - Leiden","agency_id":"QBUZZ"}],"variant_ids":["QBUZZ:z050|1578414","QBUZZ:z050|1578415"],"representative_variant_id":"QBUZZ:z050|1578415","length_m":625.2}},{"type":"Feature","geometry":{"type":"LineString","coordinates":[[4.484222179827252,52.18322111075314],[4.484477,52.183502],[4.484517,52.183736],[4.484764,52.18381],[4.487814777040992,52.186052527919394]]},"properties":{"edge_id":"edge/529849340c3a","stop_a":"stop/oegstgeest-abtspoelweg__2da2f51286","stop_b":"stop/oegstgeest-pres-kennedylaan__811fb21b0c","stop_a_name":"Oegstgeest, Abtspoelweg","stop_b_name":"Oegstgeest, Pres. Kennedylaan","num_lines":1,"line_ids":["QBUZZ:z050"],"line_refs":["50"],"lines":[{"line_id":"QBUZZ:z050","line_ref":"50","line_name":"Lisse - Warmond - Leiden","agency_id":"QBUZZ"}],"variant_ids":["QBUZZ:z050|1578414","QBUZZ:z050|1578415"],"representative_variant_id":"QBUZZ:z050|1578415","length_m":405.4}},{"type":"Feature","geometry":{"type":"LineString","coordinates":[[4.473311914244204,52.18597414472932],[4.475273,52.185993],[4.477544979675349,52.1857919447283]]},"properties":{"edge_id":"edge/d8a2995218c2","stop_a":"stop/oegstgeest-aert-van-neslaan__7c73883350","stop_b":"stop/oegstgeest-hazenboslaan__d3f3b710dc","stop_a_name":"Oegstgeest, Aert van Neslaan","stop_b_name":"Oegstgeest, Hazenboslaan","num_lines":1,"line_ids":["QBUZZ:z054"],"line_refs":["54"],"lines":[{"line_id":"QBUZZ:z054","line_ref":"54","line_name":"Voorhout - Leiden - De Vink","agency_id":"QBUZZ"}],"variant_ids":["QBUZZ:z054|1578417","QBUZZ:z054|1578418","QBUZZ:z054|1578419","QBUZZ:z054|1578420","QBUZZ:z054|1578421","QBUZZ:z054|1578422"],"representative_variant_id":"QBUZZ:z054|1578418","length_m":290.2}},{"type":"Feature","geometry":{"type":"LineString","coordinates":[[4.473311914244204,52.18597414472932],[4.471574,52.185946],[4.471545,52.18663045303153]]},"properties":{"edge_id":"edge/e6a0b2380322","stop_a":"stop/oegstgeest-aert-van-neslaan__7c73883350","stop_b":"stop/oegstgeest-irislaan__6293e91f5d","stop_a_name":"Oegstgeest, Aert van Neslaan","stop_b_name":"Oegstgeest, Irislaan","num_lines":1,"line_ids":["QBUZZ:z054"],"line_refs":["54"],"lines":[{"line_id":"QBUZZ:z054","line_ref":"54","line_name":"Voorhout - Leiden - De Vink","agency_id":"QBUZZ"}],"variant_ids":["QBUZZ:z054|1578417","QBUZZ:z054|1578418","QBUZZ:z054|1578419","QBUZZ:z054|1578420","QBUZZ:z054|1578421","QBUZZ:z054|1578422"],"representative_variant_id":"QBUZZ:z054|1578418","length_m":194.7}},{"type":"Feature","geometry":{"type":"LineString","coordinates":[[4.44760117072482,52.16730187867223],[4.446362,52.167969],[4.441118,52.171253],[4.437231122654421,52.173437071147674]]},"properties":{"edge_id":"edge/92c4a2d9f49c","stop_a":"stop/oegstgeest-bio-science-park-west__86a9eea5ed","stop_b":"stop/valkenburg-valkenburg-oost-n206__d1641323ee","stop_a_name":"Oegstgeest, Bio Science Park-West","stop_b_name":"Valkenburg, Valkenburg Oost/N206","num_lines":4,"line_ids":["QBUZZ:z022","QBUZZ:z023","QBUZZ:z400","QBUZZ:z401"],"line_refs":["22","23","400","401"],"lines":[{"line_id":"QBUZZ:z022","line_ref":"22","line_name":"Nieuw-Vennep - Hillegom - Noordwijk - Leiden","agency_id":"QBUZZ"},{"line_id":"QBUZZ:z023","line_ref":"23","line_name":"Noordwijk - Leiden","agency_id":"QBUZZ"},{"line_id":"QBUZZ:z400","line_ref":"400","line_name":"Katwijk ESA/ESTEC - Zoetermeer","agency_id":"QBUZZ"},{"line_id":"QBUZZ:z401","line_ref":"401","line_name":"Katwijk-Centrum - Zoetermeer","agency_id":"QBUZZ"}],"variant_ids":["QBUZZ:z022|1598570","QBUZZ:z022|1598571","QBUZZ:z022|1625005","QBUZZ:z022|1625006","QBUZZ:z022|1625007","QBUZZ:z022|1654955","QBUZZ:z022|1654956","QBUZZ:z022|1654957","QBUZZ:z023|1598577","QBUZZ:z023|1625008","QBUZZ:z023|1654958","QBUZZ:z400|1589338","QBUZZ:z400|1589339","QBUZZ:z400|1625068","QBUZZ:z400|1625069","QBUZZ:z400|1655039","QBUZZ:z400|1655040","QBUZZ:z400|1655042","QBUZZ:z400|1655043","QBUZZ:z401|1589343","QBUZZ:z401|1589344","QBUZZ:z401|1625071","QBUZZ:z401|1625072","QBUZZ:z401|1655044","QBUZZ:z401|1655045","QBUZZ:z401|1655046","QBUZZ:z401|1655047"],"representative_variant_id":"QBUZZ:z022|1625005","length_m":983.1}},{"type":"Feature","geometry":{"type":"LineString","coordinates":[[4.452586715756097,52.170965219336345],[4.450181,52.171289],[4.450737,52.173343],[4.450754,52.173927],[4.450588,52.17487],[4.452421,52.175298],[4.453255,52.175286],[4.453218,52.175655],[4.452972,52.176201],[4.451893552296185,52.17813581879675]]},"properties":{"edge_id":"edge/6021ce8cec89","stop_a":"stop/oegstgeest-corpus__c86d085d79","stop_b":"stop/oegstgeest-oude-rijnsburgerweg__693f8a2c9c","stop_a_name":"Oegstgeest, Corpus","stop_b_name":"Oegstgeest, Oude Rijnsburgerweg","num_lines":1,"line_ids":["QBUZZ:z031"],"line_refs":["31"],"lines":[{"line_id":"QBUZZ:z031","line_ref":"31","line_name":"Katwijk - Rijnsburg - Leiden","agency_id":"QBUZZ"}],"variant_ids":["QBUZZ:z031|1598582","QBUZZ:z031|1625009","QBUZZ:z031|1654961","QBUZZ:z031|1654962"],"representative_variant_id":"QBUZZ:z031|1625009","length_m":1092.0}},{"type":"Feature","geometry":{"type":"LineString","coordinates":[[4.452586715756097,52.170965219336345],[4.453186,52.170882],[4.451685,52.169243],[4.452030896978271,52.16918259595755]]},"properties":{"edge_id":"edge/a10fd2f962a8","stop_a":"stop/oegstgeest-corpus__c86d085d79","stop_b":"stop/oegstgeest-willem-einthovenstraat__027bbca77a","stop_a_name":"Oegstgeest, Corpus","stop_b_name":"Oegstgeest, Willem Einthovenstraat","num_lines":1,"line_ids":["QBUZZ:z031"],"line_refs":["31"],"lines":[{"line_id":"QBUZZ:z031","line_ref":"31","line_name":"Katwijk - Rijnsburg - Leiden","agency_id":"QBUZZ"}],"variant_ids":["QBUZZ:z031|1598582","QBUZZ:z031|1625009","QBUZZ:z031|1654961","QBUZZ:z031|1654962"],"representative_variant_id":"QBUZZ:z031|1625009","length_m":275.5}},{"type":"Feature","geometry":{"type":"LineString","coordinates":[[4.4582311151188065,52.172336754259334],[4.463025710448004,52.17475744171731]]},"properties":{"edge_id":"edge/223b4b789b88","stop_a":"stop/oegstgeest-curium__110b988360","stop_b":"stop/oegstgeest-endegeest__56ec98418c","stop_a_name":"Oegstgeest, Curium","stop_b_name":"Oegstgeest, Endegeest","num_lines":1,"line_ids":["QBUZZ:z056"],"line_refs":["56"],"lines":[{"line_id":"QBUZZ:z056","line_ref":"56","line_name":"Sassenheim - Leiden- Roelofarendsveen","agency_id":"QBUZZ"}],"variant_ids":["QBUZZ:z056|1578424","QBUZZ:z056|1578425","QBUZZ:z056|1578427","QBUZZ:z056|1578428","QBUZZ:z056|1578429","QBUZZ:z056|1578430","QBUZZ:z056|1578431"],"representative_variant_id":"QBUZZ:z056|1578424","length_m":423.5}},{"type":"Feature","geometry":{"type":"LineString","coordinates":[[4.472980309856253,52.18988384976042],[4.474358,52.192107],[4.474758,52.192542],[4.474741,52.192658],[4.474959,52.19275],[4.475121,52.192715],[4.475139,52.192518],[4.47548,52.192313],[4.477172,52.191796],[4.479043,52.191883],[4.482417,52.190641],[4.483451,52.190874],[4.483614638620842,52.190848]]},"properties":{"edge_id":"edge/c85cf5daca96","stop_a":"stop/oegstgeest-dahlialaan__7a77c81168","stop_b":"stop/oegstgeest-haaswijk__3677b6385f","stop_a_name":"Oegstgeest, Dahlialaan","stop_b_name":"Oegstgeest, Haaswijk","num_lines":1,"line_ids":["QBUZZ:z054"],"line_refs":["54"],"lines":[{"line_id":"QBUZZ:z054","line_ref":"54","line_name":"Voorhout - Leiden - De Vink","agency_id":"QBUZZ"}],"variant_ids":["QBUZZ:z054|1578417","QBUZZ:z054|1578421"],"representative_variant_id":"QBUZZ:z054|1578421","length_m":1028.8}},{"type":"Feature","geometry":{"type":"LineString","coordinates":[[4.472973136926268,52.189871894877115],[4.474358,52.192107],[4.474758700551721,52.19243292212632]]},"properties":{"edge_id":"edge/2ae1b5e91d74","stop_a":"stop/oegstgeest-dahlialaan__7a77c81168","stop_b":"stop/oegstgeest-haaswijklaan__edc79d3901","stop_a_name":"Oegstgeest, Dahlialaan","stop_b_name":"Oegstgeest, Haaswijklaan","num_lines":1,"line_ids":["QBUZZ:z054"],"line_refs":["54"],"lines":[{"line_id":"QBUZZ:z054","line_ref":"54","line_name":"Voorhout - Leiden - De Vink","agency_id":"QBUZZ"}],"variant_ids":["QBUZZ:z054|1578418","QBUZZ:z054|1578419","QBUZZ:z054|1578420","QBUZZ:z054|1578422"],"representative_variant_id":"QBUZZ:z054|1578418","length_m":311.2}},{"type":"Feature","geometry":{"type":"LineString","coordinates":[[4.472973136926268,52.189871894877115],[4.471499,52.187456],[4.471545,52.18663045303153]]},"properties":{"edge_id":"edge/84e1d96b3006","stop_a":"stop/oegstgeest-dahlialaan__7a77c81168","stop_b":"stop/oegstgeest-irislaan__6293e91f5d","stop_a_name":"Oegstgeest, Dahlialaan","stop_b_name":"Oegstgeest, Irislaan","num_lines":1,"line_ids":["QBUZZ:z054"],"line_refs":["54"],"lines":[{"line_id":"QBUZZ:z054","line_ref":"54","line_name":"Voorhout - Leiden - De Vink","agency_id":"QBUZZ"}],"variant_ids":["QBUZZ:z054|1578417","QBUZZ:z054|1578418","QBUZZ:z054|1578419","QBUZZ:z054|1578420","QBUZZ:z054|1578421","QBUZZ:z054|1578422"],"representative_variant_id":"QBUZZ:z054|1578418","length_m":378.7}},{"type":"Feature","geometry":{"type":"LineString","coordinates":[[4.467344210736621,52.17724008063098],[4.470771573940572,52.174976855635656]]},"properties":{"edge_id":"edge/ac626bb066fb","stop_a":"stop/oegstgeest-de-kempenaerstraat__b989e007b1","stop_b":"stop/oegstgeest-hendrik-kraemerpark__c360b09841","stop_a_name":"Oegstgeest, De Kempenaerstraat","stop_b_name":"Oegstgeest, Hendrik Kraemerpark","num_lines":2,"line_ids":["QBUZZ:z020","QBUZZ:z021"],"line_refs":["20","21"],"lines":[{"line_id":"QBUZZ:z020","line_ref":"20","line_name":"Noordwijk - Leiden","agency_id":"QBUZZ"},{"line_id":"QBUZZ:z021","line_ref":"21","line_name":"Noordwijk - Leiden","agency_id":"QBUZZ"}],"variant_ids":["QBUZZ:z020|1578381","QBUZZ:z020|1589312","QBUZZ:z020|1589314","QBUZZ:z021|1578387","QBUZZ:z021|1589315"],"representative_variant_id":"QBUZZ:z020|1589312","length_m":343.4}},{"type":"Feature","geometry":{"type":"LineString","coordinates":[[4.467343801602942,52.177240698594595],[4.465959,52.178146],[4.465675,52.178413],[4.46537,52.179067],[4.464949,52.179603],[4.46432085509357,52.17985559671879]]},"properties":{"edge_id":"edge/9fdf7da935b3","stop_a":"stop/oegstgeest-de-kempenaerstraat__b989e007b1","stop_b":"stop/oegstgeest-leidsebuurt__63b72ae917","stop_a_name":"Oegstgeest, De Kempenaerstraat","stop_b_name":"Oegstgeest, Leidsebuurt","num_lines":2,"line_ids":["QBUZZ:z020","QBUZZ:z021"],"line_refs":["20","21"],"lines":[{"line_id":"QBUZZ:z020","line_ref":"20","line_name":"Noordwijk - Leiden","agency_id":"QBUZZ"},{"line_id":"QBUZZ:z021","line_ref":"21","line_name":"Noordwijk - Leiden","agency_id":"QBUZZ"}],"variant_ids":["QBUZZ:z020|1578381","QBUZZ:z020|1589312","QBUZZ:z020|1589314","QBUZZ:z021|1578387","QBUZZ:z021|1589315"],"representative_variant_id":"QBUZZ:z020|1578381","length_m":366.5}},{"type":"Feature","geometry":{"type":"LineString","coordinates":[[4.46727776668529,52.18979476724397],[4.467235,52.188555],[4.467099,52.188078],[4.466801478724337,52.1877342133269]]},"properties":{"edge_id":"edge/68252a327cc2","stop_a":"stop/oegstgeest-dorpsstraat__1a2a9be1fc","stop_b":"stop/oegstgeest-wijttenbachweg__2d4e0f28aa","stop_a_name":"Oegstgeest, Dorpsstraat","stop_b_name":"Oegstgeest, Wijttenbachweg","num_lines":1,"line_ids":["QBUZZ:z056"],"line_refs":["56"],"lines":[{"line_id":"QBUZZ:z056","line_ref":"56","line_name":"Sassenheim - Leiden- Roelofarendsveen","agency_id":"QBUZZ"}],"variant_ids":["QBUZZ:z056|1578424","QBUZZ:z056|1578425","QBUZZ:z056|1578427","QBUZZ:z056|1578428","QBUZZ:z056|1578429","QBUZZ:z056|1578430","QBUZZ:z056|1578431"],"representative_variant_id":"QBUZZ:z056|1578424","length_m":235.0}},{"type":"Feature","geometry":{"type":"LineString","coordinates":[[4.46727776668529,52.18979476724397],[4.467299,52.190452],[4.467558,52.190616],[4.472083203555947,52.19053878174891]]},"properties":{"edge_id":"edge/9ed0e9d13000","stop_a":"stop/oegstgeest-dorpsstraat__1a2a9be1fc","stop_b":"stop/oegstgeest-zonnebloemlaan__2b7aaad9b3","stop_a_name":"Oegstgeest, Dorpsstraat","stop_b_name":"Oegstgeest, Zonnebloemlaan","num_lines":1,"line_ids":["QBUZZ:z056"],"line_refs":["56"],"lines":[{"line_id":"QBUZZ:z056","line_ref":"56","line_name":"Sassenheim - Leiden- Roelofarendsveen","agency_id":"QBUZZ"}],"variant_ids":["QBUZZ:z056|1578424","QBUZZ:z056|1578425","QBUZZ:z056|1578427","QBUZZ:z056|1578428","QBUZZ:z056|1578429","QBUZZ:z056|1578430","QBUZZ:z056|1578431"],"representative_variant_id":"QBUZZ:z056|1578424","length_m":407.1}},{"type":"Feature","geometry":{"type":"LineString","coordinates":[[4.466079897247398,52.184094751034564],[4.466015,52.182488],[4.465867,52.181884],[4.464928,52.179899],[4.46502,52.179711],[4.464875,52.179656],[4.464713,52.179691],[4.464527229981102,52.179523716610106]]},"properties":{"edge_id":"edge/d7a5d4664941","stop_a":"stop/oegstgeest-duinzichtstraat__b5e3fb8f13","stop_b":"stop/oegstgeest-leidsebuurt__63b72ae917","stop_a_name":"Oegstgeest, Duinzichtstraat","stop_b_name":"Oegstgeest, Leidsebuurt","num_lines":1,"line_ids":["QBUZZ:z056"],"line_refs":["56"],"lines":[{"line_id":"QBUZZ:z056","line_ref":"56","line_name":"Sassenheim - Leiden- Roelofarendsveen","agency_id":"QBUZZ"}],"variant_ids":["QBUZZ:z056|1578424","QBUZZ:z056|1578425","QBUZZ:z056|1578427","QBUZZ:z056|1578428","QBUZZ:z056|1578429","QBUZZ:z056|1578430","QBUZZ:z056|1578431"],"representative_variant_id":"QBUZZ:z056|1578424","length_m":544.1}},{"type":"Feature","geometry":{"type":"LineString","coordinates":[[4.466079897247398,52.184094751034564],[4.466008,52.18638],[4.466287,52.187029],[4.466801478724337,52.1877342133269]]},"properties":{"edge_id":"edge/e60017074361","stop_a":"stop/oegstgeest-duinzichtstraat__b5e3fb8f13","stop_b":"stop/oegstgeest-wijttenbachweg__2d4e0f28aa","stop_a_name":"Oegstgeest, Duinzichtstraat","stop_b_name":"Oegstgeest, Wijttenbachweg","num_lines":1,"line_ids":["QBUZZ:z056"],"line_refs":["56"],"lines":[{"line_id":"QBUZZ:z056","line_ref":"56","line_name":"Sassenheim - Leiden- Roelofarendsveen","agency_id":"QBUZZ"}],"variant_ids":["QBUZZ:z056|1578424","QBUZZ:z056|1578425","QBUZZ:z056|1578427","QBUZZ:z056|1578428","QBUZZ:z056|1578429","QBUZZ:z056|1578430","QBUZZ:z056|1578431"],"representative_variant_id":"QBUZZ:z056|1578424","length_m":414.7}},{"type":"Feature","geometry":{"type":"LineString","coordinates":[[4.463027884540903,52.1747588085975],[4.463328,52.175294],[4.463026,52.177161],[4.463392541402858,52.17806491403203]]},"properties":{"edge_id":"edge/779f568fb597","stop_a":"stop/oegstgeest-endegeest__56ec98418c","stop_b":"stop/oegstgeest-van-assendelftstraat__f3ccd65276","stop_a_name":"Oegstgeest, Endegeest","stop_b_name":"Oegstgeest, van Assendelftstraat","num_lines":1,"line_ids":["QBUZZ:z056"],"line_refs":["56"],"lines":[{"line_id":"QBUZZ:z056","line_ref":"56","line_name":"Sassenheim - Leiden- Roelofarendsveen","agency_id":"QBUZZ"}],"variant_ids":["QBUZZ:z056|1578424","QBUZZ:z056|1578425","QBUZZ:z056|1578427","QBUZZ:z056|1578428","QBUZZ:z056|1578429","QBUZZ:z056|1578430","QBUZZ:z056|1578431"],"representative_variant_id":"QBUZZ:z056|1578428","length_m":375.1}},{"type":"Feature","geometry":{"type":"LineString","coordinates":[[4.4528047363128405,52.17867172380762],[4.458499320224681,52.17917689519566]]},"properties":{"edge_id":"edge/80a16fe254e0","stop_a":"stop/oegstgeest-floresstraat__290eaa08e4","stop_b":"stop/oegstgeest-rijnzichtviaduct__59b398c1b6","stop_a_name":"Oegstgeest, Floresstraat","stop_b_name":"Oegstgeest, Rijnzichtviaduct","num_lines":2,"line_ids":["QBUZZ:z020","QBUZZ:z021"],"line_refs":["20","21"],"lines":[{"line_id":"QBUZZ:z020","line_ref":"20","line_name":"Noordwijk - Leiden","agency_id":"QBUZZ"},{"line_id":"QBUZZ:z021","line_ref":"21","line_name":"Noordwijk - Leiden","agency_id":"QBUZZ"}],"variant_ids":["QBUZZ:z020|1578381","QBUZZ:z020|1589312","QBUZZ:z020|1589314","QBUZZ:z021|1578387","QBUZZ:z021|1589315"],"representative_variant_id":"QBUZZ:z020|1578381","length_m":392.3}},{"type":"Feature","geometry":{"type":"LineString","coordinates":[[4.452803072728927,52.17875322226076],[4.452127,52.178855],[4.451521,52.179165],[4.448567,52.182647],[4.447989,52.183712],[4.447856395134989,52.185019547657]]},"properties":{"edge_id":"edge/46494c75e342","stop_a":"stop/oegstgeest-floresstraat__290eaa08e4","stop_b":"stop/rijnsburg-frederiksoord__eded54c80e","stop_a_name":"Oegstgeest, Floresstraat","stop_b_name":"Rijnsburg, Frederiksoord","num_lines":2,"line_ids":["QBUZZ:z020","QBUZZ:z021"],"line_refs":["20","21"],"lines":[{"line_id":"QBUZZ:z020","line_ref":"20","line_name":"Noordwijk - Leiden","agency_id":"QBUZZ"},{"line_id":"QBUZZ:z021","line_ref":"21","line_name":"Noordwijk - Leiden","agency_id":"QBUZZ"}],"variant_ids":["QBUZZ:z020|1578381","QBUZZ:z020|1589312","QBUZZ:z020|1589314","QBUZZ:z021|1578387","QBUZZ:z021|1589315"],"representative_variant_id":"QBUZZ:z020|1589312","length_m":808.2}},{"type":"Feature","geometry":{"type":"LineString","coordinates":[[4.474521957626751,52.19646899896946],[4.473235,52.196916],[4.472836,52.197129],[4.472608,52.197549],[4.47269,52.197856],[4.474573,52.199452],[4.477130566491155,52.200679477601774]]},"properties":{"edge_id":"edge/746b6a3922fc","stop_a":"stop/oegstgeest-gerrit-rietveldlaan__9fb2978c08","stop_b":"stop/oegstgeest-haarlemmerstraatweg__de34cd690a","stop_a_name":"Oegstgeest, Gerrit Rietveldlaan","stop_b_name":"Oegstgeest, Haarlemmerstraatweg","num_lines":2,"line_ids":["QBUZZ:z054","QBUZZ:z056"],"line_refs":["54","56"],"lines":[{"line_id":"QBUZZ:z054","line_ref":"54","line_name":"Voorhout - Leiden - De Vink","agency_id":"QBUZZ"},{"line_id":"QBUZZ:z056","line_ref":"56","line_name":"Sassenheim - Leiden- Roelofarendsveen","agency_id":"QBUZZ"}],"variant_ids":["QBUZZ:z054|1578417","QBUZZ:z054|1578418","QBUZZ:z054|1578419","QBUZZ:z054|1578421","QBUZZ:z056|1578427","QBUZZ:z056|1578429","QBUZZ:z056|1578430","QBUZZ:z056|1578431"],"representative_variant_id":"QBUZZ:z054|1578418","length_m":661.1}},{"type":"Feature","geometry":{"type":"LineString","coordinates":[[4.474521957626751,52.19646899896946],[4.476597,52.195639],[4.47690243100723,52.19509242790903]]},"properties":{"edge_id":"edge/8d80e4730f7b","stop_a":"stop/oegstgeest-gerrit-rietveldlaan__9fb2978c08","stop_b":"stop/oegstgeest-morsebellaan__baef769fd9","stop_a_name":"Oegstgeest, Gerrit Rietveldlaan","stop_b_name":"Oegstgeest, Morsebellaan","num_lines":2,"line_ids":["QBUZZ:z054","QBUZZ:z056"],"line_refs":["54","56"],"lines":[{"line_id":"QBUZZ:z054","line_ref":"54","line_name":"Voorhout - Leiden - De Vink","agency_id":"QBUZZ"},{"line_id":"QBUZZ:z056","line_ref":"56","line_name":"Sassenheim - Leiden- Roelofarendsveen","agency_id":"QBUZZ"}],"variant_ids":["QBUZZ:z054|1578417","QBUZZ:z054|1578418","QBUZZ:z054|1578419","QBUZZ:z054|1578421","QBUZZ:z056|1578427","QBUZZ:z056|1578429","QBUZZ:z056|1578430","QBUZZ:z056|1578431"],"representative_variant_id":"QBUZZ:z054|1578418","length_m":233.1}},{"type":"Feature","geometry":{"type":"LineString","coordinates":[[4.477142249054877,52.20068440785802],[4.480896,52.202144],[4.483076,52.202879],[4.483544,52.202874],[4.484045,52.202698],[4.484468,52.202036],[4.48463,52.201965],[4.485068,52.202005],[4.484911746099972,52.20243695638619]]},"properties":{"edge_id":"edge/4af8415f29b0","stop_a":"stop/oegstgeest-haarlemmerstraatweg__de34cd690a","stop_b":"stop/oegstgeest-postbrug__ecfabe8002","stop_a_name":"Oegstgeest, Haarlemmerstraatweg","stop_b_name":"Oegstgeest, Postbrug","num_lines":2,"line_ids":["QBUZZ:z054","QBUZZ:z056"],"line_refs":["54","56"],"lines":[{"line_id":"QBUZZ:z054","line_ref":"54","line_name":"Voorhout - Leiden - De Vink","agency_id":"QBUZZ"},{"line_id":"QBUZZ:z056","line_ref":"56","line_name":"Sassenheim - Leiden- Roelofarendsveen","agency_id":"QBUZZ"}],"variant_ids":["QBUZZ:z054|1578417","QBUZZ:z054|1578418","QBUZZ:z054|1578419","QBUZZ:z054|1578421","QBUZZ:z056|1578427","QBUZZ:z056|1578429","QBUZZ:z056|1578430","QBUZZ:z056|1578431"],"representative_variant_id":"QBUZZ:z054|1578421","length_m":715.8}},{"type":"Feature","geometry":{"type":"LineString","coordinates":[[4.4836396947133075,52.19083096792632],[4.483867,52.190526],[4.483416,52.190415],[4.483161,52.190719],[4.482433,52.190551],[4.479029,52.19182],[4.477172,52.191796],[4.475672,52.192234],[4.475139,52.192518],[4.474758700551721,52.19243292212632]]},"properties":{"edge_id":"edge/b4a0e3631300","stop_a":"stop/oegstgeest-haaswijk__3677b6385f","stop_b":"stop/oegstgeest-haaswijklaan__edc79d3901","stop_a_name":"Oegstgeest, Haaswijk","stop_b_name":"Oegstgeest, Haaswijklaan","num_lines":1,"line_ids":["QBUZZ:z054"],"line_refs":["54"],"lines":[{"line_id":"QBUZZ:z054","line_ref":"54","line_name":"Voorhout - Leiden - De Vink","agency_id":"QBUZZ"}],"variant_ids":["QBUZZ:z054|1578417","QBUZZ:z054|1578418","QBUZZ:z054|1578419","QBUZZ:z054|1578420","QBUZZ:z054|1578421","QBUZZ:z054|1578422"],"representative_variant_id":"QBUZZ:z054|1578418","length_m":748.6}},{"type":"Feature","geometry":{"type":"LineString","coordinates":[[4.4836396947133075,52.19083096792632],[4.483451,52.190874],[4.482417,52.190641],[4.479043,52.191883],[4.477172,52.191796],[4.475672,52.192234],[4.475317,52.192402],[4.475139,52.192518],[4.47515,52.192688],[4.476302,52.193587],[4.477014,52.194545],[4.47690243100723,52.19509242790903]]},"properties":{"edge_id":"edge/c36c661e8417","stop_a":"stop/oegstgeest-haaswijk__3677b6385f","stop_b":"stop/oegstgeest-morsebellaan__baef769fd9","stop_a_name":"Oegstgeest, Haaswijk","stop_b_name":"Oegstgeest, Morsebellaan","num_lines":1,"line_ids":["QBUZZ:z054"],"line_refs":["54"],"lines":[{"line_id":"QBUZZ:z054","line_ref":"54","line_name":"Voorhout - Leiden - De Vink","agency_id":"QBUZZ"}],"variant_ids":["QBUZZ:z054|1578418","QBUZZ:z054|1578419"],"representative_variant_id":"QBUZZ:z054|1578418","length_m":971.0}},{"type":"Feature","geometry":{"type":"LineString","coordinates":[[4.474705742890026,52.19239704367363],[4.474847,52.192488],[4.475139,52.192518],[4.47515,52.192688],[4.476431,52.193741],[4.477014,52.194545],[4.47690109543606,52.195097686720516]]},"properties":{"edge_id":"edge/91a51a55ccb5","stop_a":"stop/oegstgeest-haaswijklaan__edc79d3901","stop_b":"stop/oegstgeest-morsebellaan__baef769fd9","stop_a_name":"Oegstgeest, Haaswijklaan","stop_b_name":"Oegstgeest, Morsebellaan","num_lines":2,"line_ids":["QBUZZ:z054","QBUZZ:z056"],"line_refs":["54","56"],"lines":[{"line_id":"QBUZZ:z054","line_ref":"54","line_name":"Voorhout - Leiden - De Vink","agency_id":"QBUZZ"},{"line_id":"QBUZZ:z056","line_ref":"56","line_name":"Sassenheim - Leiden- Roelofarendsveen","agency_id":"QBUZZ"}],"variant_ids":["QBUZZ:z054|1578417","QBUZZ:z054|1578421","QBUZZ:z056|1578427","QBUZZ:z056|1578429","QBUZZ:z056|1578430","QBUZZ:z056|1578431"],"representative_variant_id":"QBUZZ:z056|1578427","length_m":358.9}},{"type":"Feature","geometry":{"type":"LineString","coordinates":[[4.474719381183201,52.192406514710555],[4.474358,52.192107],[4.473296,52.190409],[4.472083203555947,52.19053878174891]]},"properties":{"edge_id":"edge/468b3b31f276","stop_a":"stop/oegstgeest-haaswijklaan__edc79d3901","stop_b":"stop/oegstgeest-zonnebloemlaan__2b7aaad9b3","stop_a_name":"Oegstgeest, Haaswijklaan","stop_b_name":"Oegstgeest, Zonnebloemlaan","num_lines":1,"line_ids":["QBUZZ:z056"],"line_refs":["56"],"lines":[{"line_id":"QBUZZ:z056","line_ref":"56","line_name":"Sassenheim - Leiden- Roelofarendsveen","agency_id":"QBUZZ"}],"variant_ids":["QBUZZ:z056|1578424","QBUZZ:z056|1578425","QBUZZ:z056|1578427","QBUZZ:z056|1578428","QBUZZ:z056|1578429","QBUZZ:z056|1578430","QBUZZ:z056|1578431"],"representative_variant_id":"QBUZZ:z056|1578424","length_m":327.6}},{"type":"Feature","geometry":{"type":"LineString","coordinates":[[4.477544979675349,52.1857919447283],[4.47983,52.185552],[4.480476,52.185422],[4.481859,52.185001],[4.482656210444287,52.184641843414994]]},"properties":{"edge_id":"edge/6a326760131b","stop_a":"stop/oegstgeest-hazenboslaan__d3f3b710dc","stop_b":"stop/oegstgeest-van-brouchovenlaan__8dce387dba","stop_a_name":"Oegstgeest, Hazenboslaan","stop_b_name":"Oegstgeest, van Brouchovenlaan","num_lines":1,"line_ids":["QBUZZ:z054"],"line_refs":["54"],"lines":[{"line_id":"QBUZZ:z054","line_ref":"54","line_name":"Voorhout - Leiden - De Vink","agency_id":"QBUZZ"}],"variant_ids":["QBUZZ:z054|1578417","QBUZZ:z054|1578418","QBUZZ:z054|1578419","QBUZZ:z054|1578420","QBUZZ:z054|1578421","QBUZZ:z054|1578422"],"representative_variant_id":"QBUZZ:z054|1578418","length_m":377.1}},{"type":"Feature","geometry":{"type":"LineString","coordinates":[[4.490252066365527,52.18075241143289],[4.485373,52.183338],[4.484943,52.183614],[4.484867,52.183775],[4.484457,52.183808],[4.484,52.183957],[4.482656210444287,52.184641843414994]]},"properties":{"edge_id":"edge/c79ccf518acc","stop_a":"stop/oegstgeest-jachthaven-poelgeest__462e2e9ebf","stop_b":"stop/oegstgeest-van-brouchovenlaan__8dce387dba","stop_a_name":"Oegstgeest, Jachthaven Poelgeest","stop_b_name":"Oegstgeest, van Brouchovenlaan","num_lines":1,"line_ids":["QBUZZ:z054"],"line_refs":["54"],"lines":[{"line_id":"QBUZZ:z054","line_ref":"54","line_name":"Voorhout - Leiden - De Vink","agency_id":"QBUZZ"}],"variant_ids":["QBUZZ:z054|1578417","QBUZZ:z054|1578418","QBUZZ:z054|1578419","QBUZZ:z054|1578420","QBUZZ:z054|1578421","QBUZZ:z054|1578422"],"representative_variant_id":"QBUZZ:z054|1578418","length_m":683.4}},{"type":"Feature","geometry":{"type":"LineString","coordinates":[[4.46432085509357,52.17985559671879],[4.462939,52.179929],[4.460699,52.179372],[4.458499320224681,52.17917689519566]]},"properties":{"edge_id":"edge/44ac1364b2ec","stop_a":"stop/oegstgeest-leidsebuurt__63b72ae917","stop_b":"stop/oegstgeest-rijnzichtviaduct__59b398c1b6","stop_a_name":"Oegstgeest, Leidsebuurt","stop_b_name":"Oegstgeest, Rijnzichtviaduct","num_lines":2,"line_ids":["QBUZZ:z020","QBUZZ:z021"],"line_refs":["20","21"],"lines":[{"line_id":"QBUZZ:z020","line_ref":"20","line_name":"Noordwijk - Leiden","agency_id":"QBUZZ"},{"line_id":"QBUZZ:z021","line_ref":"21","line_name":"Noordwijk - Leiden","agency_id":"QBUZZ"}],"variant_ids":["QBUZZ:z020|1578381","QBUZZ:z020|1589312","QBUZZ:z020|1589314","QBUZZ:z021|1578387","QBUZZ:z021|1589315"],"representative_variant_id":"QBUZZ:z020|1578381","length_m":410.9}},{"type":"Feature","geometry":{"type":"LineString","coordinates":[[4.4645179659988266,52.17951499123145],[4.463584,52.178442],[4.4633868851214045,52.178053728620135]]},"properties":{"edge_id":"edge/65dadb515eaa","stop_a":"stop/oegstgeest-leidsebuurt__63b72ae917","stop_b":"stop/oegstgeest-van-assendelftstraat__f3ccd65276","stop_a_name":"Oegstgeest, Leidsebuurt","stop_b_name":"Oegstgeest, van Assendelftstraat","num_lines":1,"line_ids":["QBUZZ:z056"],"line_refs":["56"],"lines":[{"line_id":"QBUZZ:z056","line_ref":"56","line_name":"Sassenheim - Leiden- Roelofarendsveen","agency_id":"QBUZZ"}],"variant_ids":["QBUZZ:z056|1578424","QBUZZ:z056|1578425","QBUZZ:z056|1578427","QBUZZ:z056|1578428","QBUZZ:z056|1578429","QBUZZ:z056|1578430","QBUZZ:z056|1578431"],"representative_variant_id":"QBUZZ:z056|1578429","length_m":180.5}},{"type":"Feature","geometry":{"type":"LineString","coordinates":[[4.4780969683628795,52.17916126761984],[4.476204,52.177614],[4.474823681969472,52.176797917016586]]},"properties":{"edge_id":"edge/39b70986c3b9","stop_a":"stop/oegstgeest-marelaan__2d148580dd","stop_b":"stop/oegstgeest-warmonderweg__47e42c6083","stop_a_name":"Oegstgeest, Marelaan","stop_b_name":"Oegstgeest, Warmonderweg","num_lines":1,"line_ids":["QBUZZ:z050"],"line_refs":["50"],"lines":[{"line_id":"QBUZZ:z050","line_ref":"50","line_name":"Lisse - Warmond - Leiden","agency_id":"QBUZZ"}],"variant_ids":["QBUZZ:z050|1578414","QBUZZ:z050|1578415"],"representative_variant_id":"QBUZZ:z050|1578414","length_m":345.8}},{"type":"Feature","geometry":{"type":"LineString","coordinates":[[4.451888584113109,52.178137249532135],[4.45178,52.178654],[4.451979,52.178926],[4.451521,52.179165],[4.448327,52.182977],[4.447989,52.183712],[4.447856488769573,52.18501923949255]]},"properties":{"edge_id":"edge/00c88092964b","stop_a":"stop/oegstgeest-oude-rijnsburgerweg__693f8a2c9c","stop_b":"stop/rijnsburg-frederiksoord__eded54c80e","stop_a_name":"Oegstgeest, Oude Rijnsburgerweg","stop_b_name":"Rijnsburg, Frederiksoord","num_lines":1,"line_ids":["QBUZZ:z031"],"line_refs":["31"],"lines":[{"line_id":"QBUZZ:z031","line_ref":"31","line_name":"Katwijk - Rijnsburg - Leiden","agency_id":"QBUZZ"}],"variant_ids":["QBUZZ:z031|1598582","QBUZZ:z031|1625009","QBUZZ:z031|1654961","QBUZZ:z031|1654962"],"representative_variant_id":"QBUZZ:z031|1598582","length_m":839.2}},{"type":"Feature","geometry":{"type":"LineString","coordinates":[[4.484916294919617,52.202430387112535],[4.484507,52.202989],[4.484198,52.203068],[4.484193,52.203319],[4.483671,52.203819],[4.482572,52.204646],[4.482305,52.204797],[4.482027,52.204822],[4.481965,52.204956],[4.483301,52.205479],[4.483768,52.205509],[4.484107,52.205386],[4.485204,52.204675],[4.485527,52.204633],[4.4885081540072465,52.206009127546174]]},"properties":{"edge_id":"edge/944bc40ae913","stop_a":"stop/oegstgeest-postbrug__ecfabe8002","stop_b":"stop/sassenheim-akzo__b2b0f722ce","stop_a_name":"Oegstgeest, Postbrug","stop_b_name":"Sassenheim, AKZO","num_lines":2,"line_ids":["QBUZZ:z054","QBUZZ:z056"],"line_refs":["54","56"],"lines":[{"line_id":"QBUZZ:z054","line_ref":"54","line_name":"Voorhout - Leiden - De Vink","agency_id":"QBUZZ"},{"line_id":"QBUZZ:z056","line_ref":"56","line_name":"Sassenheim - Leiden- Roelofarendsveen","agency_id":"QBUZZ"}],"variant_ids":["QBUZZ:z054|1578417","QBUZZ:z054|1578418","QBUZZ:z054|1578419","QBUZZ:z054|1578421","QBUZZ:z056|1578427","QBUZZ:z056|1578429","QBUZZ:z056|1578430","QBUZZ:z056|1578431"],"representative_variant_id":"QBUZZ:z054|1578417","length_m":915.3}},{"type":"Feature","geometry":{"type":"LineString","coordinates":[[4.487814777040992,52.186052527919394],[4.489433,52.187216],[4.489589,52.187451],[4.49041,52.188077],[4.493468,52.190168],[4.494642295549562,52.19113327238206]]},"properties":{"edge_id":"edge/5f2eb73d5ca9","stop_a":"stop/oegstgeest-pres-kennedylaan__811fb21b0c","stop_b":"stop/warmond-lommerlustlaan__147854159c","stop_a_name":"Oegstgeest, Pres. Kennedylaan","stop_b_name":"Warmond, Lommerlustlaan","num_lines":1,"line_ids":["QBUZZ:z050"],"line_refs":["50"],"lines":[{"line_id":"QBUZZ:z050","line_ref":"50","line_name":"Lisse - Warmond - Leiden","agency_id":"QBUZZ"}],"variant_ids":["QBUZZ:z050|1578414","QBUZZ:z050|1578415"],"representative_variant_id":"QBUZZ:z050|1578415","length_m":733.7}},{"type":"Feature","geometry":{"type":"LineString","coordinates":[[4.538957289790039,52.17607404596475],[4.538796,52.176831],[4.538609,52.179742],[4.538676,52.180839],[4.539464,52.18169],[4.540535141652375,52.18313860802323]]},"properties":{"edge_id":"edge/7566216a4340","stop_a":"stop/oud-ade-kapteijn__da393a742e","stop_b":"stop/oud-ade-lange-brug__61d0bea33d","stop_a_name":"Oud Ade, Kapteijn","stop_b_name":"Oud Ade, Lange Brug","num_lines":1,"line_ids":["QBUZZ:z056"],"line_refs":["56"],"lines":[{"line_id":"QBUZZ:z056","line_ref":"56","line_name":"Sassenheim - Leiden- Roelofarendsveen","agency_id":"QBUZZ"}],"variant_ids":["QBUZZ:z056|1578425","QBUZZ:z056|1578426","QBUZZ:z056|1578427","QBUZZ:z056|1578428","QBUZZ:z056|1578429","QBUZZ:z056|1578432"],"representative_variant_id":"QBUZZ:z056|1578425","length_m":816.6}},{"type":"Feature","geometry":{"type":"LineString","coordinates":[[4.540535141652375,52.18313860802323],[4.541733,52.184609],[4.542194,52.185008],[4.543193,52.186292],[4.543875,52.187357],[4.546108,52.188344],[4.546808159134722,52.188790258328964]]},"properties":{"edge_id":"edge/2d8d0ba3cf29","stop_a":"stop/oud-ade-lange-brug__61d0bea33d","stop_b":"stop/oud-ade-vennemeer__09319aee82","stop_a_name":"Oud Ade, Lange Brug","stop_b_name":"Oud Ade, Vennemeer","num_lines":1,"line_ids":["QBUZZ:z056"],"line_refs":["56"],"lines":[{"line_id":"QBUZZ:z056","line_ref":"56","line_name":"Sassenheim - Leiden- Roelofarendsveen","agency_id":"QBUZZ"}],"variant_ids":["QBUZZ:z056|1578425","QBUZZ:z056|1578426","QBUZZ:z056|1578427","QBUZZ:z056|1578428","QBUZZ:z056|1578429","QBUZZ:z056|1578432"],"representative_variant_id":"QBUZZ:z056|1578425","length_m":779.1}},{"type":"Feature","geometry":{"type":"LineString","coordinates":[[4.558674173757526,52.19076568036481],[4.561807,52.191124],[4.566864211889322,52.19147726697283]]},"properties":{"edge_id":"edge/3dfb477faac9","stop_a":"stop/oud-ade-molenbrug__972eeb3caf","stop_b":"stop/oud-ade-rk-kerk__edd734a6df","stop_a_name":"Oud Ade, Molenbrug","stop_b_name":"Oud Ade, RK Kerk","num_lines":1,"line_ids":["QBUZZ:z056"],"line_refs":["56"],"lines":[{"line_id":"QBUZZ:z056","line_ref":"56","line_name":"Sassenheim - Leiden- Roelofarendsveen","agency_id":"QBUZZ"}],"variant_ids":["QBUZZ:z056|1578425","QBUZZ:z056|1578426","QBUZZ:z056|1578427","QBUZZ:z056|1578428","QBUZZ:z056|1578429","QBUZZ:z056|1578432"],"representative_variant_id":"QBUZZ:z056|1578425","length_m":564.2}},{"type":"Feature","geometry":{"type":"LineString","coordinates":[[4.558674173757526,52.19076568036481],[4.553592,52.189314],[4.550011,52.189198],[4.547369,52.188964],[4.546808159134722,52.188790258328964]]},"properties":{"edge_id":"edge/219a14e3a645","stop_a":"stop/oud-ade-molenbrug__972eeb3caf","stop_b":"stop/oud-ade-vennemeer__09319aee82","stop_a_name":"Oud Ade, Molenbrug","stop_b_name":"Oud Ade, Vennemeer","num_lines":1,"line_ids":["QBUZZ:z056"],"line_refs":["56"],"lines":[{"line_id":"QBUZZ:z056","line_ref":"56","line_name":"Sassenheim - Leiden- Roelofarendsveen","agency_id":"QBUZZ"}],"variant_ids":["QBUZZ:z056|1578425","QBUZZ:z056|1578426","QBUZZ:z056|1578427","QBUZZ:z056|1578428","QBUZZ:z056|1578429","QBUZZ:z056|1578432"],"representative_variant_id":"QBUZZ:z056|1578425","length_m":851.5}},{"type":"Feature","geometry":{"type":"LineString","coordinates":[[4.566864211889322,52.19147726697283],[4.577322419136023,52.19250542088198]]},"properties":{"edge_id":"edge/26861cea032f","stop_a":"stop/oud-ade-rk-kerk__edd734a6df","stop_b":"stop/rijpwetering-h-p-van-der-poellaan__e7b150e0b3","stop_a_name":"Oud Ade, RK Kerk","stop_b_name":"Rijpwetering, H. P. van der Poellaan","num_lines":1,"line_ids":["QBUZZ:z056"],"line_refs":["56"],"lines":[{"line_id":"QBUZZ:z056","line_ref":"56","line_name":"Sassenheim - Leiden- Roelofarendsveen","agency_id":"QBUZZ"}],"variant_ids":["QBUZZ:z056|1578425","QBUZZ:z056|1578426","QBUZZ:z056|1578427","QBUZZ:z056|1578428","QBUZZ:z056|1578429","QBUZZ:z056|1578432"],"representative_variant_id":"QBUZZ:z056|1578425","length_m":722.0}},{"type":"Feature","geometry":{"type":"LineString","coordinates":[[4.6425722831156655,52.21852137471009],[4.643053,52.216256],[4.643715,52.215154],[4.644432,52.213397],[4.644991477461494,52.21248758870253]]},"properties":{"edge_id":"edge/59773cd7f247","stop_a":"stop/oude-wetering-bruggestraat__a5f37f878f","stop_b":"stop/oude-wetering-watergang__8ac28398c0","stop_a_name":"Oude Wetering, Bruggestraat","stop_b_name":"Oude Wetering, Watergang","num_lines":2,"line_ids":["QBUZZ:z365","QBUZZ:z366"],"line_refs":["365","366"],"lines":[{"line_id":"QBUZZ:z365","line_ref":"365","line_name":"Leiden - Schiphol","agency_id":"QBUZZ"},{"line_id":"QBUZZ:z366","line_ref":"366","line_name":"Leiden - Leimuiden","agency_id":"QBUZZ"}],"variant_ids":["QBUZZ:z365|1578584","QBUZZ:z365|1589335","QBUZZ:z365|1625057","QBUZZ:z365|1625058","QBUZZ:z365|1655033","QBUZZ:z366|1578586","QBUZZ:z366|1589337"],"representative_variant_id":"QBUZZ:z365|1578584","length_m":694.0}},{"type":"Feature","geometry":{"type":"LineString","coordinates":[[4.6425722831156655,52.21852137471009],[4.642268,52.219469],[4.641418,52.220407],[4.641337797576116,52.22072948983672]]},"properties":{"edge_id":"edge/e43e54705b1b","stop_a":"stop/oude-wetering-bruggestraat__a5f37f878f","stop_b":"stop/weteringbrug-brug__cee6ee3fde","stop_a_name":"Oude Wetering, Bruggestraat","stop_b_name":"Weteringbrug, Brug","num_lines":2,"line_ids":["QBUZZ:z365","QBUZZ:z366"],"line_refs":["365","366"],"lines":[{"line_id":"QBUZZ:z365","line_ref":"365","line_name":"Leiden - Schiphol","agency_id":"QBUZZ"},{"line_id":"QBUZZ:z366","line_ref":"366","line_name":"Leiden - Leimuiden","agency_id":"QBUZZ"}],"variant_ids":["QBUZZ:z365|1578584","QBUZZ:z365|1589335","QBUZZ:z365|1625057","QBUZZ:z365|1625058","QBUZZ:z365|1655033","QBUZZ:z366|1578586","QBUZZ:z366|1589337"],"representative_variant_id":"QBUZZ:z365|1578584","length_m":263.0}},{"type":"Feature","geometry":{"type":"LineString","coordinates":[[4.642308275780203,52.20765664133735],[4.643189,52.208113],[4.643955,52.208675],[4.644688,52.209462],[4.644987,52.209958],[4.645333,52.211183],[4.645217,52.211973],[4.644959499743961,52.21255495053768]]},"properties":{"edge_id":"edge/c76f13fc13e5","stop_a":"stop/oude-wetering-rembrandt-van-rijnsingel__3ac0ef9c93","stop_b":"stop/oude-wetering-watergang__8ac28398c0","stop_a_name":"Oude Wetering, Rembrandt van Rijnsingel","stop_b_name":"Oude Wetering, Watergang","num_lines":2,"line_ids":["QBUZZ:z365","QBUZZ:z366"],"line_refs":["365","366"],"lines":[{"line_id":"QBUZZ:z365","line_ref":"365","line_name":"Leiden - Schiphol","agency_id":"QBUZZ"},{"line_id":"QBUZZ:z366","line_ref":"366","line_name":"Leiden - Leimuiden","agency_id":"QBUZZ"}],"variant_ids":["QBUZZ:z365|1578584","QBUZZ:z365|1589335","QBUZZ:z365|1625057","QBUZZ:z365|1625058","QBUZZ:z365|1655033","QBUZZ:z366|1578586","QBUZZ:z366|1589337"],"representative_variant_id":"QBUZZ:z365|1625058","length_m":613.1}},{"type":"Feature","geometry":{"type":"LineString","coordinates":[[4.642228141014851,52.20761161007511],[4.641636,52.207367],[4.641313,52.207418],[4.641198,52.207319],[4.64123,52.207184],[4.636391,52.205194],[4.634646,52.204554],[4.633669,52.204377],[4.631537,52.204166],[4.631447,52.204273],[4.631242,52.204298],[4.631024420568924,52.204116878505296]]},"properties":{"edge_id":"edge/ce3690445ce6","stop_a":"stop/oude-wetering-rembrandt-van-rijnsingel__3ac0ef9c93","stop_b":"stop/roelofarendsveen-stationsstraat__535d2882f8","stop_a_name":"Oude Wetering, Rembrandt van Rijnsingel","stop_b_name":"Roelofarendsveen, Stationsstraat","num_lines":2,"line_ids":["QBUZZ:z365","QBUZZ:z366"],"line_refs":["365","366"],"lines":[{"line_id":"QBUZZ:z365","line_ref":"365","line_name":"Leiden - Schiphol","agency_id":"QBUZZ"},{"line_id":"QBUZZ:z366","line_ref":"366","line_name":"Leiden - Leimuiden","agency_id":"QBUZZ"}],"variant_ids":["QBUZZ:z365|1578584","QBUZZ:z365|1589335","QBUZZ:z365|1625057","QBUZZ:z365|1625058","QBUZZ:z365|1655033","QBUZZ:z366|1578586","QBUZZ:z366|1589337"],"representative_variant_id":"QBUZZ:z365|1578584","length_m":905.0}},{"type":"Feature","geometry":{"type":"LineString","coordinates":[[4.674070563831389,52.18696538018145],[4.673347,52.185919],[4.67285,52.184954],[4.6688,52.171313],[4.6676393159794864,52.16797483860654]]},"properties":{"edge_id":"edge/9ec537a7e86a","stop_a":"stop/rijnsaterwoude-rijnsaterwoude__ca00cde3e4","stop_b":"stop/woubrugge-jacobswoude__1c8f497423","stop_a_name":"Rijnsaterwoude, Rijnsaterwoude","stop_b_name":"Woubrugge, Jacobswoude","num_lines":1,"line_ids":["QBUZZ:z470"],"line_refs":["470"],"lines":[{"line_id":"QBUZZ:z470","line_ref":"470","line_name":"Alphen a/d Rijn - Schiphol","agency_id":"QBUZZ"}],"variant_ids":["QBUZZ:z470|1578630","QBUZZ:z470|1578631","QBUZZ:z470|1655048"],"representative_variant_id":"QBUZZ:z470|1578631","length_m":2160.2}},{"type":"Feature","geometry":{"type":"LineString","coordinates":[[4.431516342685018,52.1899477725846],[4.432065,52.189849],[4.432171,52.189715],[4.432388,52.189798],[4.434665,52.189313],[4.435208,52.189263],[4.435922989088177,52.189369647176306]]},"properties":{"edge_id":"edge/673e2ed55678","stop_a":"stop/rijnsburg-boslaan__37a8e6aee9","stop_b":"stop/rijnsburg-spinozalaan__27f3cf5555","stop_a_name":"Rijnsburg, Boslaan","stop_b_name":"Rijnsburg, Spinozalaan","num_lines":1,"line_ids":["QBUZZ:z031"],"line_refs":["31"],"lines":[{"line_id":"QBUZZ:z031","line_ref":"31","line_name":"Katwijk - Rijnsburg - Leiden","agency_id":"QBUZZ"}],"variant_ids":["QBUZZ:z031|1598582","QBUZZ:z031|1625009","QBUZZ:z031|1654961","QBUZZ:z031|1654962"],"representative_variant_id":"QBUZZ:z031|1625009","length_m":324.9}},{"type":"Feature","geometry":{"type":"LineString","coordinates":[[4.447856395134989,52.185019547657],[4.447749,52.1854],[4.447879,52.185464],[4.447891,52.185608],[4.447772,52.185696],[4.447582,52.185704],[4.447394,52.186296],[4.446488,52.187655],[4.44604,52.188092],[4.446062,52.188451],[4.446766223185594,52.18916637721222]]},"properties":{"edge_id":"edge/6aa588d8529b","stop_a":"stop/rijnsburg-frederiksoord__eded54c80e","stop_b":"stop/rijnsburg-splitsing-oost__82212d3ec3","stop_a_name":"Rijnsburg, Frederiksoord","stop_b_name":"Rijnsburg, Splitsing-Oost","num_lines":2,"line_ids":["QBUZZ:z020","QBUZZ:z021"],"line_refs":["20","21"],"lines":[{"line_id":"QBUZZ:z020","line_ref":"20","line_name":"Noordwijk - Leiden","agency_id":"QBUZZ"},{"line_id":"QBUZZ:z021","line_ref":"21","line_name":"Noordwijk - Leiden","agency_id":"QBUZZ"}],"variant_ids":["QBUZZ:z020|1578381","QBUZZ:z020|1589312","QBUZZ:z020|1589314","QBUZZ:z021|1578387","QBUZZ:z021|1589315"],"representative_variant_id":"QBUZZ:z020|1589312","length_m":516.6}},{"type":"Feature","geometry":{"type":"LineString","coordinates":[[4.447856488769573,52.18501923949255],[4.447749,52.1854],[4.447879,52.185464],[4.447891,52.185608],[4.447772,52.185696],[4.447582,52.185704],[4.447394,52.186296],[4.446488,52.187655],[4.44604,52.188092],[4.446035,52.188298],[4.445873,52.18836],[4.445598,52.18825],[4.443566318674637,52.1883769305171]]},"properties":{"edge_id":"edge/a008c9132340","stop_a":"stop/rijnsburg-frederiksoord__eded54c80e","stop_b":"stop/rijnsburg-splitsing-west__560d788e10","stop_a_name":"Rijnsburg, Frederiksoord","stop_b_name":"Rijnsburg, Splitsing-West","num_lines":1,"line_ids":["QBUZZ:z031"],"line_refs":["31"],"lines":[{"line_id":"QBUZZ:z031","line_ref":"31","line_name":"Katwijk - Rijnsburg - Leiden","agency_id":"QBUZZ"}],"variant_ids":["QBUZZ:z031|1598582","QBUZZ:z031|1625009","QBUZZ:z031|1654961","QBUZZ:z031|1654962"],"representative_variant_id":"QBUZZ:z031|1598582","length_m":581.3}},{"type":"Feature","geometry":{"type":"LineString","coordinates":[[4.4447665558246,52.194793672726],[4.444681,52.194256],[4.444818,52.194005],[4.445234,52.193712],[4.446117,52.193449],[4.446457,52.193254],[4.447748,52.191008],[4.447985,52.190147],[4.446766223185594,52.18916637721222]]},"properties":{"edge_id":"edge/f99c5aaa78e1","stop_a":"stop/rijnsburg-noordeinde__31d51160a0","stop_b":"stop/rijnsburg-splitsing-oost__82212d3ec3","stop_a_name":"Rijnsburg, Noordeinde","stop_b_name":"Rijnsburg, Splitsing-Oost","num_lines":2,"line_ids":["QBUZZ:z020","QBUZZ:z021"],"line_refs":["20","21"],"lines":[{"line_id":"QBUZZ:z020","line_ref":"20","line_name":"Noordwijk - Leiden","agency_id":"QBUZZ"},{"line_id":"QBUZZ:z021","line_ref":"21","line_name":"Noordwijk - Leiden","agency_id":"QBUZZ"}],"variant_ids":["QBUZZ:z020|1578381","QBUZZ:z020|1589312","QBUZZ:z020|1589314","QBUZZ:z021|1578387","QBUZZ:z021|1589315"],"representative_variant_id":"QBUZZ:z020|1589312","length_m":730.3}},{"type":"Feature","geometry":{"type":"LineString","coordinates":[[4.4447665558246,52.194793672726],[4.44512,52.196336],[4.445408,52.196554],[4.445302,52.196697],[4.445366,52.197138],[4.445952,52.199174],[4.446098,52.200577],[4.445937878142401,52.20194419343677]]},"properties":{"edge_id":"edge/429c7b6dc652","stop_a":"stop/rijnsburg-noordeinde__31d51160a0","stop_b":"stop/rijnsburg-sportpark__96cb538900","stop_a_name":"Rijnsburg, Noordeinde","stop_b_name":"Rijnsburg, Sportpark","num_lines":2,"line_ids":["QBUZZ:z020","QBUZZ:z021"],"line_refs":["20","21"],"lines":[{"line_id":"QBUZZ:z020","line_ref":"20","line_name":"Noordwijk - Leiden","agency_id":"QBUZZ"},{"line_id":"QBUZZ:z021","line_ref":"21","line_name":"Noordwijk - Leiden","agency_id":"QBUZZ"}],"variant_ids":["QBUZZ:z020|1578381","QBUZZ:z020|1589312","QBUZZ:z020|1589314","QBUZZ:z021|1578387","QBUZZ:z021|1589315"],"representative_variant_id":"QBUZZ:z020|1589312","length_m":809.7}},{"type":"Feature","geometry":{"type":"LineString","coordinates":[[4.4393648423093675,52.189252378096505],[4.436564,52.189427],[4.435922989088177,52.189369647176306]]},"properties":{"edge_id":"edge/5c4aa6d043c9","stop_a":"stop/rijnsburg-oegstgeesterweg__21225bf677","stop_b":"stop/rijnsburg-spinozalaan__27f3cf5555","stop_a_name":"Rijnsburg, Oegstgeesterweg","stop_b_name":"Rijnsburg, Spinozalaan","num_lines":1,"line_ids":["QBUZZ:z031"],"line_refs":["31"],"lines":[{"line_id":"QBUZZ:z031","line_ref":"31","line_name":"Katwijk - Rijnsburg - Leiden","agency_id":"QBUZZ"}],"variant_ids":["QBUZZ:z031|1598582","QBUZZ:z031|1625009","QBUZZ:z031|1654961","QBUZZ:z031|1654962"],"representative_variant_id":"QBUZZ:z031|1625009","length_m":236.1}},{"type":"Feature","geometry":{"type":"LineString","coordinates":[[4.4393648423093675,52.189252378096505],[4.440738,52.189137],[4.441507,52.188729],[4.442727,52.188443],[4.4435661383833365,52.18837694171532]]},"properties":{"edge_id":"edge/5bc4bdd79422","stop_a":"stop/rijnsburg-oegstgeesterweg__21225bf677","stop_b":"stop/rijnsburg-splitsing-west__560d788e10","stop_a_name":"Rijnsburg, Oegstgeesterweg","stop_b_name":"Rijnsburg, Splitsing-West","num_lines":1,"line_ids":["QBUZZ:z031"],"line_refs":["31"],"lines":[{"line_id":"QBUZZ:z031","line_ref":"31","line_name":"Katwijk - Rijnsburg - Leiden","agency_id":"QBUZZ"}],"variant_ids":["QBUZZ:z031|1598582","QBUZZ:z031|1625009","QBUZZ:z031|1654961","QBUZZ:z031|1654962"],"representative_variant_id":"QBUZZ:z031|1625009","length_m":310.5}},{"type":"Feature","geometry":{"type":"LineString","coordinates":[[4.5773213090164715,52.192505322035714],[4.583065832532827,52.19301717799241]]},"properties":{"edge_id":"edge/66bfa1c5580b","stop_a":"stop/rijpwetering-h-p-van-der-poellaan__e7b150e0b3","stop_b":"stop/rijpwetering-paardebrug__58a6d093a6","stop_a_name":"Rijpwetering, H. P. van der Poellaan","stop_b_name":"Rijpwetering, Paardebrug","num_lines":1,"line_ids":["QBUZZ:z056"],"line_refs":["56"],"lines":[{"line_id":"QBUZZ:z056","line_ref":"56","line_name":"Sassenheim - Leiden- Roelofarendsveen","agency_id":"QBUZZ"}],"variant_ids":["QBUZZ:z056|1578425","QBUZZ:z056|1578426","QBUZZ:z056|1578427","QBUZZ:z056|1578428","QBUZZ:z056|1578429","QBUZZ:z056|1578432"],"representative_variant_id":"QBUZZ:z056|1578428","length_m":395.7}},{"type":"Feature","geometry":{"type":"LineString","coordinates":[[4.583512266189909,52.1953945375165],[4.583939,52.194126],[4.584089,52.193102],[4.583065832532827,52.19301717799241]]},"properties":{"edge_id":"edge/55eb75acbafa","stop_a":"stop/rijpwetering-koppoellaan__795fb57ed5","stop_b":"stop/rijpwetering-paardebrug__58a6d093a6","stop_a_name":"Rijpwetering, Koppoellaan","stop_b_name":"Rijpwetering, Paardebrug","num_lines":1,"line_ids":["QBUZZ:z056"],"line_refs":["56"],"lines":[{"line_id":"QBUZZ:z056","line_ref":"56","line_name":"Sassenheim - Leiden- Roelofarendsveen","agency_id":"QBUZZ"}],"variant_ids":["QBUZZ:z056|1578425","QBUZZ:z056|1578426","QBUZZ:z056|1578427","QBUZZ:z056|1578428","QBUZZ:z056|1578429","QBUZZ:z056|1578432"],"representative_variant_id":"QBUZZ:z056|1578428","length_m":328.7}},{"type":"Feature","geometry":{"type":"LineString","coordinates":[[4.583512266189909,52.1953945375165],[4.583398,52.195758],[4.583496,52.195984],[4.589982580032534,52.19660255765172]]},"properties":{"edge_id":"edge/4747c54e33c2","stop_a":"stop/rijpwetering-koppoellaan__795fb57ed5","stop_b":"stop/rijpwetering-ripselaan-6__2b7f5aac14","stop_a_name":"Rijpwetering, Koppoellaan","stop_b_name":"Rijpwetering, Ripselaan 6","num_lines":1,"line_ids":["QBUZZ:z056"],"line_refs":["56"],"lines":[{"line_id":"QBUZZ:z056","line_ref":"56","line_name":"Sassenheim - Leiden- Roelofarendsveen","agency_id":"QBUZZ"}],"variant_ids":["QBUZZ:z056|1578425","QBUZZ:z056|1578426","QBUZZ:z056|1578427","QBUZZ:z056|1578428","QBUZZ:z056|1578429","QBUZZ:z056|1578432"],"representative_variant_id":"QBUZZ:z056|1578428","length_m":514.6}},{"type":"Feature","geometry":{"type":"LineString","coordinates":[[4.623333754060233,52.2033921562023],[4.631026,52.204117],[4.6310471614006605,52.2041758112727]]},"properties":{"edge_id":"edge/155d5e638f44","stop_a":"stop/roelofarendsveen-de-lasso__b1589d6e27","stop_b":"stop/roelofarendsveen-stationsstraat__535d2882f8","stop_a_name":"Roelofarendsveen, De Lasso","stop_b_name":"Roelofarendsveen, Stationsstraat","num_lines":3,"line_ids":["QBUZZ:z056","QBUZZ:z365","QBUZZ:z366"],"line_refs":["56","365","366"],"lines":[{"line_id":"QBUZZ:z056","line_ref":"56","line_name":"Sassenheim - Leiden- Roelofarendsveen","agency_id":"QBUZZ"},{"line_id":"QBUZZ:z365","line_ref":"365","line_name":"Leiden - Schiphol","agency_id":"QBUZZ"},{"line_id":"QBUZZ:z366","line_ref":"366","line_name":"Leiden - Leimuiden","agency_id":"QBUZZ"}],"variant_ids":["QBUZZ:z056|1578425","QBUZZ:z056|1578426","QBUZZ:z056|1578427","QBUZZ:z056|1578428","QBUZZ:z056|1578429","QBUZZ:z056|1578432","QBUZZ:z365|1578584","QBUZZ:z365|1589335","QBUZZ:z365|1625057","QBUZZ:z365|1625058","QBUZZ:z365|1655033","QBUZZ:z366|1578586","QBUZZ:z366|1589337"],"representative_variant_id":"QBUZZ:z365|1625057","length_m":537.1}},{"type":"Feature","geometry":{"type":"LineString","coordinates":[[4.623346814879492,52.20339577409589],[4.622671,52.203326],[4.622469,52.203172],[4.622204,52.203287],[4.618685,52.202932],[4.618191,52.202713],[4.617843164286031,52.20213408311792]]},"properties":{"edge_id":"edge/7a8b07109547","stop_a":"stop/roelofarendsveen-de-lasso__b1589d6e27","stop_b":"stop/roelofarendsveen-westeinde__9a83dca99b","stop_a_name":"Roelofarendsveen, De Lasso","stop_b_name":"Roelofarendsveen, Westeinde","num_lines":3,"line_ids":["QBUZZ:z056","QBUZZ:z365","QBUZZ:z366"],"line_refs":["56","365","366"],"lines":[{"line_id":"QBUZZ:z056","line_ref":"56","line_name":"Sassenheim - Leiden- Roelofarendsveen","agency_id":"QBUZZ"},{"line_id":"QBUZZ:z365","line_ref":"365","line_name":"Leiden - Schiphol","agency_id":"QBUZZ"},{"line_id":"QBUZZ:z366","line_ref":"366","line_name":"Leiden - Leimuiden","agency_id":"QBUZZ"}],"variant_ids":["QBUZZ:z056|1578425","QBUZZ:z056|1578426","QBUZZ:z056|1578427","QBUZZ:z056|1578428","QBUZZ:z056|1578429","QBUZZ:z056|1578432","QBUZZ:z365|1578584","QBUZZ:z365|1589335","QBUZZ:z365|1625057","QBUZZ:z365|1625058","QBUZZ:z365|1655033","QBUZZ:z366|1578586","QBUZZ:z366|1589337"],"representative_variant_id":"QBUZZ:z056|1578428","length_m":444.0}},{"type":"Feature","geometry":{"type":"LineString","coordinates":[[4.488509263549979,52.20600820427048],[4.490727,52.207207],[4.49129,52.207616],[4.49212,52.208539],[4.492828,52.208976],[4.491036,52.210059],[4.492769,52.211177],[4.494008,52.212158],[4.494486103209597,52.212377040268656]]},"properties":{"edge_id":"edge/1525d2137459","stop_a":"stop/sassenheim-akzo__b2b0f722ce","stop_b":"stop/sassenheim-edisonstraat__27a494a1c9","stop_a_name":"Sassenheim, AKZO","stop_b_name":"Sassenheim, Edisonstraat","num_lines":1,"line_ids":["QBUZZ:z054"],"line_refs":["54"],"lines":[{"line_id":"QBUZZ:z054","line_ref":"54","line_name":"Voorhout - Leiden - De Vink","agency_id":"QBUZZ"}],"variant_ids":["QBUZZ:z054|1578418","QBUZZ:z054|1578419"],"representative_variant_id":"QBUZZ:z054|1578418","length_m":968.2}},{"type":"Feature","geometry":{"type":"LineString","coordinates":[[4.488515800737305,52.20601139278724],[4.490727,52.207207],[4.49129,52.207616],[4.492307,52.208684],[4.49409,52.209525],[4.494586,52.209582],[4.495074,52.210044],[4.496778,52.211163],[4.497027,52.211147],[4.497194309631523,52.21129705143587]]},"properties":{"edge_id":"edge/8cd5c01bdb5f","stop_a":"stop/sassenheim-akzo__b2b0f722ce","stop_b":"stop/sassenheim-uiver__5a9cbe2f98","stop_a_name":"Sassenheim, AKZO","stop_b_name":"Sassenheim, Uiver","num_lines":2,"line_ids":["QBUZZ:z054","QBUZZ:z056"],"line_refs":["54","56"],"lines":[{"line_id":"QBUZZ:z054","line_ref":"54","line_name":"Voorhout - Leiden - De Vink","agency_id":"QBUZZ"},{"line_id":"QBUZZ:z056","line_ref":"56","line_name":"Sassenheim - Leiden- Roelofarendsveen","agency_id":"QBUZZ"}],"variant_ids":["QBUZZ:z054|1578417","QBUZZ:z054|1578421","QBUZZ:z056|1578427","QBUZZ:z056|1578429","QBUZZ:z056|1578430","QBUZZ:z056|1578431"],"representative_variant_id":"QBUZZ:z056|1578427","length_m":854.3}},{"type":"Feature","geometry":{"type":"LineString","coordinates":[[4.495033807272573,52.21259731775293],[4.496744,52.211405],[4.496673,52.211306],[4.496778,52.211163],[4.496277406608745,52.21079139942492]]},"properties":{"edge_id":"edge/60150067fa8f","stop_a":"stop/sassenheim-edisonstraat__27a494a1c9","stop_b":"stop/sassenheim-uiver__5a9cbe2f98","stop_a_name":"Sassenheim, Edisonstraat","stop_b_name":"Sassenheim, Uiver","num_lines":1,"line_ids":["QBUZZ:z054"],"line_refs":["54"],"lines":[{"line_id":"QBUZZ:z054","line_ref":"54","line_name":"Voorhout - Leiden - De Vink","agency_id":"QBUZZ"}],"variant_ids":["QBUZZ:z054|1578417","QBUZZ:z054|1578421"],"representative_variant_id":"QBUZZ:z054|1578417","length_m":259.5}},{"type":"Feature","geometry":{"type":"LineString","coordinates":[[4.494486103209597,52.212377040268656],[4.495023,52.212606],[4.493724,52.213908],[4.493243,52.215262],[4.492216,52.216108],[4.492227,52.216315],[4.491919,52.216321],[4.491473,52.216677],[4.491336,52.216955],[4.491516740733029,52.21734728669917]]},"properties":{"edge_id":"edge/e21077cbdab7","stop_a":"stop/sassenheim-edisonstraat__27a494a1c9","stop_b":"stop/voorhout-elzenhorst__2c610c8d1c","stop_a_name":"Sassenheim, Edisonstraat","stop_b_name":"Voorhout, Elzenhorst","num_lines":1,"line_ids":["QBUZZ:z054"],"line_refs":["54"],"lines":[{"line_id":"QBUZZ:z054","line_ref":"54","line_name":"Voorhout - Leiden - De Vink","agency_id":"QBUZZ"}],"variant_ids":["QBUZZ:z054|1578417","QBUZZ:z054|1578418","QBUZZ:z054|1578419","QBUZZ:z054|1578421"],"representative_variant_id":"QBUZZ:z054|1578418","length_m":657.1}},{"type":"Feature","geometry":{"type":"LineString","coordinates":[[4.524007406846538,52.22325887133922],[4.527482,52.226005],[4.52780146793824,52.22637266110477]]},"properties":{"edge_id":"edge/66ce04c9d89e","stop_a":"stop/sassenheim-menneweg__9e63079ac6","stop_b":"stop/sassenheim-parklaan__cdb242b322","stop_a_name":"Sassenheim, Menneweg","stop_b_name":"Sassenheim, Parklaan","num_lines":2,"line_ids":["QBUZZ:z050","QBUZZ:z361"],"line_refs":["50","361"],"lines":[{"line_id":"QBUZZ:z050","line_ref":"50","line_name":"Lisse - Warmond - Leiden","agency_id":"QBUZZ"},{"line_id":"QBUZZ:z361","line_ref":"361","line_name":"Noordwijk - Sassenheim - Lisse - Schiphol","agency_id":"QBUZZ"}],"variant_ids":["QBUZZ:z050|1578414","QBUZZ:z050|1578415","QBUZZ:z361|1578576","QBUZZ:z361|1625053","QBUZZ:z361|1625054","QBUZZ:z361|1625055","QBUZZ:z361|1625056","QBUZZ:z361|1655026","QBUZZ:z361|1655027","QBUZZ:z361|1655028","QBUZZ:z361|1655029","QBUZZ:z361|1655031"],"representative_variant_id":"QBUZZ:z050|1578415","length_m":432.6}},{"type":"Feature","geometry":{"type":"LineString","coordinates":[[4.524007406846538,52.22325887133922],[4.523502,52.222902],[4.522907,52.222682],[4.521884,52.222603],[4.521016,52.222812],[4.519690219759978,52.22359248099844]]},"properties":{"edge_id":"edge/6215537a9ca1","stop_a":"stop/sassenheim-menneweg__9e63079ac6","stop_b":"stop/sassenheim-raadhuis__1f6de0d41a","stop_a_name":"Sassenheim, Menneweg","stop_b_name":"Sassenheim, Raadhuis","num_lines":2,"line_ids":["QBUZZ:z050","QBUZZ:z361"],"line_refs":["50","361"],"lines":[{"line_id":"QBUZZ:z050","line_ref":"50","line_name":"Lisse - Warmond - Leiden","agency_id":"QBUZZ"},{"line_id":"QBUZZ:z361","line_ref":"361","line_name":"Noordwijk - Sassenheim - Lisse - Schiphol","agency_id":"QBUZZ"}],"variant_ids":["QBUZZ:z050|1578414","QBUZZ:z050|1578415","QBUZZ:z361|1578576","QBUZZ:z361|1625053","QBUZZ:z361|1625054","QBUZZ:z361|1625055","QBUZZ:z361|1625056","QBUZZ:z361|1655026","QBUZZ:z361|1655027","QBUZZ:z361|1655028","QBUZZ:z361|1655029","QBUZZ:z361|1655031"],"representative_variant_id":"QBUZZ:z050|1578415","length_m":358.9}},{"type":"Feature","geometry":{"type":"LineString","coordinates":[[4.5278014253431405,52.226372607288376],[4.529598,52.227872],[4.530004,52.228064],[4.530429,52.228004],[4.530676,52.228114],[4.529991,52.229493],[4.529347468511583,52.2300768338022]]},"properties":{"edge_id":"edge/089134ae53d2","stop_a":"stop/sassenheim-parklaan__cdb242b322","stop_b":"stop/sassenheim-van-pallandtlaan__77237754e6","stop_a_name":"Sassenheim, Parklaan","stop_b_name":"Sassenheim, van Pallandtlaan","num_lines":2,"line_ids":["QBUZZ:z050","QBUZZ:z361"],"line_refs":["50","361"],"lines":[{"line_id":"QBUZZ:z050","line_ref":"50","line_name":"Lisse - Warmond - Leiden","agency_id":"QBUZZ"},{"line_id":"QBUZZ:z361","line_ref":"361","line_name":"Noordwijk - Sassenheim - Lisse - Schiphol","agency_id":"QBUZZ"}],"variant_ids":["QBUZZ:z050|1578414","QBUZZ:z050|1578415","QBUZZ:z361|1578576","QBUZZ:z361|1625053","QBUZZ:z361|1625054","QBUZZ:z361|1625055","QBUZZ:z361|1625056","QBUZZ:z361|1655026","QBUZZ:z361|1655027","QBUZZ:z361|1655028","QBUZZ:z361|1655029","QBUZZ:z361|1655031"],"representative_variant_id":"QBUZZ:z050|1578414","length_m":530.9}},{"type":"Feature","geometry":{"type":"LineString","coordinates":[[4.519691217480006,52.22359258516239],[4.519048,52.223921],[4.518565,52.223909],[4.515374,52.22171],[4.513076249408683,52.22041832309501]]},"properties":{"edge_id":"edge/348f246c8115","stop_a":"stop/sassenheim-raadhuis__1f6de0d41a","stop_b":"stop/sassenheim-zuiderstraat__2e06846220","stop_a_name":"Sassenheim, Raadhuis","stop_b_name":"Sassenheim, Zuiderstraat","num_lines":2,"line_ids":["QBUZZ:z050","QBUZZ:z361"],"line_refs":["50","361"],"lines":[{"line_id":"QBUZZ:z050","line_ref":"50","line_name":"Lisse - Warmond - Leiden","agency_id":"QBUZZ"},{"line_id":"QBUZZ:z361","line_ref":"361","line_name":"Noordwijk - Sassenheim - Lisse - Schiphol","agency_id":"QBUZZ"}],"variant_ids":["QBUZZ:z050|1578414","QBUZZ:z050|1578415","QBUZZ:z361|1578576","QBUZZ:z361|1625053","QBUZZ:z361|1625054","QBUZZ:z361|1625055","QBUZZ:z361|1625056","QBUZZ:z361|1655026","QBUZZ:z361|1655027","QBUZZ:z361|1655028","QBUZZ:z361|1655029","QBUZZ:z361|1655031"],"representative_variant_id":"QBUZZ:z050|1578414","length_m":629.6}},{"type":"Feature","geometry":{"type":"LineString","coordinates":[[4.516269204254892,52.215370601803265],[4.515774,52.215439],[4.514631,52.214802],[4.511796,52.213855],[4.510369,52.213485],[4.507786,52.212414],[4.506479,52.213375],[4.505584,52.21353],[4.505076,52.213319],[4.504139,52.213357],[4.502543,52.214846],[4.502352,52.214917],[4.500017,52.213093],[4.497845425631045,52.21170775036267]]},"properties":{"edge_id":"edge/6b05670544a0","stop_a":"stop/sassenheim-station__9240e9a073","stop_b":"stop/sassenheim-uiver__5a9cbe2f98","stop_a_name":"Sassenheim, Station","stop_b_name":"Sassenheim, Uiver","num_lines":3,"line_ids":["QBUZZ:z056","QBUZZ:z090","QBUZZ:z361"],"line_refs":["56","90","361"],"lines":[{"line_id":"QBUZZ:z056","line_ref":"56","line_name":"Sassenheim - Leiden- Roelofarendsveen","agency_id":"QBUZZ"},{"line_id":"QBUZZ:z090","line_ref":"90","line_name":"Sassenheim - Noordwijkerhout - Wassenaar","agency_id":"QBUZZ"},{"line_id":"QBUZZ:z361","line_ref":"361","line_name":"Noordwijk - Sassenheim - Lisse - Schiphol","agency_id":"QBUZZ"}],"variant_ids":["QBUZZ:z056|1578427","QBUZZ:z056|1578429","QBUZZ:z056|1578430","QBUZZ:z056|1578431","QBUZZ:z090|1625012","QBUZZ:z090|1625013","QBUZZ:z090|1625014","QBUZZ:z090|1625015","QBUZZ:z090|1654972","QBUZZ:z090|1654974","QBUZZ:z361|1625053","QBUZZ:z361|1625054","QBUZZ:z361|1625055","QBUZZ:z361|1625056","QBUZZ:z361|1655026","QBUZZ:z361|1655027","QBUZZ:z361|1655028","QBUZZ:z361|1655029"],"representative_variant_id":"QBUZZ:z361|1625053","length_m":1670.8}},{"type":"Feature","geometry":{"type":"LineString","coordinates":[[4.5162273946599,52.21537942740206],[4.516362,52.215336],[4.516667,52.215428],[4.516575,52.215652],[4.515673,52.215402],[4.515326,52.215184],[4.514886,52.215217],[4.509117,52.218383],[4.513055426061289,52.220407497831516]]},"properties":{"edge_id":"edge/522a5c9b549c","stop_a":"stop/sassenheim-station__9240e9a073","stop_b":"stop/sassenheim-zuiderstraat__2e06846220","stop_a_name":"Sassenheim, Station","stop_b_name":"Sassenheim, Zuiderstraat","num_lines":2,"line_ids":["QBUZZ:z050","QBUZZ:z361"],"line_refs":["50","361"],"lines":[{"line_id":"QBUZZ:z050","line_ref":"50","line_name":"Lisse - Warmond - Leiden","agency_id":"QBUZZ"},{"line_id":"QBUZZ:z361","line_ref":"361","line_name":"Noordwijk - Sassenheim - Lisse - Schiphol","agency_id":"QBUZZ"}],"variant_ids":["QBUZZ:z050|1578414","QBUZZ:z050|1578415","QBUZZ:z361|1578576","QBUZZ:z361|1625053","QBUZZ:z361|1625054","QBUZZ:z361|1625055","QBUZZ:z361|1625056","QBUZZ:z361|1655026","QBUZZ:z361|1655027","QBUZZ:z361|1655028","QBUZZ:z361|1655029","QBUZZ:z361|1655031"],"representative_variant_id":"QBUZZ:z361|1625054","length_m":1068.6}},{"type":"Feature","geometry":{"type":"LineString","coordinates":[[4.516197677915654,52.21532173198469],[4.516667,52.215428],[4.516575,52.215652],[4.515673,52.215402],[4.514457,52.214737],[4.511796,52.213855],[4.510369,52.213485],[4.507843,52.212477],[4.507847,52.212306],[4.50984735273045,52.21095596935428]]},"properties":{"edge_id":"edge/662256d56a5e","stop_a":"stop/sassenheim-station__9240e9a073","stop_b":"stop/warmond-viaduct__2cf23d483d","stop_a_name":"Sassenheim, Station","stop_b_name":"Warmond, Viaduct","num_lines":1,"line_ids":["QBUZZ:z050"],"line_refs":["50"],"lines":[{"line_id":"QBUZZ:z050","line_ref":"50","line_name":"Lisse - Warmond - Leiden","agency_id":"QBUZZ"}],"variant_ids":["QBUZZ:z050|1578414","QBUZZ:z050|1578415"],"representative_variant_id":"QBUZZ:z050|1578415","length_m":977.1}},{"type":"Feature","geometry":{"type":"LineString","coordinates":[[4.497851240025425,52.211710376237136],[4.497257,52.211391],[4.496919,52.211451],[4.496744,52.211405],[4.495023,52.212606],[4.493724,52.213908],[4.493243,52.215262],[4.492216,52.216108],[4.492227,52.216315],[4.491919,52.216321],[4.491473,52.216677],[4.491336,52.216955],[4.491518465590492,52.21734976237694]]},"properties":{"edge_id":"edge/b9bc4ada5580","stop_a":"stop/sassenheim-uiver__5a9cbe2f98","stop_b":"stop/voorhout-elzenhorst__2c610c8d1c","stop_a_name":"Sassenheim, Uiver","stop_b_name":"Voorhout, Elzenhorst","num_lines":2,"line_ids":["QBUZZ:z090","QBUZZ:z361"],"line_refs":["90","361"],"lines":[{"line_id":"QBUZZ:z090","line_ref":"90","line_name":"Sassenheim - Noordwijkerhout - Wassenaar","agency_id":"QBUZZ"},{"line_id":"QBUZZ:z361","line_ref":"361","line_name":"Noordwijk - Sassenheim - Lisse - Schiphol","agency_id":"QBUZZ"}],"variant_ids":["QBUZZ:z090|1625012","QBUZZ:z090|1625013","QBUZZ:z090|1625014","QBUZZ:z090|1625015","QBUZZ:z090|1654972","QBUZZ:z090|1654974","QBUZZ:z361|1625053","QBUZZ:z361|1625054","QBUZZ:z361|1625055","QBUZZ:z361|1625056","QBUZZ:z361|1655026","QBUZZ:z361|1655027","QBUZZ:z361|1655028","QBUZZ:z361|1655029"],"representative_variant_id":"QBUZZ:z090|1625012","length_m":881.4}},{"type":"Feature","geometry":{"type":"LineString","coordinates":[[4.761894231791647,52.308444585290246],[4.760767,52.309497],[4.760414,52.309567],[4.758963,52.30956],[4.758729,52.309486],[4.757993,52.309689],[4.757306,52.309569],[4.754958,52.308639],[4.755034,52.308424],[4.754482,52.308098],[4.754037,52.307385],[4.753953,52.307097],[4.754119,52.306765],[4.754298,52.306614],[4.75471,52.306472],[4.757018,52.306053],[4.75641,52.305492],[4.75189,52.303734],[4.751413,52.303246],[4.751005285234,52.303081168046255]]},"properties":{"edge_id":"edge/c1226d496176","stop_a":"stop/schiphol-airport-plaza__7ca70779b5","stop_b":"stop/schiphol-handelskade__ffca877dde","stop_a_name":"Schiphol, Airport/Plaza","stop_b_name":"Schiphol, Handelskade","num_lines":3,"line_ids":["QBUZZ:z361","QBUZZ:z365","QBUZZ:z470"],"line_refs":["361","365","470"],"lines":[{"line_id":"QBUZZ:z361","line_ref":"361","line_name":"Noordwijk - Sassenheim - Lisse - Schiphol","agency_id":"QBUZZ"},{"line_id":"QBUZZ:z365","line_ref":"365","line_name":"Leiden - Schiphol","agency_id":"QBUZZ"},{"line_id":"QBUZZ:z470","line_ref":"470","line_name":"Alphen a/d Rijn - Schiphol","agency_id":"QBUZZ"}],"variant_ids":["QBUZZ:z361|1578575","QBUZZ:z361|1578576","QBUZZ:z361|1578577","QBUZZ:z361|1625054","QBUZZ:z361|1625055","QBUZZ:z361|1655026","QBUZZ:z361|1655028","QBUZZ:z361|1655031","QBUZZ:z365|1578584","QBUZZ:z365|1589335","QBUZZ:z365|1655033","QBUZZ:z470|1578630","QBUZZ:z470|1578631","QBUZZ:z470|1655048"],"representative_variant_id":"QBUZZ:z470|1578631","length_m":1560.1}},{"type":"Feature","geometry":{"type":"LineString","coordinates":[[4.47421318639017,52.09282360839544],[4.473899,52.092395],[4.473975,52.092216],[4.473515,52.091915],[4.472907,52.090949],[4.472787,52.090364],[4.472854,52.089942],[4.479079,52.072282],[4.479498,52.071755],[4.4805195259655015,52.07121473862006]]},"properties":{"edge_id":"edge/b6509d660ca4","stop_a":"stop/stompwijk-stompwijk__9a9d48ebc0","stop_b":"stop/zoetermeer-meerpolder__0c408cc0bd","stop_a_name":"Stompwijk, Stompwijk","stop_b_name":"Zoetermeer, Meerpolder","num_lines":2,"line_ids":["QBUZZ:z400","QBUZZ:z401"],"line_refs":["400","401"],"lines":[{"line_id":"QBUZZ:z400","line_ref":"400","line_name":"Katwijk ESA/ESTEC - Zoetermeer","agency_id":"QBUZZ"},{"line_id":"QBUZZ:z401","line_ref":"401","line_name":"Katwijk-Centrum - Zoetermeer","agency_id":"QBUZZ"}],"variant_ids":["QBUZZ:z400|1578613","QBUZZ:z400|1589338","QBUZZ:z400|1589341","QBUZZ:z400|1625069","QBUZZ:z400|1655039","QBUZZ:z400|1655040","QBUZZ:z401|1578624","QBUZZ:z401|1589342","QBUZZ:z401|1589343","QBUZZ:z401|1625071","QBUZZ:z401|1655044","QBUZZ:z401|1655046"],"representative_variant_id":"QBUZZ:z400|1589338","length_m":2513.2}},{"type":"Feature","geometry":{"type":"LineString","coordinates":[[4.4742215346066425,52.09283499690805],[4.475058,52.094237],[4.477327,52.097464],[4.478371,52.098515],[4.480108,52.099957],[4.481173,52.100702],[4.482362,52.101808],[4.484897,52.103472],[4.494701,52.110315],[4.495158,52.110795],[4.495675,52.11195],[4.495509,52.112973],[4.494936,52.113886],[4.492116,52.116929],[4.491674616323425,52.1177272882506]]},"properties":{"edge_id":"edge/3e8993c08db9","stop_a":"stop/stompwijk-stompwijk__9a9d48ebc0","stop_b":"stop/zoeterwoude-dorp__eadc16e59c","stop_a_name":"Stompwijk, Stompwijk","stop_b_name":"Zoeterwoude, Dorp","num_lines":2,"line_ids":["QBUZZ:z400","QBUZZ:z401"],"line_refs":["400","401"],"lines":[{"line_id":"QBUZZ:z400","line_ref":"400","line_name":"Katwijk ESA/ESTEC - Zoetermeer","agency_id":"QBUZZ"},{"line_id":"QBUZZ:z401","line_ref":"401","line_name":"Katwijk-Centrum - Zoetermeer","agency_id":"QBUZZ"}],"variant_ids":["QBUZZ:z400|1578613","QBUZZ:z400|1589338","QBUZZ:z400|1589341","QBUZZ:z400|1625069","QBUZZ:z400|1655039","QBUZZ:z400|1655040","QBUZZ:z401|1578624","QBUZZ:z401|1589342","QBUZZ:z401|1589343","QBUZZ:z401|1625071","QBUZZ:z401|1655044","QBUZZ:z401|1655046"],"representative_variant_id":"QBUZZ:z400|1589341","length_m":3319.1}},{"type":"Feature","geometry":{"type":"LineString","coordinates":[[4.708666760757624,52.165952755660456],[4.70789,52.166502],[4.707096,52.166812],[4.70313,52.169045],[4.701969480178864,52.16980681890335]]},"properties":{"edge_id":"edge/e7b32ccb640f","stop_a":"stop/ter-aar-aardam__00382c5dba","stop_b":"stop/ter-aar-aardamseweg-13__451c481e7e","stop_a_name":"Ter Aar, Aardam","stop_b_name":"Ter Aar, Aardamseweg 13","num_lines":1,"line_ids":["QBUZZ:z182"],"line_refs":["182"],"lines":[{"line_id":"QBUZZ:z182","line_ref":"182","line_name":"Alphen a/d Rijn - Leiden","agency_id":"QBUZZ"}],"variant_ids":["QBUZZ:z182|1578502","QBUZZ:z182|1578503","QBUZZ:z182|1578504","QBUZZ:z182|1578505"],"representative_variant_id":"QBUZZ:z182|1578503","length_m":628.1}},{"type":"Feature","geometry":{"type":"LineString","coordinates":[[4.708663733557151,52.16595040369471],[4.709351,52.165602],[4.709819,52.165569],[4.710406,52.165384],[4.710599,52.165196],[4.710597018046147,52.164867511601095]]},"properties":{"edge_id":"edge/2e1f5213e2b6","stop_a":"stop/ter-aar-aardam__00382c5dba","stop_b":"stop/ter-aar-de-aarkerk__173200e40b","stop_a_name":"Ter Aar, Aardam","stop_b_name":"Ter Aar, De Aarkerk","num_lines":1,"line_ids":["QBUZZ:z182"],"line_refs":["182"],"lines":[{"line_id":"QBUZZ:z182","line_ref":"182","line_name":"Alphen a/d Rijn - Leiden","agency_id":"QBUZZ"}],"variant_ids":["QBUZZ:z182|1578502","QBUZZ:z182|1578503","QBUZZ:z182|1578504","QBUZZ:z182|1578505"],"representative_variant_id":"QBUZZ:z182|1578502","length_m":199.2}},{"type":"Feature","geometry":{"type":"LineString","coordinates":[[4.701970277362368,52.169806368007706],[4.701402,52.170167],[4.701233,52.170706],[4.70072,52.170793],[4.699423,52.171459],[4.698046,52.171667],[4.697195,52.171895],[4.692072939395351,52.17467054874088]]},"properties":{"edge_id":"edge/34ef30ff0c8a","stop_a":"stop/ter-aar-aardamseweg-13__451c481e7e","stop_b":"stop/ter-aar-driesprong__fe9b29e5c4","stop_a_name":"Ter Aar, Aardamseweg 13","stop_b_name":"Ter Aar, Driesprong","num_lines":1,"line_ids":["QBUZZ:z182"],"line_refs":["182"],"lines":[{"line_id":"QBUZZ:z182","line_ref":"182","line_name":"Alphen a/d Rijn - Leiden","agency_id":"QBUZZ"}],"variant_ids":["QBUZZ:z182|1578502","QBUZZ:z182|1578503","QBUZZ:z182|1578504","QBUZZ:z182|1578505"],"representative_variant_id":"QBUZZ:z182|1578502","length_m":894.6}},{"type":"Feature","geometry":{"type":"LineString","coordinates":[[4.692070892316266,52.17467167983881],[4.690959,52.175238],[4.690622,52.175254],[4.6901,52.175009],[4.688398,52.170729],[4.688028,52.170107],[4.68701,52.168824],[4.686387,52.168479],[4.685906,52.168404],[4.680061,52.168244],[4.670753,52.168026],[4.66757649267724,52.16801520190669]]},"properties":{"edge_id":"edge/25ee5c88b29d","stop_a":"stop/ter-aar-driesprong__fe9b29e5c4","stop_b":"stop/woubrugge-jacobswoude__1c8f497423","stop_a_name":"Ter Aar, Driesprong","stop_b_name":"Woubrugge, Jacobswoude","num_lines":1,"line_ids":["QBUZZ:z182"],"line_refs":["182"],"lines":[{"line_id":"QBUZZ:z182","line_ref":"182","line_name":"Alphen a/d Rijn - Leiden","agency_id":"QBUZZ"}],"variant_ids":["QBUZZ:z182|1578502","QBUZZ:z182|1578503","QBUZZ:z182|1578504","QBUZZ:z182|1578505"],"representative_variant_id":"QBUZZ:z182|1578503","length_m":2230.6}},{"type":"Feature","geometry":{"type":"LineString","coordinates":[[4.820886,52.242948],[4.82062,52.243109],[4.82091,52.243362],[4.819466,52.244074],[4.813352,52.245824],[4.812719,52.246108],[4.812103,52.246168],[4.81036390866589,52.246655524523774]]},"properties":{"edge_id":"edge/7c6793337719","stop_a":"stop/uithoorn-busstation__f6a695bd96","stop_b":"stop/uithoorn-faunalaan__5697db8311","stop_a_name":"Uithoorn, Busstation","stop_b_name":"Uithoorn, Faunalaan","num_lines":1,"line_ids":["QBUZZ:z147"],"line_refs":["147"],"lines":[{"line_id":"QBUZZ:z147","line_ref":"147","line_name":"Alphen a/d Rijn - Uithoorn","agency_id":"QBUZZ"}],"variant_ids":["QBUZZ:z147|1625022","QBUZZ:z147|1625026"],"representative_variant_id":"QBUZZ:z147|1625026","length_m":871.7}},{"type":"Feature","geometry":{"type":"LineString","coordinates":[[4.81036390866589,52.246655524523774],[4.809296,52.246955],[4.809124,52.246684],[4.809158,52.246334],[4.80889156210741,52.24609170807161]]},"properties":{"edge_id":"edge/2946df85ec74","stop_a":"stop/uithoorn-faunalaan__5697db8311","stop_b":"stop/uithoorn-gezondheidscentrum__57d0c7a937","stop_a_name":"Uithoorn, Faunalaan","stop_b_name":"Uithoorn, Gezondheidscentrum","num_lines":1,"line_ids":["QBUZZ:z147"],"line_refs":["147"],"lines":[{"line_id":"QBUZZ:z147","line_ref":"147","line_name":"Alphen a/d Rijn - Uithoorn","agency_id":"QBUZZ"}],"variant_ids":["QBUZZ:z147|1625022","QBUZZ:z147|1625026"],"representative_variant_id":"QBUZZ:z147|1625026","length_m":183.8}},{"type":"Feature","geometry":{"type":"LineString","coordinates":[[4.808892339887103,52.24609032891885],[4.808461,52.245854],[4.808197,52.245853],[4.807461,52.246146],[4.804409,52.247775],[4.802937,52.248343],[4.801056,52.248855],[4.799572502275485,52.246714721602146]]},"properties":{"edge_id":"edge/2463273f98f6","stop_a":"stop/uithoorn-gezondheidscentrum__57d0c7a937","stop_b":"stop/uithoorn-uitvaartcentrum__964d0d2e30","stop_a_name":"Uithoorn, Gezondheidscentrum","stop_b_name":"Uithoorn, Uitvaartcentrum","num_lines":1,"line_ids":["QBUZZ:z147"],"line_refs":["147"],"lines":[{"line_id":"QBUZZ:z147","line_ref":"147","line_name":"Alphen a/d Rijn - Uithoorn","agency_id":"QBUZZ"}],"variant_ids":["QBUZZ:z147|1625022","QBUZZ:z147|1625026"],"representative_variant_id":"QBUZZ:z147|1625022","length_m":909.9}},{"type":"Feature","geometry":{"type":"LineString","coordinates":[[4.355183700637028,52.06979009317274],[4.353412,52.071247],[4.35035042008782,52.074072472594615]]},"properties":{"edge_id":"edge/b2949b7e37ce","stop_a":"stop/voorburg-heer-hubrechtstraat__926b177f04","stop_b":"stop/voorburg-potgieterlaan__7676fe964f","stop_a_name":"Voorburg, Heer Hubrechtstraat","stop_b_name":"Voorburg, Potgieterlaan","num_lines":2,"line_ids":["EBS:3045","EBS:3046"],"line_refs":["45","46"],"lines":[{"line_id":"EBS:3045","line_ref":"45","line_name":"Den Haag Centraal via Leidschendam - Leiden","agency_id":"EBS"},{"line_id":"EBS:3046","line_ref":"46","line_name":"Den Haag Centraal via Voorschoten - Wassenaar","agency_id":"EBS"}],"variant_ids":["EBS:3045|1478709","EBS:3045|1478710","EBS:3046|1478711","EBS:3046|1478712"],"representative_variant_id":"EBS:3045|1478709","length_m":579.7}},{"type":"Feature","geometry":{"type":"LineString","coordinates":[[4.355183700637028,52.06979009317274],[4.356339,52.068899],[4.357449,52.068226],[4.358921,52.067646],[4.35894,52.06743],[4.357975,52.066891],[4.357815,52.066881],[4.357799,52.066971],[4.358437402822671,52.06734843995693]]},"properties":{"edge_id":"edge/deb347af82d9","stop_a":"stop/voorburg-heer-hubrechtstraat__926b177f04","stop_b":"stop/voorburg-station-voorburg__77f88b7d4f","stop_a_name":"Voorburg, Heer Hubrechtstraat","stop_b_name":"Voorburg, Station Voorburg","num_lines":2,"line_ids":["EBS:3045","EBS:3046"],"line_refs":["45","46"],"lines":[{"line_id":"EBS:3045","line_ref":"45","line_name":"Den Haag Centraal via Leidschendam - Leiden","agency_id":"EBS"},{"line_id":"EBS:3046","line_ref":"46","line_name":"Den Haag Centraal via Voorschoten - Wassenaar","agency_id":"EBS"}],"variant_ids":["EBS:3045|1478709","EBS:3045|1478710","EBS:3046|1478711","EBS:3046|1478712"],"representative_variant_id":"EBS:3045|1478709","length_m":547.6}},{"type":"Feature","geometry":{"type":"LineString","coordinates":[[4.3699209742564955,52.073418319277174],[4.371324,52.074468],[4.372750092509445,52.07535411460991]]},"properties":{"edge_id":"edge/1d501cdf570f","stop_a":"stop/voorburg-hoeckvlietstraat__7b6cb79cf3","stop_b":"stop/voorburg-rembrandtlaan__ec94911df8","stop_a_name":"Voorburg, Hoeckvlietstraat","stop_b_name":"Voorburg, Rembrandtlaan","num_lines":2,"line_ids":["EBS:3045","EBS:3046"],"line_refs":["45","46"],"lines":[{"line_id":"EBS:3045","line_ref":"45","line_name":"Den Haag Centraal via Leidschendam - Leiden","agency_id":"EBS"},{"line_id":"EBS:3046","line_ref":"46","line_name":"Den Haag Centraal via Voorschoten - Wassenaar","agency_id":"EBS"}],"variant_ids":["EBS:3045|1478709","EBS:3045|1478710","EBS:3046|1478711","EBS:3046|1478712"],"representative_variant_id":"EBS:3045|1478710","length_m":289.6}},{"type":"Feature","geometry":{"type":"LineString","coordinates":[[4.370057716128312,52.073343992241234],[4.369116,52.072768],[4.36639,52.071423],[4.365974,52.071078],[4.365581895326997,52.070277145182374]]},"properties":{"edge_id":"edge/347c69a85603","stop_a":"stop/voorburg-hoeckvlietstraat__7b6cb79cf3","stop_b":"stop/voorburg-rozenboomlaan__64b3379de2","stop_a_name":"Voorburg, Hoeckvlietstraat","stop_b_name":"Voorburg, Rozenboomlaan","num_lines":2,"line_ids":["EBS:3045","EBS:3046"],"line_refs":["45","46"],"lines":[{"line_id":"EBS:3045","line_ref":"45","line_name":"Den Haag Centraal via Leidschendam - Leiden","agency_id":"EBS"},{"line_id":"EBS:3046","line_ref":"46","line_name":"Den Haag Centraal via Voorschoten - Wassenaar","agency_id":"EBS"}],"variant_ids":["EBS:3045|1478709","EBS:3045|1478710","EBS:3046|1478711","EBS:3046|1478712"],"representative_variant_id":"EBS:3045|1478709","length_m":470.5}},{"type":"Feature","geometry":{"type":"LineString","coordinates":[[4.3635036354634185,52.06809507300656],[4.364904,52.068776],[4.365581895326997,52.070277145182374]]},"properties":{"edge_id":"edge/c6509c8f333a","stop_a":"stop/voorburg-laan-van-heldenburg__df009f04ce","stop_b":"stop/voorburg-rozenboomlaan__64b3379de2","stop_a_name":"Voorburg, Laan van Heldenburg","stop_b_name":"Voorburg, Rozenboomlaan","num_lines":2,"line_ids":["EBS:3045","EBS:3046"],"line_refs":["45","46"],"lines":[{"line_id":"EBS:3045","line_ref":"45","line_name":"Den Haag Centraal via Leidschendam - Leiden","agency_id":"EBS"},{"line_id":"EBS:3046","line_ref":"46","line_name":"Den Haag Centraal via Voorschoten - Wassenaar","agency_id":"EBS"}],"variant_ids":["EBS:3045|1478709","EBS:3045|1478710","EBS:3046|1478711","EBS:3046|1478712"],"representative_variant_id":"EBS:3045|1478709","length_m":295.3}},{"type":"Feature","geometry":{"type":"LineString","coordinates":[[4.363454873242457,52.06814274929698],[4.36272,52.067984],[4.359103,52.067962],[4.358686,52.067715],[4.358921,52.067646],[4.35894,52.06743],[4.357975,52.066891],[4.357815,52.066881],[4.357799,52.066971],[4.358460237573512,52.0673642804034]]},"properties":{"edge_id":"edge/fba0777a883e","stop_a":"stop/voorburg-laan-van-heldenburg__df009f04ce","stop_b":"stop/voorburg-station-voorburg__77f88b7d4f","stop_a_name":"Voorburg, Laan van Heldenburg","stop_b_name":"Voorburg, Station Voorburg","num_lines":2,"line_ids":["EBS:3045","EBS:3046"],"line_refs":["45","46"],"lines":[{"line_id":"EBS:3045","line_ref":"45","line_name":"Den Haag Centraal via Leidschendam - Leiden","agency_id":"EBS"},{"line_id":"EBS:3046","line_ref":"46","line_name":"Den Haag Centraal via Voorschoten - Wassenaar","agency_id":"EBS"}],"variant_ids":["EBS:3045|1478709","EBS:3045|1478710","EBS:3046|1478711","EBS:3046|1478712"],"representative_variant_id":"EBS:3045|1478710","length_m":555.0}},{"type":"Feature","geometry":{"type":"LineString","coordinates":[[4.35062481970199,52.07415135031062],[4.350372,52.074636],[4.350413,52.074789],[4.350206,52.074886],[4.349931,52.074794],[4.349934,52.07465],[4.349125,52.074337],[4.346507181147274,52.07460970657821]]},"properties":{"edge_id":"edge/be4fc1acd82c","stop_a":"stop/voorburg-potgieterlaan__7676fe964f","stop_b":"stop/voorburg-van-halewijnlaan__dc83e3df1a","stop_a_name":"Voorburg, Potgieterlaan","stop_b_name":"Voorburg, van Halewijnlaan","num_lines":2,"line_ids":["EBS:3045","EBS:3046"],"line_refs":["45","46"],"lines":[{"line_id":"EBS:3045","line_ref":"45","line_name":"Den Haag Centraal via Leidschendam - Leiden","agency_id":"EBS"},{"line_id":"EBS:3046","line_ref":"46","line_name":"Den Haag Centraal via Voorschoten - Wassenaar","agency_id":"EBS"}],"variant_ids":["EBS:3045|1478709","EBS:3045|1478710","EBS:3046|1478711","EBS:3046|1478712"],"representative_variant_id":"EBS:3045|1478710","length_m":375.8}},{"type":"Feature","geometry":{"type":"LineString","coordinates":[[4.372750092509445,52.07535411460991],[4.373438,52.075771],[4.373493,52.075934],[4.373755,52.075954],[4.374376,52.076256],[4.375129,52.076496],[4.376479,52.076759],[4.380033,52.077032],[4.380685,52.077236],[4.381622292178178,52.07780650647596]]},"properties":{"edge_id":"edge/bad1be753a73","stop_a":"stop/voorburg-rembrandtlaan__ec94911df8","stop_b":"stop/voorburg-station-l-dam-voorburg__4e07f50034","stop_a_name":"Voorburg, Rembrandtlaan","stop_b_name":"Voorburg, Station L'dam-Voorburg","num_lines":2,"line_ids":["EBS:3045","EBS:3046"],"line_refs":["45","46"],"lines":[{"line_id":"EBS:3045","line_ref":"45","line_name":"Den Haag Centraal via Leidschendam - Leiden","agency_id":"EBS"},{"line_id":"EBS:3046","line_ref":"46","line_name":"Den Haag Centraal via Voorschoten - Wassenaar","agency_id":"EBS"}],"variant_ids":["EBS:3045|1478709","EBS:3045|1478710","EBS:3046|1478711","EBS:3046|1478712"],"representative_variant_id":"EBS:3045|1478710","length_m":696.4}},{"type":"Feature","geometry":{"type":"LineString","coordinates":[[4.386566721654904,52.07969466121751],[4.386019,52.079402],[4.385641,52.079327],[4.382171,52.07795],[4.381999,52.077813],[4.381795,52.077829],[4.381687091981967,52.07776555408199]]},"properties":{"edge_id":"edge/9fb8ebb2bb98","stop_a":"stop/voorburg-sijtwendetunnel__89b274a198","stop_b":"stop/voorburg-station-l-dam-voorburg__4e07f50034","stop_a_name":"Voorburg, Sijtwendetunnel","stop_b_name":"Voorburg, Station L'dam-Voorburg","num_lines":2,"line_ids":["EBS:3045","EBS:3046"],"line_refs":["45","46"],"lines":[{"line_id":"EBS:3045","line_ref":"45","line_name":"Den Haag Centraal via Leidschendam - Leiden","agency_id":"EBS"},{"line_id":"EBS:3046","line_ref":"46","line_name":"Den Haag Centraal via Voorschoten - Wassenaar","agency_id":"EBS"}],"variant_ids":["EBS:3045|1478709","EBS:3045|1478710","EBS:3046|1478711","EBS:3046|1478712"],"representative_variant_id":"EBS:3045|1478709","length_m":402.5}},{"type":"Feature","geometry":{"type":"LineString","coordinates":[[4.346489701936901,52.07455364130973],[4.345339,52.074663],[4.345225,52.074572],[4.345006,52.07457],[4.344871,52.074704],[4.344036,52.074859],[4.340577999368482,52.076032893805134]]},"properties":{"edge_id":"edge/06750184a0b5","stop_a":"stop/voorburg-van-halewijnlaan__dc83e3df1a","stop_b":"stop/voorburg-van-heurnstraat__063dfb0ca9","stop_a_name":"Voorburg, van Halewijnlaan","stop_b_name":"Voorburg, van Heurnstraat","num_lines":2,"line_ids":["EBS:3045","EBS:3046"],"line_refs":["45","46"],"lines":[{"line_id":"EBS:3045","line_ref":"45","line_name":"Den Haag Centraal via Leidschendam - Leiden","agency_id":"EBS"},{"line_id":"EBS:3046","line_ref":"46","line_name":"Den Haag Centraal via Voorschoten - Wassenaar","agency_id":"EBS"}],"variant_ids":["EBS:3045|1478709","EBS:3045|1478710","EBS:3046|1478711","EBS:3046|1478712"],"representative_variant_id":"EBS:3045|1478709","length_m":454.4}},{"type":"Feature","geometry":{"type":"LineString","coordinates":[[4.500797622507313,52.24148841067643],[4.505055,52.238756],[4.50646887591713,52.23815979794111]]},"properties":{"edge_id":"edge/38fb74eb2896","stop_a":"stop/voorhout-s-gravendamseweg__5e9fa0a291","stop_b":"stop/voorhout-soldaatje__4e996c85f2","stop_a_name":"Voorhout, 's-Gravendamseweg","stop_b_name":"Voorhout, Soldaatje","num_lines":1,"line_ids":["QBUZZ:z090"],"line_refs":["90"],"lines":[{"line_id":"QBUZZ:z090","line_ref":"90","line_name":"Sassenheim - Noordwijkerhout - Wassenaar","agency_id":"QBUZZ"}],"variant_ids":["QBUZZ:z090|1625012","QBUZZ:z090|1625013","QBUZZ:z090|1625014","QBUZZ:z090|1625015","QBUZZ:z090|1654972","QBUZZ:z090|1654974"],"representative_variant_id":"QBUZZ:z090|1625014","length_m":536.8}},{"type":"Feature","geometry":{"type":"LineString","coordinates":[[4.4915359461176365,52.21737485207473],[4.49254,52.218933],[4.491887,52.220869],[4.490923159616723,52.22154519649072]]},"properties":{"edge_id":"edge/7a06b229adbb","stop_a":"stop/voorhout-elzenhorst__2c610c8d1c","stop_b":"stop/voorhout-oosthoutlaan__71fab43d73","stop_a_name":"Voorhout, Elzenhorst","stop_b_name":"Voorhout, Oosthoutlaan","num_lines":3,"line_ids":["QBUZZ:z054","QBUZZ:z090","QBUZZ:z361"],"line_refs":["54","90","361"],"lines":[{"line_id":"QBUZZ:z054","line_ref":"54","line_name":"Voorhout - Leiden - De Vink","agency_id":"QBUZZ"},{"line_id":"QBUZZ:z090","line_ref":"90","line_name":"Sassenheim - Noordwijkerhout - Wassenaar","agency_id":"QBUZZ"},{"line_id":"QBUZZ:z361","line_ref":"361","line_name":"Noordwijk - Sassenheim - Lisse - Schiphol","agency_id":"QBUZZ"}],"variant_ids":["QBUZZ:z054|1578417","QBUZZ:z054|1578418","QBUZZ:z054|1578419","QBUZZ:z054|1578421","QBUZZ:z090|1625012","QBUZZ:z090|1625013","QBUZZ:z090|1625014","QBUZZ:z090|1625015","QBUZZ:z090|1654972","QBUZZ:z090|1654974","QBUZZ:z361|1625053","QBUZZ:z361|1625054","QBUZZ:z361|1625055","QBUZZ:z361|1625056","QBUZZ:z361|1655026","QBUZZ:z361|1655027","QBUZZ:z361|1655028","QBUZZ:z361|1655029"],"representative_variant_id":"QBUZZ:z361|1625054","length_m":505.9}},{"type":"Feature","geometry":{"type":"LineString","coordinates":[[4.48776802447444,52.23017661713211],[4.48866,52.23137],[4.491237,52.232792],[4.49154,52.23301],[4.491567,52.233136],[4.491889,52.233138],[4.492115,52.232789],[4.494282,52.231323],[4.494473,52.231297],[4.497022,52.232638],[4.498577,52.233225],[4.498924,52.233434],[4.499484670894839,52.23398792939164]]},"properties":{"edge_id":"edge/16e6a6c0b31b","stop_a":"stop/voorhout-hooghkamer__e8f0befee4","stop_b":"stop/voorhout-jacoba-van-beierenweg__378b313a9f","stop_a_name":"Voorhout, Hooghkamer","stop_b_name":"Voorhout, Jacoba van Beierenweg","num_lines":1,"line_ids":["QBUZZ:z090"],"line_refs":["90"],"lines":[{"line_id":"QBUZZ:z090","line_ref":"90","line_name":"Sassenheim - Noordwijkerhout - Wassenaar","agency_id":"QBUZZ"}],"variant_ids":["QBUZZ:z090|1625012","QBUZZ:z090|1625013","QBUZZ:z090|1625014","QBUZZ:z090|1625015","QBUZZ:z090|1654972","QBUZZ:z090|1654974"],"representative_variant_id":"QBUZZ:z090|1625014","length_m":1183.9}},{"type":"Feature","geometry":{"type":"LineString","coordinates":[[4.487792240942987,52.23019356866009],[4.48866,52.23137],[4.489978,52.232054],[4.49154,52.23301],[4.491552,52.233118],[4.491329,52.233305],[4.490543,52.233838],[4.489625,52.234334],[4.488977,52.234518],[4.488186,52.234539],[4.487385,52.234326],[4.486387,52.233717],[4.486001,52.233273],[4.485781,52.233316],[4.484716,52.233102],[4.48384,52.233023],[4.480908,52.233234],[4.480351,52.23323],[4.479753,52.233117],[4.478708,52.232687],[4.475201078809602,52.230319508704156]]},"properties":{"edge_id":"edge/4e4cc6cdfe33","stop_a":"stop/voorhout-hooghkamer__e8f0befee4","stop_b":"stop/voorhout-nieuw-boekhorst__c10ceb4f97","stop_a_name":"Voorhout, Hooghkamer","stop_b_name":"Voorhout, Nieuw-Boekhorst","num_lines":1,"line_ids":["QBUZZ:z361"],"line_refs":["361"],"lines":[{"line_id":"QBUZZ:z361","line_ref":"361","line_name":"Noordwijk - Sassenheim - Lisse - Schiphol","agency_id":"QBUZZ"}],"variant_ids":["QBUZZ:z361|1625053","QBUZZ:z361|1625054","QBUZZ:z361|1625055","QBUZZ:z361|1625056","QBUZZ:z361|1655026","QBUZZ:z361|1655027","QBUZZ:z361|1655028","QBUZZ:z361|1655029"],"representative_variant_id":"QBUZZ:z361|1655026","length_m":1801.6}},{"type":"Feature","geometry":{"type":"LineString","coordinates":[[4.48776802447444,52.23017661713211],[4.485192,52.228422],[4.484801,52.228213],[4.484378,52.228137],[4.483583,52.227637],[4.484159,52.225952],[4.4845937987049265,52.225602052627295]]},"properties":{"edge_id":"edge/978e0e849f07","stop_a":"stop/voorhout-hooghkamer__e8f0befee4","stop_b":"stop/voorhout-station__9c1e4dd03e","stop_a_name":"Voorhout, Hooghkamer","stop_b_name":"Voorhout, Station","num_lines":3,"line_ids":["QBUZZ:z054","QBUZZ:z090","QBUZZ:z361"],"line_refs":["54","90","361"],"lines":[{"line_id":"QBUZZ:z054","line_ref":"54","line_name":"Voorhout - Leiden - De Vink","agency_id":"QBUZZ"},{"line_id":"QBUZZ:z090","line_ref":"90","line_name":"Sassenheim - Noordwijkerhout - Wassenaar","agency_id":"QBUZZ"},{"line_id":"QBUZZ:z361","line_ref":"361","line_name":"Noordwijk - Sassenheim - Lisse - Schiphol","agency_id":"QBUZZ"}],"variant_ids":["QBUZZ:z054|1578417","QBUZZ:z054|1578418","QBUZZ:z054|1578419","QBUZZ:z054|1578421","QBUZZ:z090|1625012","QBUZZ:z090|1625013","QBUZZ:z090|1625014","QBUZZ:z090|1625015","QBUZZ:z090|1654972","QBUZZ:z090|1654974","QBUZZ:z361|1625053","QBUZZ:z361|1625054","QBUZZ:z361|1625055","QBUZZ:z361|1625056","QBUZZ:z361|1655026","QBUZZ:z361|1655027","QBUZZ:z361|1655028","QBUZZ:z361|1655029"],"representative_variant_id":"QBUZZ:z090|1625014","length_m":645.7}},{"type":"Feature","geometry":{"type":"LineString","coordinates":[[4.499484670894839,52.23398792939164],[4.500159,52.234639],[4.500708,52.235002],[4.506303,52.237813],[4.506535,52.237949],[4.50646887591713,52.23815979794111]]},"properties":{"edge_id":"edge/517ab8d3a59d","stop_a":"stop/voorhout-jacoba-van-beierenweg__378b313a9f","stop_b":"stop/voorhout-soldaatje__4e996c85f2","stop_a_name":"Voorhout, Jacoba van Beierenweg","stop_b_name":"Voorhout, Soldaatje","num_lines":1,"line_ids":["QBUZZ:z090"],"line_refs":["90"],"lines":[{"line_id":"QBUZZ:z090","line_ref":"90","line_name":"Sassenheim - Noordwijkerhout - Wassenaar","agency_id":"QBUZZ"}],"variant_ids":["QBUZZ:z090|1625012","QBUZZ:z090|1625013","QBUZZ:z090|1625014","QBUZZ:z090|1625015","QBUZZ:z090|1654972","QBUZZ:z090|1654974"],"representative_variant_id":"QBUZZ:z090|1625014","length_m":679.3}},{"type":"Feature","geometry":{"type":"LineString","coordinates":[[4.490950683611894,52.221525902387235],[4.490298,52.221999],[4.490195,52.222762],[4.490074,52.22295],[4.488976,52.223678],[4.488626,52.22364],[4.487916,52.223275],[4.487623,52.2233],[4.486628,52.223993],[4.486098,52.224133],[4.48611,52.224286],[4.485975,52.224428],[4.485056,52.225006],[4.484992,52.225293],[4.484588666632144,52.225605125535076]]},"properties":{"edge_id":"edge/ee0383a3ba65","stop_a":"stop/voorhout-oosthoutlaan__71fab43d73","stop_b":"stop/voorhout-station__9c1e4dd03e","stop_a_name":"Voorhout, Oosthoutlaan","stop_b_name":"Voorhout, Station","num_lines":3,"line_ids":["QBUZZ:z054","QBUZZ:z090","QBUZZ:z361"],"line_refs":["54","90","361"],"lines":[{"line_id":"QBUZZ:z054","line_ref":"54","line_name":"Voorhout - Leiden - De Vink","agency_id":"QBUZZ"},{"line_id":"QBUZZ:z090","line_ref":"90","line_name":"Sassenheim - Noordwijkerhout - Wassenaar","agency_id":"QBUZZ"},{"line_id":"QBUZZ:z361","line_ref":"361","line_name":"Noordwijk - Sassenheim - Lisse - Schiphol","agency_id":"QBUZZ"}],"variant_ids":["QBUZZ:z054|1578417","QBUZZ:z054|1578418","QBUZZ:z054|1578419","QBUZZ:z054|1578421","QBUZZ:z090|1625012","QBUZZ:z090|1625013","QBUZZ:z090|1625014","QBUZZ:z090|1625015","QBUZZ:z090|1654972","QBUZZ:z090|1654974","QBUZZ:z361|1625053","QBUZZ:z361|1625054","QBUZZ:z361|1625055","QBUZZ:z361|1625056","QBUZZ:z361|1655026","QBUZZ:z361|1655027","QBUZZ:z361|1655028","QBUZZ:z361|1655029"],"representative_variant_id":"QBUZZ:z054|1578417","length_m":737.6}},{"type":"Feature","geometry":{"type":"LineString","coordinates":[[4.44964974733792,52.13102571074738],[4.451625,52.132372],[4.4525950885405425,52.132912930675886]]},"properties":{"edge_id":"edge/2d7ff8af579b","stop_a":"stop/voorschoten-bachlaan__7431fb2b0e","stop_b":"stop/voorschoten-beethovenlaan__ba06cc28fd","stop_a_name":"Voorschoten, Bachlaan","stop_b_name":"Voorschoten, Beethovenlaan","num_lines":1,"line_ids":["QBUZZ:z095"],"line_refs":["5"],"lines":[{"line_id":"QBUZZ:z095","line_ref":"5","line_name":"Leiden: Leiden - Voorschoten","agency_id":"QBUZZ"}],"variant_ids":["QBUZZ:z095|1578477","QBUZZ:z095|1578478"],"representative_variant_id":"QBUZZ:z095|1578478","length_m":290.9}},{"type":"Feature","geometry":{"type":"LineString","coordinates":[[4.44964974733792,52.13102571074738],[4.449307,52.130789],[4.449324,52.130655],[4.451992,52.128824],[4.453162,52.129445],[4.455232479402011,52.12832677137319]]},"properties":{"edge_id":"edge/08c2b7dd5f42","stop_a":"stop/voorschoten-bachlaan__7431fb2b0e","stop_b":"stop/voorschoten-nieuw-voordorpstraat__b9ea9cdcd6","stop_a_name":"Voorschoten, Bachlaan","stop_b_name":"Voorschoten, Nieuw Voordorpstraat","num_lines":1,"line_ids":["QBUZZ:z095"],"line_refs":["5"],"lines":[{"line_id":"QBUZZ:z095","line_ref":"5","line_name":"Leiden: Leiden - Voorschoten","agency_id":"QBUZZ"}],"variant_ids":["QBUZZ:z095|1578477","QBUZZ:z095|1578478"],"representative_variant_id":"QBUZZ:z095|1578478","length_m":617.1}},{"type":"Feature","geometry":{"type":"LineString","coordinates":[[4.4525950885405425,52.132912930675886],[4.454192,52.133938],[4.45457,52.134022],[4.454668,52.134229],[4.455694830212554,52.13500065021807]]},"properties":{"edge_id":"edge/e35f6348ee39","stop_a":"stop/voorschoten-beethovenlaan__ba06cc28fd","stop_b":"stop/voorschoten-schubertplantsoen__ad86e8e8cd","stop_a_name":"Voorschoten, Beethovenlaan","stop_b_name":"Voorschoten, Schubertplantsoen","num_lines":1,"line_ids":["QBUZZ:z095"],"line_refs":["5"],"lines":[{"line_id":"QBUZZ:z095","line_ref":"5","line_name":"Leiden: Leiden - Voorschoten","agency_id":"QBUZZ"}],"variant_ids":["QBUZZ:z095|1578477","QBUZZ:z095|1578478"],"representative_variant_id":"QBUZZ:z095|1578478","length_m":319.9}},{"type":"Feature","geometry":{"type":"LineString","coordinates":[[4.448003955632317,52.12705527454114],[4.448763,52.126776],[4.44904,52.126787],[4.449155,52.126887],[4.449049,52.127057],[4.449525,52.127366],[4.451213,52.128324],[4.453526,52.129492],[4.456125243088769,52.13104250971374]]},"properties":{"edge_id":"edge/6b0d64ef4ba4","stop_a":"stop/voorschoten-centrum__e533db6ab9","stop_b":"stop/voorschoten-krimwijk__9e12fdb439","stop_a_name":"Voorschoten, Centrum","stop_b_name":"Voorschoten, Krimwijk","num_lines":1,"line_ids":["EBS:3045"],"line_refs":["45"],"lines":[{"line_id":"EBS:3045","line_ref":"45","line_name":"Den Haag Centraal via Leidschendam - Leiden","agency_id":"EBS"}],"variant_ids":["EBS:3045|1478709","EBS:3045|1478710"],"representative_variant_id":"EBS:3045|1478709","length_m":769.3}},{"type":"Feature","geometry":{"type":"LineString","coordinates":[[4.448109467126944,52.12710831557131],[4.447469,52.127215],[4.447077,52.127095],[4.445495,52.125914],[4.44457,52.124783],[4.443909,52.124976],[4.438461,52.127062],[4.438018,52.127292],[4.437269,52.12752],[4.437037,52.127401],[4.437215,52.127277],[4.437131,52.127105],[4.435271907732576,52.126205408482086]]},"properties":{"edge_id":"edge/ed4b8eca4a3d","stop_a":"stop/voorschoten-centrum__e533db6ab9","stop_b":"stop/voorschoten-station__cec21267cf","stop_a_name":"Voorschoten, Centrum","stop_b_name":"Voorschoten, Station","num_lines":1,"line_ids":["QBUZZ:z095"],"line_refs":["5"],"lines":[{"line_id":"QBUZZ:z095","line_ref":"5","line_name":"Leiden: Leiden - Voorschoten","agency_id":"QBUZZ"}],"variant_ids":["QBUZZ:z095|1578477","QBUZZ:z095|1578478"],"representative_variant_id":"QBUZZ:z095|1578477","length_m":1191.5}},{"type":"Feature","geometry":{"type":"LineString","coordinates":[[4.448109467126944,52.12710831557131],[4.448627,52.126982],[4.448875,52.127038],[4.449022,52.126994],[4.449025,52.126823],[4.449292,52.12661],[4.451609,52.125459],[4.452877,52.124921],[4.45311,52.124932],[4.454454494583227,52.12589668341234]]},"properties":{"edge_id":"edge/96ac72628d46","stop_a":"stop/voorschoten-centrum__e533db6ab9","stop_b":"stop/voorschoten-vlietwijk__7519867dd2","stop_a_name":"Voorschoten, Centrum","stop_b_name":"Voorschoten, Vlietwijk","num_lines":1,"line_ids":["QBUZZ:z095"],"line_refs":["5"],"lines":[{"line_id":"QBUZZ:z095","line_ref":"5","line_name":"Leiden: Leiden - Voorschoten","agency_id":"QBUZZ"}],"variant_ids":["QBUZZ:z095|1578477","QBUZZ:z095|1578478"],"representative_variant_id":"QBUZZ:z095|1578477","length_m":581.9}},{"type":"Feature","geometry":{"type":"LineString","coordinates":[[4.448003955632317,52.12705527454114],[4.447602,52.127135],[4.447282,52.127079],[4.445843,52.126061],[4.445143,52.125318],[4.44435,52.124143],[4.443264,52.123002],[4.442682844310094,52.12253973776425]]},"properties":{"edge_id":"edge/3e24d6ff95c2","stop_a":"stop/voorschoten-centrum__e533db6ab9","stop_b":"stop/voorschoten-voorstraat__9c9815a9f2","stop_a_name":"Voorschoten, Centrum","stop_b_name":"Voorschoten, Voorstraat","num_lines":1,"line_ids":["EBS:3045"],"line_refs":["45"],"lines":[{"line_id":"EBS:3045","line_ref":"45","line_name":"Den Haag Centraal via Leidschendam - Leiden","agency_id":"EBS"}],"variant_ids":["EBS:3045|1478709","EBS:3045|1478710"],"representative_variant_id":"EBS:3045|1478709","length_m":650.2}},{"type":"Feature","geometry":{"type":"LineString","coordinates":[[4.43518074646186,52.1233365911456],[4.432767,52.12085],[4.432916,52.120681],[4.433880383775208,52.12026931722827]]},"properties":{"edge_id":"edge/f5122c16bd57","stop_a":"stop/voorschoten-foreschate__61779088e0","stop_b":"stop/voorschoten-jan-van-hooflaan__6bf42359a1","stop_a_name":"Voorschoten, Foreschate","stop_b_name":"Voorschoten, Jan van Hooflaan","num_lines":2,"line_ids":["EBS:3046","QBUZZ:z095"],"line_refs":["5","46"],"lines":[{"line_id":"EBS:3046","line_ref":"46","line_name":"Den Haag Centraal via Voorschoten - Wassenaar","agency_id":"EBS"},{"line_id":"QBUZZ:z095","line_ref":"5","line_name":"Leiden: Leiden - Voorschoten","agency_id":"QBUZZ"}],"variant_ids":["EBS:3046|1478711","EBS:3046|1478712","QBUZZ:z095|1578477","QBUZZ:z095|1578478"],"representative_variant_id":"EBS:3046|1478711","length_m":423.4}},{"type":"Feature","geometry":{"type":"LineString","coordinates":[[4.435128429674447,52.123343148372236],[4.43509,52.123503],[4.434175,52.123981],[4.433506,52.124523],[4.433459,52.124667],[4.433542,52.124883],[4.4339,52.125219],[4.435169141104037,52.12618239669449]]},"properties":{"edge_id":"edge/3aa64ab20891","stop_a":"stop/voorschoten-foreschate__61779088e0","stop_b":"stop/voorschoten-station__cec21267cf","stop_a_name":"Voorschoten, Foreschate","stop_b_name":"Voorschoten, Station","num_lines":2,"line_ids":["EBS:3046","QBUZZ:z095"],"line_refs":["5","46"],"lines":[{"line_id":"EBS:3046","line_ref":"46","line_name":"Den Haag Centraal via Voorschoten - Wassenaar","agency_id":"EBS"},{"line_id":"QBUZZ:z095","line_ref":"5","line_name":"Leiden: Leiden - Voorschoten","agency_id":"QBUZZ"}],"variant_ids":["EBS:3046|1478711","EBS:3046|1478712","QBUZZ:z095|1578477","QBUZZ:z095|1578478"],"representative_variant_id":"EBS:3046|1478712","length_m":399.0}},{"type":"Feature","geometry":{"type":"LineString","coordinates":[[4.4342030263123755,52.115298715216035],[4.43714612057588,52.11811135628179]]},"properties":{"edge_id":"edge/5290b43f0618","stop_a":"stop/voorschoten-gouden-leeuw__8c11f781ae","stop_b":"stop/voorschoten-karel-doormanlaan__b7b58f472c","stop_a_name":"Voorschoten, Gouden Leeuw","stop_b_name":"Voorschoten, Karel Doormanlaan","num_lines":2,"line_ids":["EBS:3045","EBS:3046"],"line_refs":["45","46"],"lines":[{"line_id":"EBS:3045","line_ref":"45","line_name":"Den Haag Centraal via Leidschendam - Leiden","agency_id":"EBS"},{"line_id":"EBS:3046","line_ref":"46","line_name":"Den Haag Centraal via Voorschoten - Wassenaar","agency_id":"EBS"}],"variant_ids":["EBS:3045|1478709","EBS:3045|1478710","EBS:3046|1478711","EBS:3046|1478712"],"representative_variant_id":"EBS:3045|1478710","length_m":371.7}},{"type":"Feature","geometry":{"type":"LineString","coordinates":[[4.4342030263123755,52.115298715216035],[4.432728,52.113803],[4.430126,52.111885],[4.428260683024556,52.1100282392216]]},"properties":{"edge_id":"edge/59bc2ad47dc8","stop_a":"stop/voorschoten-gouden-leeuw__8c11f781ae","stop_b":"stop/voorschoten-kniplaan__5fc58b2419","stop_a_name":"Voorschoten, Gouden Leeuw","stop_b_name":"Voorschoten, Kniplaan","num_lines":2,"line_ids":["EBS:3045","EBS:3046"],"line_refs":["45","46"],"lines":[{"line_id":"EBS:3045","line_ref":"45","line_name":"Den Haag Centraal via Leidschendam - Leiden","agency_id":"EBS"},{"line_id":"EBS:3046","line_ref":"46","line_name":"Den Haag Centraal via Voorschoten - Wassenaar","agency_id":"EBS"}],"variant_ids":["EBS:3045|1478709","EBS:3045|1478710","EBS:3046|1478711","EBS:3046|1478712"],"representative_variant_id":"EBS:3045|1478710","length_m":714.6}},{"type":"Feature","geometry":{"type":"LineString","coordinates":[[4.460284672609045,52.14367034733372],[4.460802,52.142044],[4.461156,52.139773],[4.461057742230711,52.139271320426424]]},"properties":{"edge_id":"edge/4f4aaa5e585b","stop_a":"stop/voorschoten-jan-evertsenlaan__ad2a8c46e9","stop_b":"stop/voorschoten-piet-heinlaan__e4ba1973e7","stop_a_name":"Voorschoten, Jan Evertsenlaan","stop_b_name":"Voorschoten, Piet Heinlaan","num_lines":1,"line_ids":["QBUZZ:z095"],"line_refs":["5"],"lines":[{"line_id":"QBUZZ:z095","line_ref":"5","line_name":"Leiden: Leiden - Voorschoten","agency_id":"QBUZZ"}],"variant_ids":["QBUZZ:z095|1578477","QBUZZ:z095|1578478"],"representative_variant_id":"QBUZZ:z095|1578478","length_m":494.1}},{"type":"Feature","geometry":{"type":"LineString","coordinates":[[4.460139615728065,52.14364896903358],[4.459825,52.144733],[4.460028,52.145516],[4.460125,52.145778],[4.460868762960481,52.145742145492804]]},"properties":{"edge_id":"edge/7c9a5c223830","stop_a":"stop/voorschoten-jan-evertsenlaan__ad2a8c46e9","stop_b":"stop/voorschoten-trompweg__ae9cbb8740","stop_a_name":"Voorschoten, Jan Evertsenlaan","stop_b_name":"Voorschoten, Trompweg","num_lines":1,"line_ids":["QBUZZ:z095"],"line_refs":["5"],"lines":[{"line_id":"QBUZZ:z095","line_ref":"5","line_name":"Leiden: Leiden - Voorschoten","agency_id":"QBUZZ"}],"variant_ids":["QBUZZ:z095|1578477","QBUZZ:z095|1578478"],"representative_variant_id":"QBUZZ:z095|1578477","length_m":291.4}},{"type":"Feature","geometry":{"type":"LineString","coordinates":[[4.433880383775208,52.12026931722827],[4.437999,52.118582],[4.437332670311857,52.1180244282548]]},"properties":{"edge_id":"edge/2073a0e5e4ee","stop_a":"stop/voorschoten-jan-van-hooflaan__6bf42359a1","stop_b":"stop/voorschoten-karel-doormanlaan__b7b58f472c","stop_a_name":"Voorschoten, Jan van Hooflaan","stop_b_name":"Voorschoten, Karel Doormanlaan","num_lines":1,"line_ids":["EBS:3046"],"line_refs":["46"],"lines":[{"line_id":"EBS:3046","line_ref":"46","line_name":"Den Haag Centraal via Voorschoten - Wassenaar","agency_id":"EBS"}],"variant_ids":["EBS:3046|1478711","EBS:3046|1478712"],"representative_variant_id":"EBS:3046|1478711","length_m":414.9}},{"type":"Feature","geometry":{"type":"LineString","coordinates":[[4.43383567171612,52.12026322349201],[4.436881,52.11896],[4.438647,52.118336],[4.43976,52.118165],[4.441460761136218,52.11740595951305]]},"properties":{"edge_id":"edge/2294397204b4","stop_a":"stop/voorschoten-jan-van-hooflaan__6bf42359a1","stop_b":"stop/voorschoten-zuiderzichtlaan__aa0fc08554","stop_a_name":"Voorschoten, Jan van Hooflaan","stop_b_name":"Voorschoten, Zuiderzichtlaan","num_lines":1,"line_ids":["QBUZZ:z095"],"line_refs":["5"],"lines":[{"line_id":"QBUZZ:z095","line_ref":"5","line_name":"Leiden: Leiden - Voorschoten","agency_id":"QBUZZ"}],"variant_ids":["QBUZZ:z095|1578477","QBUZZ:z095|1578478"],"representative_variant_id":"QBUZZ:z095|1578478","length_m":614.4}},{"type":"Feature","geometry":{"type":"LineString","coordinates":[[4.437323961026678,52.11801886398926],[4.442682844310094,52.12253973776425]]},"properties":{"edge_id":"edge/8d29361707eb","stop_a":"stop/voorschoten-karel-doormanlaan__b7b58f472c","stop_b":"stop/voorschoten-voorstraat__9c9815a9f2","stop_a_name":"Voorschoten, Karel Doormanlaan","stop_b_name":"Voorschoten, Voorstraat","num_lines":1,"line_ids":["EBS:3045"],"line_refs":["45"],"lines":[{"line_id":"EBS:3045","line_ref":"45","line_name":"Den Haag Centraal via Leidschendam - Leiden","agency_id":"EBS"}],"variant_ids":["EBS:3045|1478709","EBS:3045|1478710"],"representative_variant_id":"EBS:3045|1478709","length_m":621.7}},{"type":"Feature","geometry":{"type":"LineString","coordinates":[[4.456125243088769,52.13104250971374],[4.461742,52.133332],[4.463449385952841,52.13393754528919]]},"properties":{"edge_id":"edge/7664810e7511","stop_a":"stop/voorschoten-krimwijk__9e12fdb439","stop_b":"stop/voorschoten-zilverfabriek__4e531d7d43","stop_a_name":"Voorschoten, Krimwijk","stop_b_name":"Voorschoten, Zilverfabriek","num_lines":1,"line_ids":["EBS:3045"],"line_refs":["45"],"lines":[{"line_id":"EBS:3045","line_ref":"45","line_name":"Den Haag Centraal via Leidschendam - Leiden","agency_id":"EBS"}],"variant_ids":["EBS:3045|1478709","EBS:3045|1478710"],"representative_variant_id":"EBS:3045|1478709","length_m":594.8}},{"type":"Feature","geometry":{"type":"LineString","coordinates":[[4.45523224176309,52.128326875523584],[4.456439,52.127754],[4.456126,52.127365],[4.454454494583227,52.12589668341234]]},"properties":{"edge_id":"edge/65f2cd7833a3","stop_a":"stop/voorschoten-nieuw-voordorpstraat__b9ea9cdcd6","stop_b":"stop/voorschoten-vlietwijk__7519867dd2","stop_a_name":"Voorschoten, Nieuw Voordorpstraat","stop_b_name":"Voorschoten, Vlietwijk","num_lines":1,"line_ids":["QBUZZ:z095"],"line_refs":["5"],"lines":[{"line_id":"QBUZZ:z095","line_ref":"5","line_name":"Leiden: Leiden - Voorschoten","agency_id":"QBUZZ"}],"variant_ids":["QBUZZ:z095|1578477","QBUZZ:z095|1578478"],"representative_variant_id":"QBUZZ:z095|1578477","length_m":351.6}},{"type":"Feature","geometry":{"type":"LineString","coordinates":[[4.461057742230711,52.139271320426424],[4.46071,52.138699],[4.45879,52.136932],[4.458099,52.136432],[4.455694830212554,52.13500065021807]]},"properties":{"edge_id":"edge/7317a5e68d8c","stop_a":"stop/voorschoten-piet-heinlaan__e4ba1973e7","stop_b":"stop/voorschoten-schubertplantsoen__ad86e8e8cd","stop_a_name":"Voorschoten, Piet Heinlaan","stop_b_name":"Voorschoten, Schubertplantsoen","num_lines":1,"line_ids":["QBUZZ:z095"],"line_refs":["5"],"lines":[{"line_id":"QBUZZ:z095","line_ref":"5","line_name":"Leiden: Leiden - Voorschoten","agency_id":"QBUZZ"}],"variant_ids":["QBUZZ:z095|1578477","QBUZZ:z095|1578478"],"representative_variant_id":"QBUZZ:z095|1578478","length_m":605.6}},{"type":"Feature","geometry":{"type":"LineString","coordinates":[[4.447166,52.115222],[4.447269,52.115178],[4.447442,52.115296],[4.44685,52.115696],[4.446703,52.115713],[4.443173,52.117653],[4.442777,52.117722],[4.44253,52.117648],[4.441971,52.117185],[4.441460761136218,52.11740595951305]]},"properties":{"edge_id":"edge/48350d1a69d8","stop_a":"stop/voorschoten-starrenburg__cf9cfdaead","stop_b":"stop/voorschoten-zuiderzichtlaan__aa0fc08554","stop_a_name":"Voorschoten, Starrenburg","stop_b_name":"Voorschoten, Zuiderzichtlaan","num_lines":1,"line_ids":["QBUZZ:z095"],"line_refs":["5"],"lines":[{"line_id":"QBUZZ:z095","line_ref":"5","line_name":"Leiden: Leiden - Voorschoten","agency_id":"QBUZZ"}],"variant_ids":["QBUZZ:z095|1578477","QBUZZ:z095|1578478"],"representative_variant_id":"QBUZZ:z095|1578478","length_m":573.6}},{"type":"Feature","geometry":{"type":"LineString","coordinates":[[4.43520465563068,52.12615736854386],[4.437146,52.127079],[4.43726,52.12725],[4.437506,52.127324],[4.437459,52.127504],[4.437137,52.127537],[4.436616,52.127299],[4.435911,52.126781],[4.43542,52.126534],[4.434575,52.126447],[4.433958,52.126594],[4.433382,52.126922],[4.432518,52.127706],[4.430137,52.12908],[4.426632,52.130445],[4.425214,52.13117],[4.423416,52.131947],[4.418716,52.133805],[4.413612605510983,52.13630262987411]]},"properties":{"edge_id":"edge/bace570114f8","stop_a":"stop/voorschoten-station__cec21267cf","stop_b":"stop/wassenaar-raaphorst__6b1369331a","stop_a_name":"Voorschoten, Station","stop_b_name":"Wassenaar, Raaphorst","num_lines":1,"line_ids":["EBS:3046"],"line_refs":["46"],"lines":[{"line_id":"EBS:3046","line_ref":"46","line_name":"Den Haag Centraal via Voorschoten - Wassenaar","agency_id":"EBS"}],"variant_ids":["EBS:3046|1478711","EBS:3046|1478712"],"representative_variant_id":"EBS:3046|1478711","length_m":2284.1}},{"type":"Feature","geometry":{"type":"LineString","coordinates":[[4.783478664649401,52.21558776539621],[4.782846,52.219229],[4.782707,52.220828],[4.782756,52.221547],[4.783212,52.223527],[4.783676063109185,52.227601378655116]]},"properties":{"edge_id":"edge/78592ad025b2","stop_a":"stop/vrouwenakker-blokland__34d28aa286","stop_b":"stop/vrouwenakker-vrouwenakker-8__57e74d9318","stop_a_name":"Vrouwenakker, Blokland","stop_b_name":"Vrouwenakker, Vrouwenakker 8","num_lines":1,"line_ids":["QBUZZ:z147"],"line_refs":["147"],"lines":[{"line_id":"QBUZZ:z147","line_ref":"147","line_name":"Alphen a/d Rijn - Uithoorn","agency_id":"QBUZZ"}],"variant_ids":["QBUZZ:z147|1625022","QBUZZ:z147|1625026"],"representative_variant_id":"QBUZZ:z147|1625026","length_m":1341.7}},{"type":"Feature","geometry":{"type":"LineString","coordinates":[[4.50407162495605,52.19807385593982],[4.503269,52.197459],[4.50221,52.196238],[4.501448,52.195603],[4.500479,52.19503],[4.499812967489137,52.194322454464185]]},"properties":{"edge_id":"edge/3218f4bb5a0a","stop_a":"stop/warmond-de-baan__3722a157a5","stop_b":"stop/warmond-sweilandstraat__d39b7c7897","stop_a_name":"Warmond, De Baan","stop_b_name":"Warmond, Sweilandstraat","num_lines":1,"line_ids":["QBUZZ:z050"],"line_refs":["50"],"lines":[{"line_id":"QBUZZ:z050","line_ref":"50","line_name":"Lisse - Warmond - Leiden","agency_id":"QBUZZ"}],"variant_ids":["QBUZZ:z050|1578414","QBUZZ:z050|1578415"],"representative_variant_id":"QBUZZ:z050|1578414","length_m":511.6}},{"type":"Feature","geometry":{"type":"LineString","coordinates":[[4.504072041451897,52.19807413120178],[4.504928,52.198631],[4.505126,52.198938],[4.505385183632051,52.20115319303338]]},"properties":{"edge_id":"edge/6d8decd8deb8","stop_a":"stop/warmond-de-baan__3722a157a5","stop_b":"stop/warmond-warmundastraat__b85fbfd56d","stop_a_name":"Warmond, De Baan","stop_b_name":"Warmond, Warmundastraat","num_lines":1,"line_ids":["QBUZZ:z050"],"line_refs":["50"],"lines":[{"line_id":"QBUZZ:z050","line_ref":"50","line_name":"Lisse - Warmond - Leiden","agency_id":"QBUZZ"}],"variant_ids":["QBUZZ:z050|1578414","QBUZZ:z050|1578415"],"representative_variant_id":"QBUZZ:z050|1578415","length_m":368.7}},{"type":"Feature","geometry":{"type":"LineString","coordinates":[[4.494644037278394,52.19113279002835],[4.495827,52.192136],[4.497037,52.192352],[4.497573,52.192608],[4.499248,52.193708],[4.499812967489137,52.194322454464185]]},"properties":{"edge_id":"edge/4dcf8174f63b","stop_a":"stop/warmond-lommerlustlaan__147854159c","stop_b":"stop/warmond-sweilandstraat__d39b7c7897","stop_a_name":"Warmond, Lommerlustlaan","stop_b_name":"Warmond, Sweilandstraat","num_lines":1,"line_ids":["QBUZZ:z050"],"line_refs":["50"],"lines":[{"line_id":"QBUZZ:z050","line_ref":"50","line_name":"Lisse - Warmond - Leiden","agency_id":"QBUZZ"}],"variant_ids":["QBUZZ:z050|1578414","QBUZZ:z050|1578415"],"representative_variant_id":"QBUZZ:z050|1578414","length_m":515.6}},{"type":"Feature","geometry":{"type":"LineString","coordinates":[[4.50984735273045,52.21095596935428],[4.510987,52.210361],[4.511506,52.209979],[4.511615,52.209692],[4.5114746318613035,52.20871949243164]]},"properties":{"edge_id":"edge/c41dcafc0396","stop_a":"stop/warmond-viaduct__2cf23d483d","stop_b":"stop/warmond-wasbeeklaan__f98599f375","stop_a_name":"Warmond, Viaduct","stop_b_name":"Warmond, Wasbeeklaan","num_lines":1,"line_ids":["QBUZZ:z050"],"line_refs":["50"],"lines":[{"line_id":"QBUZZ:z050","line_ref":"50","line_name":"Lisse - Warmond - Leiden","agency_id":"QBUZZ"}],"variant_ids":["QBUZZ:z050|1578414","QBUZZ:z050|1578415"],"representative_variant_id":"QBUZZ:z050|1578415","length_m":298.6}},{"type":"Feature","geometry":{"type":"LineString","coordinates":[[4.505385183632051,52.20115319303338],[4.505452,52.201718],[4.505791,52.202296],[4.510806,52.206917],[4.511201,52.207657],[4.5114746318613035,52.20871949243164]]},"properties":{"edge_id":"edge/bc0bc698a6f7","stop_a":"stop/warmond-warmundastraat__b85fbfd56d","stop_b":"stop/warmond-wasbeeklaan__f98599f375","stop_a_name":"Warmond, Warmundastraat","stop_b_name":"Warmond, Wasbeeklaan","num_lines":1,"line_ids":["QBUZZ:z050"],"line_refs":["50"],"lines":[{"line_id":"QBUZZ:z050","line_ref":"50","line_name":"Lisse - Warmond - Leiden","agency_id":"QBUZZ"}],"variant_ids":["QBUZZ:z050|1578414","QBUZZ:z050|1578415"],"representative_variant_id":"QBUZZ:z050|1578415","length_m":954.5}},{"type":"Feature","geometry":{"type":"LineString","coordinates":[[4.38929156486585,52.13353712248246],[4.392873,52.135954],[4.393293132612162,52.136399755550485]]},"properties":{"edge_id":"edge/160450a2a470","stop_a":"stop/wassenaar-admiraal-helfrichlaan__43a305120d","stop_b":"stop/wassenaar-jonkerlaan__32e21d341a","stop_a_name":"Wassenaar, Admiraal Helfrichlaan","stop_b_name":"Wassenaar, Jonkerlaan","num_lines":2,"line_ids":["EBS:3043","EBS:3044"],"line_refs":["43","44"],"lines":[{"line_id":"EBS:3043","line_ref":"43","line_name":"Den Haag Centraal via Wassenaar - Leiden Centraal","agency_id":"EBS"},{"line_id":"EBS:3044","line_ref":"44","line_name":"Den Haag Centraal - Wassenaar","agency_id":"EBS"}],"variant_ids":["EBS:3043|1478702","EBS:3043|1478703","EBS:3043|1478705","EBS:3043|1478706","EBS:3044|1478707","EBS:3044|1478708"],"representative_variant_id":"EBS:3043|1478702","length_m":420.5}},{"type":"Feature","geometry":{"type":"LineString","coordinates":[[4.38920035039741,52.1335884954305],[4.385215,52.130918],[4.382902,52.131788],[4.38206273452757,52.131871379750265]]},"properties":{"edge_id":"edge/c05d44e1ba9c","stop_a":"stop/wassenaar-admiraal-helfrichlaan__43a305120d","stop_b":"stop/wassenaar-papegaaienlaan__293e889bfc","stop_a_name":"Wassenaar, Admiraal Helfrichlaan","stop_b_name":"Wassenaar, Papegaaienlaan","num_lines":2,"line_ids":["EBS:3043","EBS:3044"],"line_refs":["43","44"],"lines":[{"line_id":"EBS:3043","line_ref":"43","line_name":"Den Haag Centraal via Wassenaar - Leiden Centraal","agency_id":"EBS"},{"line_id":"EBS:3044","line_ref":"44","line_name":"Den Haag Centraal - Wassenaar","agency_id":"EBS"}],"variant_ids":["EBS:3043|1478702","EBS:3043|1478703","EBS:3043|1478705","EBS:3043|1478706","EBS:3044|1478707","EBS:3044|1478708"],"representative_variant_id":"EBS:3043|1478705","length_m":645.9}},{"type":"Feature","geometry":{"type":"LineString","coordinates":[[4.423941088669881,52.147744518098065],[4.424922,52.14812],[4.426244,52.147107],[4.429062,52.148559],[4.430283925940034,52.14907841181045]]},"properties":{"edge_id":"edge/8287f1975edd","stop_a":"stop/wassenaar-ammonslaantje__b258bb867f","stop_b":"stop/wassenaar-maaldrift__f8bdca84ce","stop_a_name":"Wassenaar, Ammonslaantje","stop_b_name":"Wassenaar, Maaldrift","num_lines":1,"line_ids":["EBS:3043"],"line_refs":["43"],"lines":[{"line_id":"EBS:3043","line_ref":"43","line_name":"Den Haag Centraal via Wassenaar - Leiden Centraal","agency_id":"EBS"}],"variant_ids":["EBS:3043|1478702","EBS:3043|1478704","EBS:3043|1478705"],"representative_variant_id":"EBS:3043|1478702","length_m":575.7}},{"type":"Feature","geometry":{"type":"LineString","coordinates":[[4.423912381773485,52.147794195557665],[4.420470139014873,52.14626998977521]]},"properties":{"edge_id":"edge/f35069dfa6df","stop_a":"stop/wassenaar-ammonslaantje__b258bb867f","stop_b":"stop/wassenaar-weyermanstraat__6342ed1d8d","stop_a_name":"Wassenaar, Ammonslaantje","stop_b_name":"Wassenaar, Weyermanstraat","num_lines":1,"line_ids":["EBS:3043"],"line_refs":["43"],"lines":[{"line_id":"EBS:3043","line_ref":"43","line_name":"Den Haag Centraal via Wassenaar - Leiden Centraal","agency_id":"EBS"}],"variant_ids":["EBS:3043|1478702","EBS:3043|1478704","EBS:3043|1478705"],"representative_variant_id":"EBS:3043|1478704","length_m":289.6}},{"type":"Feature","geometry":{"type":"LineString","coordinates":[[4.3604175701621095,52.114374248923006],[4.366638,52.117456],[4.367055,52.117738],[4.367096889724268,52.11789312179567]]},"properties":{"edge_id":"edge/053f5698ec5a","stop_a":"stop/wassenaar-beukenhorstlaan__011eb0f09d","stop_b":"stop/wassenaar-stoeplaan__5ff7b68a24","stop_a_name":"Wassenaar, Beukenhorstlaan","stop_b_name":"Wassenaar, Stoeplaan","num_lines":2,"line_ids":["EBS:3043","EBS:3044"],"line_refs":["43","44"],"lines":[{"line_id":"EBS:3043","line_ref":"43","line_name":"Den Haag Centraal via Wassenaar - Leiden Centraal","agency_id":"EBS"},{"line_id":"EBS:3044","line_ref":"44","line_name":"Den Haag Centraal - Wassenaar","agency_id":"EBS"}],"variant_ids":["EBS:3043|1478702","EBS:3043|1478703","EBS:3043|1478705","EBS:3043|1478706","EBS:3044|1478707","EBS:3044|1478708"],"representative_variant_id":"EBS:3043|1478705","length_m":605.6}},{"type":"Feature","geometry":{"type":"LineString","coordinates":[[4.3604175701621095,52.114374248923006],[4.357008,52.112698],[4.3531340654839665,52.11061011839273]]},"properties":{"edge_id":"edge/0c74059e6df5","stop_a":"stop/wassenaar-beukenhorstlaan__011eb0f09d","stop_b":"stop/wassenaar-wittenburgerweg__14f7a5f6a1","stop_a_name":"Wassenaar, Beukenhorstlaan","stop_b_name":"Wassenaar, Wittenburgerweg","num_lines":2,"line_ids":["EBS:3043","EBS:3044"],"line_refs":["43","44"],"lines":[{"line_id":"EBS:3043","line_ref":"43","line_name":"Den Haag Centraal via Wassenaar - Leiden Centraal","agency_id":"EBS"},{"line_id":"EBS:3044","line_ref":"44","line_name":"Den Haag Centraal - Wassenaar","agency_id":"EBS"}],"variant_ids":["EBS:3043|1478702","EBS:3043|1478703","EBS:3043|1478705","EBS:3043|1478706","EBS:3044|1478707","EBS:3044|1478708"],"representative_variant_id":"EBS:3043|1478705","length_m":650.2}},{"type":"Feature","geometry":{"type":"LineString","coordinates":[[4.388982951426069,52.15670887787234],[4.388399,52.155745],[4.387697,52.155119],[4.387089,52.154862],[4.385651,52.154445],[4.385185,52.154396],[4.384862,52.154474],[4.384718,52.154383],[4.38472,52.154266],[4.384868,52.154178],[4.385056,52.153631],[4.386627,52.152008],[4.390495,52.148913],[4.391289161701322,52.148481902979206]]},"properties":{"edge_id":"edge/ed6805ca395a","stop_a":"stop/wassenaar-bronckhorstlaan__42d5d48f42","stop_b":"stop/wassenaar-dr-mansveltkade-duinrell__b0cdf9dc22","stop_a_name":"Wassenaar, Bronckhorstlaan","stop_b_name":"Wassenaar, Dr. Mansveltkade/Duinrell","num_lines":1,"line_ids":["QBUZZ:z385"],"line_refs":["385"],"lines":[{"line_id":"QBUZZ:z385","line_ref":"385","line_name":"Noordwijk - Katwijk - Den Haag","agency_id":"QBUZZ"}],"variant_ids":["QBUZZ:z385|1625063","QBUZZ:z385|1625064","QBUZZ:z385|1655035","QBUZZ:z385|1655036","QBUZZ:z385|1655037","QBUZZ:z385|1655038"],"representative_variant_id":"QBUZZ:z385|1625064","length_m":1232.9}},{"type":"Feature","geometry":{"type":"LineString","coordinates":[[4.389006146806422,52.15674893109743],[4.388399,52.155745],[4.387697,52.155119],[4.387089,52.154862],[4.385651,52.154445],[4.385185,52.154396],[4.384862,52.154474],[4.384704,52.154329],[4.384868,52.154178],[4.385056,52.153631],[4.386627,52.152008],[4.390673,52.148789],[4.3904,52.148589],[4.389178,52.147023],[4.388896,52.145951],[4.388089,52.146106],[4.388314,52.14646200470388]]},"properties":{"edge_id":"edge/0b755a40dd5f","stop_a":"stop/wassenaar-bronckhorstlaan__42d5d48f42","stop_b":"stop/wassenaar-duinrell-hoofdingang__78cf1eba7d","stop_a_name":"Wassenaar, Bronckhorstlaan","stop_b_name":"Wassenaar, Duinrell Hoofdingang","num_lines":1,"line_ids":["QBUZZ:z090"],"line_refs":["90"],"lines":[{"line_id":"QBUZZ:z090","line_ref":"90","line_name":"Sassenheim - Noordwijkerhout - Wassenaar","agency_id":"QBUZZ"}],"variant_ids":["QBUZZ:z090|1625013","QBUZZ:z090|1625015","QBUZZ:z090|1625016","QBUZZ:z090|1654972","QBUZZ:z090|1654973","QBUZZ:z090|1654974"],"representative_variant_id":"QBUZZ:z090|1625013","length_m":1625.0}},{"type":"Feature","geometry":{"type":"LineString","coordinates":[[4.396073338832503,52.13901668179092],[4.393847,52.137499],[4.393207628318358,52.1364445305074]]},"properties":{"edge_id":"edge/bbdc8f4e4eb1","stop_a":"stop/wassenaar-burchtlaan__ccda1f2242","stop_b":"stop/wassenaar-jonkerlaan__32e21d341a","stop_a_name":"Wassenaar, Burchtlaan","stop_b_name":"Wassenaar, Jonkerlaan","num_lines":2,"line_ids":["EBS:3043","EBS:3044"],"line_refs":["43","44"],"lines":[{"line_id":"EBS:3043","line_ref":"43","line_name":"Den Haag Centraal via Wassenaar - Leiden Centraal","agency_id":"EBS"},{"line_id":"EBS:3044","line_ref":"44","line_name":"Den Haag Centraal - Wassenaar","agency_id":"EBS"}],"variant_ids":["EBS:3043|1478702","EBS:3043|1478703","EBS:3043|1478705","EBS:3043|1478706","EBS:3044|1478707","EBS:3044|1478708"],"representative_variant_id":"EBS:3043|1478706","length_m":352.2}},{"type":"Feature","geometry":{"type":"LineString","coordinates":[[4.396055460412405,52.13900479126283],[4.398149,52.14043],[4.39911,52.141264],[4.399135,52.141462],[4.399426,52.14151],[4.400043642593719,52.142072586906664]]},"properties":{"edge_id":"edge/8c317d2e5c4a","stop_a":"stop/wassenaar-burchtlaan__ccda1f2242","stop_b":"stop/wassenaar-van-oldenbarneveltweg__f59dc2b23f","stop_a_name":"Wassenaar, Burchtlaan","stop_b_name":"Wassenaar, van Oldenbarneveltweg","num_lines":2,"line_ids":["EBS:3043","EBS:3044"],"line_refs":["43","44"],"lines":[{"line_id":"EBS:3043","line_ref":"43","line_name":"Den Haag Centraal via Wassenaar - Leiden Centraal","agency_id":"EBS"},{"line_id":"EBS:3044","line_ref":"44","line_name":"Den Haag Centraal - Wassenaar","agency_id":"EBS"}],"variant_ids":["EBS:3043|1478702","EBS:3043|1478703","EBS:3043|1478705","EBS:3043|1478706","EBS:3044|1478707","EBS:3044|1478708"],"representative_variant_id":"EBS:3043|1478705","length_m":445.0}},{"type":"Feature","geometry":{"type":"LineString","coordinates":[[4.363600264015968,52.12268431584701],[4.364028,52.123653],[4.36737,52.12566],[4.368992993135842,52.12692569864759]]},"properties":{"edge_id":"edge/9d85854d7b6e","stop_a":"stop/wassenaar-de-kieviet__4b6f1bf37b","stop_b":"stop/wassenaar-nachtegaallaan__44308d3998","stop_a_name":"Wassenaar, De Kieviet","stop_b_name":"Wassenaar, Nachtegaallaan","num_lines":2,"line_ids":["EBS:3043","EBS:3044"],"line_refs":["43","44"],"lines":[{"line_id":"EBS:3043","line_ref":"43","line_name":"Den Haag Centraal via Wassenaar - Leiden Centraal","agency_id":"EBS"},{"line_id":"EBS:3044","line_ref":"44","line_name":"Den Haag Centraal - Wassenaar","agency_id":"EBS"}],"variant_ids":["EBS:3043|1478702","EBS:3043|1478703","EBS:3043|1478705","EBS:3043|1478706","EBS:3044|1478707","EBS:3044|1478708"],"representative_variant_id":"EBS:3043|1478705","length_m":609.9}},{"type":"Feature","geometry":{"type":"LineString","coordinates":[[4.363600264015968,52.12268431584701],[4.363258,52.121579],[4.363238,52.121148],[4.363377,52.120852],[4.365871,52.119067],[4.367085,52.118332],[4.36718,52.118009],[4.367096889724268,52.11789312179567]]},"properties":{"edge_id":"edge/cd71ad01b6d4","stop_a":"stop/wassenaar-de-kieviet__4b6f1bf37b","stop_b":"stop/wassenaar-stoeplaan__5ff7b68a24","stop_a_name":"Wassenaar, De Kieviet","stop_b_name":"Wassenaar, Stoeplaan","num_lines":2,"line_ids":["EBS:3043","EBS:3044"],"line_refs":["43","44"],"lines":[{"line_id":"EBS:3043","line_ref":"43","line_name":"Den Haag Centraal via Wassenaar - Leiden Centraal","agency_id":"EBS"},{"line_id":"EBS:3044","line_ref":"44","line_name":"Den Haag Centraal - Wassenaar","agency_id":"EBS"}],"variant_ids":["EBS:3043|1478702","EBS:3043|1478703","EBS:3043|1478705","EBS:3043|1478706","EBS:3044|1478707","EBS:3044|1478708"],"representative_variant_id":"EBS:3043|1478705","length_m":635.8}},{"type":"Feature","geometry":{"type":"LineString","coordinates":[[4.391255984861849,52.148469361814584],[4.390733,52.148735],[4.390516,52.148608],[4.389266,52.147042],[4.389114,52.146618],[4.388542,52.14673],[4.388344,52.14645]]},"properties":{"edge_id":"edge/6c757a7a2e6f","stop_a":"stop/wassenaar-dr-mansveltkade-duinrell__b0cdf9dc22","stop_b":"stop/wassenaar-duinrell-hoofdingang__78cf1eba7d","stop_a_name":"Wassenaar, Dr. Mansveltkade/Duinrell","stop_b_name":"Wassenaar, Duinrell Hoofdingang","num_lines":2,"line_ids":["EBS:3044","EBS:3046"],"line_refs":["44","46"],"lines":[{"line_id":"EBS:3044","line_ref":"44","line_name":"Den Haag Centraal - Wassenaar","agency_id":"EBS"},{"line_id":"EBS:3046","line_ref":"46","line_name":"Den Haag Centraal via Voorschoten - Wassenaar","agency_id":"EBS"}],"variant_ids":["EBS:3044|1478707","EBS:3044|1478708","EBS:3046|1478711","EBS:3046|1478712"],"representative_variant_id":"EBS:3044|1478708","length_m":383.9}},{"type":"Feature","geometry":{"type":"LineString","coordinates":[[4.391256753397069,52.14846897354419],[4.394087,52.147038],[4.39798408555454,52.144553237556785]]},"properties":{"edge_id":"edge/a0085713249d","stop_a":"stop/wassenaar-dr-mansveltkade-duinrell__b0cdf9dc22","stop_b":"stop/wassenaar-johan-de-wittstraat__5ba42f78dc","stop_a_name":"Wassenaar, Dr. Mansveltkade/Duinrell","stop_b_name":"Wassenaar, Johan de Wittstraat","num_lines":2,"line_ids":["EBS:3044","EBS:3046"],"line_refs":["44","46"],"lines":[{"line_id":"EBS:3044","line_ref":"44","line_name":"Den Haag Centraal - Wassenaar","agency_id":"EBS"},{"line_id":"EBS:3046","line_ref":"46","line_name":"Den Haag Centraal via Voorschoten - Wassenaar","agency_id":"EBS"}],"variant_ids":["EBS:3044|1478707","EBS:3044|1478708","EBS:3046|1478711","EBS:3046|1478712"],"representative_variant_id":"EBS:3046|1478712","length_m":633.7}},{"type":"Feature","geometry":{"type":"LineString","coordinates":[[4.391291854429301,52.14848264674358],[4.394204,52.147048],[4.399437,52.143649],[4.400897,52.143023],[4.401249,52.142954],[4.401267,52.142793],[4.401035,52.142719],[4.400313161971716,52.14211162124676]]},"properties":{"edge_id":"edge/4b3383dfd958","stop_a":"stop/wassenaar-dr-mansveltkade-duinrell__b0cdf9dc22","stop_b":"stop/wassenaar-van-oldenbarneveltweg__f59dc2b23f","stop_a_name":"Wassenaar, Dr. Mansveltkade/Duinrell","stop_b_name":"Wassenaar, van Oldenbarneveltweg","num_lines":1,"line_ids":["QBUZZ:z385"],"line_refs":["385"],"lines":[{"line_id":"QBUZZ:z385","line_ref":"385","line_name":"Noordwijk - Katwijk - Den Haag","agency_id":"QBUZZ"}],"variant_ids":["QBUZZ:z385|1625063","QBUZZ:z385|1625064","QBUZZ:z385|1655035","QBUZZ:z385|1655036","QBUZZ:z385|1655037","QBUZZ:z385|1655038"],"representative_variant_id":"QBUZZ:z385|1625063","length_m":1040.9}},{"type":"Feature","geometry":{"type":"LineString","coordinates":[[4.3770706315426295,52.11742898452521],[4.375195,52.116118],[4.371252003281347,52.113594991923215]]},"properties":{"edge_id":"edge/cb02f2d500ff","stop_a":"stop/wassenaar-houtlaan__5f099ebf18","stop_b":"stop/wassenaar-kerkehout__a1aba4cc9f","stop_a_name":"Wassenaar, Houtlaan","stop_b_name":"Wassenaar, Kerkehout","num_lines":1,"line_ids":["QBUZZ:z385"],"line_refs":["385"],"lines":[{"line_id":"QBUZZ:z385","line_ref":"385","line_name":"Noordwijk - Katwijk - Den Haag","agency_id":"QBUZZ"}],"variant_ids":["QBUZZ:z385|1625063","QBUZZ:z385|1625064","QBUZZ:z385|1655035","QBUZZ:z385|1655036","QBUZZ:z385|1655037","QBUZZ:z385|1655038"],"representative_variant_id":"QBUZZ:z385|1625064","length_m":582.9}},{"type":"Feature","geometry":{"type":"LineString","coordinates":[[4.3770706315426295,52.11742898452521],[4.380952,52.119826],[4.384338,52.12248],[4.385552821542416,52.1232318311354]]},"properties":{"edge_id":"edge/1eff972a2599","stop_a":"stop/wassenaar-houtlaan__5f099ebf18","stop_b":"stop/wassenaar-rust-en-vreugdlaan__5170423a77","stop_a_name":"Wassenaar, Houtlaan","stop_b_name":"Wassenaar, Rust en Vreugdlaan","num_lines":1,"line_ids":["QBUZZ:z385"],"line_refs":["385"],"lines":[{"line_id":"QBUZZ:z385","line_ref":"385","line_name":"Noordwijk - Katwijk - Den Haag","agency_id":"QBUZZ"}],"variant_ids":["QBUZZ:z385|1625063","QBUZZ:z385|1625064","QBUZZ:z385|1655035","QBUZZ:z385|1655036","QBUZZ:z385|1655037","QBUZZ:z385|1655038"],"representative_variant_id":"QBUZZ:z385|1625064","length_m":868.5}},{"type":"Feature","geometry":{"type":"LineString","coordinates":[[4.398838083469765,52.14547766593713],[4.399989,52.146449],[4.400236,52.146505],[4.400204,52.146631],[4.40343201490432,52.14952859186538]]},"properties":{"edge_id":"edge/475b33d37375","stop_a":"stop/wassenaar-johan-de-wittstraat__5ba42f78dc","stop_b":"stop/wassenaar-starrenburglaan__c0f848b259","stop_a_name":"Wassenaar, Johan de Wittstraat","stop_b_name":"Wassenaar, Starrenburglaan","num_lines":1,"line_ids":["EBS:3044"],"line_refs":["44"],"lines":[{"line_id":"EBS:3044","line_ref":"44","line_name":"Den Haag Centraal - Wassenaar","agency_id":"EBS"}],"variant_ids":["EBS:3044|1478707","EBS:3044|1478708"],"representative_variant_id":"EBS:3044|1478708","length_m":556.0}},{"type":"Feature","geometry":{"type":"LineString","coordinates":[[4.39798408555454,52.144553237556785],[4.399348,52.143684],[4.400884,52.142969],[4.400887,52.142825],[4.400060483901164,52.14208703937618]]},"properties":{"edge_id":"edge/292cd37dd1f0","stop_a":"stop/wassenaar-johan-de-wittstraat__5ba42f78dc","stop_b":"stop/wassenaar-van-oldenbarneveltweg__f59dc2b23f","stop_a_name":"Wassenaar, Johan de Wittstraat","stop_b_name":"Wassenaar, van Oldenbarneveltweg","num_lines":1,"line_ids":["EBS:3046"],"line_refs":["46"],"lines":[{"line_id":"EBS:3046","line_ref":"46","line_name":"Den Haag Centraal via Voorschoten - Wassenaar","agency_id":"EBS"}],"variant_ids":["EBS:3046|1478711","EBS:3046|1478712"],"representative_variant_id":"EBS:3046|1478712","length_m":381.3}},{"type":"Feature","geometry":{"type":"LineString","coordinates":[[4.402986893815264,52.13940866248103],[4.403644,52.139037],[4.405941,52.138203],[4.406964,52.137528],[4.407534,52.137506],[4.408784,52.137786],[4.409545,52.13772],[4.412417,52.136629],[4.413439822064701,52.136164982447156]]},"properties":{"edge_id":"edge/6ec0122d3d4b","stop_a":"stop/wassenaar-lange-kerkdam__be2c34899e","stop_b":"stop/wassenaar-raaphorst__6b1369331a","stop_a_name":"Wassenaar, Lange Kerkdam","stop_b_name":"Wassenaar, Raaphorst","num_lines":1,"line_ids":["EBS:3046"],"line_refs":["46"],"lines":[{"line_id":"EBS:3046","line_ref":"46","line_name":"Den Haag Centraal via Voorschoten - Wassenaar","agency_id":"EBS"}],"variant_ids":["EBS:3046|1478711","EBS:3046|1478712"],"representative_variant_id":"EBS:3046|1478712","length_m":845.2}},{"type":"Feature","geometry":{"type":"LineString","coordinates":[[4.403089379807714,52.139422363679806],[4.403996,52.138968],[4.406425,52.138099],[4.406929,52.137761],[4.404229,52.136355],[4.402875,52.135498],[4.391934,52.127622],[4.388258,52.124832],[4.385617395924328,52.12318959581912]]},"properties":{"edge_id":"edge/b22b40852f6f","stop_a":"stop/wassenaar-lange-kerkdam__be2c34899e","stop_b":"stop/wassenaar-rust-en-vreugdlaan__5170423a77","stop_a_name":"Wassenaar, Lange Kerkdam","stop_b_name":"Wassenaar, Rust en Vreugdlaan","num_lines":1,"line_ids":["QBUZZ:z385"],"line_refs":["385"],"lines":[{"line_id":"QBUZZ:z385","line_ref":"385","line_name":"Noordwijk - Katwijk - Den Haag","agency_id":"QBUZZ"}],"variant_ids":["QBUZZ:z385|1625063","QBUZZ:z385|1625064","QBUZZ:z385|1655035","QBUZZ:z385|1655036","QBUZZ:z385|1655037","QBUZZ:z385|1655038"],"representative_variant_id":"QBUZZ:z385|1625063","length_m":2503.7}},{"type":"Feature","geometry":{"type":"LineString","coordinates":[[4.403089379807714,52.139422363679806],[4.400447,52.140898],[4.399576,52.141304],[4.399602,52.141484],[4.400313161971716,52.14211162124676]]},"properties":{"edge_id":"edge/b95159648ec3","stop_a":"stop/wassenaar-lange-kerkdam__be2c34899e","stop_b":"stop/wassenaar-van-oldenbarneveltweg__f59dc2b23f","stop_a_name":"Wassenaar, Lange Kerkdam","stop_b_name":"Wassenaar, van Oldenbarneveltweg","num_lines":2,"line_ids":["EBS:3046","QBUZZ:z385"],"line_refs":["46","385"],"lines":[{"line_id":"EBS:3046","line_ref":"46","line_name":"Den Haag Centraal via Voorschoten - Wassenaar","agency_id":"EBS"},{"line_id":"QBUZZ:z385","line_ref":"385","line_name":"Noordwijk - Katwijk - Den Haag","agency_id":"QBUZZ"}],"variant_ids":["EBS:3046|1478711","EBS:3046|1478712","QBUZZ:z385|1625063","QBUZZ:z385|1625064","QBUZZ:z385|1655035","QBUZZ:z385|1655036","QBUZZ:z385|1655037","QBUZZ:z385|1655038"],"representative_variant_id":"QBUZZ:z385|1625063","length_m":423.5}},{"type":"Feature","geometry":{"type":"LineString","coordinates":[[4.368992993135842,52.12692569864759],[4.374642600972181,52.13099544036011]]},"properties":{"edge_id":"edge/18ce5b3fb48a","stop_a":"stop/wassenaar-nachtegaallaan__44308d3998","stop_b":"stop/wassenaar-wildrust__ff35ff0b99","stop_a_name":"Wassenaar, Nachtegaallaan","stop_b_name":"Wassenaar, Wildrust","num_lines":2,"line_ids":["EBS:3043","EBS:3044"],"line_refs":["43","44"],"lines":[{"line_id":"EBS:3043","line_ref":"43","line_name":"Den Haag Centraal via Wassenaar - Leiden Centraal","agency_id":"EBS"},{"line_id":"EBS:3044","line_ref":"44","line_name":"Den Haag Centraal - Wassenaar","agency_id":"EBS"}],"variant_ids":["EBS:3043|1478702","EBS:3043|1478703","EBS:3043|1478705","EBS:3043|1478706","EBS:3044|1478707","EBS:3044|1478708"],"representative_variant_id":"EBS:3043|1478705","length_m":594.6}},{"type":"Feature","geometry":{"type":"LineString","coordinates":[[4.38206273452757,52.131871379750265],[4.38091,52.132077],[4.379856,52.132176],[4.378833,52.132167],[4.375962,52.131918],[4.375426,52.131698],[4.374642600972181,52.13099544036011]]},"properties":{"edge_id":"edge/0157f6d69daf","stop_a":"stop/wassenaar-papegaaienlaan__293e889bfc","stop_b":"stop/wassenaar-wildrust__ff35ff0b99","stop_a_name":"Wassenaar, Papegaaienlaan","stop_b_name":"Wassenaar, Wildrust","num_lines":2,"line_ids":["EBS:3043","EBS:3044"],"line_refs":["43","44"],"lines":[{"line_id":"EBS:3043","line_ref":"43","line_name":"Den Haag Centraal via Wassenaar - Leiden Centraal","agency_id":"EBS"},{"line_id":"EBS:3044","line_ref":"44","line_name":"Den Haag Centraal - Wassenaar","agency_id":"EBS"}],"variant_ids":["EBS:3043|1478702","EBS:3043|1478703","EBS:3043|1478705","EBS:3043|1478706","EBS:3044|1478707","EBS:3044|1478708"],"representative_variant_id":"EBS:3043|1478705","length_m":561.1}},{"type":"Feature","geometry":{"type":"LineString","coordinates":[[4.413969605488711,52.14303365167829],[4.414097,52.143331],[4.413739,52.145674],[4.412838,52.146161],[4.412007,52.146747],[4.413073971518321,52.14735773760236]]},"properties":{"edge_id":"edge/efd1a818af69","stop_a":"stop/wassenaar-rozenplein__cc80f057d3","stop_b":"stop/wassenaar-ter-weerlaan__cb117b0d6a","stop_a_name":"Wassenaar, Rozenplein","stop_b_name":"Wassenaar, Ter Weerlaan","num_lines":1,"line_ids":["EBS:3043"],"line_refs":["43"],"lines":[{"line_id":"EBS:3043","line_ref":"43","line_name":"Den Haag Centraal via Wassenaar - Leiden Centraal","agency_id":"EBS"}],"variant_ids":["EBS:3043|1478702","EBS:3043|1478703","EBS:3043|1478704","EBS:3043|1478705","EBS:3043|1478706"],"representative_variant_id":"EBS:3043|1478704","length_m":563.7}},{"type":"Feature","geometry":{"type":"LineString","coordinates":[[4.413969605488711,52.14303365167829],[4.413905,52.142772],[4.414126,52.142684],[4.414618,52.142912],[4.418118,52.145197],[4.420470139014873,52.14626998977521]]},"properties":{"edge_id":"edge/1212ae38ade5","stop_a":"stop/wassenaar-rozenplein__cc80f057d3","stop_b":"stop/wassenaar-weyermanstraat__6342ed1d8d","stop_a_name":"Wassenaar, Rozenplein","stop_b_name":"Wassenaar, Weyermanstraat","num_lines":1,"line_ids":["EBS:3043"],"line_refs":["43"],"lines":[{"line_id":"EBS:3043","line_ref":"43","line_name":"Den Haag Centraal via Wassenaar - Leiden Centraal","agency_id":"EBS"}],"variant_ids":["EBS:3043|1478702","EBS:3043|1478704","EBS:3043|1478705"],"representative_variant_id":"EBS:3043|1478704","length_m":638.2}},{"type":"Feature","geometry":{"type":"LineString","coordinates":[[4.404030223340357,52.14520508323972],[4.405945,52.146643],[4.407030196909444,52.14773635738577]]},"properties":{"edge_id":"edge/a236f0d0aec9","stop_a":"stop/wassenaar-stadhoudersplein__3d1b17eb1c","stop_b":"stop/wassenaar-van-duivenvoordelaan__0b6ee4ef0d","stop_a_name":"Wassenaar, Stadhoudersplein","stop_b_name":"Wassenaar, van Duivenvoordelaan","num_lines":2,"line_ids":["EBS:3043","EBS:3044"],"line_refs":["43","44"],"lines":[{"line_id":"EBS:3043","line_ref":"43","line_name":"Den Haag Centraal via Wassenaar - Leiden Centraal","agency_id":"EBS"},{"line_id":"EBS:3044","line_ref":"44","line_name":"Den Haag Centraal - Wassenaar","agency_id":"EBS"}],"variant_ids":["EBS:3043|1478702","EBS:3043|1478703","EBS:3043|1478704","EBS:3043|1478705","EBS:3043|1478706","EBS:3044|1478707","EBS:3044|1478708"],"representative_variant_id":"EBS:3043|1478704","length_m":348.8}},{"type":"Feature","geometry":{"type":"LineString","coordinates":[[4.404030223340357,52.14520508323972],[4.403805,52.144962],[4.403644,52.144997],[4.40347,52.144932],[4.403488,52.144762],[4.401876,52.143688],[4.401203,52.143044],[4.400912,52.142996],[4.400887,52.142825],[4.400066512783347,52.14209221309777]]},"properties":{"edge_id":"edge/05e5a23c306b","stop_a":"stop/wassenaar-stadhoudersplein__3d1b17eb1c","stop_b":"stop/wassenaar-van-oldenbarneveltweg__f59dc2b23f","stop_a_name":"Wassenaar, Stadhoudersplein","stop_b_name":"Wassenaar, van Oldenbarneveltweg","num_lines":2,"line_ids":["EBS:3043","EBS:3044"],"line_refs":["43","44"],"lines":[{"line_id":"EBS:3043","line_ref":"43","line_name":"Den Haag Centraal via Wassenaar - Leiden Centraal","agency_id":"EBS"},{"line_id":"EBS:3044","line_ref":"44","line_name":"Den Haag Centraal - Wassenaar","agency_id":"EBS"}],"variant_ids":["EBS:3043|1478702","EBS:3043|1478703","EBS:3043|1478704","EBS:3043|1478705","EBS:3043|1478706","EBS:3044|1478707","EBS:3044|1478708"],"representative_variant_id":"EBS:3043|1478704","length_m":461.5}},{"type":"Feature","geometry":{"type":"LineString","coordinates":[[4.40343201490432,52.14952859186538],[4.403672,52.149698],[4.404098,52.149594],[4.407183,52.148181],[4.407348,52.147994],[4.407025395391525,52.14773142061382]]},"properties":{"edge_id":"edge/b1535ca052ea","stop_a":"stop/wassenaar-starrenburglaan__c0f848b259","stop_b":"stop/wassenaar-van-duivenvoordelaan__0b6ee4ef0d","stop_a_name":"Wassenaar, Starrenburglaan","stop_b_name":"Wassenaar, van Duivenvoordelaan","num_lines":1,"line_ids":["EBS:3044"],"line_refs":["44"],"lines":[{"line_id":"EBS:3044","line_ref":"44","line_name":"Den Haag Centraal - Wassenaar","agency_id":"EBS"}],"variant_ids":["EBS:3044|1478707","EBS:3044|1478708"],"representative_variant_id":"EBS:3044|1478708","length_m":379.1}},{"type":"Feature","geometry":{"type":"LineString","coordinates":[[4.411391202193921,52.150275306318214],[4.412437,52.149789],[4.41305,52.149803],[4.413775,52.149395],[4.413794,52.149216],[4.414848,52.148451],[4.414821,52.148334],[4.413073971518321,52.14735773760236]]},"properties":{"edge_id":"edge/2392ebd0b6b0","stop_a":"stop/wassenaar-strandwal__b9b6b6146d","stop_b":"stop/wassenaar-ter-weerlaan__cb117b0d6a","stop_a_name":"Wassenaar, Strandwal","stop_b_name":"Wassenaar, Ter Weerlaan","num_lines":1,"line_ids":["EBS:3043"],"line_refs":["43"],"lines":[{"line_id":"EBS:3043","line_ref":"43","line_name":"Den Haag Centraal via Wassenaar - Leiden Centraal","agency_id":"EBS"}],"variant_ids":["EBS:3043|1478702","EBS:3043|1478703","EBS:3043|1478704","EBS:3043|1478705","EBS:3043|1478706"],"representative_variant_id":"EBS:3043|1478704","length_m":504.2}},{"type":"Feature","geometry":{"type":"LineString","coordinates":[[4.411391202193921,52.150275306318214],[4.41102,52.150433],[4.410262,52.150373],[4.407577,52.148202],[4.4073,52.148155],[4.407348,52.147994],[4.407030196909444,52.14773635738577]]},"properties":{"edge_id":"edge/bd0cac89ae6e","stop_a":"stop/wassenaar-strandwal__b9b6b6146d","stop_b":"stop/wassenaar-van-duivenvoordelaan__0b6ee4ef0d","stop_a_name":"Wassenaar, Strandwal","stop_b_name":"Wassenaar, van Duivenvoordelaan","num_lines":1,"line_ids":["EBS:3043"],"line_refs":["43"],"lines":[{"line_id":"EBS:3043","line_ref":"43","line_name":"Den Haag Centraal via Wassenaar - Leiden Centraal","agency_id":"EBS"}],"variant_ids":["EBS:3043|1478702","EBS:3043|1478703","EBS:3043|1478704","EBS:3043|1478705","EBS:3043|1478706"],"representative_variant_id":"EBS:3043|1478704","length_m":459.7}},{"type":"Feature","geometry":{"type":"LineString","coordinates":[[4.641330234546569,52.220781889080875],[4.64159,52.221487],[4.642366,52.222345],[4.643335,52.223017],[4.643829,52.223236],[4.644078,52.223228],[4.644244869204993,52.22331424775249]]},"properties":{"edge_id":"edge/a7b5d0cac3cc","stop_a":"stop/weteringbrug-brug__cee6ee3fde","stop_b":"stop/weteringbrug-lisserweg__830ac35d4a","stop_a_name":"Weteringbrug, Brug","stop_b_name":"Weteringbrug, Lisserweg","num_lines":2,"line_ids":["QBUZZ:z365","QBUZZ:z366"],"line_refs":["365","366"],"lines":[{"line_id":"QBUZZ:z365","line_ref":"365","line_name":"Leiden - Schiphol","agency_id":"QBUZZ"},{"line_id":"QBUZZ:z366","line_ref":"366","line_name":"Leiden - Leimuiden","agency_id":"QBUZZ"}],"variant_ids":["QBUZZ:z365|1578584","QBUZZ:z365|1589335","QBUZZ:z365|1655033","QBUZZ:z366|1578586","QBUZZ:z366|1589337"],"representative_variant_id":"QBUZZ:z366|1589337","length_m":362.5}},{"type":"Feature","geometry":{"type":"LineString","coordinates":[[4.652340469035175,52.224693801619594],[4.651026,52.224377],[4.64514,52.223648],[4.644309,52.223409],[4.64419797385449,52.22326684584072]]},"properties":{"edge_id":"edge/f06e13c5a66e","stop_a":"stop/weteringbrug-immink__f939846aa5","stop_b":"stop/weteringbrug-lisserweg__830ac35d4a","stop_a_name":"Weteringbrug, Immink","stop_b_name":"Weteringbrug, Lisserweg","num_lines":2,"line_ids":["QBUZZ:z365","QBUZZ:z366"],"line_refs":["365","366"],"lines":[{"line_id":"QBUZZ:z365","line_ref":"365","line_name":"Leiden - Schiphol","agency_id":"QBUZZ"},{"line_id":"QBUZZ:z366","line_ref":"366","line_name":"Leiden - Leimuiden","agency_id":"QBUZZ"}],"variant_ids":["QBUZZ:z365|1578584","QBUZZ:z365|1589335","QBUZZ:z365|1655033","QBUZZ:z366|1578586","QBUZZ:z366|1589337"],"representative_variant_id":"QBUZZ:z365|1589335","length_m":585.3}},{"type":"Feature","geometry":{"type":"LineString","coordinates":[[4.6244744494824666,52.16506239576145],[4.615109,52.163603],[4.606171,52.162367],[4.605614,52.162453],[4.605185,52.162747],[4.604801343580548,52.16418545634304]]},"properties":{"edge_id":"edge/72a83b8ee0a7","stop_a":"stop/woubrugge-begraafplaats__f3cb4a0613","stop_b":"stop/woubrugge-hoogte__6803460b2c","stop_a_name":"Woubrugge, Begraafplaats","stop_b_name":"Woubrugge, Hoogte","num_lines":1,"line_ids":["QBUZZ:z182"],"line_refs":["182"],"lines":[{"line_id":"QBUZZ:z182","line_ref":"182","line_name":"Alphen a/d Rijn - Leiden","agency_id":"QBUZZ"}],"variant_ids":["QBUZZ:z182|1578503","QBUZZ:z182|1578505"],"representative_variant_id":"QBUZZ:z182|1578503","length_m":1529.2}},{"type":"Feature","geometry":{"type":"LineString","coordinates":[[4.624474263376833,52.16506236991345],[4.634891,52.166634],[4.635227,52.166654],[4.635609330105082,52.16655817432559]]},"properties":{"edge_id":"edge/79ea554859c8","stop_a":"stop/woubrugge-begraafplaats__f3cb4a0613","stop_b":"stop/woubrugge-kerkweg__2f0715ba94","stop_a_name":"Woubrugge, Begraafplaats","stop_b_name":"Woubrugge, Kerkweg","num_lines":1,"line_ids":["QBUZZ:z182"],"line_refs":["182"],"lines":[{"line_id":"QBUZZ:z182","line_ref":"182","line_name":"Alphen a/d Rijn - Leiden","agency_id":"QBUZZ"}],"variant_ids":["QBUZZ:z182|1578503","QBUZZ:z182|1578505"],"representative_variant_id":"QBUZZ:z182|1578505","length_m":782.8}},{"type":"Feature","geometry":{"type":"LineString","coordinates":[[4.66757649267724,52.16801520190669],[4.665768,52.168085],[4.664673,52.167998],[4.642887,52.16753],[4.641866,52.167397],[4.641465548536644,52.16725974986783]]},"properties":{"edge_id":"edge/66669808176a","stop_a":"stop/woubrugge-jacobswoude__1c8f497423","stop_b":"stop/woubrugge-kruisweg-brug__175d848252","stop_a_name":"Woubrugge, Jacobswoude","stop_b_name":"Woubrugge, Kruisweg/Brug","num_lines":1,"line_ids":["QBUZZ:z182"],"line_refs":["182"],"lines":[{"line_id":"QBUZZ:z182","line_ref":"182","line_name":"Alphen a/d Rijn - Leiden","agency_id":"QBUZZ"}],"variant_ids":["QBUZZ:z182|1578502","QBUZZ:z182|1578503","QBUZZ:z182|1578504","QBUZZ:z182|1578505"],"representative_variant_id":"QBUZZ:z182|1578503","length_m":1788.1}},{"type":"Feature","geometry":{"type":"LineString","coordinates":[[4.635650668039218,52.166639038652974],[4.635899,52.166695],[4.636076,52.166579],[4.636428,52.166518],[4.637584,52.166472],[4.638473,52.166594],[4.641066,52.167159],[4.641239,52.167268],[4.641465548536644,52.16725974986783]]},"properties":{"edge_id":"edge/ea4b81e48388","stop_a":"stop/woubrugge-kerkweg__2f0715ba94","stop_b":"stop/woubrugge-kruisweg-brug__175d848252","stop_a_name":"Woubrugge, Kerkweg","stop_b_name":"Woubrugge, Kruisweg/Brug","num_lines":1,"line_ids":["QBUZZ:z182"],"line_refs":["182"],"lines":[{"line_id":"QBUZZ:z182","line_ref":"182","line_name":"Alphen a/d Rijn - Leiden","agency_id":"QBUZZ"}],"variant_ids":["QBUZZ:z182|1578502","QBUZZ:z182|1578503","QBUZZ:z182|1578504","QBUZZ:z182|1578505"],"representative_variant_id":"QBUZZ:z182|1578503","length_m":421.9}},{"type":"Feature","geometry":{"type":"LineString","coordinates":[[4.7808590552505175,52.17944437390507],[4.770204,52.176857],[4.769798,52.176603],[4.7699484990882866,52.176156574293955]]},"properties":{"edge_id":"edge/5e4bdb1e9aab","stop_a":"stop/zevenhoven-gereformeerde-kerk__0349412c5f","stop_b":"stop/zevenhoven-t-haasje__522c3e959f","stop_a_name":"Zevenhoven, Gereformeerde Kerk","stop_b_name":"Zevenhoven, 't Haasje","num_lines":1,"line_ids":["QBUZZ:z147"],"line_refs":["147"],"lines":[{"line_id":"QBUZZ:z147","line_ref":"147","line_name":"Alphen a/d Rijn - Uithoorn","agency_id":"QBUZZ"}],"variant_ids":["QBUZZ:z147|1625021","QBUZZ:z147|1625022","QBUZZ:z147|1625023","QBUZZ:z147|1625026"],"representative_variant_id":"QBUZZ:z147|1625021","length_m":871.7}},{"type":"Feature","geometry":{"type":"LineString","coordinates":[[4.7808023893429805,52.1794380683057],[4.781847,52.179703],[4.783257,52.180268],[4.782837145019878,52.180677563691304]]},"properties":{"edge_id":"edge/427146ae5e02","stop_a":"stop/zevenhoven-gereformeerde-kerk__0349412c5f","stop_b":"stop/zevenhoven-n-h-kerk__0cbbe454a9","stop_a_name":"Zevenhoven, Gereformeerde Kerk","stop_b_name":"Zevenhoven, N.H. Kerk","num_lines":1,"line_ids":["QBUZZ:z147"],"line_refs":["147"],"lines":[{"line_id":"QBUZZ:z147","line_ref":"147","line_name":"Alphen a/d Rijn - Uithoorn","agency_id":"QBUZZ"}],"variant_ids":["QBUZZ:z147|1625021","QBUZZ:z147|1625022","QBUZZ:z147|1625023","QBUZZ:z147|1625026"],"representative_variant_id":"QBUZZ:z147|1625022","length_m":245.7}},{"type":"Feature","geometry":{"type":"LineString","coordinates":[[4.782837145019878,52.180677563691304],[4.780325360610651,52.18347388336011]]},"properties":{"edge_id":"edge/e3d8e23a8d39","stop_a":"stop/zevenhoven-n-h-kerk__0cbbe454a9","stop_b":"stop/zevenhoven-s-van-drielstraat__287a94fda5","stop_a_name":"Zevenhoven, N.H. Kerk","stop_b_name":"Zevenhoven, S. van Drielstraat","num_lines":1,"line_ids":["QBUZZ:z147"],"line_refs":["147"],"lines":[{"line_id":"QBUZZ:z147","line_ref":"147","line_name":"Alphen a/d Rijn - Uithoorn","agency_id":"QBUZZ"}],"variant_ids":["QBUZZ:z147|1625021","QBUZZ:z147|1625022","QBUZZ:z147|1625023","QBUZZ:z147|1625026"],"representative_variant_id":"QBUZZ:z147|1625022","length_m":355.0}},{"type":"Feature","geometry":{"type":"LineString","coordinates":[[4.530702708285177,52.06745294177428],[4.532191,52.066747],[4.532528,52.066705],[4.532588,52.066589],[4.534016,52.065889],[4.534135,52.065773],[4.534183913955465,52.065427488984085]]},"properties":{"edge_id":"edge/5037e26b0752","stop_a":"stop/zoetermeer-benthuizenstraat__d0b8f98f42","stop_b":"stop/zoetermeer-w-dreeslaan__09c3d9043d","stop_a_name":"Zoetermeer, Benthuizenstraat","stop_b_name":"Zoetermeer, W. Dreeslaan","num_lines":1,"line_ids":["QBUZZ:z165"],"line_refs":["165"],"lines":[{"line_id":"QBUZZ:z165","line_ref":"165","line_name":"Zoetermeer - Alphen a/d Rijn","agency_id":"QBUZZ"}],"variant_ids":["QBUZZ:z165|1578489","QBUZZ:z165|1578490"],"representative_variant_id":"QBUZZ:z165|1578489","length_m":344.2}},{"type":"Feature","geometry":{"type":"LineString","coordinates":[[4.530702708285177,52.06745294177428],[4.530116,52.067748],[4.530055,52.067882],[4.529719,52.067925],[4.528218,52.068615],[4.52968,52.069956],[4.533076554065593,52.07265958951918]]},"properties":{"edge_id":"edge/f4a735265de6","stop_a":"stop/zoetermeer-benthuizenstraat__d0b8f98f42","stop_b":"stop/zoetermeer-zegwaartseweg__809b1243b9","stop_a_name":"Zoetermeer, Benthuizenstraat","stop_b_name":"Zoetermeer, Zegwaartseweg","num_lines":1,"line_ids":["QBUZZ:z165"],"line_refs":["165"],"lines":[{"line_id":"QBUZZ:z165","line_ref":"165","line_name":"Zoetermeer - Alphen a/d Rijn","agency_id":"QBUZZ"}],"variant_ids":["QBUZZ:z165|1578489","QBUZZ:z165|1578490"],"representative_variant_id":"QBUZZ:z165|1578489","length_m":778.2}},{"type":"Feature","geometry":{"type":"LineString","coordinates":[[4.4848609767815395,52.06874073639343],[4.483977,52.069534],[4.482589,52.070359],[4.481868,52.070713],[4.48096,52.070877],[4.480511744247461,52.07121814912611]]},"properties":{"edge_id":"edge/e88043998b98","stop_a":"stop/zoetermeer-binnenpark__d4625aabd7","stop_b":"stop/zoetermeer-meerpolder__0c408cc0bd","stop_a_name":"Zoetermeer, Binnenpark","stop_b_name":"Zoetermeer, Meerpolder","num_lines":2,"line_ids":["QBUZZ:z400","QBUZZ:z401"],"line_refs":["400","401"],"lines":[{"line_id":"QBUZZ:z400","line_ref":"400","line_name":"Katwijk ESA/ESTEC - Zoetermeer","agency_id":"QBUZZ"},{"line_id":"QBUZZ:z401","line_ref":"401","line_name":"Katwijk-Centrum - Zoetermeer","agency_id":"QBUZZ"}],"variant_ids":["QBUZZ:z400|1578613","QBUZZ:z400|1589338","QBUZZ:z400|1589341","QBUZZ:z400|1625069","QBUZZ:z400|1655039","QBUZZ:z400|1655040","QBUZZ:z401|1578624","QBUZZ:z401|1589342","QBUZZ:z401|1589343","QBUZZ:z401|1625071","QBUZZ:z401|1655044","QBUZZ:z401|1655046"],"representative_variant_id":"QBUZZ:z400|1578613","length_m":415.4}},{"type":"Feature","geometry":{"type":"LineString","coordinates":[[4.484954651791776,52.068777312996154],[4.485489,52.068359],[4.490461,52.065484],[4.490124789301206,52.064884452160406]]},"properties":{"edge_id":"edge/020f982411dc","stop_a":"stop/zoetermeer-binnenpark__d4625aabd7","stop_b":"stop/zoetermeer-woonhart__e04d149449","stop_a_name":"Zoetermeer, Binnenpark","stop_b_name":"Zoetermeer, Woonhart","num_lines":2,"line_ids":["QBUZZ:z400","QBUZZ:z401"],"line_refs":["400","401"],"lines":[{"line_id":"QBUZZ:z400","line_ref":"400","line_name":"Katwijk ESA/ESTEC - Zoetermeer","agency_id":"QBUZZ"},{"line_id":"QBUZZ:z401","line_ref":"401","line_name":"Katwijk-Centrum - Zoetermeer","agency_id":"QBUZZ"}],"variant_ids":["QBUZZ:z400|1578613","QBUZZ:z400|1589338","QBUZZ:z400|1589341","QBUZZ:z400|1625069","QBUZZ:z400|1655039","QBUZZ:z400|1655040","QBUZZ:z401|1578624","QBUZZ:z401|1589342","QBUZZ:z401|1589343","QBUZZ:z401|1625071","QBUZZ:z401|1655044","QBUZZ:z401|1655046"],"representative_variant_id":"QBUZZ:z400|1589341","length_m":596.2}},{"type":"Feature","geometry":{"type":"LineString","coordinates":[[4.482867,52.060941],[4.482998,52.060951],[4.483277,52.061609],[4.48392,52.061524],[4.484101,52.061939],[4.486211,52.062171],[4.487822,52.062579],[4.488767,52.062685],[4.490407,52.063111],[4.490448,52.063255],[4.489845,52.064221],[4.490123332138954,52.06488179882019]]},"properties":{"edge_id":"edge/df1f7437b116","stop_a":"stop/zoetermeer-centrum-west__3b17762544","stop_b":"stop/zoetermeer-woonhart__e04d149449","stop_a_name":"Zoetermeer, Centrum West","stop_b_name":"Zoetermeer, Woonhart","num_lines":2,"line_ids":["QBUZZ:z400","QBUZZ:z401"],"line_refs":["400","401"],"lines":[{"line_id":"QBUZZ:z400","line_ref":"400","line_name":"Katwijk ESA/ESTEC - Zoetermeer","agency_id":"QBUZZ"},{"line_id":"QBUZZ:z401","line_ref":"401","line_name":"Katwijk-Centrum - Zoetermeer","agency_id":"QBUZZ"}],"variant_ids":["QBUZZ:z400|1578613","QBUZZ:z400|1589338","QBUZZ:z400|1589341","QBUZZ:z400|1625069","QBUZZ:z400|1655039","QBUZZ:z400|1655040","QBUZZ:z401|1578624","QBUZZ:z401|1589342","QBUZZ:z401|1589343","QBUZZ:z401|1625071","QBUZZ:z401|1655044","QBUZZ:z401|1655046"],"representative_variant_id":"QBUZZ:z400|1589338","length_m":837.6}},{"type":"Feature","geometry":{"type":"LineString","coordinates":[[4.4829119108510085,52.06116547822208],[4.483082,52.061167],[4.483277,52.061609],[4.48392,52.061524],[4.484101,52.061939],[4.486211,52.062171],[4.487822,52.062579],[4.488767,52.062685],[4.491050248121913,52.06332253607195]]},"properties":{"edge_id":"edge/a82cd0c044dc","stop_a":"stop/zoetermeer-centrum-west__3b17762544","stop_b":"stop/zoetermeer-zwaardslootseweg__f55bf96ddc","stop_a_name":"Zoetermeer, Centrum West","stop_b_name":"Zoetermeer, Zwaardslootseweg","num_lines":1,"line_ids":["QBUZZ:z165"],"line_refs":["165"],"lines":[{"line_id":"QBUZZ:z165","line_ref":"165","line_name":"Zoetermeer - Alphen a/d Rijn","agency_id":"QBUZZ"}],"variant_ids":["QBUZZ:z165|1578489","QBUZZ:z165|1578490"],"representative_variant_id":"QBUZZ:z165|1578489","length_m":658.0}},{"type":"Feature","geometry":{"type":"LineString","coordinates":[[4.5236109470782475,52.0562491539191],[4.52136,52.054417],[4.521232,52.054245],[4.521327,52.053895],[4.521186,52.053607],[4.520869,52.053443],[4.520462,52.053386],[4.520007,52.053517],[4.519753,52.053857],[4.518928,52.054264],[4.517008,52.055518],[4.513151604154874,52.05740897515737]]},"properties":{"edge_id":"edge/272cfcdd0d01","stop_a":"stop/zoetermeer-franklinstraat__0d838261bd","stop_b":"stop/zoetermeer-pruimengaarde__6590bbfb07","stop_a_name":"Zoetermeer, Franklinstraat","stop_b_name":"Zoetermeer, Pruimengaarde","num_lines":1,"line_ids":["QBUZZ:z165"],"line_refs":["165"],"lines":[{"line_id":"QBUZZ:z165","line_ref":"165","line_name":"Zoetermeer - Alphen a/d Rijn","agency_id":"QBUZZ"}],"variant_ids":["QBUZZ:z165|1578489","QBUZZ:z165|1578490"],"representative_variant_id":"QBUZZ:z165|1578489","length_m":1083.2}},{"type":"Feature","geometry":{"type":"LineString","coordinates":[[4.5236109470782475,52.0562491539191],[4.529007220636058,52.06073097864441]]},"properties":{"edge_id":"edge/fa701885b6bc","stop_a":"stop/zoetermeer-franklinstraat__0d838261bd","stop_b":"stop/zoetermeer-stephensonstraat__daba485905","stop_a_name":"Zoetermeer, Franklinstraat","stop_b_name":"Zoetermeer, Stephensonstraat","num_lines":1,"line_ids":["QBUZZ:z165"],"line_refs":["165"],"lines":[{"line_id":"QBUZZ:z165","line_ref":"165","line_name":"Zoetermeer - Alphen a/d Rijn","agency_id":"QBUZZ"}],"variant_ids":["QBUZZ:z165|1578489","QBUZZ:z165|1578490"],"representative_variant_id":"QBUZZ:z165|1578489","length_m":620.1}},{"type":"Feature","geometry":{"type":"LineString","coordinates":[[4.531768992895914,52.0631492106808],[4.529739,52.061516],[4.529346,52.061469],[4.52913,52.061332],[4.529179,52.061099],[4.528836029856862,52.06081314444445]]},"properties":{"edge_id":"edge/dcfd1ce65381","stop_a":"stop/zoetermeer-gouderakstraat__ba819cbfff","stop_b":"stop/zoetermeer-stephensonstraat__daba485905","stop_a_name":"Zoetermeer, Gouderakstraat","stop_b_name":"Zoetermeer, Stephensonstraat","num_lines":1,"line_ids":["QBUZZ:z165"],"line_refs":["165"],"lines":[{"line_id":"QBUZZ:z165","line_ref":"165","line_name":"Zoetermeer - Alphen a/d Rijn","agency_id":"QBUZZ"}],"variant_ids":["QBUZZ:z165|1578489","QBUZZ:z165|1578490"],"representative_variant_id":"QBUZZ:z165|1578490","length_m":342.8}},{"type":"Feature","geometry":{"type":"LineString","coordinates":[[4.531768992895914,52.0631492106808],[4.533947,52.0649],[4.53405920859549,52.0654165613203]]},"properties":{"edge_id":"edge/4a0a67217682","stop_a":"stop/zoetermeer-gouderakstraat__ba819cbfff","stop_b":"stop/zoetermeer-w-dreeslaan__09c3d9043d","stop_a_name":"Zoetermeer, Gouderakstraat","stop_b_name":"Zoetermeer, W. Dreeslaan","num_lines":1,"line_ids":["QBUZZ:z165"],"line_refs":["165"],"lines":[{"line_id":"QBUZZ:z165","line_ref":"165","line_name":"Zoetermeer - Alphen a/d Rijn","agency_id":"QBUZZ"}],"variant_ids":["QBUZZ:z165|1578489","QBUZZ:z165|1578490"],"representative_variant_id":"QBUZZ:z165|1578490","length_m":303.0}},{"type":"Feature","geometry":{"type":"LineString","coordinates":[[4.5133046961881504,52.0575337336086],[4.505124709531506,52.06164920270748]]},"properties":{"edge_id":"edge/b1ea6c5666b2","stop_a":"stop/zoetermeer-pruimengaarde__6590bbfb07","stop_b":"stop/zoetermeer-vaartdreef__33b9d71a28","stop_a_name":"Zoetermeer, Pruimengaarde","stop_b_name":"Zoetermeer, Vaartdreef","num_lines":1,"line_ids":["QBUZZ:z165"],"line_refs":["165"],"lines":[{"line_id":"QBUZZ:z165","line_ref":"165","line_name":"Zoetermeer - Alphen a/d Rijn","agency_id":"QBUZZ"}],"variant_ids":["QBUZZ:z165|1578489","QBUZZ:z165|1578490"],"representative_variant_id":"QBUZZ:z165|1578490","length_m":722.6}},{"type":"Feature","geometry":{"type":"LineString","coordinates":[[4.497505669302249,52.06476363857059],[4.497959,52.064696],[4.499271,52.064688],[4.500079,52.064416],[4.504952004696297,52.061536297593825]]},"properties":{"edge_id":"edge/79b035ee5ca5","stop_a":"stop/zoetermeer-salomeschouw__2ba86a6c9a","stop_b":"stop/zoetermeer-vaartdreef__33b9d71a28","stop_a_name":"Zoetermeer, Salomeschouw","stop_b_name":"Zoetermeer, Vaartdreef","num_lines":1,"line_ids":["QBUZZ:z165"],"line_refs":["165"],"lines":[{"line_id":"QBUZZ:z165","line_ref":"165","line_name":"Zoetermeer - Alphen a/d Rijn","agency_id":"QBUZZ"}],"variant_ids":["QBUZZ:z165|1578489","QBUZZ:z165|1578490"],"representative_variant_id":"QBUZZ:z165|1578489","length_m":646.6}},{"type":"Feature","geometry":{"type":"LineString","coordinates":[[4.497505669302249,52.06476363857059],[4.496502,52.064622],[4.491496,52.063353],[4.491050248121913,52.06332253607195]]},"properties":{"edge_id":"edge/a0d9da4f78f7","stop_a":"stop/zoetermeer-salomeschouw__2ba86a6c9a","stop_b":"stop/zoetermeer-zwaardslootseweg__f55bf96ddc","stop_a_name":"Zoetermeer, Salomeschouw","stop_b_name":"Zoetermeer, Zwaardslootseweg","num_lines":1,"line_ids":["QBUZZ:z165"],"line_refs":["165"],"lines":[{"line_id":"QBUZZ:z165","line_ref":"165","line_name":"Zoetermeer - Alphen a/d Rijn","agency_id":"QBUZZ"}],"variant_ids":["QBUZZ:z165|1578489","QBUZZ:z165|1578490"],"representative_variant_id":"QBUZZ:z165|1578489","length_m":471.2}},{"type":"Feature","geometry":{"type":"LineString","coordinates":[[4.494876611970815,52.12660010331344],[4.491853,52.122033],[4.491389,52.121148],[4.491056,52.119555],[4.491192,52.118585],[4.491481531260943,52.11767653734296]]},"properties":{"edge_id":"edge/43ff7bfd27a4","stop_a":"stop/zoeterwoude-a4-p-r__0b729e6d66","stop_b":"stop/zoeterwoude-dorp__eadc16e59c","stop_a_name":"Zoeterwoude, A4 P+R","stop_b_name":"Zoeterwoude, Dorp","num_lines":2,"line_ids":["QBUZZ:z400","QBUZZ:z401"],"line_refs":["400","401"],"lines":[{"line_id":"QBUZZ:z400","line_ref":"400","line_name":"Katwijk ESA/ESTEC - Zoetermeer","agency_id":"QBUZZ"},{"line_id":"QBUZZ:z401","line_ref":"401","line_name":"Katwijk-Centrum - Zoetermeer","agency_id":"QBUZZ"}],"variant_ids":["QBUZZ:z400|1578613","QBUZZ:z400|1589338","QBUZZ:z400|1589341","QBUZZ:z400|1625069","QBUZZ:z400|1655039","QBUZZ:z400|1655040","QBUZZ:z401|1578624","QBUZZ:z401|1589342","QBUZZ:z401|1589343","QBUZZ:z401|1625071","QBUZZ:z401|1655044","QBUZZ:z401|1655046"],"representative_variant_id":"QBUZZ:z400|1578613","length_m":1041.3}},{"type":"Feature","geometry":{"type":"LineString","coordinates":[[4.533504813781088,52.14023899453938],[4.529075,52.141751],[4.527067,52.142878],[4.526109975932076,52.143617]]},"properties":{"edge_id":"edge/a888e2e05ecf","stop_a":"stop/zoeterwoude-rijndijk-burg-smeetsweg__cc7d0a2ca1","stop_b":"stop/zoeterwoude-rijndijk-oranjelaan__11e9815727","stop_a_name":"Zoeterwoude-Rijndijk, Burg. Smeetsweg","stop_b_name":"Zoeterwoude-Rijndijk, Oranjelaan","num_lines":2,"line_ids":["QBUZZ:z169","QBUZZ:z187"],"line_refs":["169","187"],"lines":[{"line_id":"QBUZZ:z169","line_ref":"169","line_name":"Alphen a/d Rijn - Leiden","agency_id":"QBUZZ"},{"line_id":"QBUZZ:z187","line_ref":"187","line_name":"Boskoop - Leiden","agency_id":"QBUZZ"}],"variant_ids":["QBUZZ:z169|1578492","QBUZZ:z169|1578493","QBUZZ:z169|1578495","QBUZZ:z187|1578516","QBUZZ:z187|1589334","QBUZZ:z187|1625028"],"representative_variant_id":"QBUZZ:z169|1578492","length_m":636.6}},{"type":"Feature","geometry":{"type":"LineString","coordinates":[[4.533504813781088,52.14023899453938],[4.535163,52.139665],[4.535513,52.139722],[4.53677,52.139686],[4.538183,52.139876],[4.539336,52.139947],[4.542290968202686,52.13967056483814]]},"properties":{"edge_id":"edge/e232053c4be2","stop_a":"stop/zoeterwoude-rijndijk-burg-smeetsweg__cc7d0a2ca1","stop_b":"stop/zoeterwoude-rijndijk-rijndijk__3098847513","stop_a_name":"Zoeterwoude-Rijndijk, Burg. Smeetsweg","stop_b_name":"Zoeterwoude-Rijndijk, Rijndijk","num_lines":2,"line_ids":["QBUZZ:z169","QBUZZ:z187"],"line_refs":["169","187"],"lines":[{"line_id":"QBUZZ:z169","line_ref":"169","line_name":"Alphen a/d Rijn - Leiden","agency_id":"QBUZZ"},{"line_id":"QBUZZ:z187","line_ref":"187","line_name":"Boskoop - Leiden","agency_id":"QBUZZ"}],"variant_ids":["QBUZZ:z169|1578492","QBUZZ:z169|1578493","QBUZZ:z169|1578495","QBUZZ:z187|1578516","QBUZZ:z187|1589334","QBUZZ:z187|1625028"],"representative_variant_id":"QBUZZ:z169|1578492","length_m":622.3}},{"type":"Feature","geometry":{"type":"LineString","coordinates":[[4.529447149640296,52.13711476429578],[4.532828773380464,52.13601943561177]]},"properties":{"edge_id":"edge/3a3d4cff787f","stop_a":"stop/zoeterwoude-rijndijk-energieweg__b7f6e008b0","stop_b":"stop/zoeterwoude-rijndijk-heineken__4f8ab1736b","stop_a_name":"Zoeterwoude-Rijndijk, Energieweg","stop_b_name":"Zoeterwoude-Rijndijk, Heineken","num_lines":1,"line_ids":["QBUZZ:z187"],"line_refs":["187"],"lines":[{"line_id":"QBUZZ:z187","line_ref":"187","line_name":"Boskoop - Leiden","agency_id":"QBUZZ"}],"variant_ids":["QBUZZ:z187|1578510","QBUZZ:z187|1578514","QBUZZ:z187|1625027"],"representative_variant_id":"QBUZZ:z187|1578510","length_m":261.0}},{"type":"Feature","geometry":{"type":"LineString","coordinates":[[4.529447149640296,52.13711476429578],[4.526192,52.138243],[4.524430495187638,52.139028789785876]]},"properties":{"edge_id":"edge/a669b9d24415","stop_a":"stop/zoeterwoude-rijndijk-energieweg__b7f6e008b0","stop_b":"stop/zoeterwoude-rijndijk-nijverheidsweg__e3d181efb9","stop_a_name":"Zoeterwoude-Rijndijk, Energieweg","stop_b_name":"Zoeterwoude-Rijndijk, Nijverheidsweg","num_lines":1,"line_ids":["QBUZZ:z187"],"line_refs":["187"],"lines":[{"line_id":"QBUZZ:z187","line_ref":"187","line_name":"Boskoop - Leiden","agency_id":"QBUZZ"}],"variant_ids":["QBUZZ:z187|1578510","QBUZZ:z187|1578514","QBUZZ:z187|1625027"],"representative_variant_id":"QBUZZ:z187|1578510","length_m":403.7}},{"type":"Feature","geometry":{"type":"LineString","coordinates":[[4.532828773380464,52.13601943561177],[4.53391,52.135665],[4.533782,52.135512],[4.5309,52.136515],[4.534379,52.13868],[4.53511,52.139404],[4.535163,52.139665],[4.535513,52.139722],[4.53677,52.139686],[4.538183,52.139876],[4.539336,52.139947],[4.542288895481228,52.13967083657568]]},"properties":{"edge_id":"edge/37e1cf70db08","stop_a":"stop/zoeterwoude-rijndijk-heineken__4f8ab1736b","stop_b":"stop/zoeterwoude-rijndijk-rijndijk__3098847513","stop_a_name":"Zoeterwoude-Rijndijk, Heineken","stop_b_name":"Zoeterwoude-Rijndijk, Rijndijk","num_lines":1,"line_ids":["QBUZZ:z187"],"line_refs":["187"],"lines":[{"line_id":"QBUZZ:z187","line_ref":"187","line_name":"Boskoop - Leiden","agency_id":"QBUZZ"}],"variant_ids":["QBUZZ:z187|1578510","QBUZZ:z187|1578514","QBUZZ:z187|1625027"],"representative_variant_id":"QBUZZ:z187|1578510","length_m":1283.2}},{"type":"Feature","geometry":{"type":"LineString","coordinates":[[4.522935109488587,52.14694367426082],[4.524066,52.145463],[4.526136306282323,52.14361447499554]]},"properties":{"edge_id":"edge/185a823d9477","stop_a":"stop/zoeterwoude-rijndijk-laan-de-goede-herder__a2ceae227d","stop_b":"stop/zoeterwoude-rijndijk-oranjelaan__11e9815727","stop_a_name":"Zoeterwoude-Rijndijk, Laan de Goede Herder","stop_b_name":"Zoeterwoude-Rijndijk, Oranjelaan","num_lines":2,"line_ids":["QBUZZ:z169","QBUZZ:z187"],"line_refs":["169","187"],"lines":[{"line_id":"QBUZZ:z169","line_ref":"169","line_name":"Alphen a/d Rijn - Leiden","agency_id":"QBUZZ"},{"line_id":"QBUZZ:z187","line_ref":"187","line_name":"Boskoop - Leiden","agency_id":"QBUZZ"}],"variant_ids":["QBUZZ:z169|1578492","QBUZZ:z169|1578493","QBUZZ:z169|1578495","QBUZZ:z187|1578516","QBUZZ:z187|1589334","QBUZZ:z187|1625028"],"representative_variant_id":"QBUZZ:z187|1578516","length_m":431.2}},{"type":"Feature","geometry":{"type":"LineString","coordinates":[[4.512021637154428,52.14046045081539],[4.513537,52.139956],[4.516357,52.139204],[4.520106604983956,52.14109079656384]]},"properties":{"edge_id":"edge/2974f332e24f","stop_a":"stop/zoeterwoude-rijndijk-meerburg__4ec168ae55","stop_b":"stop/zoeterwoude-rijndijk-productieweg__a6102b848c","stop_a_name":"Zoeterwoude-Rijndijk, Meerburg","stop_b_name":"Zoeterwoude-Rijndijk, Productieweg","num_lines":1,"line_ids":["QBUZZ:z187"],"line_refs":["187"],"lines":[{"line_id":"QBUZZ:z187","line_ref":"187","line_name":"Boskoop - Leiden","agency_id":"QBUZZ"}],"variant_ids":["QBUZZ:z187|1578510","QBUZZ:z187|1578514","QBUZZ:z187|1625027"],"representative_variant_id":"QBUZZ:z187|1578510","length_m":658.4}},{"type":"Feature","geometry":{"type":"LineString","coordinates":[[4.524430495187638,52.139028789785876],[4.5228,52.139935],[4.520903,52.141314],[4.520697,52.141384],[4.520106604983956,52.14109079656384]]},"properties":{"edge_id":"edge/57541e8402a8","stop_a":"stop/zoeterwoude-rijndijk-nijverheidsweg__e3d181efb9","stop_b":"stop/zoeterwoude-rijndijk-productieweg__a6102b848c","stop_a_name":"Zoeterwoude-Rijndijk, Nijverheidsweg","stop_b_name":"Zoeterwoude-Rijndijk, Productieweg","num_lines":1,"line_ids":["QBUZZ:z187"],"line_refs":["187"],"lines":[{"line_id":"QBUZZ:z187","line_ref":"187","line_name":"Boskoop - Leiden","agency_id":"QBUZZ"}],"variant_ids":["QBUZZ:z187|1578510","QBUZZ:z187|1578514","QBUZZ:z187|1625027"],"representative_variant_id":"QBUZZ:z187|1578510","length_m":418.7}},{"type":"Feature","geometry":{"type":"LineString","coordinates":[[4.542287078063277,52.139661567062156],[4.543537,52.139474],[4.54483,52.139114],[4.548162325213746,52.13796918698764]]},"properties":{"edge_id":"edge/dabd7f2f7a15","stop_a":"stop/zoeterwoude-rijndijk-rijndijk__3098847513","stop_b":"stop/zoeterwoude-rijndijk-rijneke-boulevard__d4b60c1a0c","stop_a_name":"Zoeterwoude-Rijndijk, Rijndijk","stop_b_name":"Zoeterwoude-Rijndijk, Rijneke Boulevard","num_lines":2,"line_ids":["QBUZZ:z169","QBUZZ:z187"],"line_refs":["169","187"],"lines":[{"line_id":"QBUZZ:z169","line_ref":"169","line_name":"Alphen a/d Rijn - Leiden","agency_id":"QBUZZ"},{"line_id":"QBUZZ:z187","line_ref":"187","line_name":"Boskoop - Leiden","agency_id":"QBUZZ"}],"variant_ids":["QBUZZ:z169|1578492","QBUZZ:z169|1578493","QBUZZ:z169|1578495","QBUZZ:z187|1578510","QBUZZ:z187|1578514","QBUZZ:z187|1578516","QBUZZ:z187|1589334","QBUZZ:z187|1625027","QBUZZ:z187|1625028"],"representative_variant_id":"QBUZZ:z169|1578493","length_m":445.3}}],"route_simplify_distance_m":5.0}
