{"type":"FeatureCollection","name":"Public Transport Game web network","generated_at":"2026-08-24T18:48:51.318437+00:00","source":"bus_network.geojson","route_simplify_distance_m":5.0,"features":[{"type":"Feature","geometry":{"type":"LineString","coordinates":[[4.324619,52.080438],[4.324515,52.080518],[4.325064,52.080765],[4.326238,52.07985],[4.326516,52.079826],[4.330859,52.081249],[4.3295,52.081965],[4.328744,52.082461],[4.327,52.084001],[4.332257,52.086304],[4.333755,52.087127],[4.334343,52.087554],[4.338006,52.089421],[4.342274,52.090987],[4.343741,52.091269],[4.346105,52.09191],[4.34935,52.092946],[4.353096,52.095657],[4.357911,52.098216],[4.359015,52.099107],[4.363815,52.101701],[4.359376,52.104953],[4.352653,52.109118],[4.352205,52.109546],[4.35293,52.110406],[4.354025,52.111009],[4.357082,52.112645],[4.366712,52.117403],[4.367531,52.117985],[4.367556,52.118156],[4.365957,52.119113],[4.36388,52.120542],[4.363403,52.120978],[4.363375,52.121571],[4.363962,52.123329],[4.364464,52.123765],[4.367646,52.125743],[4.369682,52.127379],[4.374312,52.1306],[4.375616,52.131717],[4.375993,52.131846],[4.376852,52.131944],[4.379083,52.132106],[4.380106,52.132097],[4.381791,52.131833],[4.382654,52.131777],[4.38526,52.130847],[4.392873,52.135954],[4.393402,52.136498],[4.394039,52.137402],[4.398198,52.140214],[4.399345,52.141186],[4.399592,52.141251],[4.399674,52.141494],[4.401065,52.142701],[4.401325,52.142811],[4.401277,52.143017],[4.401821,52.143543],[4.403548,52.144726],[4.403665,52.1447],[4.403882,52.144792],[4.403865,52.144918],[4.404136,52.145208],[4.406019,52.146616],[4.407249,52.147831],[4.407421,52.147967],[4.407625,52.147987],[4.407621,52.148185],[4.410292,52.150337],[4.411006,52.150397],[4.412423,52.149753],[4.413022,52.149767],[4.413717,52.149377],[4.413736,52.149197],[4.41479,52.148442],[4.414733,52.148333],[4.411097,52.146254],[4.411926,52.145758],[4.412624,52.144568],[4.413805,52.144685],[4.41401,52.14333],[4.4138,52.142879],[4.413893,52.142673],[4.413778,52.142573],[4.413868,52.142448],[4.414117,52.142423],[4.414245,52.142586],[4.414651,52.142751],[4.418252,52.1451],[4.421273,52.14659],[4.424675,52.148064],[4.424922,52.14812],[4.426244,52.147107],[4.429569,52.148796],[4.433641,52.150375],[4.436738,52.151785],[4.437184,52.152085],[4.437398,52.152356],[4.437516,52.153661],[4.437756,52.154049],[4.438044,52.15424],[4.438494,52.154387],[4.439706,52.154442],[4.440332,52.154546],[4.440999,52.154785],[4.441446,52.155058],[4.442467,52.155884],[4.443654,52.157089],[4.444236,52.157885],[4.444964,52.159392],[4.445296,52.159619],[4.446111,52.15977],[4.446801,52.15964],[4.447301,52.159491],[4.448483,52.158863],[4.449175,52.158643],[4.449295,52.158483],[4.449573,52.158485],[4.449701,52.15863],[4.449641,52.158719],[4.450071,52.159109],[4.451719,52.159958],[4.452041,52.15997],[4.452126,52.160069],[4.45205,52.160194],[4.454055,52.161487],[4.457329,52.162888],[4.457808,52.163026],[4.458459,52.163373],[4.459119,52.163971],[4.459525,52.164828],[4.461604,52.164656],[4.462042,52.164677],[4.463405,52.164508],[4.464935,52.163999],[4.465728,52.163861],[4.468503,52.163955],[4.471224,52.163832],[4.474059,52.163836],[4.476465,52.164125],[4.477341,52.164167],[4.479263,52.16384],[4.480147,52.163461],[4.481805,52.164588],[4.48139,52.164864],[4.481733,52.16528]]},"properties":{"line_id":"EBS:3043","line_ref":"43","line_name":"Den Haag Centraal via Wassenaar - Leiden Centraal","agency_id":"EBS","variant_id":"EBS:3043|1478702"}},{"type":"Feature","geometry":{"type":"LineString","coordinates":[[4.324619,52.080438],[4.324515,52.080518],[4.325064,52.080765],[4.326238,52.07985],[4.326516,52.079826],[4.330859,52.081249],[4.3295,52.081965],[4.328744,52.082461],[4.327,52.084001],[4.332257,52.086304],[4.333755,52.087127],[4.334343,52.087554],[4.338006,52.089421],[4.342274,52.090987],[4.343741,52.091269],[4.346105,52.09191],[4.34935,52.092946],[4.353096,52.095657],[4.357911,52.098216],[4.359015,52.099107],[4.363815,52.101701],[4.359376,52.104953],[4.352653,52.109118],[4.352205,52.109546],[4.35293,52.110406],[4.354025,52.111009],[4.357082,52.112645],[4.366712,52.117403],[4.367531,52.117985],[4.367556,52.118156],[4.365957,52.119113],[4.36388,52.120542],[4.363403,52.120978],[4.363375,52.121571],[4.363962,52.123329],[4.364464,52.123765],[4.367646,52.125743],[4.369682,52.127379],[4.374312,52.1306],[4.375616,52.131717],[4.375993,52.131846],[4.376852,52.131944],[4.379083,52.132106],[4.380106,52.132097],[4.381791,52.131833],[4.382654,52.131777],[4.38526,52.130847],[4.392873,52.135954],[4.394182,52.13752],[4.398198,52.140214],[4.399345,52.141186],[4.399592,52.141251],[4.399674,52.141494],[4.401065,52.142701],[4.401325,52.142811],[4.401277,52.143017],[4.40195,52.143652],[4.403548,52.144726],[4.403665,52.1447],[4.403882,52.144792],[4.403865,52.144918],[4.404136,52.145208],[4.406019,52.146616],[4.407249,52.147831],[4.407421,52.147967],[4.407625,52.147987],[4.407621,52.148185],[4.410205,52.150283],[4.410408,52.150365],[4.411006,52.150397],[4.412423,52.149753],[4.413022,52.149767],[4.413717,52.149377],[4.413736,52.149197],[4.41479,52.148442],[4.414733,52.148333],[4.411097,52.146254],[4.411926,52.145758],[4.412624,52.144568],[4.413805,52.144685],[4.41401,52.14333],[4.413927,52.143113]]},"properties":{"line_id":"EBS:3043","line_ref":"43","line_name":"Den Haag Centraal via Wassenaar - Leiden Centraal","agency_id":"EBS","variant_id":"EBS:3043|1478703"}},{"type":"Feature","geometry":{"type":"LineString","coordinates":[[4.482328,52.165473],[4.482516,52.165564],[4.482912,52.165522],[4.481775,52.164624],[4.481392,52.164783],[4.480098,52.16373],[4.478071,52.164236],[4.477206,52.164337],[4.473851,52.164032],[4.470679,52.164026],[4.468221,52.164133],[4.465856,52.164015],[4.465049,52.164171],[4.463472,52.164779],[4.459355,52.165241],[4.459026,52.164231],[4.458223,52.163479],[4.457284,52.162932],[4.453793,52.161422],[4.451977,52.16023],[4.451641,52.160182],[4.45166,52.159994],[4.449925,52.159099],[4.449523,52.158781],[4.44926,52.158743],[4.447535,52.159484],[4.446829,52.159685],[4.445744,52.159866],[4.445205,52.159753],[4.444932,52.159562],[4.444163,52.157902],[4.443666,52.157233],[4.442608,52.15611],[4.441617,52.155266],[4.441027,52.154866],[4.440505,52.154655],[4.439865,52.154515],[4.438377,52.154413],[4.437682,52.154075],[4.437484,52.153804],[4.437362,52.153354],[4.43731,52.152365],[4.436938,52.151975],[4.433581,52.15042],[4.429524,52.148841],[4.426228,52.147169],[4.425024,52.14813],[4.424702,52.148146],[4.418118,52.145197],[4.414503,52.14284],[4.414126,52.142684],[4.413965,52.1427],[4.413888,52.142879],[4.414097,52.143331],[4.413739,52.145674],[4.412838,52.146161],[4.412007,52.146747],[4.414821,52.148334],[4.414848,52.148451],[4.413794,52.149216],[4.413775,52.149395],[4.41305,52.149803],[4.412437,52.149789],[4.41102,52.150433],[4.410393,52.150401],[4.410161,52.1503],[4.407577,52.148202],[4.4073,52.148155],[4.407348,52.147994],[4.405945,52.146643],[4.403805,52.144962],[4.403644,52.144997],[4.40347,52.144932],[4.403488,52.144762],[4.401876,52.143688],[4.401203,52.143044],[4.400912,52.142996],[4.400744,52.14268],[4.399669,52.141746]]},"properties":{"line_id":"EBS:3043","line_ref":"43","line_name":"Den Haag Centraal via Wassenaar - Leiden Centraal","agency_id":"EBS","variant_id":"EBS:3043|1478704"}},{"type":"Feature","geometry":{"type":"LineString","coordinates":[[4.482328,52.165473],[4.482516,52.165564],[4.482912,52.165522],[4.481775,52.164624],[4.481392,52.164783],[4.480098,52.16373],[4.478071,52.164236],[4.477206,52.164337],[4.473851,52.164032],[4.470679,52.164026],[4.468221,52.164133],[4.465856,52.164015],[4.465049,52.164171],[4.463472,52.164779],[4.459355,52.165241],[4.459026,52.164231],[4.458223,52.163479],[4.457284,52.162932],[4.453793,52.161422],[4.451977,52.16023],[4.451641,52.160182],[4.45166,52.159994],[4.449925,52.159099],[4.449523,52.158781],[4.44926,52.158743],[4.447535,52.159484],[4.446535,52.159746],[4.445744,52.159866],[4.44535,52.159817],[4.445075,52.15968],[4.444932,52.159562],[4.444064,52.157758],[4.442608,52.15611],[4.441387,52.155094],[4.440665,52.15471],[4.439865,52.154515],[4.438377,52.154413],[4.437783,52.154157],[4.437456,52.153732],[4.437254,52.152256],[4.436938,52.151975],[4.436187,52.151582],[4.433581,52.15042],[4.429524,52.148841],[4.426228,52.147169],[4.425024,52.14813],[4.424702,52.148146],[4.418118,52.145197],[4.414618,52.142912],[4.414126,52.142684],[4.413965,52.1427],[4.413889,52.142817],[4.414097,52.143331],[4.413739,52.145674],[4.412838,52.146161],[4.412007,52.146747],[4.414821,52.148334],[4.414848,52.148451],[4.413794,52.149216],[4.413775,52.149395],[4.41305,52.149803],[4.412437,52.149789],[4.41102,52.150433],[4.410262,52.150373],[4.407577,52.148202],[4.4073,52.148155],[4.407348,52.147994],[4.405802,52.146525],[4.403805,52.144962],[4.403644,52.144997],[4.40347,52.144932],[4.403488,52.144762],[4.401876,52.143688],[4.401203,52.143044],[4.400912,52.142996],[4.400744,52.14268],[4.399426,52.14151],[4.399135,52.141462],[4.39911,52.141264],[4.398149,52.14043],[4.394062,52.137681],[4.393661,52.137291],[4.393227,52.136469],[4.392785,52.135998],[4.385215,52.130918],[4.38277,52.131823],[4.382024,52.131871],[4.380119,52.132169],[4.378833,52.132167],[4.376836,52.132015],[4.375962,52.131918],[4.375541,52.131771],[4.374223,52.130645],[4.369594,52.127423],[4.36737,52.12566],[4.365021,52.124291],[4.363943,52.123563],[4.363324,52.121859],[4.363301,52.120959],[4.363779,52.120496],[4.367085,52.118332],[4.36718,52.118009],[4.367055,52.117738],[4.366638,52.117456],[4.357008,52.112698],[4.3546,52.111419],[4.352351,52.110185],[4.351695,52.109496],[4.358715,52.105136],[4.360242,52.104106],[4.363391,52.101743],[4.362153,52.100995],[4.358893,52.099312],[4.357604,52.098259],[4.352961,52.095809],[4.34923,52.09308],[4.345521,52.091905],[4.343621,52.091412],[4.342342,52.091176],[4.338262,52.089693],[4.335045,52.0881],[4.334311,52.08768],[4.33384,52.087253],[4.332111,52.086303],[4.326451,52.083807],[4.328194,52.08225],[4.328906,52.081762],[4.329955,52.081232],[4.328583,52.080644],[4.326397,52.079923],[4.325386,52.080696]]},"properties":{"line_id":"EBS:3043","line_ref":"43","line_name":"Den Haag Centraal via Wassenaar - Leiden Centraal","agency_id":"EBS","variant_id":"EBS:3043|1478705"}},{"type":"Feature","geometry":{"type":"LineString","coordinates":[[4.413986,52.14306],[4.414097,52.143331],[4.413739,52.145674],[4.412838,52.146161],[4.412007,52.146747],[4.414821,52.148334],[4.414848,52.148451],[4.413794,52.149216],[4.413775,52.149395],[4.41305,52.149803],[4.412437,52.149789],[4.41102,52.150433],[4.410393,52.150401],[4.410161,52.1503],[4.407577,52.148202],[4.4073,52.148155],[4.407348,52.147994],[4.406089,52.14677],[4.403805,52.144962],[4.403644,52.144997],[4.40347,52.144932],[4.403488,52.144762],[4.401876,52.143688],[4.401203,52.143044],[4.400912,52.142996],[4.400744,52.14268],[4.399426,52.14151],[4.399135,52.141462],[4.39911,52.141264],[4.398149,52.14043],[4.394062,52.137681],[4.393661,52.137291],[4.393227,52.136469],[4.392785,52.135998],[4.385215,52.130918],[4.38277,52.131823],[4.382024,52.131871],[4.380119,52.132169],[4.378833,52.132167],[4.376836,52.132015],[4.375962,52.131918],[4.375426,52.131698],[4.374223,52.130645],[4.369594,52.127423],[4.36737,52.12566],[4.365021,52.124291],[4.363943,52.123563],[4.363324,52.121859],[4.363301,52.120959],[4.363779,52.120496],[4.367085,52.118332],[4.36718,52.118009],[4.367055,52.117738],[4.366638,52.117456],[4.357008,52.112698],[4.3546,52.111419],[4.352351,52.110185],[4.351695,52.109496],[4.358715,52.105136],[4.360242,52.104106],[4.363391,52.101743],[4.362153,52.100995],[4.358893,52.099312],[4.357604,52.098259],[4.352961,52.095809],[4.34923,52.09308],[4.345521,52.091905],[4.343621,52.091412],[4.342342,52.091176],[4.338262,52.089693],[4.335045,52.0881],[4.334311,52.08768],[4.33384,52.087253],[4.332111,52.086303],[4.326451,52.083807],[4.328194,52.08225],[4.328906,52.081762],[4.329955,52.081232],[4.328583,52.080644],[4.326397,52.079923],[4.325386,52.080696]]},"properties":{"line_id":"EBS:3043","line_ref":"43","line_name":"Den Haag Centraal via Wassenaar - Leiden Centraal","agency_id":"EBS","variant_id":"EBS:3043|1478706"}},{"type":"Feature","geometry":{"type":"LineString","coordinates":[[4.324619,52.080438],[4.324515,52.080518],[4.325064,52.080765],[4.326238,52.07985],[4.326516,52.079826],[4.330859,52.081249],[4.3295,52.081965],[4.328744,52.082461],[4.327,52.084001],[4.332257,52.086304],[4.333755,52.087127],[4.334343,52.087554],[4.338006,52.089421],[4.342274,52.090987],[4.343741,52.091269],[4.346105,52.09191],[4.34935,52.092946],[4.353096,52.095657],[4.357911,52.098216],[4.359015,52.099107],[4.363815,52.101701],[4.359376,52.104953],[4.352653,52.109118],[4.352205,52.109546],[4.35293,52.110406],[4.354025,52.111009],[4.357082,52.112645],[4.366712,52.117403],[4.367531,52.117985],[4.367556,52.118156],[4.365957,52.119113],[4.36388,52.120542],[4.363403,52.120978],[4.363375,52.121571],[4.363522,52.122166],[4.363962,52.123329],[4.364191,52.123574],[4.367646,52.125743],[4.369682,52.127379],[4.374312,52.1306],[4.375142,52.131372],[4.375746,52.131772],[4.376852,52.131944],[4.37885,52.132095],[4.380369,52.132073],[4.381791,52.131833],[4.382654,52.131777],[4.38526,52.130847],[4.392873,52.135954],[4.394182,52.13752],[4.398198,52.140214],[4.399345,52.141186],[4.399592,52.141251],[4.399674,52.141494],[4.401065,52.142701],[4.401325,52.142811],[4.401277,52.143017],[4.401821,52.143543],[4.403548,52.144726],[4.403665,52.1447],[4.403882,52.144792],[4.403865,52.144918],[4.404136,52.145208],[4.406019,52.146616],[4.407134,52.147731],[4.407421,52.147967],[4.407625,52.147987],[4.407681,52.148104],[4.407606,52.148203],[4.407329,52.148173],[4.404126,52.149648],[4.403813,52.149933],[4.403623,52.149922],[4.403412,52.149579],[4.402539,52.148718],[4.400159,52.146657],[4.399897,52.146619],[4.399944,52.146467],[4.39851,52.145241],[4.398012,52.144644],[4.394174,52.147084],[4.390746,52.148816],[4.390257,52.148453],[4.389192,52.14706],[4.388909,52.145996],[4.388132,52.146143],[4.388344,52.14645]]},"properties":{"line_id":"EBS:3044","line_ref":"44","line_name":"Den Haag Centraal - Wassenaar","agency_id":"EBS","variant_id":"EBS:3044|1478707"}},{"type":"Feature","geometry":{"type":"LineString","coordinates":[[4.388344,52.14645],[4.388542,52.14673],[4.389114,52.146618],[4.389266,52.147042],[4.390345,52.148427],[4.390733,52.148735],[4.394087,52.147038],[4.397999,52.144563],[4.398555,52.145224],[4.399989,52.146449],[4.400236,52.146505],[4.400204,52.146631],[4.403672,52.149698],[4.404717,52.149329],[4.407183,52.148181],[4.407348,52.147994],[4.405945,52.146643],[4.403805,52.144962],[4.403644,52.144997],[4.40347,52.144932],[4.403488,52.144762],[4.401876,52.143688],[4.401203,52.143044],[4.400912,52.142996],[4.400744,52.14268],[4.399426,52.14151],[4.399135,52.141462],[4.39911,52.141264],[4.398149,52.14043],[4.394062,52.137681],[4.393661,52.137291],[4.393227,52.136469],[4.392785,52.135998],[4.385215,52.130918],[4.38277,52.131823],[4.382024,52.131871],[4.380382,52.132145],[4.378833,52.132167],[4.375831,52.131881],[4.375426,52.131698],[4.374223,52.130645],[4.369594,52.127423],[4.36737,52.12566],[4.364028,52.123653],[4.363858,52.123418],[4.363324,52.121859],[4.363301,52.120959],[4.363779,52.120496],[4.367085,52.118332],[4.36718,52.118009],[4.367055,52.117738],[4.366638,52.117456],[4.357008,52.112698],[4.3546,52.111419],[4.352351,52.110185],[4.351695,52.109496],[4.358715,52.105136],[4.360242,52.104106],[4.363391,52.101743],[4.362153,52.100995],[4.358893,52.099312],[4.357604,52.098259],[4.352961,52.095809],[4.34923,52.09308],[4.345521,52.091905],[4.343621,52.091412],[4.342342,52.091176],[4.338262,52.089693],[4.335045,52.0881],[4.334311,52.08768],[4.33384,52.087253],[4.332111,52.086303],[4.326451,52.083807],[4.328194,52.08225],[4.328906,52.081762],[4.329955,52.081232],[4.328583,52.080644],[4.326397,52.079923],[4.325386,52.080696]]},"properties":{"line_id":"EBS:3044","line_ref":"44","line_name":"Den Haag Centraal - Wassenaar","agency_id":"EBS","variant_id":"EBS:3044|1478708"}},{"type":"Feature","geometry":{"type":"LineString","coordinates":[[4.324691,52.080483],[4.324602,52.080555],[4.325064,52.080765],[4.326238,52.07985],[4.326516,52.079826],[4.332668,52.081867],[4.335279,52.079428],[4.338814,52.076718],[4.33936,52.076444],[4.343786,52.074937],[4.344871,52.074704],[4.345006,52.07457],[4.345225,52.074572],[4.345339,52.074663],[4.349141,52.074283],[4.349979,52.074605],[4.350067,52.074579],[4.350537,52.073837],[4.354692,52.070152],[4.356339,52.068899],[4.357449,52.068226],[4.358921,52.067646],[4.35894,52.06743],[4.357859,52.066863],[4.357799,52.066971],[4.359294,52.067919],[4.362896,52.067941],[4.363563,52.068118],[4.364746,52.068658],[4.365003,52.068921],[4.365777,52.070779],[4.366275,52.071341],[4.369649,52.073069],[4.371499,52.074433],[4.373572,52.075683],[4.373877,52.07573],[4.373903,52.075847],[4.374393,52.076121],[4.375204,52.076398],[4.376307,52.076632],[4.380124,52.076862],[4.380572,52.077037],[4.381795,52.077829],[4.381999,52.077813],[4.382171,52.07795],[4.385641,52.079327],[4.386019,52.079402],[4.386393,52.079639],[4.39152,52.081319],[4.392835,52.081896],[4.393541,52.082307],[4.398939,52.086271],[4.403343,52.089031],[4.40741,52.091232],[4.4112,52.094085],[4.411555,52.094538],[4.411548,52.094834],[4.411881,52.09499],[4.412668,52.095706],[4.414292,52.096826],[4.415978,52.09852],[4.416333,52.098982],[4.417299,52.100841],[4.417949,52.101826],[4.418674,52.102722],[4.419646,52.103692],[4.421627,52.105227],[4.425291,52.107271],[4.427216,52.108697],[4.430918,52.112386],[4.432831,52.113759],[4.433891,52.11472],[4.436205,52.117112],[4.443264,52.123002],[4.44435,52.124143],[4.445585,52.125834],[4.447094,52.126988],[4.447471,52.127125],[4.447778,52.127119],[4.448763,52.126776],[4.44904,52.126787],[4.449155,52.126887],[4.449049,52.127057],[4.449222,52.127184],[4.451213,52.128324],[4.453786,52.129638],[4.455949,52.130977],[4.461742,52.133332],[4.479073,52.139408],[4.48187,52.1405],[4.483909,52.141513],[4.484009,52.14164],[4.484489,52.141751],[4.485321,52.141802],[4.48619,52.141441],[4.486567,52.141569],[4.487014,52.141878],[4.487567,52.1427],[4.488788,52.143734],[4.49183,52.1472],[4.493751,52.149066],[4.494348,52.149889],[4.494636,52.150853],[4.494593,52.151509],[4.493848,52.153678],[4.493948,52.153796],[4.494588,52.153953],[4.494717,52.15408],[4.494846,52.155681],[4.495034,52.156482],[4.495593,52.157772],[4.496614,52.159344],[4.497157,52.159977],[4.497183,52.160858],[4.497723,52.161617],[4.498092,52.162896],[4.494122,52.163379],[4.491501,52.163619],[4.487945,52.163799],[4.487782,52.163924],[4.487596,52.164444],[4.486533,52.164975],[4.486296,52.165845],[4.486147,52.166024],[4.483861,52.167031],[4.48231,52.167828],[4.480436,52.166519],[4.479689,52.165893],[4.479974,52.1655],[4.481332,52.164845],[4.481733,52.16528]]},"properties":{"line_id":"EBS:3045","line_ref":"45","line_name":"Den Haag Centraal via Leidschendam - Leiden","agency_id":"EBS","variant_id":"EBS:3045|1478709"}},{"type":"Feature","geometry":{"type":"LineString","coordinates":[[4.482576,52.165484],[4.482648,52.165565],[4.482912,52.165522],[4.481775,52.164624],[4.480018,52.165527],[4.479868,52.16567],[4.479908,52.165859],[4.482284,52.167648],[4.486018,52.165888],[4.486373,52.164929],[4.487378,52.164406],[4.487594,52.163832],[4.487831,52.163672],[4.489791,52.163606],[4.492119,52.163417],[4.496659,52.162957],[4.497846,52.162778],[4.497489,52.16166],[4.496947,52.160964],[4.496893,52.160002],[4.495463,52.157708],[4.494736,52.156049],[4.494541,52.154124],[4.494426,52.154033],[4.493916,52.15393],[4.493701,52.15374],[4.494408,52.151282],[4.49436,52.150734],[4.494052,52.150057],[4.493554,52.149379],[4.491354,52.146882],[4.489994,52.145514],[4.488538,52.143795],[4.487275,52.142671],[4.486879,52.14203],[4.486303,52.141612],[4.485611,52.141886],[4.484473,52.141823],[4.483789,52.141683],[4.481518,52.140569],[4.480445,52.140156],[4.462259,52.13375],[4.459856,52.132688],[4.455989,52.131157],[4.454533,52.130237],[4.451211,52.128431],[4.448932,52.127083],[4.448509,52.127044],[4.44757,52.127279],[4.447177,52.127204],[4.44686,52.127022],[4.445465,52.12595],[4.443958,52.124023],[4.442413,52.122528],[4.436961,52.117954],[4.432728,52.113803],[4.430126,52.111885],[4.426766,52.108595],[4.424639,52.107014],[4.421366,52.105144],[4.419858,52.104008],[4.419085,52.103301],[4.417634,52.101572],[4.41623,52.098999],[4.415846,52.098528],[4.413931,52.096661],[4.412391,52.095677],[4.411689,52.095087],[4.411268,52.094976],[4.411379,52.094572],[4.41075,52.093983],[4.407134,52.091175],[4.40637,52.090711],[4.403571,52.089294],[4.400274,52.087271],[4.398347,52.085996],[4.395203,52.08366],[4.394244,52.084164],[4.393369,52.083474],[4.390809,52.081798],[4.388263,52.080824],[4.386231,52.079728],[4.385809,52.079661],[4.385595,52.079462],[4.383615,52.078618],[4.382023,52.078047],[4.381761,52.078045],[4.381721,52.077865],[4.380685,52.077236],[4.380033,52.077032],[4.37932,52.076936],[4.376217,52.07673],[4.375129,52.076496],[4.374376,52.076256],[4.373755,52.075954],[4.373493,52.075934],[4.373438,52.075771],[4.371324,52.074468],[4.36953,52.073158],[4.366573,52.071676],[4.365984,52.071285],[4.365516,52.070714],[4.365259,52.069822],[4.364773,52.068748],[4.363648,52.068217],[4.36288,52.067995],[4.359103,52.067962],[4.358686,52.067715],[4.358921,52.067646],[4.35894,52.06743],[4.357889,52.066864],[4.357799,52.066971],[4.358962,52.067736],[4.357506,52.068271],[4.356602,52.068884],[4.356452,52.069089],[4.354448,52.070591],[4.350917,52.073814],[4.350542,52.07426],[4.350372,52.074636],[4.350413,52.074789],[4.350294,52.07486],[4.350032,52.074867],[4.349889,52.074721],[4.349934,52.07465],[4.349125,52.074337],[4.345352,52.074717],[4.345277,52.074816],[4.345072,52.074859],[4.344885,52.074758],[4.344666,52.074774],[4.344064,52.074904],[4.339403,52.076489],[4.338693,52.076896],[4.335112,52.079687],[4.33253,52.082145],[4.32952,52.081093],[4.328828,52.080736],[4.3266,52.079961],[4.326397,52.079923],[4.325386,52.080696]]},"properties":{"line_id":"EBS:3045","line_ref":"45","line_name":"Den Haag Centraal via Leidschendam - Leiden","agency_id":"EBS","variant_id":"EBS:3045|1478710"}},{"type":"Feature","geometry":{"type":"LineString","coordinates":[[4.324691,52.080483],[4.324602,52.080555],[4.325064,52.080765],[4.326238,52.07985],[4.326516,52.079826],[4.332668,52.081867],[4.335279,52.079428],[4.338814,52.076718],[4.33936,52.076444],[4.343786,52.074937],[4.344871,52.074704],[4.345006,52.07457],[4.345225,52.074572],[4.345339,52.074663],[4.349141,52.074283],[4.349979,52.074605],[4.350067,52.074579],[4.350537,52.073837],[4.354692,52.070152],[4.356339,52.068899],[4.357449,52.068226],[4.358921,52.067646],[4.35894,52.06743],[4.357975,52.066891],[4.357815,52.066881],[4.357799,52.066971],[4.359294,52.067919],[4.362721,52.06793],[4.363418,52.068062],[4.364904,52.068776],[4.365777,52.070779],[4.366275,52.071341],[4.369649,52.073069],[4.371499,52.074433],[4.373572,52.075683],[4.373877,52.07573],[4.373903,52.075847],[4.374393,52.076121],[4.375204,52.076398],[4.376307,52.076632],[4.379862,52.076824],[4.380428,52.076964],[4.381795,52.077829],[4.381999,52.077813],[4.382171,52.07795],[4.385641,52.079327],[4.386019,52.079402],[4.386393,52.079639],[4.3922,52.081585],[4.393541,52.082307],[4.395234,52.083606],[4.393784,52.084475],[4.393205,52.084946],[4.393049,52.085412],[4.392825,52.085608],[4.388834,52.087912],[4.387719,52.088846],[4.383606,52.091382],[4.390504,52.095494],[4.392122,52.096254],[4.392732,52.096367],[4.393032,52.096684],[4.395631,52.097937],[4.400373,52.099955],[4.40074,52.099886],[4.401125,52.09961],[4.40486,52.096343],[4.406119,52.096839],[4.406614,52.096915],[4.407169,52.096883],[4.407624,52.096752],[4.408924,52.096071],[4.410684,52.09498],[4.411242,52.094814],[4.411694,52.094862],[4.412668,52.095706],[4.414292,52.096826],[4.415978,52.09852],[4.416333,52.098982],[4.417299,52.100841],[4.417949,52.101826],[4.418674,52.102722],[4.419646,52.103692],[4.421627,52.105227],[4.425291,52.107271],[4.427216,52.108697],[4.430918,52.112386],[4.432831,52.113759],[4.434134,52.114956],[4.436205,52.117112],[4.437913,52.118492],[4.437999,52.118582],[4.437851,52.118653],[4.436881,52.118987],[4.432916,52.120681],[4.432767,52.12085],[4.435155,52.123233],[4.435195,52.123387],[4.435149,52.123521],[4.434218,52.123999],[4.433728,52.12439],[4.433518,52.124667],[4.433586,52.124875],[4.434949,52.126018],[4.437146,52.127079],[4.43726,52.12725],[4.437449,52.127279],[4.437459,52.127504],[4.437137,52.127537],[4.436616,52.127299],[4.435911,52.126781],[4.43542,52.126534],[4.434575,52.126447],[4.433958,52.126594],[4.433382,52.126922],[4.432518,52.127706],[4.430137,52.12908],[4.426632,52.130445],[4.425214,52.13117],[4.423416,52.131947],[4.418716,52.133805],[4.412751,52.136722],[4.409218,52.138005],[4.408356,52.137989],[4.407281,52.137701],[4.406543,52.138064],[4.406309,52.138098],[4.403494,52.139198],[4.401482,52.140368],[4.399606,52.141287],[4.399674,52.141494],[4.401065,52.142701],[4.401325,52.142811],[4.401307,52.143],[4.40097,52.143024],[4.399731,52.143571],[4.394174,52.147084],[4.390775,52.148808],[4.390257,52.148453],[4.389192,52.14706],[4.388909,52.145996],[4.388132,52.146143],[4.388344,52.14645]]},"properties":{"line_id":"EBS:3046","line_ref":"46","line_name":"Den Haag Centraal via Voorschoten - Wassenaar","agency_id":"EBS","variant_id":"EBS:3046|1478711"}},{"type":"Feature","geometry":{"type":"LineString","coordinates":[[4.388344,52.14645],[4.388542,52.14673],[4.389114,52.146618],[4.389266,52.147042],[4.390345,52.148427],[4.390733,52.148735],[4.394087,52.147038],[4.399348,52.143684],[4.400884,52.142969],[4.400744,52.14268],[4.399426,52.14151],[4.399135,52.141462],[4.399125,52.141247],[4.399301,52.141185],[4.399534,52.141232],[4.400065,52.141012],[4.403644,52.139037],[4.405941,52.138203],[4.407081,52.137493],[4.407534,52.137506],[4.408784,52.137786],[4.40934,52.137763],[4.412417,52.136629],[4.415411,52.135333],[4.418644,52.13375],[4.423197,52.131909],[4.426339,52.13047],[4.429255,52.129343],[4.432123,52.127757],[4.433533,52.126708],[4.433901,52.126531],[4.434562,52.126375],[4.43548,52.126463],[4.435959,52.126629],[4.436851,52.127247],[4.437201,52.12725],[4.436972,52.127032],[4.434919,52.126045],[4.433542,52.124883],[4.433506,52.124523],[4.434175,52.123981],[4.43509,52.123503],[4.43511,52.123251],[4.432708,52.12085],[4.432873,52.120653],[4.436852,52.118951],[4.437764,52.118643],[4.437707,52.11858],[4.435558,52.116657],[4.433057,52.114102],[4.430126,52.111885],[4.42645,52.108332],[4.424567,52.106968],[4.421553,52.105272],[4.419858,52.104008],[4.418486,52.102658],[4.417634,52.101572],[4.41623,52.098999],[4.415846,52.098528],[4.414189,52.09687],[4.412391,52.095677],[4.411573,52.095023],[4.411151,52.095002],[4.410519,52.095185],[4.40907,52.096072],[4.408623,52.096482],[4.408032,52.096819],[4.407296,52.097073],[4.40677,52.097123],[4.406245,52.097082],[4.404856,52.096541],[4.400885,52.099923],[4.400634,52.100047],[4.4004,52.100054],[4.392985,52.096827],[4.392699,52.096546],[4.392392,52.09658],[4.39073,52.095847],[4.389057,52.094952],[4.384363,52.092125],[4.383251,52.091568],[4.386983,52.089154],[4.388482,52.088008],[4.392577,52.085642],[4.3928,52.085446],[4.393062,52.084828],[4.394215,52.084146],[4.393369,52.083474],[4.390809,52.081798],[4.388263,52.080824],[4.386231,52.079728],[4.385809,52.079661],[4.385595,52.079462],[4.383615,52.078618],[4.382023,52.078047],[4.381761,52.078045],[4.381721,52.077865],[4.380685,52.077236],[4.380033,52.077032],[4.37932,52.076936],[4.376217,52.07673],[4.375129,52.076496],[4.374376,52.076256],[4.373755,52.075954],[4.373493,52.075934],[4.373438,52.075771],[4.371324,52.074468],[4.36953,52.073158],[4.366573,52.071676],[4.365984,52.071285],[4.365516,52.070714],[4.364887,52.068866],[4.364572,52.068639],[4.363257,52.06807],[4.36272,52.067984],[4.359103,52.067962],[4.358686,52.067715],[4.358921,52.067646],[4.35894,52.06743],[4.357975,52.066891],[4.357815,52.066881],[4.357799,52.066971],[4.358962,52.067736],[4.357506,52.068271],[4.356602,52.068884],[4.356452,52.069089],[4.354448,52.070591],[4.350917,52.073814],[4.350435,52.074448],[4.350413,52.074789],[4.350206,52.074886],[4.350032,52.074867],[4.349889,52.074721],[4.349934,52.07465],[4.349125,52.074337],[4.345352,52.074717],[4.345277,52.074816],[4.345072,52.074859],[4.344885,52.074758],[4.344666,52.074774],[4.344064,52.074904],[4.339403,52.076489],[4.338693,52.076896],[4.335112,52.079687],[4.33253,52.082145],[4.32952,52.081093],[4.328828,52.080736],[4.3266,52.079961],[4.326397,52.079923],[4.325386,52.080696]]},"properties":{"line_id":"EBS:3046","line_ref":"46","line_name":"Den Haag Centraal via Voorschoten - Wassenaar","agency_id":"EBS","variant_id":"EBS:3046|1478712"}},{"type":"Feature","geometry":{"type":"LineString","coordinates":[[4.441694,52.244054],[4.441428,52.244151],[4.441248,52.244356],[4.440956,52.244327],[4.440404,52.24346],[4.439419,52.24294],[4.439135,52.242506],[4.436987,52.242983],[4.436533,52.242988],[4.434669,52.242533],[4.431827,52.241243],[4.431637,52.241232],[4.430928,52.241523],[4.430049,52.242217],[4.429404,52.242913],[4.429339,52.243209],[4.43182,52.244982],[4.432616,52.246085],[4.433984,52.247183],[4.434656,52.247926]]},"properties":{"line_id":"QBUZZ:z020","line_ref":"20","line_name":"Noordwijk - Leiden","agency_id":"QBUZZ","variant_id":"QBUZZ:z020|1578380"}},{"type":"Feature","geometry":{"type":"LineString","coordinates":[[4.433091,52.246475],[4.432445,52.245886],[4.43182,52.244982],[4.429339,52.243209],[4.429404,52.242913],[4.430409,52.241806],[4.431655,52.241043],[4.431904,52.241063],[4.432017,52.241253],[4.432421,52.241544],[4.434669,52.242533],[4.436533,52.242988],[4.436987,52.242983],[4.439135,52.242506],[4.439419,52.24294],[4.440231,52.243315],[4.440947,52.244048],[4.441327,52.244114],[4.442874,52.243668],[4.443598,52.24336],[4.446075,52.241177],[4.446004,52.241069],[4.446123,52.240962],[4.446769,52.240859],[4.4535,52.238998],[4.454089,52.238805],[4.455851,52.237866],[4.45458,52.237047],[4.452559,52.235],[4.452296,52.234962],[4.452284,52.234845],[4.452402,52.234774],[4.450556,52.232755],[4.449347,52.231801],[4.446459,52.229918],[4.445582,52.229138],[4.444857,52.228134],[4.444613,52.227926],[4.444366,52.227843],[4.444413,52.227681],[4.44317,52.225559],[4.442768,52.224495],[4.442177,52.223394],[4.44102,52.222037],[4.440556,52.221817],[4.44038,52.221843],[4.440178,52.221724],[4.439638,52.221657],[4.438359,52.221215],[4.432996,52.218808],[4.432577,52.218553],[4.432358,52.218524],[4.432332,52.218344],[4.432524,52.218292],[4.432763,52.218069],[4.433291,52.217327],[4.431894,52.216948],[4.431679,52.216757],[4.432729,52.214887],[4.434431,52.212582],[4.434994,52.21229],[4.437488,52.211977],[4.437549,52.211843],[4.437682,52.211808],[4.437488,52.210593],[4.437556,52.210144],[4.438089,52.20916],[4.438881,52.208384],[4.438781,52.208293],[4.438827,52.208177],[4.439179,52.208153],[4.441971,52.206198],[4.443356,52.205049],[4.445844,52.202229],[4.446086,52.201125],[4.445952,52.199174],[4.445366,52.197138],[4.445185,52.196705],[4.445012,52.196613],[4.44512,52.196336],[4.444681,52.194256],[4.445086,52.193783],[4.446117,52.193449],[4.446457,52.193254],[4.447748,52.191008],[4.447943,52.190084],[4.446287,52.18884],[4.445801,52.188341],[4.445626,52.188286],[4.445599,52.188169],[4.445689,52.188062],[4.446043,52.187939],[4.446565,52.187485],[4.447394,52.186296],[4.447582,52.185704],[4.44738,52.185559],[4.447649,52.185282],[4.447848,52.184178],[4.448327,52.182977],[4.451582,52.179039],[4.452189,52.178703],[4.452833,52.178672],[4.460699,52.179372],[4.462939,52.179929],[4.464227,52.179876],[4.464875,52.179656],[4.46537,52.179067],[4.465675,52.178413],[4.465959,52.178146],[4.468256,52.176636],[4.469489,52.175683],[4.471296,52.174547],[4.474664,52.172865],[4.476768,52.172225],[4.477814,52.171802],[4.479264,52.170977],[4.479369,52.170834],[4.479301,52.170564],[4.479566,52.170476],[4.480266,52.169861],[4.482195,52.167728],[4.479847,52.165993],[4.479749,52.165795],[4.480225,52.165412],[4.481317,52.164872],[4.481746,52.165325]]},"properties":{"line_id":"QBUZZ:z020","line_ref":"20","line_name":"Noordwijk - Leiden","agency_id":"QBUZZ","variant_id":"QBUZZ:z020|1578381"}},{"type":"Feature","geometry":{"type":"LineString","coordinates":[[4.433091,52.246475],[4.432445,52.245886],[4.43182,52.244982],[4.429339,52.243209],[4.429404,52.242913],[4.430409,52.241806],[4.431655,52.241043],[4.431904,52.241063],[4.432017,52.241253],[4.432421,52.241544],[4.434669,52.242533],[4.436738,52.243008],[4.439135,52.242506],[4.439419,52.24294],[4.440231,52.243315],[4.440947,52.244048],[4.441327,52.244114],[4.44202,52.243895]]},"properties":{"line_id":"QBUZZ:z020","line_ref":"20","line_name":"Noordwijk - Leiden","agency_id":"QBUZZ","variant_id":"QBUZZ:z020|1578382"}},{"type":"Feature","geometry":{"type":"LineString","coordinates":[[4.482037,52.165426],[4.482356,52.165554],[4.482897,52.165549],[4.481717,52.164623],[4.479928,52.165625],[4.479909,52.16585],[4.480023,52.165968],[4.482326,52.167738],[4.479608,52.170557],[4.47965,52.170648],[4.479291,52.171076],[4.477326,52.172086],[4.474664,52.172865],[4.471428,52.174539],[4.465959,52.178146],[4.465675,52.178413],[4.465017,52.179864],[4.463026,52.179983],[4.46218,52.179869],[4.460727,52.179453],[4.45305,52.178772],[4.452318,52.178803],[4.451521,52.179165],[4.448327,52.182977],[4.447989,52.183712],[4.447907,52.184853],[4.447749,52.1854],[4.447879,52.185464],[4.447891,52.185608],[4.447772,52.185696],[4.447582,52.185704],[4.447394,52.186296],[4.446488,52.187655],[4.44604,52.188092],[4.446096,52.188218],[4.445991,52.188325],[4.446662,52.189094],[4.447985,52.190147],[4.447748,52.191008],[4.446457,52.193254],[4.446117,52.193449],[4.445086,52.193783],[4.444681,52.194256],[4.44512,52.196336],[4.445408,52.196554],[4.445302,52.196697],[4.445366,52.197138],[4.445952,52.199174],[4.446086,52.201125],[4.445844,52.202229],[4.443356,52.205049],[4.441971,52.206198],[4.439179,52.208153],[4.439203,52.208369],[4.438881,52.208384],[4.438089,52.20916],[4.437556,52.210144],[4.437488,52.210593],[4.437682,52.211808],[4.437914,52.211873],[4.437911,52.212008],[4.437676,52.212087],[4.437488,52.211977],[4.437341,52.211985],[4.43517,52.212255],[4.434817,52.212342],[4.434431,52.212582],[4.432729,52.214887],[4.431679,52.216757],[4.431894,52.216948],[4.433291,52.217327],[4.43264,52.218338],[4.432666,52.218509],[4.432996,52.218808],[4.438707,52.221353],[4.439478,52.221602],[4.440209,52.221635],[4.440459,52.221565],[4.440633,52.221656],[4.440631,52.221755],[4.440877,52.221892],[4.441679,52.222725],[4.442177,52.223394],[4.44423,52.227356],[4.444516,52.227655],[4.444778,52.227729],[4.444716,52.2279],[4.445582,52.229138],[4.446761,52.230154],[4.449866,52.232174],[4.450958,52.233126],[4.452402,52.234774],[4.45265,52.234857],[4.452559,52.235],[4.453962,52.236485],[4.45425,52.236739],[4.456129,52.237868],[4.45419,52.238896],[4.446473,52.241019],[4.446264,52.241197],[4.446075,52.241177],[4.443598,52.24336],[4.442755,52.243721],[4.441428,52.244151],[4.441248,52.244356],[4.440956,52.244327],[4.440404,52.24346],[4.439419,52.24294],[4.439135,52.242506],[4.436987,52.242983],[4.436533,52.242988],[4.434669,52.242533],[4.431827,52.241243],[4.431637,52.241232],[4.431179,52.241399],[4.43072,52.241647],[4.430139,52.242128],[4.429404,52.242913],[4.429339,52.243209],[4.43182,52.244982],[4.432616,52.246085],[4.433984,52.247183],[4.434656,52.247926]]},"properties":{"line_id":"QBUZZ:z020","line_ref":"20","line_name":"Noordwijk - Leiden","agency_id":"QBUZZ","variant_id":"QBUZZ:z020|1589312"}},{"type":"Feature","geometry":{"type":"LineString","coordinates":[[4.482037,52.165426],[4.482356,52.165554],[4.482897,52.165549],[4.481717,52.164623],[4.479928,52.165625],[4.479909,52.16585],[4.480023,52.165968],[4.482326,52.167738],[4.479608,52.170557],[4.47965,52.170648],[4.479291,52.171076],[4.477326,52.172086],[4.474664,52.172865],[4.471428,52.174539],[4.465959,52.178146],[4.465675,52.178413],[4.465017,52.179864],[4.463026,52.179983],[4.46218,52.179869],[4.460727,52.179453],[4.45305,52.178772],[4.452318,52.178803],[4.451521,52.179165],[4.448327,52.182977],[4.447989,52.183712],[4.447907,52.184853],[4.447749,52.1854],[4.447879,52.185464],[4.447891,52.185608],[4.447772,52.185696],[4.447582,52.185704],[4.447394,52.186296],[4.446488,52.187655],[4.44604,52.188092],[4.446096,52.188218],[4.445991,52.188325],[4.446662,52.189094],[4.447985,52.190147],[4.447748,52.191008],[4.446457,52.193254],[4.446117,52.193449],[4.445086,52.193783],[4.444681,52.194256],[4.44512,52.196336],[4.445408,52.196554],[4.445302,52.196697],[4.445366,52.197138],[4.445952,52.199174],[4.446086,52.201125],[4.445844,52.202229],[4.443356,52.205049],[4.441971,52.206198],[4.439179,52.208153],[4.439203,52.208369],[4.438881,52.208384],[4.438089,52.20916],[4.437556,52.210144],[4.437488,52.210593],[4.437682,52.211808],[4.437914,52.211873],[4.437911,52.212008],[4.437676,52.212087],[4.437488,52.211977],[4.437341,52.211985],[4.43517,52.212255],[4.434817,52.212342],[4.434431,52.212582],[4.432729,52.214887],[4.431679,52.216757],[4.431894,52.216948],[4.433291,52.217327],[4.43264,52.218338],[4.432666,52.218509],[4.432996,52.218808],[4.438707,52.221353],[4.439478,52.221602],[4.440209,52.221635],[4.440459,52.221565],[4.440633,52.221656],[4.440631,52.221755],[4.440877,52.221892],[4.441679,52.222725],[4.442177,52.223394],[4.44423,52.227356],[4.444516,52.227655],[4.444778,52.227729],[4.444716,52.2279],[4.445582,52.229138],[4.446761,52.230154],[4.449866,52.232174],[4.450958,52.233126],[4.452402,52.234774],[4.45265,52.234857],[4.452559,52.235],[4.453962,52.236485],[4.45425,52.236739],[4.456129,52.237868],[4.45419,52.238896],[4.446473,52.241019],[4.446264,52.241197],[4.446075,52.241177],[4.443598,52.24336],[4.442755,52.243721],[4.441428,52.244151],[4.441248,52.244356],[4.440956,52.244327],[4.440404,52.24346],[4.439419,52.24294],[4.439135,52.242506],[4.436987,52.242983],[4.436533,52.242988],[4.434669,52.242533],[4.431827,52.241243],[4.431637,52.241232],[4.431179,52.241399],[4.43072,52.241647],[4.430139,52.242128],[4.429404,52.242913],[4.429339,52.243209],[4.43182,52.244982],[4.432616,52.246085],[4.433984,52.247183],[4.434699,52.24798]]},"properties":{"line_id":"QBUZZ:z020","line_ref":"20","line_name":"Noordwijk - Leiden","agency_id":"QBUZZ","variant_id":"QBUZZ:z020|1589314"}},{"type":"Feature","geometry":{"type":"LineString","coordinates":[[4.434656,52.247926],[4.435114,52.248415],[4.435878,52.248996],[4.437443,52.249764],[4.438583,52.250546],[4.439735,52.251463],[4.440089,52.252059],[4.440626,52.252297],[4.441139,52.252274],[4.443927,52.251317],[4.445366,52.25114],[4.446058,52.250974],[4.448849,52.249873],[4.448925,52.249712],[4.449203,52.249768],[4.449897,52.249468],[4.450566,52.248979],[4.452598,52.247071],[4.452798,52.246614],[4.452859,52.245797],[4.453087,52.245394],[4.451926,52.244918],[4.446309,52.241179],[4.446031,52.24115],[4.446019,52.241024],[4.4535,52.238998],[4.454089,52.238805],[4.455851,52.237866],[4.45458,52.237047],[4.452559,52.235],[4.452296,52.234962],[4.452284,52.234845],[4.452402,52.234774],[4.450556,52.232755],[4.449347,52.231801],[4.446459,52.229918],[4.445582,52.229138],[4.444857,52.228134],[4.444613,52.227926],[4.444366,52.227843],[4.444413,52.227681],[4.44317,52.225559],[4.442768,52.224495],[4.442177,52.223394],[4.44102,52.222037],[4.440556,52.221817],[4.44038,52.221843],[4.440178,52.221724],[4.439638,52.221657],[4.438359,52.221215],[4.432996,52.218808],[4.432577,52.218553],[4.432358,52.218524],[4.432332,52.218344],[4.432524,52.218292],[4.432763,52.218069],[4.433291,52.217327],[4.431894,52.216948],[4.431679,52.216757],[4.432729,52.214887],[4.434431,52.212582],[4.434994,52.21229],[4.437488,52.211977],[4.437549,52.211843],[4.437682,52.211808],[4.437488,52.210593],[4.437556,52.210144],[4.438089,52.20916],[4.438881,52.208384],[4.438781,52.208293],[4.438827,52.208177],[4.439179,52.208153],[4.441971,52.206198],[4.443356,52.205049],[4.445844,52.202229],[4.446086,52.201125],[4.445952,52.199174],[4.445366,52.197138],[4.445185,52.196705],[4.445012,52.196613],[4.44512,52.196336],[4.444681,52.194256],[4.445086,52.193783],[4.446117,52.193449],[4.446457,52.193254],[4.447748,52.191008],[4.447943,52.190084],[4.446287,52.18884],[4.445801,52.188341],[4.445626,52.188286],[4.445599,52.188169],[4.445689,52.188062],[4.446043,52.187939],[4.446565,52.187485],[4.447394,52.186296],[4.447582,52.185704],[4.44738,52.185559],[4.447649,52.185282],[4.447848,52.184178],[4.448327,52.182977],[4.451582,52.179039],[4.452189,52.178703],[4.452833,52.178672],[4.460699,52.179372],[4.462939,52.179929],[4.464227,52.179876],[4.464875,52.179656],[4.46537,52.179067],[4.465675,52.178413],[4.465959,52.178146],[4.468256,52.176636],[4.469489,52.175683],[4.471296,52.174547],[4.474664,52.172865],[4.476768,52.172225],[4.477814,52.171802],[4.479264,52.170977],[4.479369,52.170834],[4.479301,52.170564],[4.479566,52.170476],[4.480266,52.169861],[4.482195,52.167728],[4.479847,52.165993],[4.479749,52.165795],[4.480225,52.165412],[4.481317,52.164872],[4.481746,52.165325]]},"properties":{"line_id":"QBUZZ:z021","line_ref":"21","line_name":"Noordwijk - Leiden","agency_id":"QBUZZ","variant_id":"QBUZZ:z021|1578387"}},{"type":"Feature","geometry":{"type":"LineString","coordinates":[[4.434656,52.247926],[4.435114,52.248415],[4.435878,52.248996],[4.437443,52.249764],[4.438583,52.250546],[4.439735,52.251463],[4.440089,52.252059],[4.440626,52.252297],[4.441139,52.252274],[4.443927,52.251317],[4.445822,52.251044],[4.447417,52.250428]]},"properties":{"line_id":"QBUZZ:z021","line_ref":"21","line_name":"Noordwijk - Leiden","agency_id":"QBUZZ","variant_id":"QBUZZ:z021|1578388"}},{"type":"Feature","geometry":{"type":"LineString","coordinates":[[4.446678,52.250737],[4.445587,52.251096],[4.443927,52.251317],[4.441139,52.252274],[4.440816,52.252308],[4.440407,52.252241],[4.440089,52.252059],[4.439735,52.251463],[4.438093,52.250191],[4.437443,52.249764],[4.436109,52.249142],[4.435416,52.24866],[4.433984,52.247183],[4.433091,52.246475]]},"properties":{"line_id":"QBUZZ:z021","line_ref":"21","line_name":"Noordwijk - Leiden","agency_id":"QBUZZ","variant_id":"QBUZZ:z021|1578389"}},{"type":"Feature","geometry":{"type":"LineString","coordinates":[[4.482037,52.165426],[4.482356,52.165554],[4.482897,52.165549],[4.481717,52.164623],[4.479928,52.165625],[4.479909,52.16585],[4.480023,52.165968],[4.482326,52.167738],[4.479608,52.170557],[4.47965,52.170648],[4.479291,52.171076],[4.477326,52.172086],[4.474664,52.172865],[4.471428,52.174539],[4.465959,52.178146],[4.465675,52.178413],[4.465017,52.179864],[4.463026,52.179983],[4.46218,52.179869],[4.460727,52.179453],[4.45305,52.178772],[4.452318,52.178803],[4.451521,52.179165],[4.448327,52.182977],[4.447989,52.183712],[4.447907,52.184853],[4.447749,52.1854],[4.447879,52.185464],[4.447891,52.185608],[4.447772,52.185696],[4.447582,52.185704],[4.447394,52.186296],[4.446488,52.187655],[4.44604,52.188092],[4.446096,52.188218],[4.445991,52.188325],[4.446662,52.189094],[4.447985,52.190147],[4.447748,52.191008],[4.446457,52.193254],[4.446117,52.193449],[4.445086,52.193783],[4.444681,52.194256],[4.44512,52.196336],[4.445408,52.196554],[4.445302,52.196697],[4.445366,52.197138],[4.445952,52.199174],[4.446086,52.201125],[4.445844,52.202229],[4.443356,52.205049],[4.441971,52.206198],[4.439179,52.208153],[4.439203,52.208369],[4.438881,52.208384],[4.438089,52.20916],[4.437556,52.210144],[4.437488,52.210593],[4.437682,52.211808],[4.437914,52.211873],[4.437911,52.212008],[4.437676,52.212087],[4.437488,52.211977],[4.437341,52.211985],[4.43517,52.212255],[4.434817,52.212342],[4.434431,52.212582],[4.432729,52.214887],[4.431679,52.216757],[4.431894,52.216948],[4.433291,52.217327],[4.43264,52.218338],[4.432666,52.218509],[4.432996,52.218808],[4.438707,52.221353],[4.439478,52.221602],[4.440209,52.221635],[4.440459,52.221565],[4.440633,52.221656],[4.440631,52.221755],[4.440877,52.221892],[4.441679,52.222725],[4.442177,52.223394],[4.44423,52.227356],[4.444516,52.227655],[4.444778,52.227729],[4.444716,52.2279],[4.445582,52.229138],[4.446761,52.230154],[4.449866,52.232174],[4.450958,52.233126],[4.452402,52.234774],[4.45265,52.234857],[4.452559,52.235],[4.453962,52.236485],[4.45425,52.236739],[4.456129,52.237868],[4.45419,52.238896],[4.446473,52.241019],[4.446309,52.241179],[4.451926,52.244918],[4.453147,52.245332],[4.452859,52.245797],[4.452798,52.246614],[4.452598,52.247071],[4.450566,52.248979],[4.449897,52.249468],[4.449203,52.249768],[4.449156,52.249911],[4.448716,52.249917],[4.445822,52.251044],[4.443927,52.251317],[4.441139,52.252274],[4.440626,52.252297],[4.440218,52.252168],[4.439735,52.251463],[4.438093,52.250191],[4.437443,52.249764],[4.436109,52.249142],[4.435416,52.24866],[4.433984,52.247183],[4.433091,52.246475]]},"properties":{"line_id":"QBUZZ:z021","line_ref":"21","line_name":"Noordwijk - Leiden","agency_id":"QBUZZ","variant_id":"QBUZZ:z021|1589315"}},{"type":"Feature","geometry":{"type":"LineString","coordinates":[[4.44136,52.230165],[4.439617,52.231562],[4.438637,52.232219],[4.437977,52.23296],[4.437807,52.233408],[4.437861,52.233579],[4.439991,52.234612],[4.442886,52.236172],[4.443825,52.236782],[4.444666,52.237876],[4.445748,52.240698],[4.446064,52.240988],[4.446769,52.240859],[4.4535,52.238998],[4.454089,52.238805],[4.456014,52.237777],[4.456878,52.238458],[4.458656,52.240261],[4.459492,52.240906],[4.462357,52.242519],[4.466911,52.245359],[4.470369,52.247399],[4.474647,52.250138],[4.476073,52.251281],[4.476308,52.251292],[4.477583,52.250484],[4.479877,52.249315],[4.480642,52.249132],[4.481947,52.24908],[4.482867,52.249221],[4.484293,52.249637],[4.484878,52.249686],[4.485159,52.249553],[4.485347,52.249672],[4.485729,52.24963],[4.486378,52.249401],[4.49043,52.247436],[4.490707,52.247474],[4.49079,52.247745],[4.491549,52.248586],[4.493884,52.250438],[4.494452,52.250604],[4.494435,52.25073],[4.494258,52.250755],[4.49402,52.250951],[4.492482,52.251703],[4.492376,52.251873],[4.492416,52.252071],[4.49492,52.253546],[4.497447,52.255327],[4.499524,52.256952],[4.4997,52.256944],[4.49983,52.257044],[4.49971,52.257169],[4.499505,52.257149],[4.498439,52.257735],[4.495321,52.259131],[4.49122,52.261257],[4.491014,52.261319],[4.490518,52.261216],[4.489732,52.261695],[4.490801,52.263196],[4.491089,52.263414],[4.491158,52.263648],[4.491316,52.263775],[4.49155,52.263822],[4.493559,52.263702],[4.496101,52.264045],[4.498309,52.264987],[4.499525,52.265733],[4.500489,52.266594],[4.500845,52.267082],[4.501632,52.269497],[4.501846,52.269795],[4.502121,52.269959],[4.502777,52.270135],[4.503568,52.27015],[4.504142,52.270037],[4.504448,52.270084],[4.50644,52.271618],[4.5077,52.273093],[4.50901,52.274271],[4.510934,52.275553],[4.513517,52.277576],[4.514075,52.278227],[4.514897,52.279663],[4.523015,52.288737],[4.525546,52.291263],[4.525748,52.291409],[4.525997,52.291456],[4.52599,52.291797],[4.52692,52.292981],[4.527524,52.293579],[4.531906,52.296694],[4.533821,52.298469],[4.537279,52.300876],[4.537928,52.301438],[4.538526,52.301613],[4.53883,52.301804],[4.543267,52.300541],[4.547328,52.299806],[4.55956,52.296378],[4.561081,52.295795],[4.562637,52.295672],[4.562796,52.295771],[4.56275,52.295906],[4.563039,52.296097],[4.563725,52.296281],[4.56369,52.296596],[4.56439,52.297598],[4.56434,52.297912],[4.563849,52.298313],[4.56377,52.298583],[4.564593,52.300098],[4.564996,52.300497],[4.566366,52.302528],[4.566479,52.302727],[4.56633,52.302879],[4.566489,52.302979],[4.566899,52.303035],[4.567856,52.304372],[4.570016,52.306553],[4.570545,52.306449],[4.572982,52.305522],[4.573396,52.305345],[4.574998,52.304305],[4.576103,52.304007],[4.580698,52.302888],[4.580961,52.302925],[4.581219,52.30326],[4.581452,52.303333],[4.583347,52.303166],[4.583818,52.30308],[4.583908,52.302936],[4.579636,52.296804],[4.579156,52.295768],[4.578996,52.295713],[4.579087,52.295542],[4.578632,52.294757],[4.577884,52.293997],[4.577016,52.293353],[4.576119,52.292709],[4.575537,52.292489],[4.575658,52.292247],[4.57509,52.291237],[4.575037,52.290967],[4.575173,52.290716],[4.577016,52.289326],[4.576931,52.289191],[4.577065,52.289066],[4.576481,52.288127],[4.578826,52.287317],[4.578887,52.287173],[4.579136,52.28722],[4.58232,52.286172],[4.584309,52.285628],[4.584939,52.285614],[4.584926,52.285524],[4.585118,52.285445],[4.585293,52.285527],[4.585246,52.285652],[4.585867,52.286205],[4.58789,52.288618],[4.588178,52.288872],[4.588397,52.288937],[4.588351,52.289071],[4.588507,52.28936],[4.589284,52.290129],[4.589592,52.29014],[4.594297,52.288518],[4.592975,52.286999],[4.592935,52.286774],[4.593084,52.286649],[4.61134,52.276928],[4.611476,52.276696],[4.611739,52.276706],[4.614742,52.275072],[4.614848,52.274902],[4.616771,52.273863],[4.617227,52.273722],[4.619978,52.272266],[4.620143,52.272051],[4.621858,52.271146],[4.621934,52.270957],[4.622169,52.270914],[4.622358,52.270996],[4.622654,52.270854],[4.624829,52.269592],[4.625818,52.269158],[4.626337,52.26882],[4.626399,52.268595],[4.625978,52.268395],[4.621361,52.265129],[4.621178,52.264652],[4.621581,52.264241],[4.628574,52.260511],[4.633987,52.26433],[4.635939,52.263255],[4.63616,52.263202],[4.636493,52.26342],[4.641252,52.260888],[4.6418,52.260514],[4.641846,52.260398],[4.642405,52.260249],[4.6431,52.259884],[4.643367,52.259697],[4.643413,52.259545],[4.643692,52.259529],[4.644208,52.259298],[4.644411,52.259434],[4.644751,52.259248]]},"properties":{"line_id":"QBUZZ:z022","line_ref":"22","line_name":"Nieuw-Vennep - Hillegom - Noordwijk - Leiden","agency_id":"QBUZZ","variant_id":"QBUZZ:z022|1578393"}},{"type":"Feature","geometry":{"type":"LineString","coordinates":[[4.578746,52.294929],[4.577884,52.293997],[4.576119,52.292709],[4.575537,52.292489],[4.575658,52.292247],[4.575048,52.291138],[4.575173,52.290716],[4.577016,52.289326],[4.576931,52.289191],[4.577065,52.289066],[4.576481,52.288127],[4.578826,52.287317],[4.578887,52.287173],[4.579136,52.28722],[4.58232,52.286172],[4.584309,52.285628],[4.584939,52.285614],[4.584926,52.285524],[4.585118,52.285445],[4.585293,52.285527],[4.585246,52.285652],[4.585867,52.286205],[4.58789,52.288618],[4.588178,52.288872],[4.588397,52.288937],[4.588351,52.289071],[4.588507,52.28936],[4.589284,52.290129],[4.589592,52.29014],[4.594297,52.288518],[4.592975,52.286999],[4.592935,52.286774],[4.593084,52.286649],[4.61134,52.276928],[4.611476,52.276696],[4.611739,52.276706],[4.614742,52.275072],[4.614848,52.274902],[4.616771,52.273863],[4.617227,52.273722],[4.619978,52.272266],[4.620143,52.272051],[4.621858,52.271146],[4.621934,52.270957],[4.622169,52.270914],[4.622358,52.270996],[4.622654,52.270854],[4.624829,52.269592],[4.625818,52.269158],[4.626337,52.26882],[4.626399,52.268595],[4.625978,52.268395],[4.621361,52.265129],[4.621178,52.264652],[4.621581,52.264241],[4.628574,52.260511],[4.633987,52.26433],[4.635939,52.263255],[4.63616,52.263202],[4.636493,52.26342],[4.641252,52.260888],[4.6418,52.260514],[4.641846,52.260398],[4.642405,52.260249],[4.6431,52.259884],[4.643367,52.259697],[4.643413,52.259545],[4.643692,52.259529],[4.644208,52.259298],[4.644411,52.259434],[4.644751,52.259248]]},"properties":{"line_id":"QBUZZ:z022","line_ref":"22","line_name":"Nieuw-Vennep - Hillegom - Noordwijk - Leiden","agency_id":"QBUZZ","variant_id":"QBUZZ:z022|1578394"}},{"type":"Feature","geometry":{"type":"LineString","coordinates":[[4.579019,52.295236],[4.579161,52.295525],[4.579364,52.295625],[4.579286,52.295876],[4.579353,52.296254],[4.579636,52.296804],[4.581967,52.300047],[4.583364,52.302196],[4.583908,52.302936],[4.584186,52.302992],[4.584154,52.303118],[4.583948,52.303152],[4.583818,52.30308],[4.582965,52.303218],[4.581452,52.303333],[4.581219,52.30326],[4.580961,52.302925],[4.580698,52.302888],[4.577341,52.303692],[4.574998,52.304305],[4.573396,52.305345],[4.570324,52.30652],[4.570016,52.306553],[4.567856,52.304372],[4.566799,52.3029],[4.566479,52.302727],[4.564996,52.300497],[4.564593,52.300098],[4.56377,52.298583],[4.563849,52.298313],[4.56434,52.297912],[4.56439,52.297598],[4.56369,52.296596],[4.56368,52.296353],[4.563052,52.296196],[4.562646,52.295941],[4.562456,52.295949],[4.56218,52.295794],[4.561565,52.295736],[4.561081,52.295795],[4.55956,52.296378],[4.547328,52.299806],[4.542677,52.300717],[4.53883,52.301804],[4.538526,52.301613],[4.538088,52.30152],[4.533821,52.298469],[4.531906,52.296694],[4.527524,52.293579],[4.52692,52.292981],[4.52599,52.291797],[4.525642,52.291597],[4.525503,52.291209],[4.523015,52.288737],[4.514897,52.279663],[4.514075,52.278227],[4.513517,52.277576],[4.510934,52.275553],[4.50901,52.274271],[4.5077,52.273093],[4.50644,52.271618],[4.504448,52.270084],[4.504273,52.270047],[4.503669,52.270231],[4.502936,52.270235],[4.502236,52.270095],[4.501874,52.269876],[4.501632,52.269497],[4.501258,52.268416],[4.500839,52.268143],[4.501036,52.267812],[4.500845,52.267082],[4.500489,52.266594],[4.499525,52.265733],[4.498309,52.264987],[4.496101,52.264045],[4.493559,52.263702],[4.49155,52.263822],[4.491316,52.263775],[4.491158,52.263648],[4.491089,52.263414],[4.490801,52.263196],[4.489732,52.261695],[4.490518,52.261216],[4.491014,52.261319],[4.49122,52.261257],[4.495321,52.259131],[4.498439,52.257735],[4.499505,52.257149],[4.499434,52.257059],[4.499524,52.256952],[4.497447,52.255327],[4.494963,52.253574],[4.492358,52.252035],[4.492364,52.251747],[4.493887,52.251013],[4.494171,52.250728],[4.494144,52.250628],[4.491549,52.248586],[4.49089,52.247871],[4.490308,52.247642],[4.48975,52.247746],[4.486378,52.249401],[4.485905,52.249586],[4.485347,52.249672],[4.485286,52.249797],[4.485109,52.24985],[4.484878,52.249686],[4.484293,52.249637],[4.482371,52.249119],[4.481654,52.249068],[4.48098,52.249108],[4.47983,52.249468],[4.478085,52.250326],[4.476379,52.251356],[4.476346,52.251535],[4.476097,52.251578],[4.475923,52.251469],[4.47597,52.251326],[4.475554,52.2509],[4.474141,52.249801],[4.462357,52.242519],[4.459492,52.240906],[4.458656,52.240261],[4.457552,52.239147],[4.455981,52.237939],[4.45419,52.238896],[4.446473,52.241019],[4.446264,52.241197],[4.446075,52.241177],[4.446064,52.240988],[4.445706,52.240599],[4.44496,52.23849],[4.444297,52.237325],[4.443937,52.237034],[4.443588,52.236924],[4.443549,52.236672],[4.442886,52.236172],[4.439586,52.234411],[4.437934,52.233607],[4.437627,52.233613],[4.437511,52.233531],[4.437705,52.233389],[4.437861,52.232932],[4.438266,52.232477],[4.439617,52.231562],[4.44166,52.229826],[4.441619,52.229672],[4.441839,52.229638],[4.442376,52.229193]]},"properties":{"line_id":"QBUZZ:z022","line_ref":"22","line_name":"Nieuw-Vennep - Hillegom - Noordwijk - Leiden","agency_id":"QBUZZ","variant_id":"QBUZZ:z022|1578399"}},{"type":"Feature","geometry":{"type":"LineString","coordinates":[[4.482299,52.165473],[4.482501,52.165573],[4.482897,52.165549],[4.481717,52.164623],[4.481436,52.164765],[4.480099,52.163694],[4.477998,52.164208],[4.47709,52.164309],[4.473851,52.163996],[4.470826,52.163982],[4.467813,52.164075],[4.465622,52.164004],[4.464961,52.164152],[4.463532,52.164707],[4.46299,52.164793],[4.45754,52.165388],[4.454186,52.165685],[4.453411,52.165697],[4.45234,52.165904],[4.451253,52.166183],[4.44881,52.166973],[4.447319,52.167653],[4.44227,52.170705],[4.441007,52.171638],[4.436652,52.174327],[4.428862,52.178318],[4.425865,52.180334],[4.418839,52.186074],[4.418523,52.186449],[4.418247,52.187049],[4.418288,52.187885],[4.418711,52.188599],[4.420161,52.189815],[4.420509,52.190663],[4.420355,52.191677],[4.41921,52.195919],[4.419348,52.196954],[4.419799,52.197776],[4.421357,52.199424],[4.42222,52.200115],[4.424426,52.201607],[4.436077,52.208847],[4.437986,52.209896],[4.443315,52.212491],[4.446045,52.214167],[4.447486,52.215212],[4.449327,52.216755],[4.454004,52.221214],[4.454158,52.221566],[4.454089,52.222033],[4.453609,52.222586],[4.447476,52.226133],[4.447279,52.22641],[4.44706,52.226408],[4.446528,52.226665],[4.444941,52.227614],[4.444716,52.2279],[4.444452,52.227906],[4.443933,52.228217],[4.442016,52.229604],[4.441909,52.229819],[4.441718,52.229853],[4.439617,52.231562],[4.438637,52.232219],[4.437977,52.23296],[4.437807,52.233408],[4.437861,52.233579],[4.439991,52.234612],[4.442886,52.236172],[4.443825,52.236782],[4.444666,52.237876],[4.445876,52.24087],[4.446064,52.240988],[4.446416,52.240946],[4.4535,52.238998],[4.454089,52.238805],[4.456014,52.237777],[4.456878,52.238458],[4.458656,52.240261],[4.459492,52.240906],[4.462357,52.242519],[4.466911,52.245359],[4.470369,52.247399],[4.474647,52.250138],[4.476073,52.251281],[4.476308,52.251292],[4.477583,52.250484],[4.479877,52.249315],[4.480642,52.249132],[4.481947,52.24908],[4.482867,52.249221],[4.484293,52.249637],[4.484878,52.249686],[4.485159,52.249553],[4.485347,52.249672],[4.485729,52.24963],[4.486378,52.249401],[4.49043,52.247436],[4.490707,52.247474],[4.49079,52.247745],[4.491549,52.248586],[4.493884,52.250438],[4.494452,52.250604],[4.494435,52.25073],[4.494258,52.250755],[4.49402,52.250951],[4.492482,52.251703],[4.492376,52.251873],[4.492416,52.252071],[4.49492,52.253546],[4.497447,52.255327],[4.499524,52.256952],[4.4997,52.256944],[4.49983,52.257044],[4.49971,52.257169],[4.499505,52.257149],[4.498439,52.257735],[4.495321,52.259131],[4.49122,52.261257],[4.491014,52.261319],[4.490518,52.261216],[4.489732,52.261695],[4.490801,52.263196],[4.491089,52.263414],[4.491158,52.263648],[4.491316,52.263775],[4.49155,52.263822],[4.493559,52.263702],[4.496101,52.264045],[4.498309,52.264987],[4.499525,52.265733],[4.500489,52.266594],[4.500845,52.267082],[4.501632,52.269497],[4.501846,52.269795],[4.502121,52.269959],[4.502777,52.270135],[4.503568,52.27015],[4.504142,52.270037],[4.504448,52.270084],[4.50644,52.271618],[4.5077,52.273093],[4.50901,52.274271],[4.510934,52.275553],[4.513517,52.277576],[4.514075,52.278227],[4.514897,52.279663],[4.523015,52.288737],[4.525546,52.291263],[4.525748,52.291409],[4.525997,52.291456],[4.52599,52.291797],[4.52692,52.292981],[4.527524,52.293579],[4.531906,52.296694],[4.533821,52.298469],[4.537279,52.300876],[4.537928,52.301438],[4.538526,52.301613],[4.53883,52.301804],[4.543267,52.300541],[4.547328,52.299806],[4.55956,52.296378],[4.561081,52.295795],[4.561668,52.295719],[4.562357,52.295732],[4.562549,52.295662],[4.562739,52.295717],[4.56275,52.295906],[4.563039,52.296097],[4.563725,52.296281],[4.56369,52.296596],[4.56439,52.297598],[4.56434,52.297912],[4.563849,52.298313],[4.56377,52.298583],[4.564593,52.300098],[4.564996,52.300497],[4.566366,52.302528],[4.566479,52.302727],[4.56633,52.302879],[4.566489,52.302979],[4.566899,52.303035],[4.567856,52.304372],[4.570016,52.306553],[4.570545,52.306449],[4.573396,52.305345],[4.574998,52.304305],[4.577341,52.303692],[4.580698,52.302888],[4.580961,52.302925],[4.581219,52.30326],[4.581452,52.303333],[4.582965,52.303218],[4.583818,52.30308],[4.583908,52.302936],[4.579636,52.296804],[4.579156,52.295768],[4.578996,52.295713],[4.579087,52.295542],[4.578632,52.294757],[4.577884,52.293997],[4.577016,52.293353],[4.576119,52.292709],[4.575537,52.292489],[4.575658,52.292247],[4.57509,52.291237],[4.575037,52.290967],[4.575173,52.290716],[4.577016,52.289326],[4.576931,52.289191],[4.577065,52.289066],[4.576481,52.288127],[4.578826,52.287317],[4.578887,52.287173],[4.579136,52.28722],[4.58232,52.286172],[4.584309,52.285628],[4.584939,52.285614],[4.584926,52.285524],[4.585118,52.285445],[4.585293,52.285527],[4.585246,52.285652],[4.585867,52.286205],[4.58789,52.288618],[4.588178,52.288872],[4.588397,52.288937],[4.588351,52.289071],[4.588507,52.28936],[4.589284,52.290129],[4.589592,52.29014],[4.594297,52.288518],[4.592975,52.286999],[4.592935,52.286774],[4.593084,52.286649],[4.61134,52.276928],[4.611476,52.276696],[4.611739,52.276706],[4.614742,52.275072],[4.614848,52.274902],[4.616771,52.273863],[4.617227,52.273722],[4.619978,52.272266],[4.620143,52.272051],[4.621858,52.271146],[4.621934,52.270957],[4.622169,52.270914],[4.622358,52.270996],[4.622654,52.270854],[4.624829,52.269592],[4.625818,52.269158],[4.626337,52.26882],[4.626399,52.268595],[4.625978,52.268395],[4.621361,52.265129],[4.621178,52.264652],[4.621581,52.264241],[4.628574,52.260511],[4.633987,52.26433],[4.635939,52.263255],[4.63616,52.263202],[4.636493,52.26342],[4.641252,52.260888],[4.6418,52.260514],[4.641846,52.260398],[4.642405,52.260249],[4.6431,52.259884],[4.643367,52.259697],[4.643413,52.259545],[4.643692,52.259529],[4.644208,52.259298],[4.644411,52.259434],[4.644751,52.259248]]},"properties":{"line_id":"QBUZZ:z022","line_ref":"22","line_name":"Nieuw-Vennep - Hillegom - Noordwijk - Leiden","agency_id":"QBUZZ","variant_id":"QBUZZ:z022|1598570"}},{"type":"Feature","geometry":{"type":"LineString","coordinates":[[4.482299,52.165473],[4.482501,52.165573],[4.482897,52.165549],[4.481717,52.164623],[4.481436,52.164765],[4.480099,52.163694],[4.477998,52.164208],[4.47709,52.164309],[4.473851,52.163996],[4.470826,52.163982],[4.467813,52.164075],[4.465915,52.163989],[4.465109,52.164108],[4.463532,52.164707],[4.46299,52.164793],[4.45754,52.165388],[4.454186,52.165685],[4.453411,52.165697],[4.451253,52.166183],[4.449928,52.166595],[4.448456,52.167114],[4.446801,52.167937],[4.44227,52.170705],[4.441007,52.171638],[4.436652,52.174327],[4.428862,52.178318],[4.425865,52.180334],[4.419301,52.185664],[4.418523,52.186449],[4.418326,52.186798],[4.418196,52.187399],[4.418398,52.188174],[4.418711,52.188599],[4.420161,52.189815],[4.420496,52.190555],[4.420355,52.191677],[4.419357,52.195219],[4.419217,52.196288],[4.419307,52.196828],[4.419586,52.197468],[4.420856,52.198944],[4.421889,52.199869],[4.424426,52.201607],[4.436077,52.208847],[4.437986,52.209896],[4.443315,52.212491],[4.446045,52.214167],[4.447486,52.215212],[4.449327,52.216755],[4.452066,52.219437],[4.453776,52.220925],[4.454117,52.221404],[4.454089,52.222033],[4.453609,52.222586],[4.447476,52.226133],[4.447279,52.22641],[4.44706,52.226408],[4.446528,52.226665],[4.444941,52.227614],[4.444716,52.2279],[4.444334,52.227959],[4.442283,52.229399],[4.441926,52.229684],[4.441909,52.229819],[4.441718,52.229853],[4.439617,52.231562],[4.438637,52.232219],[4.437977,52.23296],[4.437807,52.233408],[4.437861,52.233579],[4.439991,52.234612],[4.442886,52.236172],[4.443825,52.236782],[4.444666,52.237876],[4.445748,52.240698],[4.446064,52.240988],[4.446769,52.240859],[4.4535,52.238998],[4.454089,52.238805],[4.456014,52.237777],[4.456878,52.238458],[4.458656,52.240261],[4.459492,52.240906],[4.462357,52.242519],[4.466911,52.245359],[4.470369,52.247399],[4.474647,52.250138],[4.476073,52.251281],[4.476308,52.251292],[4.477583,52.250484],[4.479877,52.249315],[4.480642,52.249132],[4.481947,52.24908],[4.482867,52.249221],[4.484293,52.249637],[4.484878,52.249686],[4.485159,52.249553],[4.485347,52.249672],[4.485729,52.24963],[4.486378,52.249401],[4.49043,52.247436],[4.490707,52.247474],[4.49079,52.247745],[4.491549,52.248586],[4.493884,52.250438],[4.494452,52.250604],[4.494435,52.25073],[4.494258,52.250755],[4.49402,52.250951],[4.492482,52.251703],[4.492376,52.251873],[4.492416,52.252071],[4.49492,52.253546],[4.497447,52.255327],[4.499524,52.256952],[4.4997,52.256944],[4.49983,52.257044],[4.49971,52.257169],[4.499505,52.257149],[4.498439,52.257735],[4.495321,52.259131],[4.49122,52.261257],[4.491014,52.261319],[4.490518,52.261216],[4.489732,52.261695],[4.490801,52.263196],[4.491089,52.263414],[4.491158,52.263648],[4.491316,52.263775],[4.49155,52.263822],[4.493559,52.263702],[4.496101,52.264045],[4.498309,52.264987],[4.499525,52.265733],[4.500489,52.266594],[4.500845,52.267082],[4.501632,52.269497],[4.501846,52.269795],[4.502121,52.269959],[4.502777,52.270135],[4.503568,52.27015],[4.504142,52.270037],[4.504448,52.270084],[4.50644,52.271618],[4.5077,52.273093],[4.50901,52.274271],[4.510934,52.275553],[4.513517,52.277576],[4.514075,52.278227],[4.514897,52.279663],[4.523015,52.288737],[4.525546,52.291263],[4.525748,52.291409],[4.525997,52.291456],[4.52599,52.291797],[4.52692,52.292981],[4.527524,52.293579],[4.531906,52.296694],[4.533821,52.298469],[4.538088,52.30152],[4.538526,52.301613],[4.53883,52.301804],[4.543267,52.300541],[4.547328,52.299806],[4.55956,52.296378],[4.561081,52.295795],[4.562637,52.295672],[4.562796,52.295771],[4.56275,52.295906],[4.563039,52.296097],[4.563725,52.296281],[4.56369,52.296596],[4.56439,52.297598],[4.56434,52.297912],[4.563849,52.298313],[4.56377,52.298583],[4.564593,52.300098],[4.564996,52.300497],[4.566366,52.302528],[4.566479,52.302727],[4.56633,52.302879],[4.566489,52.302979],[4.566899,52.303035],[4.567856,52.304372],[4.570016,52.306553],[4.570324,52.30652],[4.573396,52.305345],[4.574998,52.304305],[4.576103,52.304007],[4.580698,52.302888],[4.580961,52.302925],[4.581219,52.30326],[4.581452,52.303333],[4.582965,52.303218],[4.583818,52.30308],[4.583908,52.302936],[4.579636,52.296804],[4.579156,52.295768],[4.578996,52.295713],[4.579087,52.295542],[4.578746,52.294929]]},"properties":{"line_id":"QBUZZ:z022","line_ref":"22","line_name":"Nieuw-Vennep - Hillegom - Noordwijk - Leiden","agency_id":"QBUZZ","variant_id":"QBUZZ:z022|1598571"}},{"type":"Feature","geometry":{"type":"LineString","coordinates":[[4.579019,52.295236],[4.579161,52.295525],[4.579364,52.295625],[4.579286,52.295876],[4.579353,52.296254],[4.579636,52.296804],[4.581967,52.300047],[4.583364,52.302196],[4.583908,52.302936],[4.584186,52.302992],[4.584154,52.303118],[4.583948,52.303152],[4.583818,52.30308],[4.582965,52.303218],[4.581452,52.303333],[4.581219,52.30326],[4.580961,52.302925],[4.580698,52.302888],[4.577341,52.303692],[4.574998,52.304305],[4.573396,52.305345],[4.570324,52.30652],[4.570016,52.306553],[4.567856,52.304372],[4.566799,52.3029],[4.566479,52.302727],[4.564996,52.300497],[4.564593,52.300098],[4.56377,52.298583],[4.563849,52.298313],[4.56434,52.297912],[4.56439,52.297598],[4.56369,52.296596],[4.56368,52.296353],[4.563052,52.296196],[4.562646,52.295941],[4.562456,52.295949],[4.56218,52.295794],[4.561565,52.295736],[4.561081,52.295795],[4.55956,52.296378],[4.547328,52.299806],[4.542677,52.300717],[4.53883,52.301804],[4.538526,52.301613],[4.538088,52.30152],[4.533821,52.298469],[4.531906,52.296694],[4.527524,52.293579],[4.52692,52.292981],[4.52599,52.291797],[4.525642,52.291597],[4.525503,52.291209],[4.523015,52.288737],[4.514897,52.279663],[4.514075,52.278227],[4.513517,52.277576],[4.510934,52.275553],[4.50901,52.274271],[4.5077,52.273093],[4.50644,52.271618],[4.504448,52.270084],[4.504273,52.270047],[4.503669,52.270231],[4.502936,52.270235],[4.502236,52.270095],[4.501874,52.269876],[4.501632,52.269497],[4.501258,52.268416],[4.500839,52.268143],[4.501036,52.267812],[4.500845,52.267082],[4.500489,52.266594],[4.499525,52.265733],[4.498309,52.264987],[4.496101,52.264045],[4.493559,52.263702],[4.49155,52.263822],[4.491316,52.263775],[4.491158,52.263648],[4.491089,52.263414],[4.490801,52.263196],[4.489732,52.261695],[4.490518,52.261216],[4.491014,52.261319],[4.49122,52.261257],[4.495321,52.259131],[4.498439,52.257735],[4.499505,52.257149],[4.499434,52.257059],[4.499524,52.256952],[4.497447,52.255327],[4.494963,52.253574],[4.492358,52.252035],[4.492364,52.251747],[4.493887,52.251013],[4.494171,52.250728],[4.494144,52.250628],[4.491549,52.248586],[4.49089,52.247871],[4.490308,52.247642],[4.48975,52.247746],[4.486378,52.249401],[4.485905,52.249586],[4.485347,52.249672],[4.485286,52.249797],[4.485109,52.24985],[4.484878,52.249686],[4.484293,52.249637],[4.482371,52.249119],[4.481654,52.249068],[4.48098,52.249108],[4.47983,52.249468],[4.478085,52.250326],[4.476379,52.251356],[4.476346,52.251535],[4.476097,52.251578],[4.475923,52.251469],[4.47597,52.251326],[4.475554,52.2509],[4.474141,52.249801],[4.462357,52.242519],[4.459492,52.240906],[4.458656,52.240261],[4.457552,52.239147],[4.455981,52.237939],[4.45419,52.238896],[4.446473,52.241019],[4.446309,52.241179],[4.446133,52.241196],[4.446003,52.241105],[4.446064,52.240988],[4.445748,52.240698],[4.44496,52.23849],[4.444297,52.237325],[4.443937,52.237034],[4.443588,52.236924],[4.443549,52.236672],[4.442886,52.236172],[4.439586,52.234411],[4.437934,52.233607],[4.437627,52.233613],[4.437511,52.233531],[4.437705,52.233389],[4.437861,52.232932],[4.438266,52.232477],[4.439617,52.231562],[4.44166,52.229826],[4.441619,52.229672],[4.441839,52.229638],[4.442287,52.229246],[4.444366,52.227843],[4.444413,52.227681],[4.444677,52.227666],[4.445417,52.227267],[4.446914,52.226389],[4.44705,52.226183],[4.44727,52.226185],[4.448114,52.225706],[4.450973,52.224057],[4.452147,52.223249],[4.452792,52.222499],[4.452874,52.222041],[4.452712,52.221429],[4.451326,52.219099],[4.450669,52.218329],[4.448633,52.216336],[4.446027,52.214338],[4.444352,52.213255],[4.442979,52.212489],[4.43681,52.209455],[4.43538,52.20859],[4.424322,52.201669],[4.422102,52.200176],[4.420738,52.198988],[4.419667,52.197793],[4.419147,52.196818],[4.419113,52.195676],[4.420179,52.191703],[4.420128,52.19066],[4.419727,52.189623],[4.418621,52.188706],[4.418067,52.187919],[4.417996,52.187164],[4.418349,52.186393],[4.4192,52.185591],[4.422221,52.183189],[4.424919,52.180811],[4.427576,52.178937],[4.428746,52.178254],[4.433566,52.175776],[4.434397,52.17519],[4.435906,52.174339],[4.43656,52.173832],[4.441118,52.171253],[4.446555,52.167854],[4.448372,52.166942],[4.449757,52.166414],[4.451389,52.165933],[4.453269,52.165525],[4.456637,52.165237],[4.457488,52.165055],[4.458953,52.164914],[4.463036,52.164649],[4.464877,52.164017],[4.465917,52.163863],[4.467859,52.163977],[4.471326,52.163851],[4.474175,52.163891],[4.476421,52.164151],[4.477414,52.164186],[4.478,52.164127],[4.479218,52.163858],[4.480072,52.163586],[4.480667,52.163797],[4.481746,52.164606],[4.481317,52.164872],[4.481746,52.165325]]},"properties":{"line_id":"QBUZZ:z022","line_ref":"22","line_name":"Nieuw-Vennep - Hillegom - Noordwijk - Leiden","agency_id":"QBUZZ","variant_id":"QBUZZ:z022|1625005"}},{"type":"Feature","geometry":{"type":"LineString","coordinates":[[4.644751,52.259248],[4.645017,52.259106],[4.64522,52.25926],[4.644599,52.259561],[4.644208,52.259298],[4.643779,52.259583],[4.643703,52.259753],[4.643439,52.259752],[4.6431,52.259884],[4.642095,52.260444],[4.642019,52.26057],[4.641858,52.26056],[4.64143,52.260764],[4.634349,52.264575],[4.628574,52.260511],[4.621581,52.264241],[4.621178,52.264652],[4.621361,52.265129],[4.625544,52.268078],[4.626386,52.268523],[4.626825,52.268562],[4.626866,52.268733],[4.626498,52.268803],[4.625257,52.269442],[4.622358,52.270996],[4.622385,52.271158],[4.622266,52.271238],[4.622032,52.271255],[4.620435,52.272116],[4.619239,52.272648],[4.61708,52.273793],[4.616974,52.273963],[4.615051,52.275011],[4.614595,52.275134],[4.61313,52.275925],[4.611739,52.276706],[4.611722,52.276868],[4.611458,52.276857],[4.60958,52.277834],[4.601028,52.282478],[4.593084,52.286649],[4.592935,52.286774],[4.592975,52.286999],[4.594297,52.288518],[4.589533,52.290158],[4.589531,52.290283],[4.589325,52.290318],[4.589141,52.289975],[4.588233,52.289106],[4.588058,52.289042],[4.58789,52.288618],[4.58555,52.285861],[4.585246,52.285652],[4.585041,52.285678],[4.584939,52.285614],[4.584309,52.285628],[4.58232,52.286172],[4.57918,52.287202],[4.57906,52.287363],[4.578767,52.287334],[4.576481,52.288127],[4.577079,52.289102],[4.577196,52.289112],[4.577296,52.289247],[4.577207,52.289328],[4.576972,52.289353],[4.575173,52.290716],[4.575037,52.290967],[4.57509,52.291237],[4.575671,52.292328],[4.575847,52.292347],[4.575888,52.292483],[4.577899,52.293943],[4.578634,52.294676],[4.579161,52.295525],[4.57935,52.295598],[4.579353,52.296254],[4.579636,52.296804],[4.583851,52.302873],[4.584186,52.302992],[4.584125,52.303136],[4.583948,52.303152],[4.583818,52.30308],[4.582965,52.303218],[4.581452,52.303333],[4.581219,52.30326],[4.580961,52.302925],[4.580492,52.302922],[4.574998,52.304305],[4.573396,52.305345],[4.570545,52.306449],[4.570016,52.306553],[4.567856,52.304372],[4.566799,52.3029],[4.566479,52.302727],[4.564996,52.300497],[4.564593,52.300098],[4.56377,52.298583],[4.563849,52.298313],[4.56434,52.297912],[4.56439,52.297598],[4.56369,52.296596],[4.56368,52.296353],[4.563052,52.296196],[4.562326,52.295831],[4.561565,52.295736],[4.561081,52.295795],[4.55956,52.296378],[4.547328,52.299806],[4.542677,52.300717],[4.53883,52.301804],[4.538526,52.301613],[4.537928,52.301438],[4.537279,52.300876],[4.533821,52.298469],[4.531906,52.296694],[4.527524,52.293579],[4.52692,52.292981],[4.52599,52.291797],[4.525642,52.291597],[4.525503,52.291209],[4.523015,52.288737],[4.514897,52.279663],[4.514075,52.278227],[4.513517,52.277576],[4.510934,52.275553],[4.50901,52.274271],[4.5077,52.273093],[4.50644,52.271618],[4.504448,52.270084],[4.504273,52.270047],[4.503669,52.270231],[4.502936,52.270235],[4.502236,52.270095],[4.501874,52.269876],[4.501632,52.269497],[4.501258,52.268416],[4.500839,52.268143],[4.501036,52.267812],[4.500845,52.267082],[4.500489,52.266594],[4.499525,52.265733],[4.498309,52.264987],[4.496101,52.264045],[4.493559,52.263702],[4.49155,52.263822],[4.491316,52.263775],[4.491158,52.263648],[4.491089,52.263414],[4.490801,52.263196],[4.489732,52.261695],[4.490518,52.261216],[4.491014,52.261319],[4.49122,52.261257],[4.495321,52.259131],[4.498439,52.257735],[4.499505,52.257149],[4.499434,52.257059],[4.499524,52.256952],[4.497447,52.255327],[4.494963,52.253574],[4.492358,52.252035],[4.492364,52.251747],[4.493887,52.251013],[4.494171,52.250728],[4.494144,52.250628],[4.491549,52.248586],[4.49089,52.247871],[4.490308,52.247642],[4.48975,52.247746],[4.486378,52.249401],[4.485905,52.249586],[4.485347,52.249672],[4.485286,52.249797],[4.485109,52.24985],[4.484878,52.249686],[4.484293,52.249637],[4.482371,52.249119],[4.481654,52.249068],[4.48098,52.249108],[4.47983,52.249468],[4.478085,52.250326],[4.476379,52.251356],[4.476346,52.251535],[4.476097,52.251578],[4.475923,52.251469],[4.47597,52.251326],[4.475554,52.2509],[4.474141,52.249801],[4.462357,52.242519],[4.459492,52.240906],[4.458656,52.240261],[4.457552,52.239147],[4.455981,52.237939],[4.45419,52.238896],[4.446473,52.241019],[4.446264,52.241197],[4.446031,52.24115],[4.446064,52.240988],[4.445876,52.24087],[4.445636,52.240428],[4.44496,52.23849],[4.444297,52.237325],[4.443937,52.237034],[4.443588,52.236924],[4.443549,52.236672],[4.442886,52.236172],[4.439991,52.234612],[4.437934,52.233607],[4.437627,52.233613],[4.437512,52.233495],[4.437705,52.233389],[4.437861,52.232932],[4.438266,52.232477],[4.439617,52.231562],[4.44166,52.229826],[4.441619,52.229672],[4.441839,52.229638],[4.442287,52.229246],[4.444366,52.227843],[4.444413,52.227681],[4.444677,52.227666],[4.444884,52.227568],[4.446914,52.226389],[4.44705,52.226183],[4.44727,52.226185],[4.450559,52.224297],[4.451671,52.223613],[4.452355,52.22308],[4.4527,52.222696],[4.452871,52.222194],[4.452809,52.221672],[4.452445,52.220905],[4.451326,52.219099],[4.449968,52.217596],[4.448633,52.216336],[4.446027,52.214338],[4.444352,52.213255],[4.442979,52.212489],[4.43681,52.209455],[4.42816,52.204127],[4.424322,52.201669],[4.422102,52.200176],[4.421239,52.199477],[4.419667,52.197793],[4.419202,52.19698],[4.41907,52.196305],[4.419113,52.195676],[4.420179,52.191703],[4.420159,52.191262],[4.420088,52.190488],[4.419727,52.189623],[4.418378,52.188434],[4.417972,52.187622],[4.417996,52.187164],[4.418182,52.186662],[4.418693,52.186028],[4.422221,52.183189],[4.424919,52.180811],[4.427576,52.178937],[4.428746,52.178254],[4.433566,52.175776],[4.434397,52.17519],[4.435906,52.174339],[4.43656,52.173832],[4.441118,52.171253],[4.44725,52.167473],[4.448372,52.166942],[4.450081,52.166309],[4.451389,52.165933],[4.453269,52.165525],[4.456637,52.165237],[4.457488,52.165055],[4.458953,52.164914],[4.463036,52.164649],[4.464877,52.164017],[4.465917,52.163863],[4.467859,52.163977],[4.471326,52.163851],[4.474175,52.163891],[4.476421,52.164151],[4.477414,52.164186],[4.478,52.164127],[4.479218,52.163858],[4.480072,52.163586],[4.480667,52.163797],[4.481746,52.164606],[4.481317,52.164872],[4.481746,52.165325]]},"properties":{"line_id":"QBUZZ:z022","line_ref":"22","line_name":"Nieuw-Vennep - Hillegom - Noordwijk - Leiden","agency_id":"QBUZZ","variant_id":"QBUZZ:z022|1625006"}},{"type":"Feature","geometry":{"type":"LineString","coordinates":[[4.497438,52.264594],[4.496348,52.264127],[4.495751,52.263961],[4.493559,52.263702],[4.492238,52.263818],[4.491316,52.263775],[4.489732,52.261695],[4.490518,52.261216],[4.491014,52.261319],[4.49122,52.261257],[4.495321,52.259131],[4.498439,52.257735],[4.499505,52.257149],[4.499434,52.257059],[4.499524,52.256952],[4.497447,52.255327],[4.494963,52.253574],[4.492358,52.252035],[4.492364,52.251747],[4.493887,52.251013],[4.494171,52.250728],[4.494144,52.250628],[4.491549,52.248586],[4.491235,52.248162],[4.490716,52.247771],[4.490206,52.247632],[4.48975,52.247746],[4.486378,52.249401],[4.485905,52.249586],[4.485347,52.249672],[4.485286,52.249797],[4.485109,52.24985],[4.484878,52.249686],[4.484293,52.249637],[4.482371,52.249119],[4.481376,52.249066],[4.480435,52.249248],[4.47983,52.249468],[4.478085,52.250326],[4.476379,52.251356],[4.476346,52.251535],[4.476097,52.251578],[4.475923,52.251469],[4.47597,52.251326],[4.475554,52.2509],[4.474141,52.249801],[4.462357,52.242519],[4.459492,52.240906],[4.458656,52.240261],[4.457552,52.239147],[4.455981,52.237939],[4.45419,52.238896],[4.446473,52.241019],[4.446264,52.241197],[4.446031,52.24115],[4.446064,52.240988],[4.445876,52.24087],[4.445636,52.240428],[4.44496,52.23849],[4.444297,52.237325],[4.443937,52.237034],[4.443588,52.236924],[4.443549,52.236672],[4.442886,52.236172],[4.439991,52.234612],[4.437934,52.233607],[4.437627,52.233613],[4.437512,52.233495],[4.437705,52.233389],[4.437861,52.232932],[4.438266,52.232477],[4.439617,52.231562],[4.44166,52.229826],[4.441619,52.229672],[4.441839,52.229638],[4.442287,52.229246],[4.444366,52.227843],[4.444413,52.227681],[4.444677,52.227666],[4.444884,52.227568],[4.446914,52.226389],[4.44705,52.226183],[4.44727,52.226185],[4.450559,52.224297],[4.451671,52.223613],[4.452355,52.22308],[4.4527,52.222696],[4.452871,52.222194],[4.452809,52.221672],[4.452445,52.220905],[4.451326,52.219099],[4.450669,52.218329],[4.448964,52.216635],[4.447339,52.215283],[4.445176,52.213765],[4.442979,52.212489],[4.43681,52.209455],[4.42816,52.204127],[4.424322,52.201669],[4.422102,52.200176],[4.421239,52.199477],[4.419667,52.197793],[4.419299,52.197196],[4.419108,52.196584],[4.419113,52.195676],[4.420179,52.191703],[4.420128,52.19066],[4.419727,52.189623],[4.418378,52.188434],[4.417972,52.187622],[4.417996,52.187164],[4.418182,52.186662],[4.418693,52.186028],[4.422221,52.183189],[4.424919,52.180811],[4.427576,52.178937],[4.428746,52.178254],[4.433566,52.175776],[4.434397,52.17519],[4.435906,52.174339],[4.43656,52.173832],[4.441118,52.171253],[4.44725,52.167473],[4.448372,52.166942],[4.450081,52.166309],[4.451389,52.165933],[4.453269,52.165525],[4.456637,52.165237],[4.457488,52.165055],[4.458953,52.164914],[4.463036,52.164649],[4.464877,52.164017],[4.465917,52.163863],[4.467859,52.163977],[4.471326,52.163851],[4.474175,52.163891],[4.476421,52.164151],[4.477414,52.164186],[4.478,52.164127],[4.479218,52.163858],[4.480072,52.163586],[4.480667,52.163797],[4.481746,52.164606],[4.481317,52.164872],[4.481746,52.165325]]},"properties":{"line_id":"QBUZZ:z022","line_ref":"22","line_name":"Nieuw-Vennep - Hillegom - Noordwijk - Leiden","agency_id":"QBUZZ","variant_id":"QBUZZ:z022|1625007"}},{"type":"Feature","geometry":{"type":"LineString","coordinates":[[4.497438,52.264594],[4.496348,52.264127],[4.495751,52.263961],[4.493559,52.263702],[4.492238,52.263818],[4.491316,52.263775],[4.489732,52.261695],[4.490518,52.261216],[4.491014,52.261319],[4.49122,52.261257],[4.495321,52.259131],[4.498439,52.257735],[4.499505,52.257149],[4.499434,52.257059],[4.499524,52.256952],[4.497447,52.255327],[4.494963,52.253574],[4.492358,52.252035],[4.492364,52.251747],[4.493887,52.251013],[4.494171,52.250728],[4.494144,52.250628],[4.491549,52.248586],[4.491235,52.248162],[4.490716,52.247771],[4.490206,52.247632],[4.48975,52.247746],[4.486378,52.249401],[4.485905,52.249586],[4.485347,52.249672],[4.485286,52.249797],[4.485109,52.24985],[4.484878,52.249686],[4.484293,52.249637],[4.482371,52.249119],[4.481376,52.249066],[4.480435,52.249248],[4.47983,52.249468],[4.478085,52.250326],[4.476379,52.251356],[4.476346,52.251535],[4.476097,52.251578],[4.475923,52.251469],[4.47597,52.251326],[4.475554,52.2509],[4.474141,52.249801],[4.462357,52.242519],[4.459492,52.240906],[4.458656,52.240261],[4.457552,52.239147],[4.455981,52.237939],[4.45419,52.238896],[4.446473,52.241019],[4.446264,52.241197],[4.446031,52.24115],[4.446064,52.240988],[4.445876,52.24087],[4.445636,52.240428],[4.44496,52.23849],[4.444297,52.237325],[4.443937,52.237034],[4.443588,52.236924],[4.443549,52.236672],[4.442886,52.236172],[4.439991,52.234612],[4.437934,52.233607],[4.437627,52.233613],[4.437512,52.233495],[4.437705,52.233389],[4.437861,52.232932],[4.438266,52.232477],[4.439617,52.231562],[4.44166,52.229826],[4.441619,52.229672],[4.441839,52.229638],[4.442287,52.229246],[4.444366,52.227843],[4.444413,52.227681],[4.444677,52.227666],[4.444884,52.227568],[4.446914,52.226389],[4.44705,52.226183],[4.44727,52.226185],[4.450559,52.224297],[4.451671,52.223613],[4.452355,52.22308],[4.4527,52.222696],[4.452871,52.222194],[4.452809,52.221672],[4.452445,52.220905],[4.451326,52.219099],[4.450669,52.218329],[4.448964,52.216635],[4.447339,52.215283],[4.445176,52.213765],[4.442979,52.212489],[4.43681,52.209455],[4.42816,52.204127],[4.424322,52.201669],[4.422102,52.200176],[4.421239,52.199477],[4.419667,52.197793],[4.419299,52.197196],[4.419108,52.196584],[4.419113,52.195676],[4.420179,52.191703],[4.420128,52.19066],[4.419727,52.189623],[4.418378,52.188434],[4.417972,52.187622],[4.417996,52.187164],[4.418182,52.186662],[4.418693,52.186028],[4.422221,52.183189],[4.424919,52.180811],[4.427576,52.178937],[4.428746,52.178254],[4.433566,52.175776],[4.434397,52.17519],[4.435906,52.174339],[4.43656,52.173832],[4.441118,52.171253],[4.44725,52.167473],[4.448372,52.166942],[4.450081,52.166309],[4.451389,52.165933],[4.453269,52.165525],[4.456637,52.165237],[4.457488,52.165055],[4.458953,52.164914],[4.463036,52.164649],[4.464877,52.164017],[4.465917,52.163863],[4.467859,52.163977],[4.471326,52.163851],[4.474175,52.163891],[4.476421,52.164151],[4.477414,52.164186],[4.478,52.164127],[4.479218,52.163858],[4.480072,52.163586],[4.480667,52.163797],[4.481746,52.164606],[4.481317,52.164872],[4.481746,52.165325]]},"properties":{"line_id":"QBUZZ:z022","line_ref":"22","line_name":"Nieuw-Vennep - Hillegom - Noordwijk - Leiden","agency_id":"QBUZZ","variant_id":"QBUZZ:z022|1654955"}},{"type":"Feature","geometry":{"type":"LineString","coordinates":[[4.579019,52.295236],[4.579161,52.295525],[4.579364,52.295625],[4.579286,52.295876],[4.579353,52.296254],[4.579636,52.296804],[4.581967,52.300047],[4.583364,52.302196],[4.583908,52.302936],[4.584186,52.302992],[4.584154,52.303118],[4.583948,52.303152],[4.583818,52.30308],[4.582965,52.303218],[4.581452,52.303333],[4.581219,52.30326],[4.580961,52.302925],[4.580698,52.302888],[4.577341,52.303692],[4.574998,52.304305],[4.573396,52.305345],[4.570324,52.30652],[4.570016,52.306553],[4.567856,52.304372],[4.566799,52.3029],[4.566479,52.302727],[4.564996,52.300497],[4.564593,52.300098],[4.56377,52.298583],[4.563849,52.298313],[4.56434,52.297912],[4.56439,52.297598],[4.56369,52.296596],[4.56368,52.296353],[4.563052,52.296196],[4.562646,52.295941],[4.562456,52.295949],[4.56218,52.295794],[4.561565,52.295736],[4.561081,52.295795],[4.55956,52.296378],[4.547328,52.299806],[4.542677,52.300717],[4.53883,52.301804],[4.538526,52.301613],[4.538088,52.30152],[4.533821,52.298469],[4.531906,52.296694],[4.527524,52.293579],[4.52692,52.292981],[4.52599,52.291797],[4.525642,52.291597],[4.525503,52.291209],[4.523015,52.288737],[4.514897,52.279663],[4.514075,52.278227],[4.513517,52.277576],[4.510934,52.275553],[4.50901,52.274271],[4.5077,52.273093],[4.50644,52.271618],[4.504448,52.270084],[4.504273,52.270047],[4.503669,52.270231],[4.502936,52.270235],[4.502236,52.270095],[4.501874,52.269876],[4.501632,52.269497],[4.501258,52.268416],[4.500839,52.268143],[4.501036,52.267812],[4.500845,52.267082],[4.500489,52.266594],[4.499525,52.265733],[4.498309,52.264987],[4.496101,52.264045],[4.493559,52.263702],[4.49155,52.263822],[4.491316,52.263775],[4.491158,52.263648],[4.491089,52.263414],[4.490801,52.263196],[4.489732,52.261695],[4.490518,52.261216],[4.491014,52.261319],[4.49122,52.261257],[4.495321,52.259131],[4.498439,52.257735],[4.499505,52.257149],[4.499434,52.257059],[4.499524,52.256952],[4.497447,52.255327],[4.494963,52.253574],[4.492358,52.252035],[4.492364,52.251747],[4.493887,52.251013],[4.494171,52.250728],[4.494144,52.250628],[4.491549,52.248586],[4.49089,52.247871],[4.490308,52.247642],[4.48975,52.247746],[4.486378,52.249401],[4.485905,52.249586],[4.485347,52.249672],[4.485286,52.249797],[4.485109,52.24985],[4.484878,52.249686],[4.484293,52.249637],[4.482371,52.249119],[4.481654,52.249068],[4.48098,52.249108],[4.47983,52.249468],[4.478085,52.250326],[4.476379,52.251356],[4.476346,52.251535],[4.476097,52.251578],[4.475923,52.251469],[4.47597,52.251326],[4.475554,52.2509],[4.474141,52.249801],[4.462357,52.242519],[4.459492,52.240906],[4.458656,52.240261],[4.457552,52.239147],[4.455981,52.237939],[4.45419,52.238896],[4.446473,52.241019],[4.446309,52.241179],[4.446133,52.241196],[4.446003,52.241105],[4.446064,52.240988],[4.445748,52.240698],[4.44496,52.23849],[4.444297,52.237325],[4.443937,52.237034],[4.443588,52.236924],[4.443549,52.236672],[4.442886,52.236172],[4.439586,52.234411],[4.437934,52.233607],[4.437627,52.233613],[4.437511,52.233531],[4.437705,52.233389],[4.437861,52.232932],[4.438266,52.232477],[4.439617,52.231562],[4.44166,52.229826],[4.441619,52.229672],[4.441839,52.229638],[4.442287,52.229246],[4.444366,52.227843],[4.444413,52.227681],[4.444677,52.227666],[4.445417,52.227267],[4.446914,52.226389],[4.44705,52.226183],[4.44727,52.226185],[4.448114,52.225706],[4.450973,52.224057],[4.452147,52.223249],[4.452792,52.222499],[4.452874,52.222041],[4.452712,52.221429],[4.451326,52.219099],[4.450669,52.218329],[4.448633,52.216336],[4.446027,52.214338],[4.444352,52.213255],[4.442979,52.212489],[4.43681,52.209455],[4.43538,52.20859],[4.424322,52.201669],[4.422102,52.200176],[4.420738,52.198988],[4.419667,52.197793],[4.419147,52.196818],[4.419113,52.195676],[4.420179,52.191703],[4.420128,52.19066],[4.419727,52.189623],[4.418621,52.188706],[4.418067,52.187919],[4.417996,52.187164],[4.418349,52.186393],[4.4192,52.185591],[4.422221,52.183189],[4.424919,52.180811],[4.427576,52.178937],[4.428746,52.178254],[4.433566,52.175776],[4.434397,52.17519],[4.435906,52.174339],[4.43656,52.173832],[4.441118,52.171253],[4.446555,52.167854],[4.448372,52.166942],[4.449757,52.166414],[4.451389,52.165933],[4.453269,52.165525],[4.456637,52.165237],[4.457488,52.165055],[4.458953,52.164914],[4.463036,52.164649],[4.464877,52.164017],[4.465917,52.163863],[4.467859,52.163977],[4.471326,52.163851],[4.474175,52.163891],[4.476421,52.164151],[4.477414,52.164186],[4.478,52.164127],[4.479218,52.163858],[4.480072,52.163586],[4.480667,52.163797],[4.481746,52.164606],[4.481317,52.164872],[4.481746,52.165325]]},"properties":{"line_id":"QBUZZ:z022","line_ref":"22","line_name":"Nieuw-Vennep - Hillegom - Noordwijk - Leiden","agency_id":"QBUZZ","variant_id":"QBUZZ:z022|1654956"}},{"type":"Feature","geometry":{"type":"LineString","coordinates":[[4.644751,52.259248],[4.645017,52.259106],[4.64522,52.25926],[4.644599,52.259561],[4.644208,52.259298],[4.643779,52.259583],[4.643703,52.259753],[4.643439,52.259752],[4.6431,52.259884],[4.642095,52.260444],[4.642019,52.26057],[4.641858,52.26056],[4.64143,52.260764],[4.634349,52.264575],[4.628574,52.260511],[4.621581,52.264241],[4.621178,52.264652],[4.621361,52.265129],[4.625544,52.268078],[4.626386,52.268523],[4.626825,52.268562],[4.626866,52.268733],[4.626498,52.268803],[4.625257,52.269442],[4.622358,52.270996],[4.622385,52.271158],[4.622266,52.271238],[4.622032,52.271255],[4.620435,52.272116],[4.619239,52.272648],[4.61708,52.273793],[4.616974,52.273963],[4.615051,52.275011],[4.614595,52.275134],[4.61313,52.275925],[4.611739,52.276706],[4.611722,52.276868],[4.611458,52.276857],[4.60958,52.277834],[4.601028,52.282478],[4.593084,52.286649],[4.592935,52.286774],[4.592975,52.286999],[4.594297,52.288518],[4.589533,52.290158],[4.589531,52.290283],[4.589325,52.290318],[4.589141,52.289975],[4.588233,52.289106],[4.588058,52.289042],[4.58789,52.288618],[4.58555,52.285861],[4.585246,52.285652],[4.585041,52.285678],[4.584939,52.285614],[4.584309,52.285628],[4.58232,52.286172],[4.57918,52.287202],[4.57906,52.287363],[4.578767,52.287334],[4.576481,52.288127],[4.577079,52.289102],[4.577196,52.289112],[4.577296,52.289247],[4.577207,52.289328],[4.576972,52.289353],[4.575173,52.290716],[4.575037,52.290967],[4.57509,52.291237],[4.575671,52.292328],[4.575847,52.292347],[4.575888,52.292483],[4.577899,52.293943],[4.578634,52.294676],[4.579161,52.295525],[4.57935,52.295598],[4.579353,52.296254],[4.579636,52.296804],[4.583851,52.302873],[4.584186,52.302992],[4.584125,52.303136],[4.583948,52.303152],[4.583818,52.30308],[4.582965,52.303218],[4.581452,52.303333],[4.581219,52.30326],[4.580961,52.302925],[4.580492,52.302922],[4.574998,52.304305],[4.573396,52.305345],[4.570545,52.306449],[4.570016,52.306553],[4.567856,52.304372],[4.566799,52.3029],[4.566479,52.302727],[4.564996,52.300497],[4.564593,52.300098],[4.56377,52.298583],[4.563849,52.298313],[4.56434,52.297912],[4.56439,52.297598],[4.56369,52.296596],[4.56368,52.296353],[4.563052,52.296196],[4.562326,52.295831],[4.561565,52.295736],[4.561081,52.295795],[4.55956,52.296378],[4.547328,52.299806],[4.542677,52.300717],[4.53883,52.301804],[4.538526,52.301613],[4.537928,52.301438],[4.537279,52.300876],[4.533821,52.298469],[4.531906,52.296694],[4.527524,52.293579],[4.52692,52.292981],[4.52599,52.291797],[4.525642,52.291597],[4.525503,52.291209],[4.523015,52.288737],[4.514897,52.279663],[4.514075,52.278227],[4.513517,52.277576],[4.510934,52.275553],[4.50901,52.274271],[4.5077,52.273093],[4.50644,52.271618],[4.504448,52.270084],[4.504273,52.270047],[4.503669,52.270231],[4.502936,52.270235],[4.502236,52.270095],[4.501874,52.269876],[4.501632,52.269497],[4.501258,52.268416],[4.500839,52.268143],[4.501036,52.267812],[4.500845,52.267082],[4.500489,52.266594],[4.499525,52.265733],[4.498309,52.264987],[4.496101,52.264045],[4.493559,52.263702],[4.49155,52.263822],[4.491316,52.263775],[4.491158,52.263648],[4.491089,52.263414],[4.490801,52.263196],[4.489732,52.261695],[4.490518,52.261216],[4.491014,52.261319],[4.49122,52.261257],[4.495321,52.259131],[4.498439,52.257735],[4.499505,52.257149],[4.499434,52.257059],[4.499524,52.256952],[4.497447,52.255327],[4.494963,52.253574],[4.492358,52.252035],[4.492364,52.251747],[4.493887,52.251013],[4.494171,52.250728],[4.494144,52.250628],[4.491549,52.248586],[4.49089,52.247871],[4.490308,52.247642],[4.48975,52.247746],[4.486378,52.249401],[4.485905,52.249586],[4.485347,52.249672],[4.485286,52.249797],[4.485109,52.24985],[4.484878,52.249686],[4.484293,52.249637],[4.482371,52.249119],[4.481654,52.249068],[4.48098,52.249108],[4.47983,52.249468],[4.478085,52.250326],[4.476379,52.251356],[4.476346,52.251535],[4.476097,52.251578],[4.475923,52.251469],[4.47597,52.251326],[4.475554,52.2509],[4.474141,52.249801],[4.462357,52.242519],[4.459492,52.240906],[4.458656,52.240261],[4.457552,52.239147],[4.455981,52.237939],[4.45419,52.238896],[4.446473,52.241019],[4.446264,52.241197],[4.446031,52.24115],[4.446064,52.240988],[4.445876,52.24087],[4.445636,52.240428],[4.44496,52.23849],[4.444297,52.237325],[4.443937,52.237034],[4.443588,52.236924],[4.443549,52.236672],[4.442886,52.236172],[4.439991,52.234612],[4.437934,52.233607],[4.437627,52.233613],[4.437512,52.233495],[4.437705,52.233389],[4.437861,52.232932],[4.438266,52.232477],[4.439617,52.231562],[4.44166,52.229826],[4.441619,52.229672],[4.441839,52.229638],[4.442287,52.229246],[4.444366,52.227843],[4.444413,52.227681],[4.444677,52.227666],[4.444884,52.227568],[4.446914,52.226389],[4.44705,52.226183],[4.44727,52.226185],[4.450559,52.224297],[4.451671,52.223613],[4.452355,52.22308],[4.4527,52.222696],[4.452871,52.222194],[4.452809,52.221672],[4.452445,52.220905],[4.451326,52.219099],[4.449968,52.217596],[4.448633,52.216336],[4.446027,52.214338],[4.444352,52.213255],[4.442979,52.212489],[4.43681,52.209455],[4.42816,52.204127],[4.424322,52.201669],[4.422102,52.200176],[4.421239,52.199477],[4.419667,52.197793],[4.419202,52.19698],[4.41907,52.196305],[4.419113,52.195676],[4.420179,52.191703],[4.420159,52.191262],[4.420088,52.190488],[4.419727,52.189623],[4.418378,52.188434],[4.417972,52.187622],[4.417996,52.187164],[4.418182,52.186662],[4.418693,52.186028],[4.422221,52.183189],[4.424919,52.180811],[4.427576,52.178937],[4.428746,52.178254],[4.433566,52.175776],[4.434397,52.17519],[4.435906,52.174339],[4.43656,52.173832],[4.441118,52.171253],[4.44725,52.167473],[4.448372,52.166942],[4.450081,52.166309],[4.451389,52.165933],[4.453269,52.165525],[4.456637,52.165237],[4.457488,52.165055],[4.458953,52.164914],[4.463036,52.164649],[4.464877,52.164017],[4.465917,52.163863],[4.467859,52.163977],[4.471326,52.163851],[4.474175,52.163891],[4.476421,52.164151],[4.477414,52.164186],[4.478,52.164127],[4.479218,52.163858],[4.480072,52.163586],[4.480667,52.163797],[4.481746,52.164606],[4.481317,52.164872],[4.481746,52.165325]]},"properties":{"line_id":"QBUZZ:z022","line_ref":"22","line_name":"Nieuw-Vennep - Hillegom - Noordwijk - Leiden","agency_id":"QBUZZ","variant_id":"QBUZZ:z022|1654957"}},{"type":"Feature","geometry":{"type":"LineString","coordinates":[[4.482299,52.165473],[4.482501,52.165573],[4.482897,52.165549],[4.481717,52.164623],[4.481436,52.164765],[4.480099,52.163694],[4.477998,52.164208],[4.47709,52.164309],[4.473851,52.163996],[4.470826,52.163982],[4.467813,52.164075],[4.465915,52.163989],[4.465109,52.164108],[4.463532,52.164707],[4.46299,52.164793],[4.45754,52.165388],[4.454186,52.165685],[4.453411,52.165697],[4.451253,52.166183],[4.449928,52.166595],[4.448456,52.167114],[4.446801,52.167937],[4.44227,52.170705],[4.441007,52.171638],[4.436652,52.174327],[4.428862,52.178318],[4.425865,52.180334],[4.419301,52.185664],[4.418523,52.186449],[4.418326,52.186798],[4.418196,52.187399],[4.418398,52.188174],[4.418711,52.188599],[4.420161,52.189815],[4.420496,52.190555],[4.420355,52.191677],[4.419357,52.195219],[4.419217,52.196288],[4.419307,52.196828],[4.419586,52.197468],[4.420856,52.198944],[4.421889,52.199869],[4.424426,52.201607],[4.436077,52.208847],[4.437986,52.209896],[4.443315,52.212491],[4.446045,52.214167],[4.447486,52.215212],[4.449327,52.216755],[4.452066,52.219437],[4.453776,52.220925],[4.454158,52.221566],[4.454028,52.222158],[4.453609,52.222586],[4.447476,52.226133],[4.447279,52.22641],[4.44706,52.226408],[4.446528,52.226665],[4.444941,52.227614],[4.444716,52.2279],[4.444452,52.227906],[4.443933,52.228217],[4.442016,52.229604],[4.441909,52.229819],[4.441718,52.229853],[4.439617,52.231562],[4.438637,52.232219],[4.438068,52.232826],[4.437807,52.233408],[4.437861,52.233579],[4.439991,52.234612],[4.442886,52.236172],[4.443882,52.236863],[4.443822,52.236944],[4.443646,52.236942],[4.443277,52.237101],[4.442756,52.237465],[4.442153,52.238279],[4.441166,52.240644],[4.440469,52.241779],[4.439948,52.24218],[4.439135,52.242506],[4.439419,52.24294],[4.440231,52.243315],[4.440947,52.244048],[4.44134,52.244186],[4.441338,52.244294],[4.440867,52.244398],[4.439994,52.244823],[4.439382,52.245375],[4.438688,52.246322],[4.438019,52.246811],[4.436685,52.247547],[4.434985,52.248279],[4.433984,52.247183],[4.432616,52.246085],[4.43182,52.244982],[4.429339,52.243209],[4.429404,52.242913],[4.430409,52.241806],[4.431773,52.241026],[4.432102,52.240696]]},"properties":{"line_id":"QBUZZ:z023","line_ref":"23","line_name":"Noordwijk - Leiden","agency_id":"QBUZZ","variant_id":"QBUZZ:z023|1598577"}},{"type":"Feature","geometry":{"type":"LineString","coordinates":[[4.43072,52.241656],[4.429404,52.242913],[4.429339,52.243209],[4.43182,52.244982],[4.432616,52.246085],[4.433984,52.247183],[4.434899,52.248206],[4.437158,52.247317],[4.438019,52.246811],[4.438898,52.246108],[4.439382,52.245375],[4.439726,52.245036],[4.440351,52.244556],[4.440928,52.244282],[4.440404,52.24346],[4.439419,52.24294],[4.439135,52.242506],[4.439948,52.24218],[4.440469,52.241779],[4.441213,52.240509],[4.442063,52.238413],[4.442756,52.237465],[4.443605,52.236807],[4.44306,52.236272],[4.439991,52.234612],[4.437934,52.233607],[4.43754,52.233568],[4.437861,52.232932],[4.438266,52.232477],[4.439617,52.231562],[4.44157,52.229906],[4.441619,52.229672],[4.441839,52.229638],[4.442287,52.229246],[4.444366,52.227843],[4.444413,52.227681],[4.444677,52.227666],[4.444884,52.227568],[4.446914,52.226389],[4.44705,52.226183],[4.44727,52.226185],[4.451671,52.223613],[4.4527,52.222696],[4.452863,52.221906],[4.452445,52.220905],[4.451326,52.219099],[4.450669,52.218329],[4.448633,52.216336],[4.446027,52.214338],[4.444352,52.213255],[4.442979,52.212489],[4.43681,52.209455],[4.43538,52.20859],[4.424322,52.201669],[4.422102,52.200176],[4.420738,52.198988],[4.419667,52.197793],[4.419147,52.196818],[4.419113,52.195676],[4.420179,52.191703],[4.420128,52.19066],[4.419727,52.189623],[4.418621,52.188706],[4.418067,52.187919],[4.417996,52.187164],[4.418349,52.186393],[4.4192,52.185591],[4.422221,52.183189],[4.424919,52.180811],[4.427576,52.178937],[4.428746,52.178254],[4.433566,52.175776],[4.434397,52.17519],[4.435906,52.174339],[4.43656,52.173832],[4.441118,52.171253],[4.446555,52.167854],[4.448372,52.166942],[4.449757,52.166414],[4.451389,52.165933],[4.453269,52.165525],[4.456637,52.165237],[4.457488,52.165055],[4.458953,52.164914],[4.463036,52.164649],[4.464877,52.164017],[4.465917,52.163863],[4.467859,52.163977],[4.471326,52.163851],[4.474175,52.163891],[4.476421,52.164151],[4.477414,52.164186],[4.478,52.164127],[4.479218,52.163858],[4.480072,52.163586],[4.480667,52.163797],[4.481746,52.164606],[4.481317,52.164872],[4.481746,52.165325]]},"properties":{"line_id":"QBUZZ:z023","line_ref":"23","line_name":"Noordwijk - Leiden","agency_id":"QBUZZ","variant_id":"QBUZZ:z023|1625008"}},{"type":"Feature","geometry":{"type":"LineString","coordinates":[[4.43072,52.241656],[4.429404,52.242913],[4.429339,52.243209],[4.43182,52.244982],[4.432616,52.246085],[4.433984,52.247183],[4.434899,52.248206],[4.437158,52.247317],[4.438019,52.246811],[4.438898,52.246108],[4.439382,52.245375],[4.439726,52.245036],[4.440351,52.244556],[4.440928,52.244282],[4.440404,52.24346],[4.439419,52.24294],[4.439135,52.242506],[4.439948,52.24218],[4.440469,52.241779],[4.441213,52.240509],[4.442063,52.238413],[4.442756,52.237465],[4.443605,52.236807],[4.44306,52.236272],[4.439991,52.234612],[4.437934,52.233607],[4.43754,52.233568],[4.437861,52.232932],[4.438266,52.232477],[4.439617,52.231562],[4.44157,52.229906],[4.441619,52.229672],[4.441839,52.229638],[4.442287,52.229246],[4.444366,52.227843],[4.444413,52.227681],[4.444677,52.227666],[4.444884,52.227568],[4.446914,52.226389],[4.44705,52.226183],[4.44727,52.226185],[4.451671,52.223613],[4.4527,52.222696],[4.452863,52.221906],[4.452445,52.220905],[4.451326,52.219099],[4.450669,52.218329],[4.448633,52.216336],[4.446027,52.214338],[4.444352,52.213255],[4.442979,52.212489],[4.43681,52.209455],[4.43538,52.20859],[4.424322,52.201669],[4.422102,52.200176],[4.420738,52.198988],[4.419667,52.197793],[4.419147,52.196818],[4.419113,52.195676],[4.420179,52.191703],[4.420128,52.19066],[4.419727,52.189623],[4.418621,52.188706],[4.418067,52.187919],[4.417996,52.187164],[4.418349,52.186393],[4.4192,52.185591],[4.422221,52.183189],[4.424919,52.180811],[4.427576,52.178937],[4.428746,52.178254],[4.433566,52.175776],[4.434397,52.17519],[4.435906,52.174339],[4.43656,52.173832],[4.441118,52.171253],[4.446555,52.167854],[4.448372,52.166942],[4.449757,52.166414],[4.451389,52.165933],[4.453269,52.165525],[4.456637,52.165237],[4.457488,52.165055],[4.458953,52.164914],[4.463036,52.164649],[4.464877,52.164017],[4.465917,52.163863],[4.467859,52.163977],[4.471326,52.163851],[4.474175,52.163891],[4.476421,52.164151],[4.477414,52.164186],[4.478,52.164127],[4.479218,52.163858],[4.480072,52.163586],[4.480667,52.163797],[4.481746,52.164606],[4.481317,52.164872],[4.481746,52.165325]]},"properties":{"line_id":"QBUZZ:z023","line_ref":"23","line_name":"Noordwijk - Leiden","agency_id":"QBUZZ","variant_id":"QBUZZ:z023|1654958"}},{"type":"Feature","geometry":{"type":"LineString","coordinates":[[4.48259,52.165538],[4.482897,52.165549],[4.481717,52.164623],[4.481436,52.164765],[4.480099,52.163694],[4.477998,52.164208],[4.47709,52.164309],[4.473851,52.163996],[4.470826,52.163982],[4.467813,52.164075],[4.465622,52.164004],[4.464446,52.164337],[4.464875,52.164816],[4.465075,52.165726],[4.464746,52.16611],[4.464286,52.16643],[4.460156,52.166784],[4.459788,52.166943],[4.457034,52.1672],[4.457272,52.168415],[4.454326,52.168796],[4.451685,52.169243],[4.453186,52.170882],[4.450181,52.171289],[4.450737,52.173343],[4.450754,52.173927],[4.450588,52.17487],[4.452421,52.175298],[4.453255,52.175286],[4.453218,52.175655],[4.451879,52.178143],[4.45178,52.178654],[4.451979,52.178926],[4.451521,52.179165],[4.451222,52.179504],[4.448567,52.182647],[4.448144,52.1833],[4.447989,52.183712],[4.447907,52.184853],[4.447749,52.1854],[4.447879,52.185464],[4.447891,52.185608],[4.447772,52.185696],[4.447582,52.185704],[4.447394,52.186296],[4.446488,52.187655],[4.44604,52.188092],[4.44608,52.188254],[4.445873,52.18836],[4.445598,52.18825],[4.442727,52.188443],[4.441507,52.188729],[4.440606,52.189163],[4.436564,52.189427],[4.435383,52.189273],[4.434665,52.189313],[4.432579,52.189745],[4.432283,52.189914],[4.432065,52.189849],[4.428335,52.190574],[4.424498,52.190794],[4.423806,52.191013],[4.423697,52.191318],[4.424012,52.192336],[4.424085,52.193676],[4.425135,52.194485],[4.425486,52.195207],[4.425387,52.195709],[4.425147,52.196004],[4.424697,52.196494],[4.423747,52.197125],[4.421089,52.197642],[4.420059,52.197922],[4.415857,52.199442],[4.41525,52.199743],[4.414997,52.199974],[4.414733,52.199972],[4.413187,52.200436],[4.40853,52.202033],[4.408248,52.202202],[4.408074,52.202128],[4.408091,52.202012],[4.40732,52.201178],[4.406835,52.199934],[4.406194,52.199164],[4.405902,52.199126],[4.402447,52.199933],[4.401379,52.199942],[4.398139,52.198926],[4.394008,52.19722],[4.393744,52.197254],[4.393445,52.197548],[4.392686,52.198782],[4.392056,52.200152],[4.390595,52.200706],[4.391733,52.202135],[4.392127,52.202876],[4.393569,52.204443],[4.393677,52.204848],[4.394569,52.205539],[4.397818,52.209449],[4.398181,52.209542],[4.398578,52.209492],[4.405168,52.207228],[4.405199,52.207111],[4.405331,52.207103],[4.406824,52.208428],[4.407357,52.208783],[4.408774,52.20955],[4.409401,52.209645],[4.41758,52.206953],[4.420656,52.206115],[4.421656,52.207256],[4.423119,52.208607],[4.423358,52.209058],[4.425121,52.210745],[4.425612,52.211036],[4.424513,52.211809],[4.423275,52.212896],[4.422539,52.213744],[4.422406,52.214506],[4.422816,52.215175],[4.423668,52.215667],[4.426051,52.21646],[4.426753,52.216501],[4.426887,52.216395],[4.427091,52.216405],[4.427202,52.216703],[4.427606,52.216976],[4.430264,52.217914],[4.431966,52.218395],[4.432302,52.218389],[4.432568,52.218301],[4.432837,52.218708],[4.433257,52.218918]]},"properties":{"line_id":"QBUZZ:z031","line_ref":"31","line_name":"Katwijk - Rijnsburg - Leiden","agency_id":"QBUZZ","variant_id":"QBUZZ:z031|1598582"}},{"type":"Feature","geometry":{"type":"LineString","coordinates":[[4.432938,52.218772],[4.432286,52.218452],[4.430264,52.217914],[4.427402,52.216911],[4.426766,52.216564],[4.426051,52.21646],[4.42332,52.215557],[4.422626,52.215155],[4.422313,52.214748],[4.422246,52.214451],[4.422435,52.213824],[4.423275,52.212896],[4.42517,52.211203],[4.425247,52.210988],[4.424879,52.210446],[4.422826,52.208631],[4.42263,52.208216],[4.422287,52.207836],[4.420595,52.206258],[4.418006,52.206893],[4.409473,52.209699],[4.409093,52.209705],[4.408729,52.209594],[4.407357,52.208783],[4.406824,52.208428],[4.405734,52.207403],[4.405416,52.20723],[4.405168,52.207228],[4.404637,52.207385],[4.39871,52.209457],[4.398181,52.209542],[4.397818,52.209449],[4.394569,52.205539],[4.393677,52.204848],[4.393569,52.204443],[4.392127,52.202876],[4.391733,52.202135],[4.390595,52.200706],[4.390847,52.200564],[4.390879,52.200447],[4.391189,52.200324],[4.392056,52.200152],[4.39261,52.198925],[4.393568,52.197297],[4.393516,52.196991],[4.393679,52.196894],[4.394,52.196923],[4.394098,52.19714],[4.394487,52.197386],[4.398139,52.198926],[4.401379,52.199942],[4.402138,52.199976],[4.402638,52.199899],[4.404578,52.199457],[4.405991,52.199055],[4.406066,52.198966],[4.406271,52.198967],[4.406282,52.199138],[4.406948,52.200141],[4.40732,52.201178],[4.407762,52.201676],[4.408194,52.201976],[4.408399,52.202005],[4.413379,52.200374],[4.41475,52.199864],[4.4149,52.199713],[4.415945,52.199416],[4.418306,52.198492],[4.420059,52.197922],[4.421089,52.197642],[4.423747,52.197125],[4.424697,52.196494],[4.425147,52.196004],[4.425387,52.195709],[4.425486,52.195207],[4.425135,52.194485],[4.424085,52.193676],[4.424012,52.192336],[4.42371,52.191417],[4.423723,52.190788],[4.428335,52.190574],[4.432065,52.189849],[4.432171,52.189715],[4.432388,52.189798],[4.434827,52.189296],[4.435383,52.189273],[4.436564,52.189427],[4.440606,52.189163],[4.441507,52.188729],[4.442727,52.188443],[4.444851,52.188289],[4.445599,52.188169],[4.445689,52.188062],[4.446043,52.187939],[4.446565,52.187485],[4.447456,52.186134],[4.447582,52.185704],[4.44738,52.185559],[4.447649,52.185282],[4.447848,52.184178],[4.448144,52.1833],[4.448567,52.182647],[4.451582,52.179039],[4.451894,52.178817],[4.45178,52.178654],[4.451894,52.178134],[4.453218,52.175655],[4.453255,52.175286],[4.452421,52.175298],[4.450588,52.17487],[4.450754,52.173927],[4.450737,52.173343],[4.450181,52.171289],[4.453186,52.170882],[4.451685,52.169243],[4.454326,52.168796],[4.457272,52.168415],[4.457034,52.1672],[4.459788,52.166943],[4.459791,52.166799],[4.464286,52.16643],[4.464958,52.165725],[4.464728,52.164851],[4.464213,52.16429],[4.464656,52.164078],[4.465303,52.163912],[4.466283,52.163866],[4.467859,52.163977],[4.471326,52.163851],[4.474175,52.163891],[4.476421,52.164151],[4.477414,52.164186],[4.478,52.164127],[4.479218,52.163858],[4.480072,52.163586],[4.480667,52.163797],[4.481746,52.164606],[4.481317,52.164872],[4.481746,52.165325]]},"properties":{"line_id":"QBUZZ:z031","line_ref":"31","line_name":"Katwijk - Rijnsburg - Leiden","agency_id":"QBUZZ","variant_id":"QBUZZ:z031|1625009"}},{"type":"Feature","geometry":{"type":"LineString","coordinates":[[4.432938,52.218772],[4.432286,52.218452],[4.430264,52.217914],[4.427402,52.216911],[4.426766,52.216564],[4.426051,52.21646],[4.42332,52.215557],[4.422626,52.215155],[4.422313,52.214748],[4.422246,52.214451],[4.422435,52.213824],[4.423275,52.212896],[4.42517,52.211203],[4.425247,52.210988],[4.424879,52.210446],[4.422826,52.208631],[4.42263,52.208216],[4.422287,52.207836],[4.420595,52.206258],[4.418006,52.206893],[4.409473,52.209699],[4.409093,52.209705],[4.408729,52.209594],[4.407357,52.208783],[4.406824,52.208428],[4.405734,52.207403],[4.405416,52.20723],[4.405168,52.207228],[4.404637,52.207385],[4.39871,52.209457],[4.398181,52.209542],[4.397818,52.209449],[4.394569,52.205539],[4.393677,52.204848],[4.393569,52.204443],[4.392127,52.202876],[4.391733,52.202135],[4.390595,52.200706],[4.390847,52.200564],[4.390879,52.200447],[4.391189,52.200324],[4.392056,52.200152],[4.39261,52.198925],[4.393568,52.197297],[4.393516,52.196991],[4.393679,52.196894],[4.394,52.196923],[4.394098,52.19714],[4.394487,52.197386],[4.398139,52.198926],[4.401379,52.199942],[4.402138,52.199976],[4.402638,52.199899],[4.404578,52.199457],[4.405991,52.199055],[4.406066,52.198966],[4.406271,52.198967],[4.406282,52.199138],[4.406948,52.200141],[4.40732,52.201178],[4.407762,52.201676],[4.408194,52.201976],[4.408399,52.202005],[4.413379,52.200374],[4.41475,52.199864],[4.4149,52.199713],[4.415945,52.199416],[4.418306,52.198492],[4.420059,52.197922],[4.421089,52.197642],[4.423747,52.197125],[4.424697,52.196494],[4.425147,52.196004],[4.425387,52.195709],[4.425486,52.195207],[4.425135,52.194485],[4.424085,52.193676],[4.424012,52.192336],[4.42371,52.191417],[4.423723,52.190788],[4.428335,52.190574],[4.432065,52.189849],[4.432171,52.189715],[4.432388,52.189798],[4.434827,52.189296],[4.435383,52.189273],[4.436564,52.189427],[4.440606,52.189163],[4.441507,52.188729],[4.442727,52.188443],[4.444851,52.188289],[4.445599,52.188169],[4.445689,52.188062],[4.446043,52.187939],[4.446565,52.187485],[4.447456,52.186134],[4.447582,52.185704],[4.44738,52.185559],[4.447649,52.185282],[4.447848,52.184178],[4.448144,52.1833],[4.448567,52.182647],[4.451582,52.179039],[4.451894,52.178817],[4.45178,52.178654],[4.451894,52.178134],[4.453218,52.175655],[4.453255,52.175286],[4.452421,52.175298],[4.450588,52.17487],[4.450754,52.173927],[4.450737,52.173343],[4.450181,52.171289],[4.453186,52.170882],[4.451685,52.169243],[4.454326,52.168796],[4.457272,52.168415],[4.457034,52.1672],[4.459788,52.166943],[4.459791,52.166799],[4.464286,52.16643],[4.464958,52.165725],[4.464728,52.164851],[4.464213,52.16429],[4.464656,52.164078],[4.465303,52.163912],[4.466283,52.163866],[4.467859,52.163977],[4.471326,52.163851],[4.474175,52.163891],[4.476421,52.164151],[4.477414,52.164186],[4.478,52.164127],[4.479218,52.163858],[4.480072,52.163586],[4.480667,52.163797],[4.481746,52.164606],[4.481317,52.164872],[4.481746,52.165325]]},"properties":{"line_id":"QBUZZ:z031","line_ref":"31","line_name":"Katwijk - Rijnsburg - Leiden","agency_id":"QBUZZ","variant_id":"QBUZZ:z031|1654961"}},{"type":"Feature","geometry":{"type":"LineString","coordinates":[[4.48259,52.165538],[4.482897,52.165549],[4.481717,52.164623],[4.481436,52.164765],[4.480099,52.163694],[4.477998,52.164208],[4.47709,52.164309],[4.473851,52.163996],[4.470826,52.163982],[4.467813,52.164075],[4.465622,52.164004],[4.464446,52.164337],[4.464875,52.164816],[4.465075,52.165726],[4.464746,52.16611],[4.464286,52.16643],[4.460156,52.166784],[4.459788,52.166943],[4.457034,52.1672],[4.457272,52.168415],[4.454326,52.168796],[4.451685,52.169243],[4.453186,52.170882],[4.450181,52.171289],[4.450737,52.173343],[4.450754,52.173927],[4.450588,52.17487],[4.452421,52.175298],[4.453255,52.175286],[4.453218,52.175655],[4.451879,52.178143],[4.45178,52.178654],[4.451979,52.178926],[4.451521,52.179165],[4.451222,52.179504],[4.448567,52.182647],[4.448144,52.1833],[4.447989,52.183712],[4.447907,52.184853],[4.447749,52.1854],[4.447879,52.185464],[4.447891,52.185608],[4.447772,52.185696],[4.447582,52.185704],[4.447394,52.186296],[4.446488,52.187655],[4.44604,52.188092],[4.44608,52.188254],[4.445873,52.18836],[4.445598,52.18825],[4.442727,52.188443],[4.441507,52.188729],[4.440606,52.189163],[4.436564,52.189427],[4.435383,52.189273],[4.434665,52.189313],[4.432579,52.189745],[4.432283,52.189914],[4.432065,52.189849],[4.428335,52.190574],[4.424498,52.190794],[4.423806,52.191013],[4.423697,52.191318],[4.424012,52.192336],[4.424085,52.193676],[4.425135,52.194485],[4.425486,52.195207],[4.425387,52.195709],[4.425147,52.196004],[4.424697,52.196494],[4.423747,52.197125],[4.421089,52.197642],[4.420059,52.197922],[4.415857,52.199442],[4.41525,52.199743],[4.414997,52.199974],[4.414733,52.199972],[4.413187,52.200436],[4.40853,52.202033],[4.408248,52.202202],[4.408074,52.202128],[4.408091,52.202012],[4.40732,52.201178],[4.406835,52.199934],[4.406194,52.199164],[4.405902,52.199126],[4.402447,52.199933],[4.401379,52.199942],[4.398139,52.198926],[4.394008,52.19722],[4.393744,52.197254],[4.393445,52.197548],[4.392686,52.198782],[4.392056,52.200152],[4.390595,52.200706],[4.391733,52.202135],[4.392127,52.202876],[4.393569,52.204443],[4.393677,52.204848],[4.394569,52.205539],[4.397818,52.209449],[4.398181,52.209542],[4.398578,52.209492],[4.405168,52.207228],[4.405199,52.207111],[4.405331,52.207103],[4.406824,52.208428],[4.407357,52.208783],[4.408774,52.20955],[4.409401,52.209645],[4.41758,52.206953],[4.420656,52.206115],[4.421656,52.207256],[4.423119,52.208607],[4.423358,52.209058],[4.425121,52.210745],[4.425612,52.211036],[4.424513,52.211809],[4.423275,52.212896],[4.422539,52.213744],[4.422406,52.214506],[4.422816,52.215175],[4.423668,52.215667],[4.426051,52.21646],[4.426753,52.216501],[4.426887,52.216395],[4.427091,52.216405],[4.427202,52.216703],[4.427606,52.216976],[4.430264,52.217914],[4.431966,52.218395],[4.432302,52.218389],[4.432568,52.218301],[4.432837,52.218708],[4.433257,52.218918]]},"properties":{"line_id":"QBUZZ:z031","line_ref":"31","line_name":"Katwijk - Rijnsburg - Leiden","agency_id":"QBUZZ","variant_id":"QBUZZ:z031|1654962"}},{"type":"Feature","geometry":{"type":"LineString","coordinates":[[4.482459,52.165528],[4.482897,52.165549],[4.481717,52.164623],[4.479928,52.165625],[4.479909,52.16585],[4.480023,52.165968],[4.482326,52.167738],[4.479608,52.170557],[4.47965,52.170648],[4.479291,52.171076],[4.477326,52.172086],[4.474664,52.172865],[4.471576,52.174459],[4.474067,52.176321],[4.476204,52.177614],[4.477886,52.179011],[4.479097,52.179857],[4.479909,52.180204],[4.480259,52.18027],[4.480633,52.180569],[4.482384,52.181437],[4.483222,52.181965],[4.483911,52.182581],[4.484596,52.183413],[4.484929,52.183586],[4.484896,52.183757],[4.488153,52.186164],[4.490021,52.187787],[4.493468,52.190168],[4.495827,52.192136],[4.496848,52.192306],[4.497327,52.192471],[4.499248,52.193708],[4.500479,52.19503],[4.501448,52.195603],[4.50221,52.196238],[4.503269,52.197459],[4.503729,52.197858],[4.504928,52.198631],[4.50521,52.199164],[4.505412,52.201511],[4.505663,52.202115],[4.506409,52.202894],[4.510419,52.206483],[4.511018,52.207279],[4.511366,52.20818],[4.511567,52.209152],[4.511613,52.209746],[4.511506,52.209979],[4.510987,52.210361],[4.509626,52.211088],[4.507786,52.212414],[4.510369,52.213485],[4.511796,52.213855],[4.514631,52.214802],[4.515774,52.215439],[4.515891,52.215467],[4.516362,52.215336],[4.516696,52.215455],[4.516575,52.215652],[4.515673,52.215402],[4.515326,52.215184],[4.514886,52.215217],[4.509117,52.218383],[4.514679,52.221291],[4.518565,52.223909],[4.518769,52.223955],[4.519151,52.223886],[4.521016,52.222812],[4.521561,52.222654],[4.52203,52.222595],[4.522673,52.222645],[4.523502,52.222902],[4.527482,52.226005],[4.527926,52.22653],[4.529525,52.227827],[4.530004,52.228064],[4.530429,52.228004],[4.530647,52.228087],[4.530689,52.228204],[4.530466,52.2284],[4.530385,52.228768],[4.529991,52.229493],[4.52938,52.230055],[4.528713,52.230463],[4.528488,52.230767],[4.528496,52.231091],[4.531379,52.233413],[4.53399,52.236209],[4.537938,52.241055],[4.538905,52.242563],[4.539808,52.243576],[4.540147,52.244262],[4.540554,52.244418],[4.541038,52.244376],[4.542309,52.243747],[4.545141,52.242635],[4.549312,52.241163],[4.549766,52.241185],[4.551148,52.241644],[4.552396,52.2415],[4.55273,52.241646],[4.552709,52.241943],[4.55322,52.242836],[4.552641,52.244009],[4.552697,52.24419],[4.555694,52.246781],[4.555897,52.246855],[4.55736,52.246973],[4.559742,52.248787],[4.560039,52.249364],[4.56033,52.249474],[4.56021,52.249626],[4.561279,52.251198],[4.561477,52.251586],[4.561457,52.251873],[4.561169,52.252392],[4.559726,52.253569],[4.558948,52.254462],[4.558104,52.256541],[4.558459,52.257892],[4.558795,52.257966],[4.559518,52.257702],[4.560849,52.256992],[4.563248,52.258761],[4.564672,52.260129],[4.565247,52.260735],[4.565409,52.261482],[4.5653,52.261832],[4.562529,52.265129],[4.559846,52.266036],[4.559284,52.266302],[4.55952,52.268613],[4.559158,52.269177],[4.559229,52.269286],[4.560804,52.269647],[4.563028,52.270633],[4.563317,52.270842]]},"properties":{"line_id":"QBUZZ:z050","line_ref":"50","line_name":"Lisse - Warmond - Leiden","agency_id":"QBUZZ","variant_id":"QBUZZ:z050|1578414"}},{"type":"Feature","geometry":{"type":"LineString","coordinates":[[4.562982,52.270723],[4.562722,52.270514],[4.561138,52.269811],[4.559139,52.269375],[4.558846,52.269409],[4.558716,52.269282],[4.558836,52.269148],[4.559027,52.269131],[4.55952,52.268613],[4.559386,52.267911],[4.55939,52.266896],[4.559122,52.266346],[4.559168,52.266256],[4.561866,52.265349],[4.562457,52.265057],[4.5653,52.261832],[4.565409,52.261482],[4.565247,52.260735],[4.564672,52.260129],[4.563305,52.258816],[4.560921,52.257046],[4.559798,52.257596],[4.558795,52.257966],[4.558459,52.257892],[4.558104,52.256541],[4.558948,52.254462],[4.559726,52.253569],[4.561169,52.252392],[4.561457,52.251873],[4.561477,52.251586],[4.560796,52.250394],[4.56021,52.249626],[4.559946,52.249606],[4.55986,52.249507],[4.560039,52.249364],[4.559742,52.248787],[4.55736,52.246973],[4.555897,52.246855],[4.555694,52.246781],[4.552697,52.24419],[4.552641,52.244009],[4.55322,52.242836],[4.552709,52.241943],[4.55273,52.241646],[4.552308,52.241481],[4.551148,52.241644],[4.549766,52.241185],[4.549459,52.241138],[4.549151,52.241207],[4.545141,52.242635],[4.542309,52.243747],[4.540696,52.244643],[4.54056,52.244858],[4.540268,52.244829],[4.539806,52.243711],[4.538905,52.242563],[4.537938,52.241055],[4.53399,52.236209],[4.531379,52.233413],[4.528307,52.231018],[4.527931,52.230817],[4.528006,52.230683],[4.528285,52.230649],[4.529009,52.230304],[4.529991,52.229493],[4.530294,52.228929],[4.530292,52.228318],[4.52977,52.228035],[4.527926,52.22653],[4.527482,52.226005],[4.523502,52.222902],[4.522673,52.222645],[4.52203,52.222595],[4.521561,52.222654],[4.521016,52.222812],[4.519151,52.223886],[4.518769,52.223955],[4.518565,52.223909],[4.514679,52.221291],[4.509117,52.218383],[4.515109,52.215048],[4.515774,52.215439],[4.51626,52.215308],[4.516696,52.215455],[4.516575,52.215652],[4.515774,52.215439],[4.514631,52.214802],[4.511796,52.213855],[4.510369,52.213485],[4.507786,52.212414],[4.508233,52.212022],[4.509626,52.211088],[4.510987,52.210361],[4.511506,52.209979],[4.511615,52.209692],[4.511366,52.20818],[4.511018,52.207279],[4.510419,52.206483],[4.506409,52.202894],[4.505663,52.202115],[4.505412,52.201511],[4.50521,52.199164],[4.504928,52.198631],[4.503729,52.197858],[4.503269,52.197459],[4.50221,52.196238],[4.501448,52.195603],[4.500479,52.19503],[4.498448,52.194187],[4.496143,52.192426],[4.493468,52.190168],[4.49041,52.188077],[4.489015,52.186907],[4.484764,52.18381],[4.484517,52.183736],[4.484477,52.183502],[4.483821,52.182706],[4.482772,52.181772],[4.4804,52.180505],[4.480008,52.180394],[4.479922,52.180285],[4.47885,52.179783],[4.476204,52.177614],[4.474067,52.176321],[4.471518,52.174414],[4.474811,52.172804],[4.477298,52.172032],[4.478878,52.171244],[4.479264,52.170977],[4.479369,52.170834],[4.479301,52.170564],[4.479566,52.170476],[4.480266,52.169861],[4.482195,52.167728],[4.479847,52.165993],[4.479749,52.165795],[4.480225,52.165412],[4.481317,52.164872],[4.481746,52.165325]]},"properties":{"line_id":"QBUZZ:z050","line_ref":"50","line_name":"Lisse - Warmond - Leiden","agency_id":"QBUZZ","variant_id":"QBUZZ:z050|1578415"}},{"type":"Feature","geometry":{"type":"LineString","coordinates":[[4.48769,52.230122],[4.485192,52.228422],[4.484801,52.228213],[4.484378,52.228137],[4.483583,52.227637],[4.484159,52.225952],[4.484947,52.225346],[4.485056,52.225006],[4.485975,52.224428],[4.48611,52.224286],[4.486098,52.224133],[4.486628,52.223993],[4.487623,52.2233],[4.487916,52.223275],[4.488626,52.22364],[4.488976,52.223678],[4.490074,52.22295],[4.490195,52.222762],[4.490298,52.221999],[4.491887,52.220869],[4.49254,52.218933],[4.491419,52.217207],[4.491352,52.216874],[4.491919,52.216321],[4.491834,52.216222],[4.491909,52.216114],[4.492216,52.216108],[4.493243,52.215262],[4.493633,52.214051],[4.493844,52.213756],[4.495023,52.212606],[4.496699,52.21145],[4.496778,52.211163],[4.494829,52.209872],[4.494586,52.209582],[4.49409,52.209525],[4.492307,52.208684],[4.49129,52.207616],[4.490164,52.206852],[4.485832,52.204725],[4.485527,52.204633],[4.485204,52.204675],[4.484107,52.205386],[4.483768,52.205509],[4.483301,52.205479],[4.482329,52.205049],[4.482052,52.205038],[4.481965,52.204956],[4.482027,52.204822],[4.482305,52.204797],[4.482794,52.204495],[4.484193,52.203319],[4.484153,52.203121],[4.484272,52.203023],[4.484507,52.202989],[4.484958,52.202372],[4.485068,52.202005],[4.484747,52.201957],[4.484468,52.202036],[4.484045,52.202698],[4.483544,52.202874],[4.483076,52.202879],[4.482276,52.202639],[4.476789,52.200548],[4.475195,52.199799],[4.474573,52.199452],[4.473712,52.198664],[4.472631,52.197873],[4.472507,52.197486],[4.472719,52.197119],[4.476597,52.195639],[4.477025,52.194716],[4.477014,52.194545],[4.476144,52.193451],[4.475077,52.192724],[4.474799,52.192704],[4.474758,52.192542],[4.475023,52.192472],[4.475139,52.192518],[4.475672,52.192234],[4.477172,52.191796],[4.479029,52.19182],[4.482433,52.190551],[4.483161,52.190719],[4.483416,52.190415],[4.483867,52.190526],[4.483597,52.190866],[4.482417,52.190641],[4.479043,52.191883],[4.477172,52.191796],[4.475672,52.192234],[4.475139,52.192518],[4.475121,52.192715],[4.474857,52.192731],[4.474358,52.192107],[4.471499,52.187456],[4.471556,52.186108],[4.471574,52.185946],[4.474995,52.186],[4.476796,52.185879],[4.47983,52.185552],[4.480799,52.185344],[4.481859,52.185001],[4.48304,52.184462],[4.48434,52.183789],[4.484638,52.183521],[4.484929,52.183586],[4.484867,52.183775],[4.484457,52.183808],[4.484,52.183957],[4.484488,52.183691],[4.484579,52.183548],[4.484857,52.18355],[4.485373,52.183338],[4.490561,52.180573],[4.489977,52.179068],[4.489156,52.177713],[4.488798,52.177351],[4.488667,52.177323],[4.488017,52.177678],[4.48708,52.177725],[4.486156,52.177142],[4.486559,52.176705],[4.486653,52.175672],[4.487261,52.173825],[4.487596,52.173162],[4.488166,52.172439],[4.487616,52.172156],[4.48379,52.174823],[4.483393,52.174964],[4.483188,52.174953],[4.481488,52.174446],[4.481127,52.174227],[4.479516,52.171483],[4.479346,52.171239],[4.479086,52.171084],[4.479369,52.170834],[4.479301,52.170564],[4.479566,52.170476],[4.480266,52.169861],[4.482195,52.167728],[4.479847,52.165993],[4.479749,52.165795],[4.480225,52.165412],[4.481317,52.164872],[4.481447,52.164972],[4.482348,52.165212],[4.482779,52.165575],[4.48297,52.165523],[4.483243,52.165759],[4.483419,52.16576],[4.483582,52.165635],[4.483943,52.165117],[4.48413,52.164552],[4.484752,52.161959],[4.484857,52.161852],[4.485561,52.161705],[4.4853,52.160912],[4.484985,52.160595],[4.484817,52.160216],[4.487117,52.159946],[4.488087,52.159666],[4.488958,52.159232],[4.491675,52.157122],[4.493139,52.156288],[4.493558,52.155033],[4.494657,52.154889],[4.494514,52.154007],[4.493758,52.153803],[4.493797,52.153309],[4.494403,52.151498],[4.494308,52.150437],[4.493741,52.14957],[4.489068,52.150136],[4.488425,52.150158],[4.487769,52.149344],[4.487194,52.1489],[4.485966,52.148189],[4.485589,52.148051],[4.481207,52.147973],[4.481016,52.148025],[4.480711,52.147933],[4.4774,52.147665],[4.477093,52.14769],[4.468071,52.146595],[4.464716,52.146335],[4.461207,52.145723],[4.45919,52.145806],[4.457642,52.146432],[4.456977,52.146805],[4.456685,52.146802],[4.455713,52.147172],[4.45548,52.147152],[4.455369,52.146873]]},"properties":{"line_id":"QBUZZ:z054","line_ref":"54","line_name":"Voorhout - Leiden - De Vink","agency_id":"QBUZZ","variant_id":"QBUZZ:z054|1578417"}},{"type":"Feature","geometry":{"type":"LineString","coordinates":[[4.455369,52.146873],[4.455255,52.146728],[4.455079,52.146754],[4.455063,52.146834],[4.455507,52.147251],[4.456773,52.146785],[4.456819,52.146677],[4.457259,52.146609],[4.45919,52.145806],[4.46042,52.145663],[4.46096,52.145685],[4.462797,52.145862],[4.463685,52.146021],[4.464716,52.146335],[4.468071,52.146595],[4.473434,52.147257],[4.47472,52.147267],[4.476264,52.147494],[4.480785,52.14788],[4.481122,52.147828],[4.481355,52.147893],[4.485589,52.148051],[4.485966,52.148189],[4.487194,52.1489],[4.487769,52.149344],[4.488325,52.15005],[4.488484,52.150114],[4.493992,52.149437],[4.494347,52.149943],[4.494595,52.150682],[4.494596,52.151392],[4.493836,52.153588],[4.493877,52.153687],[4.494645,52.154017],[4.494759,52.154889],[4.493968,52.154982],[4.493674,52.155097],[4.493349,52.155993],[4.493139,52.156288],[4.491675,52.157122],[4.488958,52.159232],[4.488087,52.159666],[4.487117,52.159946],[4.484992,52.160208],[4.485939,52.162534],[4.486132,52.163857],[4.485707,52.163899],[4.484691,52.163577],[4.484398,52.163574],[4.483943,52.165117],[4.483419,52.16576],[4.483243,52.165759],[4.48297,52.165523],[4.482897,52.165549],[4.481717,52.164623],[4.481317,52.164872],[4.481447,52.164972],[4.48213,52.165157],[4.482501,52.165573],[4.482897,52.165549],[4.481717,52.164623],[4.479988,52.165554],[4.479896,52.165742],[4.480023,52.165968],[4.482326,52.167738],[4.479608,52.170557],[4.47965,52.170648],[4.479425,52.170934],[4.482829,52.172479],[4.48173,52.173333],[4.480702,52.173586],[4.480927,52.173992],[4.481488,52.174446],[4.483393,52.174964],[4.48379,52.174823],[4.487616,52.172156],[4.488297,52.172476],[4.487818,52.173038],[4.48739,52.17397],[4.486906,52.175449],[4.486718,52.176796],[4.486228,52.177188],[4.48708,52.177725],[4.488017,52.177678],[4.488667,52.177323],[4.488798,52.177351],[4.489156,52.177713],[4.489977,52.179068],[4.490561,52.180573],[4.485373,52.183338],[4.484943,52.183614],[4.484867,52.183775],[4.484457,52.183808],[4.484,52.183957],[4.481859,52.185001],[4.480799,52.185344],[4.47983,52.185552],[4.476796,52.185879],[4.474995,52.186],[4.471574,52.185946],[4.471556,52.186108],[4.471499,52.187456],[4.474358,52.192107],[4.474847,52.192488],[4.475139,52.192518],[4.475672,52.192234],[4.477172,52.191796],[4.479029,52.19182],[4.482433,52.190551],[4.483161,52.190719],[4.483416,52.190415],[4.483867,52.190526],[4.483597,52.190866],[4.482417,52.190641],[4.479043,52.191883],[4.477172,52.191796],[4.475672,52.192234],[4.475139,52.192518],[4.47515,52.192688],[4.475452,52.192969],[4.476302,52.193587],[4.477014,52.194545],[4.476884,52.195165],[4.476656,52.195576],[4.476434,52.195718],[4.47291,52.197075],[4.472608,52.197549],[4.472732,52.197919],[4.473712,52.198664],[4.474429,52.199343],[4.475195,52.199799],[4.476789,52.200548],[4.482508,52.202713],[4.483076,52.202879],[4.48375,52.202822],[4.484045,52.202698],[4.484239,52.202502],[4.484469,52.201964],[4.484749,52.201885],[4.485231,52.201898],[4.484999,52.202552],[4.484594,52.203035],[4.484619,52.203233],[4.484236,52.203383],[4.483698,52.203918],[4.482407,52.204843],[4.482418,52.204987],[4.483141,52.205423],[4.483768,52.205509],[4.484107,52.205386],[4.485204,52.204675],[4.485527,52.204633],[4.48676,52.205155],[4.490164,52.206852],[4.49129,52.207616],[4.49212,52.208539],[4.492828,52.208976],[4.491036,52.210059],[4.492769,52.211177],[4.494008,52.212158],[4.495023,52.212606],[4.493724,52.213908],[4.493243,52.215262],[4.492216,52.216108],[4.492227,52.216315],[4.491919,52.216321],[4.491801,52.216392],[4.491352,52.216874],[4.491419,52.217207],[4.49254,52.218933],[4.491887,52.220869],[4.490298,52.221999],[4.490149,52.222851],[4.488974,52.223777],[4.488711,52.223757],[4.488075,52.223366],[4.487783,52.223319],[4.487607,52.223371],[4.486628,52.223993],[4.486475,52.224306],[4.485975,52.224428],[4.485056,52.225006],[4.484887,52.225418],[4.484159,52.225952],[4.483586,52.227493],[4.483669,52.227737],[4.484378,52.228137],[4.484801,52.228213],[4.485177,52.228413],[4.487849,52.230222]]},"properties":{"line_id":"QBUZZ:z054","line_ref":"54","line_name":"Voorhout - Leiden - De Vink","agency_id":"QBUZZ","variant_id":"QBUZZ:z054|1578418"}},{"type":"Feature","geometry":{"type":"LineString","coordinates":[[4.482459,52.165528],[4.482897,52.165549],[4.481717,52.164623],[4.479988,52.165554],[4.479896,52.165742],[4.480023,52.165968],[4.482326,52.167738],[4.479608,52.170557],[4.47965,52.170648],[4.479425,52.170934],[4.482829,52.172479],[4.48173,52.173333],[4.480702,52.173586],[4.4808,52.173775],[4.481127,52.174227],[4.481488,52.174446],[4.483393,52.174964],[4.48379,52.174823],[4.487616,52.172156],[4.488297,52.172476],[4.487818,52.173038],[4.48739,52.17397],[4.486906,52.175449],[4.486718,52.176796],[4.486228,52.177188],[4.48708,52.177725],[4.488017,52.177678],[4.488667,52.177323],[4.488798,52.177351],[4.489156,52.177713],[4.489977,52.179068],[4.490561,52.180573],[4.485373,52.183338],[4.484943,52.183614],[4.484867,52.183775],[4.484457,52.183808],[4.484,52.183957],[4.481859,52.185001],[4.480799,52.185344],[4.47983,52.185552],[4.475683,52.185969],[4.471574,52.185946],[4.471499,52.187456],[4.474358,52.192107],[4.474847,52.192488],[4.475139,52.192518],[4.475672,52.192234],[4.477172,52.191796],[4.479029,52.19182],[4.482433,52.190551],[4.483161,52.190719],[4.483416,52.190415],[4.483867,52.190526],[4.483597,52.190866],[4.482417,52.190641],[4.479043,52.191883],[4.477172,52.191796],[4.475672,52.192234],[4.475317,52.192402],[4.475139,52.192518],[4.47515,52.192688],[4.476302,52.193587],[4.477014,52.194545],[4.476777,52.195398],[4.476434,52.195718],[4.472999,52.197022],[4.472655,52.197406],[4.472647,52.197783],[4.474429,52.199343],[4.475195,52.199799],[4.476789,52.200548],[4.482276,52.202639],[4.483076,52.202879],[4.483544,52.202874],[4.483867,52.202786],[4.484179,52.202573],[4.484469,52.201964],[4.484749,52.201885],[4.485231,52.201898],[4.484999,52.202552],[4.484594,52.203035],[4.484619,52.203233],[4.484236,52.203383],[4.483698,52.203918],[4.482407,52.204843],[4.482418,52.204987],[4.483141,52.205423],[4.483768,52.205509],[4.484107,52.205386],[4.485204,52.204675],[4.485527,52.204633],[4.48676,52.205155],[4.490164,52.206852],[4.49129,52.207616],[4.49212,52.208539],[4.492828,52.208976],[4.491036,52.210059],[4.492769,52.211177],[4.494008,52.212158],[4.495023,52.212606],[4.493724,52.213908],[4.493243,52.215262],[4.492216,52.216108],[4.492227,52.216315],[4.491919,52.216321],[4.491801,52.216392],[4.491352,52.216874],[4.491419,52.217207],[4.49254,52.218933],[4.491887,52.220869],[4.490298,52.221999],[4.490149,52.222851],[4.488974,52.223777],[4.488711,52.223757],[4.488075,52.223366],[4.487783,52.223319],[4.487607,52.223371],[4.486628,52.223993],[4.486475,52.224306],[4.485975,52.224428],[4.485056,52.225006],[4.484887,52.225418],[4.484159,52.225952],[4.483586,52.227493],[4.483669,52.227737],[4.484378,52.228137],[4.484801,52.228213],[4.485177,52.228413],[4.487849,52.230222]]},"properties":{"line_id":"QBUZZ:z054","line_ref":"54","line_name":"Voorhout - Leiden - De Vink","agency_id":"QBUZZ","variant_id":"QBUZZ:z054|1578419"}},{"type":"Feature","geometry":{"type":"LineString","coordinates":[[4.482459,52.165528],[4.482897,52.165549],[4.481717,52.164623],[4.479988,52.165554],[4.479896,52.165742],[4.480023,52.165968],[4.482326,52.167738],[4.479608,52.170557],[4.47965,52.170648],[4.479425,52.170934],[4.482829,52.172479],[4.48173,52.173333],[4.480702,52.173586],[4.4808,52.173775],[4.481127,52.174227],[4.481488,52.174446],[4.483393,52.174964],[4.48379,52.174823],[4.487616,52.172156],[4.488297,52.172476],[4.487818,52.173038],[4.48739,52.17397],[4.486906,52.175449],[4.486718,52.176796],[4.486228,52.177188],[4.48708,52.177725],[4.488017,52.177678],[4.488667,52.177323],[4.488798,52.177351],[4.489156,52.177713],[4.489977,52.179068],[4.490561,52.180573],[4.485373,52.183338],[4.484943,52.183614],[4.484867,52.183775],[4.484457,52.183808],[4.484,52.183957],[4.481859,52.185001],[4.480799,52.185344],[4.47983,52.185552],[4.475683,52.185969],[4.471574,52.185946],[4.471499,52.187456],[4.474358,52.192107],[4.474847,52.192488],[4.475139,52.192518],[4.475672,52.192234],[4.477172,52.191796],[4.479029,52.19182],[4.482433,52.190551],[4.483161,52.190719],[4.483416,52.190415],[4.483867,52.190526],[4.483612,52.190848]]},"properties":{"line_id":"QBUZZ:z054","line_ref":"54","line_name":"Voorhout - Leiden - De Vink","agency_id":"QBUZZ","variant_id":"QBUZZ:z054|1578420"}},{"type":"Feature","geometry":{"type":"LineString","coordinates":[[4.48769,52.230122],[4.485192,52.228422],[4.484801,52.228213],[4.484378,52.228137],[4.483583,52.227637],[4.484159,52.225952],[4.484947,52.225346],[4.485056,52.225006],[4.485975,52.224428],[4.48611,52.224286],[4.486098,52.224133],[4.486628,52.223993],[4.487623,52.2233],[4.487916,52.223275],[4.488626,52.22364],[4.488976,52.223678],[4.490074,52.22295],[4.490195,52.222762],[4.490298,52.221999],[4.491887,52.220869],[4.49254,52.218933],[4.491419,52.217207],[4.491352,52.216874],[4.491919,52.216321],[4.491834,52.216222],[4.491909,52.216114],[4.492216,52.216108],[4.493243,52.215262],[4.493633,52.214051],[4.493844,52.213756],[4.495023,52.212606],[4.496699,52.21145],[4.496778,52.211163],[4.494829,52.209872],[4.494586,52.209582],[4.49409,52.209525],[4.492307,52.208684],[4.49129,52.207616],[4.490164,52.206852],[4.485832,52.204725],[4.485527,52.204633],[4.485204,52.204675],[4.484107,52.205386],[4.483768,52.205509],[4.483301,52.205479],[4.482329,52.205049],[4.482052,52.205038],[4.481965,52.204956],[4.482027,52.204822],[4.482305,52.204797],[4.482794,52.204495],[4.484193,52.203319],[4.484153,52.203121],[4.484272,52.203023],[4.484507,52.202989],[4.484958,52.202372],[4.485068,52.202005],[4.484747,52.201957],[4.484468,52.202036],[4.484045,52.202698],[4.483544,52.202874],[4.483076,52.202879],[4.482276,52.202639],[4.476789,52.200548],[4.475195,52.199799],[4.474573,52.199452],[4.473712,52.198664],[4.472631,52.197873],[4.472507,52.197486],[4.472719,52.197119],[4.476597,52.195639],[4.477025,52.194716],[4.477014,52.194545],[4.476144,52.193451],[4.475077,52.192724],[4.474799,52.192704],[4.474758,52.192542],[4.475023,52.192472],[4.475139,52.192518],[4.475672,52.192234],[4.477172,52.191796],[4.479029,52.19182],[4.482433,52.190551],[4.483161,52.190719],[4.483416,52.190415],[4.483867,52.190526],[4.483597,52.190866],[4.482417,52.190641],[4.479043,52.191883],[4.477172,52.191796],[4.475672,52.192234],[4.475139,52.192518],[4.475121,52.192715],[4.474857,52.192731],[4.474358,52.192107],[4.471499,52.187456],[4.471574,52.185946],[4.475683,52.185969],[4.47983,52.185552],[4.480799,52.185344],[4.481859,52.185001],[4.48304,52.184462],[4.48434,52.183789],[4.484638,52.183521],[4.484929,52.183586],[4.484867,52.183775],[4.484457,52.183808],[4.484,52.183957],[4.484488,52.183691],[4.484579,52.183548],[4.484857,52.18355],[4.485373,52.183338],[4.490561,52.180573],[4.489977,52.179068],[4.489156,52.177713],[4.488798,52.177351],[4.488667,52.177323],[4.488017,52.177678],[4.48708,52.177725],[4.486156,52.177142],[4.486559,52.176705],[4.486653,52.175672],[4.487261,52.173825],[4.487596,52.173162],[4.488166,52.172439],[4.487616,52.172156],[4.48379,52.174823],[4.483393,52.174964],[4.483188,52.174953],[4.481488,52.174446],[4.481127,52.174227],[4.479516,52.171483],[4.479346,52.171239],[4.479086,52.171084],[4.479369,52.170834],[4.479301,52.170564],[4.479566,52.170476],[4.480266,52.169861],[4.482195,52.167728],[4.479847,52.165993],[4.479749,52.165795],[4.480225,52.165412],[4.481317,52.164872],[4.481447,52.164972],[4.482348,52.165212],[4.482722,52.16553]]},"properties":{"line_id":"QBUZZ:z054","line_ref":"54","line_name":"Voorhout - Leiden - De Vink","agency_id":"QBUZZ","variant_id":"QBUZZ:z054|1578421"}},{"type":"Feature","geometry":{"type":"LineString","coordinates":[[4.483612,52.190848],[4.483451,52.190874],[4.482417,52.190641],[4.479043,52.191883],[4.477172,52.191796],[4.475672,52.192234],[4.475139,52.192518],[4.475121,52.192715],[4.474857,52.192731],[4.474358,52.192107],[4.471499,52.187456],[4.471574,52.185946],[4.475683,52.185969],[4.47983,52.185552],[4.480799,52.185344],[4.481859,52.185001],[4.48304,52.184462],[4.48434,52.183789],[4.484638,52.183521],[4.484929,52.183586],[4.484867,52.183775],[4.484457,52.183808],[4.484,52.183957],[4.484488,52.183691],[4.484579,52.183548],[4.484857,52.18355],[4.485373,52.183338],[4.490561,52.180573],[4.489977,52.179068],[4.489156,52.177713],[4.488798,52.177351],[4.488667,52.177323],[4.488017,52.177678],[4.48708,52.177725],[4.486156,52.177142],[4.486559,52.176705],[4.486653,52.175672],[4.487261,52.173825],[4.487596,52.173162],[4.488166,52.172439],[4.487616,52.172156],[4.48379,52.174823],[4.483393,52.174964],[4.483188,52.174953],[4.481488,52.174446],[4.481127,52.174227],[4.479516,52.171483],[4.479346,52.171239],[4.479086,52.171084],[4.479369,52.170834],[4.479301,52.170564],[4.479566,52.170476],[4.480266,52.169861],[4.482195,52.167728],[4.479847,52.165993],[4.479749,52.165795],[4.480225,52.165412],[4.481317,52.164872],[4.481447,52.164972],[4.482348,52.165212],[4.482779,52.165575],[4.48297,52.165523],[4.483243,52.165759],[4.483419,52.16576],[4.483582,52.165635],[4.483943,52.165117],[4.48413,52.164552],[4.484752,52.161959],[4.484857,52.161852],[4.485561,52.161705],[4.4853,52.160912],[4.484985,52.160595],[4.484817,52.160216],[4.487117,52.159946],[4.488087,52.159666],[4.488958,52.159232],[4.491675,52.157122],[4.493139,52.156288],[4.493558,52.155033],[4.494657,52.154889],[4.494514,52.154007],[4.493758,52.153803],[4.493797,52.153309],[4.494403,52.151498],[4.494417,52.150842],[4.494196,52.150193],[4.493741,52.14957],[4.488497,52.150177],[4.488338,52.150095],[4.487769,52.149344],[4.487194,52.1489],[4.485966,52.148189],[4.485589,52.148051],[4.481207,52.147973],[4.481016,52.148025],[4.480711,52.147933],[4.4774,52.147665],[4.477093,52.14769],[4.468071,52.146595],[4.464716,52.146335],[4.461207,52.145723],[4.45919,52.145806],[4.457642,52.146432],[4.456977,52.146805],[4.456685,52.146802],[4.455713,52.147172],[4.45548,52.147152],[4.455369,52.146873]]},"properties":{"line_id":"QBUZZ:z054","line_ref":"54","line_name":"Voorhout - Leiden - De Vink","agency_id":"QBUZZ","variant_id":"QBUZZ:z054|1578422"}},{"type":"Feature","geometry":{"type":"LineString","coordinates":[[4.482722,52.16553],[4.482779,52.165575],[4.48297,52.165523],[4.483316,52.165768],[4.483478,52.165724],[4.483687,52.165501],[4.483943,52.165117],[4.48413,52.164552],[4.484752,52.161959],[4.484857,52.161852],[4.485561,52.161705],[4.4853,52.160912],[4.484985,52.160595],[4.484817,52.160216],[4.487117,52.159946],[4.488087,52.159666],[4.488958,52.159232],[4.491675,52.157122],[4.493139,52.156288],[4.493558,52.155033],[4.494657,52.154889],[4.494514,52.154007],[4.493758,52.153803],[4.493797,52.153309],[4.494403,52.151498],[4.494417,52.150842],[4.494196,52.150193],[4.493741,52.14957],[4.488497,52.150177],[4.488338,52.150095],[4.487769,52.149344],[4.487194,52.1489],[4.485966,52.148189],[4.485589,52.148051],[4.481207,52.147973],[4.481016,52.148025],[4.480711,52.147933],[4.4774,52.147665],[4.477093,52.14769],[4.468071,52.146595],[4.464716,52.146335],[4.461207,52.145723],[4.45919,52.145806],[4.457642,52.146432],[4.456977,52.146805],[4.456685,52.146802],[4.455713,52.147172],[4.45548,52.147152],[4.455369,52.146873]]},"properties":{"line_id":"QBUZZ:z054","line_ref":"54","line_name":"Voorhout - Leiden - De Vink","agency_id":"QBUZZ","variant_id":"QBUZZ:z054|1578423"}},{"type":"Feature","geometry":{"type":"LineString","coordinates":[[4.482459,52.165528],[4.482897,52.165549],[4.481717,52.164623],[4.479928,52.165625],[4.479909,52.16585],[4.480023,52.165968],[4.482326,52.167738],[4.479502,52.170745],[4.478269,52.170304],[4.474408,52.169663],[4.472367,52.169396],[4.468346,52.169446],[4.468197,52.169579],[4.467936,52.169451],[4.467439,52.169466],[4.459678,52.170133],[4.456629,52.170495],[4.456818,52.171279],[4.457404,52.171922],[4.46283,52.174634],[4.463217,52.174969],[4.463323,52.17551],[4.463026,52.177161],[4.463094,52.177404],[4.463584,52.178442],[4.464627,52.179627],[4.46502,52.179711],[4.464928,52.179899],[4.465435,52.180838],[4.465949,52.182173],[4.466104,52.184574],[4.466008,52.18638],[4.466287,52.187029],[4.467141,52.188186],[4.467327,52.190498],[4.467558,52.190616],[4.467968,52.190619],[4.472504,52.190529],[4.473296,52.190409],[4.474358,52.192107],[4.474847,52.192488],[4.475139,52.192518],[4.47515,52.192688],[4.475452,52.192969]]},"properties":{"line_id":"QBUZZ:z056","line_ref":"56","line_name":"Sassenheim - Leiden- Roelofarendsveen","agency_id":"QBUZZ","variant_id":"QBUZZ:z056|1578424"}},{"type":"Feature","geometry":{"type":"LineString","coordinates":[[4.629799,52.203993],[4.622671,52.203326],[4.622567,52.203434],[4.622377,52.203459],[4.622204,52.203287],[4.61851,52.202886],[4.617976,52.202478],[4.617647,52.201146],[4.617392,52.200695],[4.617102,52.200558],[4.617135,52.200342],[4.616795,52.199702],[4.616377,52.199313],[4.615839,52.199147],[4.614916,52.199213],[4.6124,52.200078],[4.612295,52.200239],[4.612089,52.200273],[4.611857,52.200164],[4.611861,52.199921],[4.6113,52.199414],[4.610748,52.199168],[4.610697,52.198772],[4.610217,52.198562],[4.583496,52.195984],[4.583398,52.195758],[4.583939,52.194126],[4.584089,52.193102],[4.581241,52.192885],[4.567635,52.191533],[4.561807,52.191124],[4.559238,52.190854],[4.558378,52.190705],[4.553592,52.189314],[4.550011,52.189198],[4.547369,52.188964],[4.54686,52.188816],[4.546108,52.188344],[4.544048,52.187475],[4.543774,52.187239],[4.543193,52.186292],[4.542194,52.185008],[4.541733,52.184609],[4.539464,52.18169],[4.538676,52.180839],[4.538609,52.179742],[4.538796,52.176831],[4.539097,52.175593],[4.538998,52.175422],[4.539278,52.17528],[4.542166,52.171786],[4.544421,52.169303],[4.54979,52.163625],[4.550354,52.163126],[4.550857,52.162824],[4.550831,52.162662],[4.548838,52.161353],[4.548562,52.161288],[4.548626,52.160965],[4.548414,52.160604],[4.547327,52.160111],[4.542766,52.158622],[4.542039,52.158419],[4.541805,52.158445],[4.541575,52.158263],[4.540907,52.158007],[4.538307,52.157161],[4.536357,52.156743],[4.534148,52.159945],[4.532824,52.161166],[4.520489,52.169382],[4.519759,52.170131],[4.518448,52.169879],[4.512061,52.169086],[4.508321,52.168195],[4.506267,52.167865],[4.506487,52.167067],[4.506546,52.164829],[4.506516,52.163409],[4.50646,52.163265],[4.506199,52.163164],[4.506039,52.163127],[4.505641,52.163312],[4.502527,52.163352],[4.500766,52.163671],[4.500539,52.162618],[4.499998,52.162614],[4.49799,52.162904],[4.497562,52.161643],[4.497036,52.160902],[4.496997,52.159913],[4.496697,52.159587],[4.495479,52.157636],[4.494809,52.156049],[4.494657,52.154889],[4.493968,52.154982],[4.493674,52.155097],[4.493349,52.155993],[4.493139,52.156288],[4.491675,52.157122],[4.488958,52.159232],[4.488087,52.159666],[4.487117,52.159946],[4.484992,52.160208],[4.485939,52.162534],[4.485959,52.163002],[4.486192,52.163795],[4.485853,52.163918],[4.484691,52.163577],[4.484398,52.163574],[4.483943,52.165117],[4.483419,52.16576],[4.483243,52.165759],[4.48297,52.165523],[4.482779,52.165575],[4.482348,52.165212],[4.48213,52.165157],[4.482501,52.165573],[4.482897,52.165549],[4.481717,52.164623],[4.479988,52.165554],[4.479896,52.165742],[4.480023,52.165968],[4.482326,52.167738],[4.479608,52.170557],[4.479576,52.170728],[4.479356,52.170735],[4.478269,52.170304],[4.474408,52.169663],[4.472367,52.169396],[4.468346,52.169446],[4.468197,52.169579],[4.467936,52.169451],[4.467439,52.169466],[4.459678,52.170133],[4.456629,52.170495],[4.456818,52.171279],[4.457404,52.171922],[4.46283,52.174634],[4.463217,52.174969],[4.463323,52.17551],[4.463026,52.177161],[4.463094,52.177404],[4.463584,52.178442],[4.464627,52.179627],[4.46502,52.179711],[4.464928,52.179899],[4.465435,52.180838],[4.465949,52.182173],[4.466104,52.184574],[4.466008,52.18638],[4.466287,52.187029],[4.467141,52.188186],[4.467327,52.190498],[4.467558,52.190616],[4.467968,52.190619],[4.472504,52.190529],[4.473296,52.190409],[4.474358,52.192107],[4.474847,52.192488],[4.475139,52.192518],[4.47515,52.192688],[4.475452,52.192969]]},"properties":{"line_id":"QBUZZ:z056","line_ref":"56","line_name":"Sassenheim - Leiden- Roelofarendsveen","agency_id":"QBUZZ","variant_id":"QBUZZ:z056|1578425"}},{"type":"Feature","geometry":{"type":"LineString","coordinates":[[4.629799,52.203993],[4.622671,52.203326],[4.622567,52.203434],[4.622377,52.203459],[4.622204,52.203287],[4.61851,52.202886],[4.617976,52.202478],[4.617647,52.201146],[4.617392,52.200695],[4.617102,52.200558],[4.617135,52.200342],[4.616795,52.199702],[4.616377,52.199313],[4.615839,52.199147],[4.614916,52.199213],[4.6124,52.200078],[4.612295,52.200239],[4.612089,52.200273],[4.611857,52.200164],[4.611861,52.199921],[4.6113,52.199414],[4.610748,52.199168],[4.610697,52.198772],[4.610217,52.198562],[4.583496,52.195984],[4.583398,52.195758],[4.583939,52.194126],[4.584089,52.193102],[4.581241,52.192885],[4.567635,52.191533],[4.561807,52.191124],[4.559238,52.190854],[4.558378,52.190705],[4.553592,52.189314],[4.550011,52.189198],[4.547369,52.188964],[4.54686,52.188816],[4.546108,52.188344],[4.544048,52.187475],[4.543774,52.187239],[4.543193,52.186292],[4.542194,52.185008],[4.541733,52.184609],[4.539464,52.18169],[4.538676,52.180839],[4.538609,52.179742],[4.538796,52.176831],[4.539097,52.175593],[4.538998,52.175422],[4.539278,52.17528],[4.542166,52.171786],[4.544421,52.169303],[4.54979,52.163625],[4.550354,52.163126],[4.550857,52.162824],[4.550831,52.162662],[4.548838,52.161353],[4.548562,52.161288],[4.548626,52.160965],[4.548414,52.160604],[4.547661,52.160248],[4.542766,52.158622],[4.542039,52.158419],[4.541805,52.158445],[4.541575,52.158263],[4.540907,52.158007],[4.537886,52.157041],[4.536357,52.156743],[4.534148,52.159945],[4.532824,52.161166],[4.520489,52.169382],[4.519759,52.170131],[4.518448,52.169879],[4.512061,52.169086],[4.508321,52.168195],[4.506267,52.167865],[4.506487,52.167067],[4.506546,52.164829],[4.506516,52.163409],[4.50646,52.163265],[4.506199,52.163164],[4.506039,52.163127],[4.505641,52.163312],[4.502527,52.163352],[4.500766,52.163671],[4.500539,52.162618],[4.499998,52.162614],[4.49799,52.162904],[4.497562,52.161643],[4.497036,52.160902],[4.496997,52.159913],[4.496697,52.159587],[4.495479,52.157636],[4.494809,52.156049],[4.494657,52.154889],[4.493968,52.154982],[4.493674,52.155097],[4.493349,52.155993],[4.493139,52.156288],[4.491675,52.157122],[4.488958,52.159232],[4.488087,52.159666],[4.487117,52.159946],[4.484992,52.160208],[4.485939,52.162534],[4.485959,52.163002],[4.486192,52.163795],[4.485853,52.163918],[4.484691,52.163577],[4.484398,52.163574],[4.483943,52.165117],[4.483582,52.165635],[4.483419,52.16576],[4.483243,52.165759],[4.48297,52.165523],[4.482779,52.165575],[4.482348,52.165212],[4.48213,52.165157],[4.482459,52.165528]]},"properties":{"line_id":"QBUZZ:z056","line_ref":"56","line_name":"Sassenheim - Leiden- Roelofarendsveen","agency_id":"QBUZZ","variant_id":"QBUZZ:z056|1578426"}},{"type":"Feature","geometry":{"type":"LineString","coordinates":[[4.629799,52.203993],[4.622671,52.203326],[4.622567,52.203434],[4.622377,52.203459],[4.622204,52.203287],[4.61851,52.202886],[4.617976,52.202478],[4.617647,52.201146],[4.617392,52.200695],[4.617102,52.200558],[4.617135,52.200342],[4.616795,52.199702],[4.616377,52.199313],[4.615839,52.199147],[4.614916,52.199213],[4.6124,52.200078],[4.612295,52.200239],[4.612089,52.200273],[4.611857,52.200164],[4.611861,52.199921],[4.6113,52.199414],[4.610748,52.199168],[4.610697,52.198772],[4.610217,52.198562],[4.583496,52.195984],[4.583398,52.195758],[4.583939,52.194126],[4.584089,52.193102],[4.581241,52.192885],[4.567635,52.191533],[4.561807,52.191124],[4.559325,52.190864],[4.558378,52.190705],[4.553592,52.189314],[4.550011,52.189198],[4.547048,52.18889],[4.546108,52.188344],[4.543875,52.187357],[4.543193,52.186292],[4.542194,52.185008],[4.541419,52.18423],[4.539464,52.18169],[4.538746,52.180993],[4.538609,52.179742],[4.538796,52.176831],[4.539097,52.175593],[4.539013,52.175386],[4.539278,52.17528],[4.542166,52.171786],[4.544421,52.169303],[4.54979,52.163625],[4.550354,52.163126],[4.550857,52.162824],[4.550687,52.162517],[4.548838,52.161353],[4.548562,52.161288],[4.548626,52.160965],[4.548414,52.160604],[4.546558,52.159845],[4.542766,52.158622],[4.542039,52.158419],[4.541805,52.158445],[4.541575,52.158263],[4.540907,52.158007],[4.538903,52.157345],[4.537886,52.157041],[4.536357,52.156743],[4.534148,52.159945],[4.532824,52.161166],[4.520489,52.169382],[4.519759,52.170131],[4.518448,52.169879],[4.512061,52.169086],[4.508321,52.168195],[4.506267,52.167865],[4.506487,52.167067],[4.506546,52.164829],[4.506516,52.163409],[4.50646,52.163265],[4.506199,52.163164],[4.506039,52.163127],[4.505641,52.163312],[4.502527,52.163352],[4.500766,52.163671],[4.500539,52.162618],[4.499998,52.162614],[4.49799,52.162904],[4.497562,52.161643],[4.497036,52.160902],[4.496997,52.159913],[4.496697,52.159587],[4.495479,52.157636],[4.494782,52.155968],[4.494657,52.154889],[4.494379,52.154905],[4.493674,52.155097],[4.493349,52.155993],[4.493094,52.156324],[4.491675,52.157122],[4.488958,52.159232],[4.488087,52.159666],[4.487117,52.159946],[4.484992,52.160208],[4.485939,52.162534],[4.486132,52.163857],[4.485707,52.163899],[4.484691,52.163577],[4.484398,52.163574],[4.483943,52.165117],[4.483419,52.16576],[4.483243,52.165759],[4.48297,52.165523],[4.482779,52.165575],[4.482348,52.165212],[4.48213,52.165157],[4.482501,52.165573],[4.482897,52.165549],[4.481717,52.164623],[4.479988,52.165554],[4.479896,52.165742],[4.480023,52.165968],[4.482326,52.167738],[4.479608,52.170557],[4.479576,52.170728],[4.479356,52.170735],[4.478269,52.170304],[4.473038,52.169455],[4.472367,52.169396],[4.468346,52.169446],[4.468138,52.169579],[4.467936,52.169451],[4.459678,52.170133],[4.456629,52.170495],[4.456762,52.171126],[4.457116,52.171686],[4.457404,52.171922],[4.46283,52.174634],[4.463217,52.174969],[4.463323,52.17551],[4.463026,52.177161],[4.463094,52.177404],[4.463584,52.178442],[4.464627,52.179627],[4.46502,52.179711],[4.464928,52.179899],[4.465435,52.180838],[4.465949,52.182173],[4.466104,52.184574],[4.466008,52.18638],[4.466287,52.187029],[4.467141,52.188186],[4.467327,52.190498],[4.467558,52.190616],[4.467968,52.190619],[4.472504,52.190529],[4.473296,52.190409],[4.474444,52.192207],[4.474847,52.192488],[4.475139,52.192518],[4.47515,52.192688],[4.475452,52.192969],[4.476302,52.193587],[4.477014,52.194545],[4.476884,52.195165],[4.476597,52.195639],[4.473235,52.196916],[4.472836,52.197129],[4.472655,52.197406],[4.47262,52.197702],[4.472789,52.197982],[4.473712,52.198664],[4.474573,52.199452],[4.476789,52.200548],[4.480896,52.202144],[4.483076,52.202879],[4.483544,52.202874],[4.484045,52.202698],[4.484558,52.20192],[4.485231,52.201898],[4.484999,52.202552],[4.484594,52.203035],[4.484619,52.203233],[4.484236,52.203383],[4.483698,52.203918],[4.482407,52.204843],[4.482418,52.204987],[4.483141,52.205423],[4.483768,52.205509],[4.484107,52.205386],[4.485204,52.204675],[4.485527,52.204633],[4.48889,52.206195],[4.490164,52.206852],[4.491016,52.207416],[4.492307,52.208684],[4.49409,52.209525],[4.494586,52.209582],[4.494829,52.209872],[4.496778,52.211163],[4.4971,52.211174],[4.497169,52.211372],[4.497517,52.211519],[4.497607,52.211439],[4.497517,52.211519],[4.500017,52.213093],[4.502352,52.214917],[4.502543,52.214846],[4.504139,52.213357],[4.505076,52.213319],[4.505584,52.21353],[4.506479,52.213375],[4.507786,52.212414],[4.510369,52.213485],[4.511796,52.213855],[4.514631,52.214802],[4.515774,52.215439],[4.516066,52.215513],[4.516419,52.215426]]},"properties":{"line_id":"QBUZZ:z056","line_ref":"56","line_name":"Sassenheim - Leiden- Roelofarendsveen","agency_id":"QBUZZ","variant_id":"QBUZZ:z056|1578427"}},{"type":"Feature","geometry":{"type":"LineString","coordinates":[[4.474372,52.192116],[4.473353,52.190481],[4.467968,52.190619],[4.467558,52.190616],[4.467327,52.190498],[4.467195,52.188393],[4.466287,52.187029],[4.466008,52.18638],[4.466104,52.184574],[4.465949,52.182173],[4.465028,52.180044],[4.464928,52.179899],[4.464666,52.179843],[4.464713,52.179691],[4.463584,52.178442],[4.463094,52.177404],[4.463026,52.177161],[4.463323,52.17551],[4.463217,52.174969],[4.46306,52.174779],[4.462598,52.174515],[4.457404,52.171922],[4.456818,52.171279],[4.456629,52.170495],[4.459678,52.170133],[4.467936,52.169451],[4.468158,52.169327],[4.468346,52.169446],[4.472761,52.169426],[4.478342,52.170269],[4.47917,52.170545],[4.479492,52.170512],[4.480609,52.169523],[4.482195,52.167728],[4.479847,52.165993],[4.479749,52.165795],[4.480225,52.165412],[4.481317,52.164872],[4.481447,52.164972],[4.482348,52.165212],[4.482779,52.165575],[4.48297,52.165523],[4.483243,52.165759],[4.483419,52.16576],[4.483582,52.165635],[4.483943,52.165117],[4.48413,52.164552],[4.484752,52.161959],[4.484857,52.161852],[4.485561,52.161705],[4.4853,52.160912],[4.484985,52.160595],[4.484817,52.160216],[4.487117,52.159946],[4.488087,52.159666],[4.488958,52.159232],[4.491675,52.157122],[4.493139,52.156288],[4.493558,52.155033],[4.494657,52.154889],[4.494759,52.154889],[4.494894,52.156185],[4.495479,52.157636],[4.496899,52.159705],[4.497096,52.160102],[4.497138,52.16093],[4.497692,52.161698],[4.49808,52.162806],[4.499604,52.162593],[4.500539,52.162618],[4.500766,52.163671],[4.502527,52.163352],[4.505641,52.163312],[4.505997,52.163045],[4.506244,52.163101],[4.506577,52.163275],[4.506628,52.163661],[4.506532,52.167741],[4.507976,52.167923],[4.51036,52.168579],[4.512995,52.169138],[4.515488,52.16948],[4.519486,52.16986],[4.532829,52.16087],[4.533275,52.160487],[4.534023,52.159602],[4.536214,52.156589],[4.537087,52.156784],[4.541736,52.158256],[4.54197,52.158221],[4.542084,52.158357],[4.542766,52.158622],[4.547327,52.160111],[4.548617,52.160713],[4.548757,52.160993],[4.549077,52.161121],[4.549072,52.161373],[4.549995,52.162018],[4.550906,52.162527],[4.551417,52.162567],[4.551619,52.162712],[4.551527,52.162945],[4.551248,52.163015],[4.550942,52.162959],[4.550677,52.163047],[4.5497,52.163741],[4.544421,52.169303],[4.542166,52.171786],[4.539663,52.175022],[4.539497,52.175317],[4.539626,52.175435],[4.53958,52.175579],[4.53927,52.175729],[4.538968,52.176221],[4.538796,52.176831],[4.538609,52.179742],[4.538746,52.180993],[4.539464,52.18169],[4.540718,52.18338],[4.541733,52.184609],[4.542194,52.185008],[4.543193,52.186292],[4.543774,52.187239],[4.544193,52.187548],[4.546108,52.188344],[4.546715,52.188744],[4.547223,52.188936],[4.550011,52.189198],[4.553592,52.189314],[4.558946,52.190816],[4.561807,52.191124],[4.567635,52.191533],[4.581241,52.192885],[4.584089,52.193102],[4.583939,52.194126],[4.583398,52.195758],[4.583496,52.195984],[4.610217,52.198562],[4.611322,52.198965],[4.611389,52.199307],[4.612023,52.199868],[4.612344,52.199951],[4.614697,52.199185],[4.614992,52.199052],[4.615023,52.198962],[4.615317,52.198883],[4.615519,52.199029],[4.616219,52.199159],[4.616697,52.199414],[4.617311,52.200326],[4.61753,52.200345],[4.617689,52.200454],[4.617568,52.200669],[4.617793,52.201183],[4.617756,52.201668],[4.617877,52.202253],[4.618191,52.202713],[4.61851,52.202886],[4.622204,52.203287],[4.622469,52.203172],[4.622817,52.203345],[4.63088,52.204107],[4.631026,52.204117],[4.631262,52.203984],[4.631437,52.204012],[4.631537,52.204166],[4.632676,52.20429]]},"properties":{"line_id":"QBUZZ:z056","line_ref":"56","line_name":"Sassenheim - Leiden- Roelofarendsveen","agency_id":"QBUZZ","variant_id":"QBUZZ:z056|1578428"}},{"type":"Feature","geometry":{"type":"LineString","coordinates":[[4.516419,52.215426],[4.516696,52.215455],[4.516575,52.215652],[4.515673,52.215402],[4.514457,52.214737],[4.511796,52.213855],[4.510369,52.213485],[4.507786,52.212414],[4.506346,52.213482],[4.506154,52.213543],[4.505758,52.213612],[4.505218,52.213545],[4.504997,52.213606],[4.50481,52.213452],[4.504489,52.213378],[4.504049,52.213455],[4.502543,52.214846],[4.502352,52.214917],[4.500118,52.213165],[4.498819,52.212293],[4.497373,52.211437],[4.497169,52.211372],[4.496919,52.211451],[4.496744,52.211405],[4.496673,52.211306],[4.496778,52.211163],[4.496664,52.211045],[4.494944,52.209954],[4.494586,52.209582],[4.494235,52.20958],[4.492625,52.208875],[4.49212,52.208539],[4.49129,52.207616],[4.490511,52.207062],[4.48676,52.205155],[4.485527,52.204633],[4.485204,52.204675],[4.484107,52.205386],[4.483768,52.205509],[4.483301,52.205479],[4.482329,52.205049],[4.482052,52.205038],[4.481965,52.204956],[4.482027,52.204822],[4.482305,52.204797],[4.482794,52.204495],[4.484193,52.203319],[4.484153,52.203121],[4.484272,52.203023],[4.484507,52.202989],[4.484958,52.202372],[4.485068,52.202005],[4.484747,52.201957],[4.484468,52.202036],[4.484045,52.202698],[4.483544,52.202874],[4.483076,52.202879],[4.482276,52.202639],[4.476789,52.200548],[4.475195,52.199799],[4.474573,52.199452],[4.473712,52.198664],[4.472631,52.197873],[4.472507,52.197486],[4.472823,52.197057],[4.476597,52.195639],[4.477025,52.194716],[4.477014,52.194545],[4.476015,52.193342],[4.475077,52.192724],[4.474857,52.192731],[4.474741,52.192658],[4.474758,52.192542],[4.474358,52.192107],[4.473353,52.190481],[4.467968,52.190619],[4.467558,52.190616],[4.467327,52.190498],[4.467195,52.188393],[4.466287,52.187029],[4.466008,52.18638],[4.466104,52.184574],[4.465949,52.182173],[4.465028,52.180044],[4.464928,52.179899],[4.464666,52.179843],[4.464713,52.179691],[4.463584,52.178442],[4.463094,52.177404],[4.463026,52.177161],[4.463323,52.17551],[4.463217,52.174969],[4.46306,52.174779],[4.462598,52.174515],[4.457404,52.171922],[4.456818,52.171279],[4.456629,52.170495],[4.459678,52.170133],[4.467936,52.169451],[4.468158,52.169327],[4.468346,52.169446],[4.472761,52.169426],[4.478342,52.170269],[4.47917,52.170545],[4.479492,52.170512],[4.480609,52.169523],[4.482195,52.167728],[4.479847,52.165993],[4.479749,52.165795],[4.480225,52.165412],[4.481317,52.164872],[4.481447,52.164972],[4.482348,52.165212],[4.482779,52.165575],[4.48297,52.165523],[4.483243,52.165759],[4.483419,52.16576],[4.483582,52.165635],[4.483943,52.165117],[4.48413,52.164552],[4.484752,52.161959],[4.484857,52.161852],[4.485561,52.161705],[4.4853,52.160912],[4.484985,52.160595],[4.484817,52.160216],[4.487117,52.159946],[4.488087,52.159666],[4.488958,52.159232],[4.491675,52.157122],[4.493139,52.156288],[4.493558,52.155033],[4.493808,52.154981],[4.494759,52.154889],[4.494894,52.156185],[4.495256,52.157113],[4.495479,52.157636],[4.497096,52.160102],[4.497138,52.16093],[4.497692,52.161698],[4.49808,52.162806],[4.499604,52.162593],[4.500539,52.162618],[4.500766,52.163671],[4.502527,52.163352],[4.505641,52.163312],[4.505997,52.163045],[4.506244,52.163101],[4.506577,52.163275],[4.506628,52.163661],[4.506532,52.167741],[4.507976,52.167923],[4.51036,52.168579],[4.512995,52.169138],[4.515488,52.16948],[4.519296,52.169885],[4.519589,52.169825],[4.520036,52.169423],[4.532829,52.16087],[4.533275,52.160487],[4.534023,52.159602],[4.536214,52.156589],[4.537087,52.156784],[4.541736,52.158256],[4.54197,52.158221],[4.542084,52.158357],[4.542766,52.158622],[4.547327,52.160111],[4.548617,52.160713],[4.548757,52.160993],[4.549077,52.161121],[4.54903,52.161292],[4.549187,52.161473],[4.550906,52.162527],[4.551519,52.162604],[4.551617,52.162829],[4.551336,52.163007],[4.550942,52.162959],[4.550677,52.163047],[4.5497,52.163741],[4.542166,52.171786],[4.539754,52.174897],[4.539497,52.175317],[4.539626,52.175435],[4.53958,52.175579],[4.53927,52.175729],[4.538968,52.176221],[4.538796,52.176831],[4.538609,52.179742],[4.538746,52.180993],[4.539464,52.18169],[4.540718,52.18338],[4.541733,52.184609],[4.542194,52.185008],[4.543193,52.186292],[4.543875,52.187357],[4.546108,52.188344],[4.547048,52.18889],[4.550011,52.189198],[4.553592,52.189314],[4.558378,52.190705],[4.559325,52.190864],[4.561807,52.191124],[4.567635,52.191533],[4.581241,52.192885],[4.584089,52.193102],[4.583939,52.194126],[4.583398,52.195758],[4.583496,52.195984],[4.610217,52.198562],[4.611322,52.198965],[4.611389,52.199307],[4.612023,52.199868],[4.612344,52.199951],[4.614697,52.199185],[4.614992,52.199052],[4.615023,52.198962],[4.615317,52.198883],[4.615519,52.199029],[4.616219,52.199159],[4.616697,52.199414],[4.617311,52.200326],[4.61753,52.200345],[4.617689,52.200454],[4.617568,52.200669],[4.617793,52.201183],[4.617756,52.201668],[4.617877,52.202253],[4.618191,52.202713],[4.61851,52.202886],[4.622204,52.203287],[4.622469,52.203172],[4.622817,52.203345],[4.63088,52.204107],[4.631026,52.204117],[4.631262,52.203984],[4.631437,52.204012],[4.631537,52.204166],[4.632676,52.20429]]},"properties":{"line_id":"QBUZZ:z056","line_ref":"56","line_name":"Sassenheim - Leiden- Roelofarendsveen","agency_id":"QBUZZ","variant_id":"QBUZZ:z056|1578429"}},{"type":"Feature","geometry":{"type":"LineString","coordinates":[[4.516419,52.215426],[4.516696,52.215455],[4.516575,52.215652],[4.515673,52.215402],[4.514457,52.214737],[4.511796,52.213855],[4.510369,52.213485],[4.507786,52.212414],[4.506346,52.213482],[4.506154,52.213543],[4.505758,52.213612],[4.505218,52.213545],[4.504997,52.213606],[4.50481,52.213452],[4.504489,52.213378],[4.504049,52.213455],[4.502543,52.214846],[4.502352,52.214917],[4.500118,52.213165],[4.498819,52.212293],[4.497373,52.211437],[4.497169,52.211372],[4.496919,52.211451],[4.496744,52.211405],[4.496673,52.211306],[4.496778,52.211163],[4.496664,52.211045],[4.494944,52.209954],[4.494586,52.209582],[4.494235,52.20958],[4.492625,52.208875],[4.49212,52.208539],[4.49129,52.207616],[4.490511,52.207062],[4.48676,52.205155],[4.485527,52.204633],[4.485204,52.204675],[4.484107,52.205386],[4.483768,52.205509],[4.483301,52.205479],[4.482329,52.205049],[4.482052,52.205038],[4.481965,52.204956],[4.482027,52.204822],[4.482305,52.204797],[4.482794,52.204495],[4.484193,52.203319],[4.484153,52.203121],[4.484272,52.203023],[4.484507,52.202989],[4.484958,52.202372],[4.485068,52.202005],[4.484747,52.201957],[4.484468,52.202036],[4.484239,52.202502],[4.483867,52.202786],[4.483544,52.202874],[4.482915,52.202842],[4.480896,52.202144],[4.476789,52.200548],[4.474573,52.199452],[4.473712,52.198664],[4.472631,52.197873],[4.472504,52.197639],[4.472538,52.197387],[4.472823,52.197057],[4.476597,52.195639],[4.477027,52.194617],[4.476601,52.194003],[4.476015,52.193342],[4.475077,52.192724],[4.474857,52.192731],[4.474741,52.192658],[4.474758,52.192542],[4.474358,52.192107],[4.473353,52.190481],[4.467968,52.190619],[4.467558,52.190616],[4.467327,52.190498],[4.467195,52.188393],[4.466287,52.187029],[4.466008,52.18638],[4.466104,52.184574],[4.465949,52.182173],[4.465028,52.180044],[4.464928,52.179899],[4.464666,52.179843],[4.464713,52.179691],[4.463584,52.178442],[4.463094,52.177404],[4.463026,52.177161],[4.463323,52.17551],[4.463217,52.174969],[4.46306,52.174779],[4.462598,52.174515],[4.457404,52.171922],[4.456818,52.171279],[4.456629,52.170495],[4.459678,52.170133],[4.467936,52.169451],[4.468158,52.169327],[4.468346,52.169446],[4.472367,52.169396],[4.473038,52.169455],[4.478342,52.170269],[4.479301,52.170564],[4.479566,52.170476],[4.480266,52.169861],[4.482195,52.167728],[4.479847,52.165993],[4.479749,52.165795],[4.480225,52.165412],[4.481317,52.164872],[4.481447,52.164972],[4.482348,52.165212],[4.482722,52.16553]]},"properties":{"line_id":"QBUZZ:z056","line_ref":"56","line_name":"Sassenheim - Leiden- Roelofarendsveen","agency_id":"QBUZZ","variant_id":"QBUZZ:z056|1578430"}},{"type":"Feature","geometry":{"type":"LineString","coordinates":[[4.482459,52.165528],[4.482897,52.165549],[4.481717,52.164623],[4.479928,52.165625],[4.479909,52.16585],[4.480023,52.165968],[4.482326,52.167738],[4.479502,52.170745],[4.478269,52.170304],[4.474408,52.169663],[4.472367,52.169396],[4.468346,52.169446],[4.468197,52.169579],[4.467936,52.169451],[4.467439,52.169466],[4.459678,52.170133],[4.456629,52.170495],[4.456818,52.171279],[4.457404,52.171922],[4.46283,52.174634],[4.463217,52.174969],[4.463323,52.17551],[4.463026,52.177161],[4.463094,52.177404],[4.463584,52.178442],[4.464627,52.179627],[4.46502,52.179711],[4.464928,52.179899],[4.465435,52.180838],[4.465949,52.182173],[4.466104,52.184574],[4.466008,52.18638],[4.466287,52.187029],[4.467141,52.188186],[4.467327,52.190498],[4.467558,52.190616],[4.467968,52.190619],[4.472504,52.190529],[4.473296,52.190409],[4.474444,52.192207],[4.474847,52.192488],[4.475139,52.192518],[4.47515,52.192688],[4.475452,52.192969],[4.476302,52.193587],[4.477014,52.194545],[4.477025,52.194716],[4.476597,52.195639],[4.47291,52.197075],[4.472608,52.197549],[4.47269,52.197856],[4.474429,52.199343],[4.475195,52.199799],[4.476789,52.200548],[4.482276,52.202639],[4.483076,52.202879],[4.483544,52.202874],[4.483867,52.202786],[4.484179,52.202573],[4.484469,52.201964],[4.484749,52.201885],[4.485231,52.201898],[4.484999,52.202552],[4.484594,52.203035],[4.484619,52.203233],[4.484236,52.203383],[4.483698,52.203918],[4.482407,52.204843],[4.482418,52.204987],[4.483141,52.205423],[4.483607,52.205517],[4.483989,52.205448],[4.485204,52.204675],[4.485527,52.204633],[4.48889,52.206195],[4.490164,52.206852],[4.491016,52.207416],[4.492307,52.208684],[4.49409,52.209525],[4.494586,52.209582],[4.494829,52.209872],[4.496778,52.211163],[4.4971,52.211174],[4.497169,52.211372],[4.497517,52.211519],[4.497607,52.211439],[4.497517,52.211519],[4.500017,52.213093],[4.502352,52.214917],[4.502543,52.214846],[4.504139,52.213357],[4.505076,52.213319],[4.505584,52.21353],[4.506479,52.213375],[4.507786,52.212414],[4.510369,52.213485],[4.511796,52.213855],[4.514631,52.214802],[4.515774,52.215439],[4.516066,52.215513],[4.516419,52.215426]]},"properties":{"line_id":"QBUZZ:z056","line_ref":"56","line_name":"Sassenheim - Leiden- Roelofarendsveen","agency_id":"QBUZZ","variant_id":"QBUZZ:z056|1578431"}},{"type":"Feature","geometry":{"type":"LineString","coordinates":[[4.482722,52.16553],[4.482779,52.165575],[4.48297,52.165523],[4.483316,52.165768],[4.483478,52.165724],[4.483687,52.165501],[4.483943,52.165117],[4.48413,52.164552],[4.484752,52.161959],[4.484857,52.161852],[4.485561,52.161705],[4.4853,52.160912],[4.484985,52.160595],[4.484817,52.160216],[4.487117,52.159946],[4.488087,52.159666],[4.488958,52.159232],[4.491675,52.157122],[4.493139,52.156288],[4.493558,52.155033],[4.494759,52.154889],[4.494894,52.156185],[4.495256,52.157113],[4.495479,52.157636],[4.497096,52.160102],[4.497138,52.16093],[4.497692,52.161698],[4.49808,52.162806],[4.499604,52.162593],[4.500539,52.162618],[4.500766,52.163671],[4.502527,52.163352],[4.505641,52.163312],[4.505997,52.163045],[4.506244,52.163101],[4.506577,52.163275],[4.506628,52.163661],[4.506532,52.167741],[4.507976,52.167923],[4.51036,52.168579],[4.512995,52.169138],[4.515488,52.16948],[4.519486,52.16986],[4.532829,52.16087],[4.533275,52.160487],[4.534023,52.159602],[4.536214,52.156589],[4.537087,52.156784],[4.541736,52.158256],[4.54197,52.158221],[4.542084,52.158357],[4.542766,52.158622],[4.547327,52.160111],[4.548617,52.160713],[4.548757,52.160993],[4.549077,52.161121],[4.549072,52.161373],[4.549995,52.162018],[4.550906,52.162527],[4.551417,52.162567],[4.551619,52.162712],[4.551527,52.162945],[4.551248,52.163015],[4.550942,52.162959],[4.550677,52.163047],[4.5497,52.163741],[4.544421,52.169303],[4.542166,52.171786],[4.539663,52.175022],[4.539497,52.175317],[4.539626,52.175435],[4.53958,52.175579],[4.53927,52.175729],[4.538968,52.176221],[4.538796,52.176831],[4.538609,52.179742],[4.538746,52.180993],[4.539464,52.18169],[4.540718,52.18338],[4.541733,52.184609],[4.542194,52.185008],[4.543193,52.186292],[4.543774,52.187239],[4.544193,52.187548],[4.546108,52.188344],[4.546715,52.188744],[4.547223,52.188936],[4.550011,52.189198],[4.553592,52.189314],[4.558946,52.190816],[4.561807,52.191124],[4.567635,52.191533],[4.581241,52.192885],[4.584089,52.193102],[4.583939,52.194126],[4.583398,52.195758],[4.583496,52.195984],[4.610217,52.198562],[4.611322,52.198965],[4.611389,52.199307],[4.612023,52.199868],[4.612344,52.199951],[4.614697,52.199185],[4.614992,52.199052],[4.615023,52.198962],[4.615317,52.198883],[4.615519,52.199029],[4.616219,52.199159],[4.616697,52.199414],[4.617311,52.200326],[4.61753,52.200345],[4.617689,52.200454],[4.617568,52.200669],[4.617793,52.201183],[4.617756,52.201668],[4.617877,52.202253],[4.618191,52.202713],[4.61851,52.202886],[4.622204,52.203287],[4.622469,52.203172],[4.622817,52.203345],[4.63088,52.204107],[4.631026,52.204117],[4.631262,52.203984],[4.631437,52.204012],[4.631537,52.204166],[4.632676,52.20429]]},"properties":{"line_id":"QBUZZ:z056","line_ref":"56","line_name":"Sassenheim - Leiden- Roelofarendsveen","agency_id":"QBUZZ","variant_id":"QBUZZ:z056|1578432"}},{"type":"Feature","geometry":{"type":"LineString","coordinates":[[4.657894,52.124839],[4.657878,52.124929],[4.658578,52.124987],[4.658508,52.125724],[4.658892,52.126374],[4.658915,52.126706],[4.65906,52.126806],[4.658926,52.12694],[4.65874,52.12764],[4.657756,52.128829],[4.65787,52.129019],[4.66158,52.128979],[4.661568,52.128799],[4.663847,52.128777],[4.664766,52.128845],[4.666076,52.129123],[4.66607,52.129528],[4.665544,52.131322],[4.667161,52.131584],[4.668301,52.131537],[4.668445,52.131627],[4.668225,52.131734],[4.667116,52.13437],[4.666665,52.135176],[4.668747,52.135602],[4.670004,52.13552],[4.670377,52.135971],[4.672054,52.137015],[4.672728,52.137801],[4.674504,52.141848],[4.67568,52.143248],[4.678896,52.143106],[4.682606,52.143164],[4.682589,52.14329],[4.682457,52.143316],[4.682228,52.147692],[4.681523,52.148829],[4.681079,52.149159],[4.679757,52.148728],[4.678213,52.148432],[4.677659,52.149237],[4.677333,52.149514],[4.676802,52.149852],[4.67614,52.150136],[4.674294,52.150466],[4.674087,52.1506],[4.673839,52.150571],[4.672638,52.150726],[4.668947,52.151324],[4.669367,52.152459],[4.669083,52.152817],[4.66876,52.152949],[4.666035,52.153364],[4.663606,52.15361],[4.663431,52.153555],[4.663067,52.152564],[4.65853,52.153013],[4.657079,52.153255],[4.657349,52.153724],[4.657246,52.153814],[4.655456,52.154234],[4.65499,52.154168],[4.65452,52.154273],[4.654271,52.154334],[4.654077,52.154558],[4.652199,52.155005],[4.651996,52.154958],[4.651725,52.154534],[4.650067,52.154928],[4.649952,52.154847],[4.650055,52.154749],[4.649678,52.153695],[4.649187,52.150698],[4.655564,52.150316],[4.655844,52.150183],[4.655688,52.149004],[4.655778,52.148852],[4.658558,52.148599],[4.657852,52.144407],[4.65669,52.140427],[4.656308,52.140604],[4.656076,52.141393],[4.655927,52.141536],[4.655208,52.14173],[4.654008,52.141848],[4.651275,52.141957],[4.649947,52.141868],[4.647165,52.141374],[4.645768,52.141006],[4.645651,52.141059],[4.645461,52.141013],[4.645434,52.140887],[4.64564,52.140816],[4.648457,52.135692],[4.648387,52.135458],[4.648593,52.135379],[4.648438,52.134155],[4.648177,52.134073],[4.645036,52.13408],[4.644424,52.134004],[4.63303,52.131469],[4.632592,52.131475],[4.632289,52.131222],[4.630588,52.130761],[4.630488,52.130635],[4.631119,52.129641],[4.631411,52.129607],[4.635143,52.130044],[4.639062,52.1306],[4.640533,52.128254],[4.640447,52.128128],[4.639648,52.127853],[4.63588,52.126993],[4.634675,52.126617],[4.631347,52.124798],[4.63078,52.124642],[4.630167,52.124602],[4.629199,52.124847],[4.628997,52.124693],[4.62916,52.124568],[4.629314,52.124084],[4.629568,52.12378],[4.632341,52.12209],[4.633555,52.121136],[4.635366,52.119404],[4.636505,52.118494],[4.6381,52.117408],[4.639086,52.116965],[4.639102,52.116857],[4.639278,52.116804],[4.639438,52.116895],[4.639407,52.116967],[4.639668,52.117067],[4.641876,52.118627],[4.642151,52.1188],[4.642384,52.118792],[4.642353,52.118936],[4.643016,52.119434],[4.644071,52.120124],[4.644318,52.120198],[4.644316,52.120296],[4.644618,52.12055],[4.64664,52.121902],[4.64706,52.122138],[4.647206,52.122121],[4.64761,52.122411],[4.649379,52.123168],[4.650202,52.123767],[4.649125,52.124389],[4.648649,52.124908],[4.648571,52.125222],[4.652339,52.126126],[4.652676,52.126056],[4.653729,52.125047],[4.65379,52.124868],[4.653952,52.124815],[4.654798,52.124002],[4.654859,52.123814],[4.655064,52.123797],[4.655251,52.123942],[4.656094,52.124217],[4.656577,52.124112],[4.657006,52.123791],[4.65834,52.122568],[4.65852,52.122326],[4.658478,52.122182],[4.658698,52.122139],[4.658964,52.121934],[4.66067,52.120281],[4.660879,52.120031],[4.660837,52.119905],[4.661294,52.119647],[4.66269,52.118209],[4.66293,52.117815],[4.663444,52.117584],[4.664006,52.117183],[4.664763,52.116379],[4.664796,52.116181],[4.664696,52.116055],[4.662707,52.114443],[4.662358,52.114342],[4.661917,52.114546],[4.661842,52.11468],[4.661608,52.114679],[4.659479,52.112724],[4.659088,52.112542],[4.659104,52.112425],[4.659324,52.112372],[4.660114,52.113177],[4.66167,52.114472],[4.661859,52.114491],[4.662015,52.114807],[4.664119,52.116519],[4.665508,52.117273],[4.666495,52.117612],[4.667529,52.117825],[4.667503,52.117609],[4.6672,52.117391],[4.666837,52.117263],[4.66618,52.117241],[4.665431,52.117551],[4.664279,52.118362],[4.663436,52.119013],[4.659979,52.122353],[4.658887,52.123956],[4.65861,52.123918],[4.658345,52.124096],[4.657914,52.124534],[4.657807,52.12483]]},"properties":{"line_id":"QBUZZ:z071","line_ref":"1","line_name":"Ringlijn Alphen a/d Rijn","agency_id":"QBUZZ","variant_id":"QBUZZ:z071|1578435"}},{"type":"Feature","geometry":{"type":"LineString","coordinates":[[4.657894,52.124839],[4.657878,52.124929],[4.658578,52.124987],[4.658508,52.125724],[4.658892,52.126374],[4.658915,52.126706],[4.65906,52.126806],[4.658926,52.12694],[4.65874,52.12764],[4.657756,52.128829],[4.65787,52.129019],[4.66158,52.128979],[4.661568,52.128799],[4.663847,52.128777],[4.664766,52.128845],[4.666076,52.129123],[4.66607,52.129528],[4.665544,52.131322],[4.667161,52.131584],[4.668301,52.131537],[4.668445,52.131627],[4.668225,52.131734],[4.667116,52.13437],[4.666665,52.135176],[4.668747,52.135602],[4.670004,52.13552],[4.670377,52.135971],[4.672054,52.137015],[4.672728,52.137801],[4.674504,52.141848],[4.67568,52.143248],[4.678896,52.143106],[4.682606,52.143164],[4.682589,52.14329],[4.682457,52.143316],[4.682228,52.147692],[4.681523,52.148829],[4.681079,52.149159],[4.679757,52.148728],[4.678213,52.148432],[4.677659,52.149237],[4.677333,52.149514],[4.676802,52.149852],[4.67614,52.150136],[4.674294,52.150466],[4.674087,52.1506],[4.673839,52.150571],[4.672638,52.150726],[4.668947,52.151324],[4.669367,52.152459],[4.669083,52.152817],[4.66876,52.152949],[4.666035,52.153364],[4.663606,52.15361],[4.663431,52.153555],[4.663067,52.152564],[4.65853,52.153013],[4.657079,52.153255],[4.657349,52.153724],[4.657246,52.153814],[4.655456,52.154234],[4.65499,52.154168],[4.65452,52.154273],[4.654271,52.154334],[4.654077,52.154558],[4.652199,52.155005],[4.651996,52.154958],[4.651725,52.154534],[4.650067,52.154928],[4.649952,52.154847],[4.650055,52.154749],[4.649678,52.153695],[4.649187,52.150698],[4.655564,52.150316],[4.655844,52.150183],[4.655688,52.149004],[4.655778,52.148852],[4.658558,52.148599],[4.657852,52.144407],[4.65669,52.140427],[4.656308,52.140604],[4.656076,52.141393],[4.655927,52.141536],[4.655208,52.14173],[4.654008,52.141848],[4.651275,52.141957],[4.649947,52.141868],[4.647165,52.141374],[4.645768,52.141006],[4.645651,52.141059],[4.645461,52.141013],[4.645434,52.140887],[4.64564,52.140816],[4.648457,52.135692],[4.648387,52.135458],[4.648593,52.135379],[4.648438,52.134155],[4.648177,52.134073],[4.645036,52.13408],[4.644424,52.134004],[4.63303,52.131469],[4.632592,52.131475],[4.632289,52.131222],[4.630588,52.130761],[4.630488,52.130635],[4.631119,52.129641],[4.631411,52.129607],[4.635143,52.130044],[4.639062,52.1306],[4.640533,52.128254],[4.640447,52.128128],[4.639648,52.127853],[4.63588,52.126993],[4.634675,52.126617],[4.631347,52.124798],[4.63078,52.124642],[4.630167,52.124602],[4.629199,52.124847],[4.628997,52.124693],[4.62916,52.124568],[4.629314,52.124084],[4.629568,52.12378],[4.632341,52.12209],[4.633555,52.121136],[4.635366,52.119404],[4.636505,52.118494],[4.6381,52.117408],[4.639086,52.116965],[4.639102,52.116857],[4.639278,52.116804],[4.639438,52.116895],[4.639407,52.116967],[4.639668,52.117067],[4.641876,52.118627],[4.642151,52.1188],[4.642384,52.118792],[4.642353,52.118936],[4.643016,52.119434],[4.644071,52.120124],[4.644318,52.120198],[4.644316,52.120296],[4.644618,52.12055],[4.64664,52.121902],[4.64706,52.122138],[4.647206,52.122121],[4.64761,52.122411],[4.649379,52.123168],[4.650202,52.123767],[4.649125,52.124389],[4.648649,52.124908],[4.648571,52.125222],[4.652339,52.126126],[4.652676,52.126056],[4.653729,52.125047],[4.65379,52.124868],[4.653952,52.124815],[4.654798,52.124002],[4.654859,52.123814],[4.655064,52.123797],[4.655251,52.123942],[4.656094,52.124217],[4.656577,52.124112],[4.657006,52.123791],[4.65834,52.122568],[4.65852,52.122326],[4.658478,52.122182],[4.658698,52.122139],[4.658964,52.121934],[4.66067,52.120281],[4.660879,52.120031],[4.660837,52.119905],[4.661294,52.119647],[4.66269,52.118209],[4.66293,52.117815],[4.663444,52.117584],[4.664006,52.117183],[4.664763,52.116379],[4.664796,52.116181],[4.664696,52.116055],[4.662707,52.114443],[4.662358,52.114342],[4.661917,52.114546],[4.661842,52.11468],[4.661608,52.114679],[4.659479,52.112724],[4.659088,52.112542],[4.659104,52.112425],[4.659324,52.112372],[4.660114,52.113177],[4.66167,52.114472],[4.661859,52.114491],[4.662015,52.114807],[4.664119,52.116519],[4.665508,52.117273],[4.666495,52.117612],[4.667529,52.117825],[4.667503,52.117609],[4.6672,52.117391],[4.666837,52.117263],[4.66618,52.117241],[4.665431,52.117551],[4.664279,52.118362],[4.663436,52.119013],[4.659979,52.122353],[4.658887,52.123956],[4.65861,52.123918],[4.658345,52.124096],[4.657914,52.124534],[4.657807,52.12483]]},"properties":{"line_id":"QBUZZ:z071","line_ref":"1","line_name":"Ringlijn Alphen a/d Rijn","agency_id":"QBUZZ","variant_id":"QBUZZ:z071|1578436"}},{"type":"Feature","geometry":{"type":"LineString","coordinates":[[4.657894,52.124839],[4.657878,52.124929],[4.658491,52.124987],[4.658392,52.125651],[4.658818,52.126382],[4.658829,52.126625],[4.65868,52.126813],[4.658824,52.126921],[4.658727,52.127514],[4.658815,52.127515],[4.657756,52.128829],[4.65787,52.129019],[4.66158,52.128979],[4.661568,52.128799],[4.663847,52.128777],[4.664766,52.128845],[4.666076,52.129123],[4.66607,52.129528],[4.665544,52.131322],[4.667161,52.131584],[4.668301,52.131537],[4.668445,52.131627],[4.668225,52.131734],[4.667116,52.13437],[4.666665,52.135176],[4.668747,52.135602],[4.670004,52.13552],[4.670377,52.135971],[4.672054,52.137015],[4.672728,52.137801],[4.674504,52.141848],[4.67568,52.143248],[4.678896,52.143106],[4.682606,52.143164],[4.682589,52.14329],[4.682457,52.143316],[4.682228,52.147692],[4.681523,52.148829],[4.681079,52.149159],[4.679757,52.148728],[4.678213,52.148432],[4.677659,52.149237],[4.677333,52.149514],[4.676802,52.149852],[4.67614,52.150136],[4.674294,52.150466],[4.674087,52.1506],[4.673839,52.150571],[4.672638,52.150726],[4.668947,52.151324],[4.669367,52.152459],[4.669083,52.152817],[4.66876,52.152949],[4.666035,52.153364],[4.663606,52.15361],[4.663431,52.153555],[4.663067,52.152564],[4.65853,52.153013],[4.657079,52.153255],[4.657349,52.153724],[4.657246,52.153814],[4.655456,52.154234],[4.65499,52.154168],[4.65452,52.154273],[4.654271,52.154334],[4.654077,52.154558],[4.652199,52.155005],[4.651996,52.154958],[4.651725,52.154534],[4.650067,52.154928],[4.649952,52.154847],[4.650055,52.154749],[4.649678,52.153695],[4.649187,52.150698],[4.655564,52.150316],[4.655844,52.150183],[4.655688,52.149004],[4.655778,52.148852],[4.658558,52.148599],[4.657852,52.144407],[4.65669,52.140427],[4.656308,52.140604],[4.656076,52.141393],[4.655927,52.141536],[4.655208,52.14173],[4.654008,52.141848],[4.651275,52.141957],[4.649947,52.141868],[4.647165,52.141374],[4.645768,52.141006],[4.645651,52.141059],[4.645461,52.141013],[4.645434,52.140887],[4.64564,52.140816],[4.648457,52.135692],[4.648387,52.135458],[4.648593,52.135379],[4.648438,52.134155],[4.648177,52.134073],[4.645036,52.13408],[4.644424,52.134004],[4.63303,52.131469],[4.632592,52.131475],[4.632289,52.131222],[4.630588,52.130761],[4.630488,52.130635],[4.631119,52.129641],[4.631411,52.129607],[4.635143,52.130044],[4.639062,52.1306],[4.640533,52.128254],[4.640447,52.128128],[4.639648,52.127853],[4.63588,52.126993],[4.634675,52.126617],[4.631347,52.124798],[4.63078,52.124642],[4.630167,52.124602],[4.629199,52.124847],[4.628997,52.124693],[4.62916,52.124568],[4.629314,52.124084],[4.629568,52.12378],[4.632341,52.12209],[4.633555,52.121136],[4.635366,52.119404],[4.636505,52.118494],[4.6381,52.117408],[4.639086,52.116965],[4.639102,52.116857],[4.639278,52.116804],[4.639438,52.116895],[4.639407,52.116967],[4.639668,52.117067],[4.641876,52.118627],[4.642151,52.1188],[4.642384,52.118792],[4.642353,52.118936],[4.643016,52.119434],[4.644071,52.120124],[4.644318,52.120198],[4.644316,52.120296],[4.644618,52.12055],[4.64664,52.121902],[4.64706,52.122138],[4.647206,52.122121],[4.64761,52.122411],[4.649379,52.123168],[4.650202,52.123767],[4.649125,52.124389],[4.648649,52.124908],[4.648571,52.125222],[4.652339,52.126126],[4.652676,52.126056],[4.653729,52.125047],[4.65379,52.124868],[4.653952,52.124815],[4.654798,52.124002],[4.654859,52.123814],[4.655064,52.123797],[4.655251,52.123942],[4.656094,52.124217],[4.656577,52.124112],[4.657006,52.123791],[4.65834,52.122568],[4.65852,52.122326],[4.658478,52.122182],[4.658698,52.122139],[4.658964,52.121934],[4.66067,52.120281],[4.660879,52.120031],[4.660837,52.119905],[4.661294,52.119647],[4.66269,52.118209],[4.66293,52.117815],[4.663444,52.117584],[4.664006,52.117183],[4.664763,52.116379],[4.664796,52.116181],[4.664696,52.116055],[4.662707,52.114443],[4.662358,52.114342],[4.661917,52.114546],[4.661842,52.11468],[4.661608,52.114679],[4.659479,52.112724],[4.659088,52.112542],[4.659104,52.112425],[4.659324,52.112372],[4.660114,52.113177],[4.66167,52.114472],[4.661859,52.114491],[4.662015,52.114807],[4.664119,52.116519],[4.665508,52.117273],[4.666495,52.117612],[4.667529,52.117825],[4.667503,52.117609],[4.6672,52.117391],[4.666837,52.117263],[4.66618,52.117241],[4.665431,52.117551],[4.664279,52.118362],[4.663436,52.119013],[4.659979,52.122353],[4.658887,52.123956],[4.65861,52.123918],[4.658345,52.124096],[4.657914,52.124534],[4.657807,52.12483]]},"properties":{"line_id":"QBUZZ:z071","line_ref":"1","line_name":"Ringlijn Alphen a/d Rijn","agency_id":"QBUZZ","variant_id":"QBUZZ:z071|1654968"}},{"type":"Feature","geometry":{"type":"LineString","coordinates":[[4.657894,52.124839],[4.657878,52.124929],[4.658491,52.124987],[4.658392,52.125651],[4.658818,52.126382],[4.658829,52.126625],[4.65868,52.126813],[4.658824,52.126921],[4.658727,52.127514],[4.658815,52.127515],[4.657756,52.128829],[4.65787,52.129019],[4.66158,52.128979],[4.661568,52.128799],[4.663847,52.128777],[4.664766,52.128845],[4.666076,52.129123],[4.66607,52.129528],[4.665544,52.131322],[4.667161,52.131584],[4.668301,52.131537],[4.668445,52.131627],[4.668225,52.131734],[4.667116,52.13437],[4.666665,52.135176],[4.668747,52.135602],[4.670004,52.13552],[4.670377,52.135971],[4.672054,52.137015],[4.672728,52.137801],[4.674504,52.141848],[4.67568,52.143248],[4.678896,52.143106],[4.682606,52.143164],[4.682589,52.14329],[4.682457,52.143316],[4.682228,52.147692],[4.681523,52.148829],[4.681079,52.149159],[4.679757,52.148728],[4.678213,52.148432],[4.677659,52.149237],[4.677333,52.149514],[4.676802,52.149852],[4.67614,52.150136],[4.674294,52.150466],[4.674087,52.1506],[4.673839,52.150571],[4.672638,52.150726],[4.668947,52.151324],[4.669367,52.152459],[4.669083,52.152817],[4.66876,52.152949],[4.666035,52.153364],[4.663606,52.15361],[4.663431,52.153555],[4.663067,52.152564],[4.65853,52.153013],[4.657079,52.153255],[4.657349,52.153724],[4.657246,52.153814],[4.655456,52.154234],[4.65499,52.154168],[4.65452,52.154273],[4.654271,52.154334],[4.654077,52.154558],[4.652199,52.155005],[4.651996,52.154958],[4.651725,52.154534],[4.650067,52.154928],[4.649952,52.154847],[4.650055,52.154749],[4.649678,52.153695],[4.649187,52.150698],[4.655564,52.150316],[4.655844,52.150183],[4.655688,52.149004],[4.655778,52.148852],[4.658558,52.148599],[4.657852,52.144407],[4.65669,52.140427],[4.656308,52.140604],[4.656076,52.141393],[4.655927,52.141536],[4.655208,52.14173],[4.654008,52.141848],[4.651275,52.141957],[4.649947,52.141868],[4.647165,52.141374],[4.645768,52.141006],[4.645651,52.141059],[4.645461,52.141013],[4.645434,52.140887],[4.64564,52.140816],[4.648457,52.135692],[4.648387,52.135458],[4.648593,52.135379],[4.648438,52.134155],[4.648177,52.134073],[4.645036,52.13408],[4.644424,52.134004],[4.63303,52.131469],[4.632592,52.131475],[4.632289,52.131222],[4.630588,52.130761],[4.630488,52.130635],[4.631119,52.129641],[4.631411,52.129607],[4.635143,52.130044],[4.639062,52.1306],[4.640533,52.128254],[4.640447,52.128128],[4.639648,52.127853],[4.63588,52.126993],[4.634675,52.126617],[4.631347,52.124798],[4.63078,52.124642],[4.630167,52.124602],[4.629199,52.124847],[4.628997,52.124693],[4.62916,52.124568],[4.629314,52.124084],[4.629568,52.12378],[4.632341,52.12209],[4.633555,52.121136],[4.635366,52.119404],[4.636505,52.118494],[4.6381,52.117408],[4.639086,52.116965],[4.639102,52.116857],[4.639278,52.116804],[4.639438,52.116895],[4.639407,52.116967],[4.639668,52.117067],[4.641876,52.118627],[4.642151,52.1188],[4.642384,52.118792],[4.642353,52.118936],[4.643016,52.119434],[4.644071,52.120124],[4.644318,52.120198],[4.644316,52.120296],[4.644618,52.12055],[4.64664,52.121902],[4.64706,52.122138],[4.647206,52.122121],[4.64761,52.122411],[4.649379,52.123168],[4.650202,52.123767],[4.649125,52.124389],[4.648649,52.124908],[4.648571,52.125222],[4.652339,52.126126],[4.652676,52.126056],[4.653729,52.125047],[4.65379,52.124868],[4.653952,52.124815],[4.654798,52.124002],[4.654859,52.123814],[4.655064,52.123797],[4.655251,52.123942],[4.656094,52.124217],[4.656577,52.124112],[4.657006,52.123791],[4.65834,52.122568],[4.65852,52.122326],[4.658478,52.122182],[4.658698,52.122139],[4.658964,52.121934],[4.66067,52.120281],[4.660879,52.120031],[4.660837,52.119905],[4.661294,52.119647],[4.66269,52.118209],[4.66293,52.117815],[4.663444,52.117584],[4.664006,52.117183],[4.664763,52.116379],[4.664796,52.116181],[4.664696,52.116055],[4.662707,52.114443],[4.662358,52.114342],[4.661917,52.114546],[4.661842,52.11468],[4.661608,52.114679],[4.659479,52.112724],[4.659088,52.112542],[4.659104,52.112425],[4.659324,52.112372],[4.660114,52.113177],[4.66167,52.114472],[4.661859,52.114491],[4.662015,52.114807],[4.664119,52.116519],[4.665508,52.117273],[4.666495,52.117612],[4.667529,52.117825],[4.667503,52.117609],[4.6672,52.117391],[4.666837,52.117263],[4.66618,52.117241],[4.665431,52.117551],[4.664279,52.118362],[4.663436,52.119013],[4.659979,52.122353],[4.658887,52.123956],[4.65861,52.123918],[4.658345,52.124096],[4.657914,52.124534],[4.657807,52.12483]]},"properties":{"line_id":"QBUZZ:z071","line_ref":"1","line_name":"Ringlijn Alphen a/d Rijn","agency_id":"QBUZZ","variant_id":"QBUZZ:z071|1654969"}},{"type":"Feature","geometry":{"type":"LineString","coordinates":[[4.657894,52.124839],[4.657878,52.124929],[4.658491,52.124987],[4.65874,52.124027],[4.659638,52.122684],[4.664398,52.118174],[4.665358,52.117506],[4.666138,52.117169],[4.666882,52.117183],[4.66739,52.117366],[4.667663,52.117664],[4.667689,52.117853],[4.667615,52.117915],[4.667221,52.117859],[4.666102,52.117564],[4.664927,52.117099],[4.664073,52.116599],[4.661608,52.114679],[4.659349,52.112615],[4.659088,52.112542],[4.659104,52.112425],[4.659324,52.112372],[4.659567,52.112689],[4.66167,52.114472],[4.661859,52.114491],[4.662446,52.114333],[4.662707,52.114443],[4.664696,52.116055],[4.664796,52.116181],[4.664763,52.116379],[4.664154,52.117058],[4.663222,52.117798],[4.66322,52.117915],[4.662867,52.118066],[4.662022,52.118852],[4.661294,52.119647],[4.661171,52.120015],[4.66067,52.120281],[4.66027,52.120665],[4.658964,52.121934],[4.658785,52.122166],[4.658797,52.122319],[4.658607,52.122354],[4.65834,52.122568],[4.656738,52.124095],[4.656209,52.12429],[4.654959,52.123976],[4.654128,52.124762],[4.654066,52.124968],[4.653905,52.125003],[4.652911,52.125968],[4.652744,52.126362],[4.652437,52.126369],[4.652308,52.126207],[4.652047,52.126115],[4.648672,52.125303],[4.648322,52.125274],[4.648309,52.125193],[4.649125,52.124389],[4.650084,52.123811],[4.649884,52.123549],[4.649379,52.123168],[4.64761,52.122411],[4.647028,52.122264],[4.64664,52.121902],[4.644344,52.120377],[4.644082,52.120304],[4.643767,52.119942],[4.642353,52.118936],[4.64212,52.118898],[4.642151,52.1188],[4.639668,52.117067],[4.639407,52.116967],[4.639318,52.117029],[4.639086,52.116965],[4.638822,52.117035],[4.637436,52.117826],[4.635366,52.119404],[4.633555,52.121136],[4.632623,52.121876],[4.630688,52.123149],[4.629568,52.12378],[4.629269,52.124173],[4.629306,52.124578],[4.63078,52.124642],[4.631347,52.124798],[4.634052,52.126325],[4.635241,52.126827],[4.640419,52.128029],[4.640756,52.128013],[4.6409,52.12814],[4.640678,52.128273],[4.639948,52.129176],[4.639062,52.1306],[4.635143,52.130044],[4.631411,52.129607],[4.631119,52.129641],[4.630488,52.130635],[4.630588,52.130761],[4.632289,52.131222],[4.632592,52.131475],[4.63303,52.131469],[4.644424,52.134004],[4.645036,52.13408],[4.648177,52.134073],[4.648438,52.134155],[4.648593,52.135379],[4.648796,52.135506],[4.648736,52.135586],[4.648487,52.135612],[4.645687,52.14061],[4.64564,52.140816],[4.645771,52.140862],[4.645768,52.141006],[4.646452,52.141208],[4.64804,52.141415],[4.649146,52.141719],[4.649978,52.141733],[4.651275,52.141957],[4.654008,52.141848],[4.655619,52.141642],[4.65596,52.141312],[4.656251,52.140514],[4.656531,52.140372],[4.656866,52.140374],[4.658108,52.14484],[4.658776,52.148673],[4.656101,52.148782],[4.655778,52.148852],[4.655688,52.149004],[4.655844,52.150183],[4.655564,52.150316],[4.649187,52.150698],[4.649678,52.153695],[4.649927,52.154577],[4.650055,52.154749],[4.650187,52.154767],[4.651654,52.154426],[4.651996,52.154958],[4.652126,52.155004],[4.654077,52.154558],[4.654271,52.154334],[4.654858,52.154194],[4.655456,52.154234],[4.657246,52.153814],[4.657349,52.153724],[4.657037,52.153183],[4.658005,52.152973],[4.663054,52.152474],[4.662799,52.151106],[4.662569,52.150826],[4.662688,52.150719],[4.662979,52.150766],[4.664194,52.150665],[4.667884,52.150185],[4.668479,52.150395],[4.668919,52.151252],[4.669358,52.151191],[4.67365,52.150507],[4.67393,52.150383],[4.67529,52.150266],[4.676083,52.150064],[4.67645,52.14994],[4.677246,52.149477],[4.677797,52.148852],[4.677948,52.148529],[4.677833,52.148411],[4.677966,52.148313],[4.678141,52.148332],[4.678213,52.148432],[4.679757,52.148728],[4.681079,52.149159],[4.681523,52.148829],[4.682228,52.147692],[4.682457,52.143316],[4.682327,52.143261],[4.67888,52.143213],[4.677287,52.14324],[4.675576,52.143364],[4.674471,52.142108],[4.67261,52.137908],[4.672123,52.137276],[4.671228,52.136606],[4.670302,52.136097],[4.669828,52.135582],[4.669198,52.135686],[4.668731,52.135683],[4.666665,52.135176],[4.667116,52.13437],[4.668225,52.131734],[4.667949,52.131624],[4.667161,52.131584],[4.665544,52.131322],[4.666102,52.129348],[4.666076,52.129123],[4.664766,52.128845],[4.663847,52.128777],[4.661568,52.128799],[4.66158,52.128979],[4.65787,52.129019],[4.657911,52.129208],[4.657777,52.12936],[4.657528,52.129385],[4.65734,52.129276],[4.657273,52.128934],[4.657981,52.128498],[4.658727,52.127514],[4.658824,52.126921],[4.65868,52.126813],[4.658828,52.126706],[4.658818,52.126382],[4.658392,52.125651],[4.658649,52.124233],[4.6588,52.123928],[4.65861,52.123918],[4.658256,52.124176],[4.657914,52.124534],[4.657807,52.12483]]},"properties":{"line_id":"QBUZZ:z072","line_ref":"2","line_name":"Ringlijn Alphen a/d Rijn","agency_id":"QBUZZ","variant_id":"QBUZZ:z072|1578437"}},{"type":"Feature","geometry":{"type":"LineString","coordinates":[[4.657894,52.124839],[4.657878,52.124929],[4.658491,52.124987],[4.65874,52.124027],[4.659638,52.122684],[4.664398,52.118174],[4.665358,52.117506],[4.666138,52.117169],[4.666882,52.117183],[4.66739,52.117366],[4.667663,52.117664],[4.667689,52.117853],[4.667615,52.117915],[4.667221,52.117859],[4.666102,52.117564],[4.664927,52.117099],[4.664073,52.116599],[4.661608,52.114679],[4.659349,52.112615],[4.659088,52.112542],[4.659104,52.112425],[4.659324,52.112372],[4.659567,52.112689],[4.66167,52.114472],[4.661859,52.114491],[4.662446,52.114333],[4.662707,52.114443],[4.664696,52.116055],[4.664796,52.116181],[4.664763,52.116379],[4.664154,52.117058],[4.663222,52.117798],[4.66322,52.117915],[4.662867,52.118066],[4.662022,52.118852],[4.661294,52.119647],[4.661171,52.120015],[4.66067,52.120281],[4.66027,52.120665],[4.658964,52.121934],[4.658785,52.122166],[4.658797,52.122319],[4.658607,52.122354],[4.65834,52.122568],[4.656738,52.124095],[4.656209,52.12429],[4.654959,52.123976],[4.654128,52.124762],[4.654066,52.124968],[4.653905,52.125003],[4.652911,52.125968],[4.652744,52.126362],[4.652437,52.126369],[4.652308,52.126207],[4.652047,52.126115],[4.648672,52.125303],[4.648322,52.125274],[4.648309,52.125193],[4.649125,52.124389],[4.650084,52.123811],[4.649884,52.123549],[4.649379,52.123168],[4.64761,52.122411],[4.647028,52.122264],[4.64664,52.121902],[4.644344,52.120377],[4.644082,52.120304],[4.643767,52.119942],[4.642353,52.118936],[4.64212,52.118898],[4.642151,52.1188],[4.639668,52.117067],[4.639407,52.116967],[4.639318,52.117029],[4.639086,52.116965],[4.638822,52.117035],[4.637436,52.117826],[4.635366,52.119404],[4.633555,52.121136],[4.632623,52.121876],[4.630688,52.123149],[4.629568,52.12378],[4.629269,52.124173],[4.629306,52.124578],[4.63078,52.124642],[4.631347,52.124798],[4.634052,52.126325],[4.635241,52.126827],[4.640419,52.128029],[4.640756,52.128013],[4.6409,52.12814],[4.640678,52.128273],[4.639948,52.129176],[4.639062,52.1306],[4.635143,52.130044],[4.631411,52.129607],[4.631119,52.129641],[4.630488,52.130635],[4.630588,52.130761],[4.632289,52.131222],[4.632592,52.131475],[4.63303,52.131469],[4.644424,52.134004],[4.645036,52.13408],[4.648177,52.134073],[4.648438,52.134155],[4.648593,52.135379],[4.648796,52.135506],[4.648736,52.135586],[4.648487,52.135612],[4.645687,52.14061],[4.64564,52.140816],[4.645771,52.140862],[4.645768,52.141006],[4.646452,52.141208],[4.64804,52.141415],[4.649146,52.141719],[4.649978,52.141733],[4.651275,52.141957],[4.654008,52.141848],[4.655619,52.141642],[4.65596,52.141312],[4.656251,52.140514],[4.656531,52.140372],[4.656866,52.140374],[4.658108,52.14484],[4.658776,52.148673],[4.656101,52.148782],[4.655778,52.148852],[4.655688,52.149004],[4.655844,52.150183],[4.655564,52.150316],[4.649187,52.150698],[4.649678,52.153695],[4.649927,52.154577],[4.650055,52.154749],[4.650187,52.154767],[4.651654,52.154426],[4.651996,52.154958],[4.652126,52.155004],[4.654077,52.154558],[4.654271,52.154334],[4.654858,52.154194],[4.655456,52.154234],[4.657246,52.153814],[4.657349,52.153724],[4.657037,52.153183],[4.658005,52.152973],[4.663054,52.152474],[4.662799,52.151106],[4.662569,52.150826],[4.662688,52.150719],[4.662979,52.150766],[4.664194,52.150665],[4.667884,52.150185],[4.668479,52.150395],[4.668919,52.151252],[4.669358,52.151191],[4.67365,52.150507],[4.67393,52.150383],[4.67529,52.150266],[4.676083,52.150064],[4.67645,52.14994],[4.677246,52.149477],[4.677797,52.148852],[4.677948,52.148529],[4.677833,52.148411],[4.677966,52.148313],[4.678141,52.148332],[4.678213,52.148432],[4.679757,52.148728],[4.681079,52.149159],[4.681523,52.148829],[4.682228,52.147692],[4.682457,52.143316],[4.682327,52.143261],[4.67888,52.143213],[4.677287,52.14324],[4.675576,52.143364],[4.674471,52.142108],[4.67261,52.137908],[4.672123,52.137276],[4.671228,52.136606],[4.670302,52.136097],[4.669828,52.135582],[4.669198,52.135686],[4.668731,52.135683],[4.666665,52.135176],[4.667116,52.13437],[4.668225,52.131734],[4.667949,52.131624],[4.667161,52.131584],[4.665544,52.131322],[4.666102,52.129348],[4.666076,52.129123],[4.664766,52.128845],[4.663847,52.128777],[4.661568,52.128799],[4.66158,52.128979],[4.65787,52.129019],[4.657911,52.129208],[4.657777,52.12936],[4.657528,52.129385],[4.65734,52.129276],[4.657273,52.128934],[4.657981,52.128498],[4.658727,52.127514],[4.658824,52.126921],[4.65868,52.126813],[4.658828,52.126706],[4.658818,52.126382],[4.658392,52.125651],[4.658649,52.124233],[4.6588,52.123928],[4.65861,52.123918],[4.658256,52.124176],[4.657914,52.124534],[4.657807,52.12483]]},"properties":{"line_id":"QBUZZ:z072","line_ref":"2","line_name":"Ringlijn Alphen a/d Rijn","agency_id":"QBUZZ","variant_id":"QBUZZ:z072|1578438"}},{"type":"Feature","geometry":{"type":"LineString","coordinates":[[4.657894,52.124839],[4.657878,52.124929],[4.658491,52.124987],[4.65874,52.124027],[4.659638,52.122684],[4.664398,52.118174],[4.665358,52.117506],[4.666138,52.117169],[4.666882,52.117183],[4.66739,52.117366],[4.667663,52.117664],[4.667689,52.117853],[4.667615,52.117915],[4.667221,52.117859],[4.666102,52.117564],[4.664927,52.117099],[4.664073,52.116599],[4.661608,52.114679],[4.659349,52.112615],[4.659088,52.112542],[4.659104,52.112425],[4.659324,52.112372],[4.659567,52.112689],[4.66167,52.114472],[4.661859,52.114491],[4.662446,52.114333],[4.662707,52.114443],[4.664696,52.116055],[4.664796,52.116181],[4.664763,52.116379],[4.664154,52.117058],[4.663222,52.117798],[4.66322,52.117915],[4.662867,52.118066],[4.662022,52.118852],[4.661294,52.119647],[4.661171,52.120015],[4.66067,52.120281],[4.66027,52.120665],[4.658964,52.121934],[4.658785,52.122166],[4.658797,52.122319],[4.658607,52.122354],[4.65834,52.122568],[4.656738,52.124095],[4.656209,52.12429],[4.654959,52.123976],[4.654128,52.124762],[4.654066,52.124968],[4.653905,52.125003],[4.652911,52.125968],[4.652744,52.126362],[4.652437,52.126369],[4.652308,52.126207],[4.652047,52.126115],[4.648672,52.125303],[4.648322,52.125274],[4.648309,52.125193],[4.649125,52.124389],[4.650084,52.123811],[4.649884,52.123549],[4.649379,52.123168],[4.64761,52.122411],[4.647028,52.122264],[4.64664,52.121902],[4.644344,52.120377],[4.644082,52.120304],[4.643767,52.119942],[4.642353,52.118936],[4.64212,52.118898],[4.642151,52.1188],[4.639668,52.117067],[4.639407,52.116967],[4.639318,52.117029],[4.639086,52.116965],[4.638822,52.117035],[4.637436,52.117826],[4.635366,52.119404],[4.633555,52.121136],[4.632623,52.121876],[4.630688,52.123149],[4.629568,52.12378],[4.629269,52.124173],[4.629306,52.124578],[4.63078,52.124642],[4.631347,52.124798],[4.634052,52.126325],[4.635241,52.126827],[4.639648,52.127853],[4.640447,52.128128],[4.640533,52.128254],[4.639062,52.1306],[4.635143,52.130044],[4.631411,52.129607],[4.631119,52.129641],[4.630488,52.130635],[4.630588,52.130761],[4.632289,52.131222],[4.632592,52.131475],[4.63303,52.131469],[4.644424,52.134004],[4.645036,52.13408],[4.648177,52.134073],[4.648438,52.134155],[4.648593,52.135379],[4.648796,52.135506],[4.648736,52.135586],[4.648487,52.135612],[4.645687,52.14061],[4.64564,52.140816],[4.645771,52.140862],[4.645768,52.141006],[4.646452,52.141208],[4.64804,52.141415],[4.649146,52.141719],[4.649978,52.141733],[4.651275,52.141957],[4.654008,52.141848],[4.655619,52.141642],[4.65596,52.141312],[4.656251,52.140514],[4.656531,52.140372],[4.656866,52.140374],[4.658108,52.14484],[4.658776,52.148673],[4.656101,52.148782],[4.655778,52.148852],[4.655688,52.149004],[4.655844,52.150183],[4.655564,52.150316],[4.649187,52.150698],[4.649678,52.153695],[4.649927,52.154577],[4.650055,52.154749],[4.650187,52.154767],[4.651654,52.154426],[4.651996,52.154958],[4.652126,52.155004],[4.654077,52.154558],[4.654271,52.154334],[4.654858,52.154194],[4.655456,52.154234],[4.657246,52.153814],[4.657349,52.153724],[4.657037,52.153183],[4.658005,52.152973],[4.663054,52.152474],[4.662799,52.151106],[4.662569,52.150826],[4.662688,52.150719],[4.662979,52.150766],[4.664194,52.150665],[4.667884,52.150185],[4.668479,52.150395],[4.668919,52.151252],[4.669358,52.151191],[4.67365,52.150507],[4.67393,52.150383],[4.67529,52.150266],[4.676083,52.150064],[4.67645,52.14994],[4.677246,52.149477],[4.677797,52.148852],[4.677948,52.148529],[4.677833,52.148411],[4.677966,52.148313],[4.678141,52.148332],[4.678213,52.148432],[4.679757,52.148728],[4.681079,52.149159],[4.681523,52.148829],[4.682228,52.147692],[4.682457,52.143316],[4.682327,52.143261],[4.67888,52.143213],[4.677287,52.14324],[4.675576,52.143364],[4.674471,52.142108],[4.67261,52.137908],[4.672123,52.137276],[4.671228,52.136606],[4.670302,52.136097],[4.669828,52.135582],[4.669198,52.135686],[4.668731,52.135683],[4.666665,52.135176],[4.667116,52.13437],[4.668225,52.131734],[4.667949,52.131624],[4.667161,52.131584],[4.665544,52.131322],[4.666102,52.129348],[4.666076,52.129123],[4.664766,52.128845],[4.663847,52.128777],[4.661568,52.128799],[4.66158,52.128979],[4.65787,52.129019],[4.657911,52.129208],[4.657777,52.12936],[4.657528,52.129385],[4.65734,52.129276],[4.657273,52.128934],[4.657981,52.128498],[4.658727,52.127514],[4.658824,52.126921],[4.65868,52.126813],[4.658828,52.126706],[4.658818,52.126382],[4.658392,52.125651],[4.658649,52.124233],[4.6588,52.123928],[4.65861,52.123918],[4.658256,52.124176],[4.657914,52.124534],[4.657807,52.12483]]},"properties":{"line_id":"QBUZZ:z072","line_ref":"2","line_name":"Ringlijn Alphen a/d Rijn","agency_id":"QBUZZ","variant_id":"QBUZZ:z072|1654970"}},{"type":"Feature","geometry":{"type":"LineString","coordinates":[[4.516346,52.215407],[4.516507,52.215373],[4.516696,52.215455],[4.516575,52.215652],[4.515673,52.215402],[4.514457,52.214737],[4.511796,52.213855],[4.510369,52.213485],[4.507786,52.212414],[4.506346,52.213482],[4.506154,52.213543],[4.505758,52.213612],[4.505218,52.213545],[4.504997,52.213606],[4.50481,52.213452],[4.504489,52.213378],[4.504049,52.213455],[4.502543,52.214846],[4.502352,52.214917],[4.500118,52.213165],[4.498819,52.212293],[4.497373,52.211437],[4.497169,52.211372],[4.496919,52.211451],[4.496744,52.211405],[4.495201,52.212463],[4.494307,52.213274],[4.493633,52.214051],[4.493243,52.215262],[4.492216,52.216108],[4.492227,52.216315],[4.491919,52.216321],[4.491801,52.216392],[4.491352,52.216874],[4.491419,52.217207],[4.49254,52.218933],[4.491887,52.220869],[4.490298,52.221999],[4.490149,52.222851],[4.488974,52.223777],[4.488711,52.223757],[4.488075,52.223366],[4.487783,52.223319],[4.487607,52.223371],[4.486628,52.223993],[4.486475,52.224306],[4.485975,52.224428],[4.485056,52.225006],[4.484887,52.225418],[4.484159,52.225952],[4.483586,52.227493],[4.483669,52.227737],[4.484378,52.228137],[4.484801,52.228213],[4.485177,52.228413],[4.487229,52.229741],[4.487949,52.230322],[4.48859,52.231217],[4.491237,52.232792],[4.4916,52.232938],[4.491835,52.232922],[4.492115,52.232789],[4.494015,52.231518],[4.494212,52.231151],[4.494447,52.231144],[4.494473,52.231297],[4.497022,52.232638],[4.498707,52.233298],[4.500159,52.234639],[4.500708,52.235002],[4.50555,52.237402],[4.506593,52.237977],[4.50688,52.238248],[4.506717,52.238382],[4.50644,52.238317],[4.505809,52.238393],[4.505055,52.238756],[4.496809,52.244024],[4.495309,52.245091],[4.490887,52.247269],[4.490707,52.247474],[4.49079,52.247745],[4.491549,52.248586],[4.493884,52.250438],[4.494452,52.250604],[4.494435,52.25073],[4.494258,52.250755],[4.49402,52.250951],[4.492482,52.251703],[4.492376,52.251873],[4.492416,52.252071],[4.49492,52.253546],[4.497447,52.255327],[4.499524,52.256952],[4.4997,52.256944],[4.49983,52.257044],[4.49971,52.257169],[4.499505,52.257149],[4.498439,52.257735],[4.495321,52.259131],[4.49122,52.261257],[4.491014,52.261319],[4.490518,52.261216],[4.489732,52.261695],[4.491316,52.263775],[4.492238,52.263818],[4.493559,52.263702],[4.495751,52.263961],[4.496348,52.264127],[4.497409,52.264576]]},"properties":{"line_id":"QBUZZ:z090","line_ref":"90","line_name":"Sassenheim - Noordwijkerhout - Wassenaar","agency_id":"QBUZZ","variant_id":"QBUZZ:z090|1625012"}},{"type":"Feature","geometry":{"type":"LineString","coordinates":[[4.516346,52.215407],[4.516507,52.215373],[4.516696,52.215455],[4.516575,52.215652],[4.515673,52.215402],[4.514457,52.214737],[4.511796,52.213855],[4.510369,52.213485],[4.507786,52.212414],[4.506346,52.213482],[4.506154,52.213543],[4.505758,52.213612],[4.505218,52.213545],[4.504997,52.213606],[4.50481,52.213452],[4.504489,52.213378],[4.504049,52.213455],[4.502543,52.214846],[4.502352,52.214917],[4.500118,52.213165],[4.498819,52.212293],[4.497373,52.211437],[4.497169,52.211372],[4.496919,52.211451],[4.496744,52.211405],[4.495201,52.212463],[4.494307,52.213274],[4.493633,52.214051],[4.493243,52.215262],[4.492216,52.216108],[4.492227,52.216315],[4.491919,52.216321],[4.491801,52.216392],[4.491352,52.216874],[4.491419,52.217207],[4.49254,52.218933],[4.491887,52.220869],[4.490298,52.221999],[4.490149,52.222851],[4.488974,52.223777],[4.488711,52.223757],[4.488075,52.223366],[4.487783,52.223319],[4.487607,52.223371],[4.486628,52.223993],[4.486475,52.224306],[4.485975,52.224428],[4.485056,52.225006],[4.484887,52.225418],[4.484159,52.225952],[4.483586,52.227493],[4.483669,52.227737],[4.484378,52.228137],[4.484801,52.228213],[4.485177,52.228413],[4.487229,52.229741],[4.487949,52.230322],[4.48859,52.231217],[4.491237,52.232792],[4.4916,52.232938],[4.491835,52.232922],[4.492115,52.232789],[4.494015,52.231518],[4.494212,52.231151],[4.494447,52.231144],[4.494473,52.231297],[4.497022,52.232638],[4.498707,52.233298],[4.500159,52.234639],[4.500708,52.235002],[4.50555,52.237402],[4.506593,52.237977],[4.50688,52.238248],[4.506717,52.238382],[4.50644,52.238317],[4.505809,52.238393],[4.505055,52.238756],[4.496809,52.244024],[4.495309,52.245091],[4.490887,52.247269],[4.490707,52.247474],[4.49079,52.247745],[4.491549,52.248586],[4.493884,52.250438],[4.494452,52.250604],[4.494435,52.25073],[4.494258,52.250755],[4.49402,52.250951],[4.492482,52.251703],[4.492376,52.251873],[4.492416,52.252071],[4.49492,52.253546],[4.497447,52.255327],[4.499524,52.256952],[4.4997,52.256944],[4.49983,52.257044],[4.49971,52.257169],[4.499505,52.257149],[4.498439,52.257735],[4.495321,52.259131],[4.49122,52.261257],[4.491014,52.261319],[4.490518,52.261216],[4.489732,52.261695],[4.491316,52.263775],[4.492238,52.263818],[4.493559,52.263702],[4.495751,52.263961],[4.496348,52.264127],[4.498889,52.265288],[4.500489,52.266594],[4.500845,52.267082],[4.501189,52.2682],[4.500469,52.268347],[4.495846,52.270209],[4.495346,52.270286],[4.495213,52.270357],[4.495149,52.270608],[4.496732,52.272786],[4.497796,52.274502],[4.498599,52.275389],[4.499898,52.276396],[4.500055,52.276577],[4.500093,52.276892],[4.499897,52.277196],[4.499659,52.277356],[4.495795,52.279304],[4.494289,52.279877],[4.493625,52.280097],[4.492007,52.280426],[4.48911,52.280908],[4.487486,52.281497],[4.486981,52.281817],[4.486794,52.2824],[4.486493,52.282793],[4.485364,52.283513],[4.484613,52.282959],[4.483364,52.2817],[4.477469,52.277565],[4.475468,52.275806],[4.474847,52.275387],[4.472641,52.274373],[4.469243,52.272135],[4.468673,52.271394],[4.467223,52.269935],[4.467256,52.269765],[4.467567,52.269579],[4.465389,52.267944],[4.463404,52.266868],[4.459985,52.264324],[4.458699,52.263496],[4.457642,52.262886],[4.455595,52.262016],[4.453762,52.260716],[4.452514,52.259457],[4.452116,52.258887],[4.452097,52.258393],[4.453207,52.255759],[4.453217,52.255265],[4.452954,52.254525],[4.45245,52.253443],[4.452023,52.252837],[4.451606,52.252465],[4.450059,52.251527],[4.449319,52.250515],[4.449067,52.249938],[4.448849,52.249873],[4.448716,52.249917],[4.445822,52.251044],[4.443927,52.251317],[4.441139,52.252274],[4.440816,52.252308],[4.440407,52.252241],[4.440089,52.252059],[4.439735,52.251463],[4.438093,52.250191],[4.437443,52.249764],[4.436109,52.249142],[4.435114,52.248415],[4.433984,52.247183],[4.432616,52.246085],[4.43182,52.244982],[4.429339,52.243209],[4.429404,52.242913],[4.430409,52.241806],[4.431773,52.241026],[4.432866,52.239903],[4.432959,52.239643],[4.432856,52.238995],[4.434016,52.238159],[4.434763,52.236754],[4.437294,52.234123],[4.437627,52.233613],[4.437527,52.233469],[4.437705,52.233389],[4.437861,52.232932],[4.438266,52.232477],[4.439617,52.231562],[4.44166,52.229826],[4.441619,52.229672],[4.441839,52.229638],[4.442287,52.229246],[4.444366,52.227843],[4.444413,52.227681],[4.44317,52.225559],[4.442768,52.224495],[4.442177,52.223394],[4.44102,52.222037],[4.440556,52.221817],[4.44038,52.221843],[4.440178,52.221724],[4.439638,52.221657],[4.438359,52.221215],[4.432996,52.218808],[4.432577,52.218553],[4.430264,52.217914],[4.427402,52.216911],[4.426766,52.216564],[4.426051,52.21646],[4.42332,52.215557],[4.422827,52.215319],[4.422313,52.214748],[4.422248,52.214343],[4.422359,52.213958],[4.423275,52.212896],[4.42517,52.211203],[4.425247,52.210988],[4.424879,52.210446],[4.422826,52.208631],[4.42263,52.208216],[4.422287,52.207836],[4.420595,52.206258],[4.418006,52.206893],[4.409473,52.209699],[4.409093,52.209705],[4.408729,52.209594],[4.407357,52.208783],[4.406824,52.208428],[4.405734,52.207403],[4.405416,52.20723],[4.405168,52.207228],[4.404637,52.207385],[4.399108,52.209325],[4.398181,52.209542],[4.397702,52.209376],[4.39668,52.207984],[4.394569,52.205539],[4.393677,52.204848],[4.393569,52.204443],[4.392127,52.202876],[4.391733,52.202135],[4.390595,52.200706],[4.390847,52.200564],[4.390879,52.200447],[4.391189,52.200324],[4.392056,52.200152],[4.39261,52.198925],[4.393568,52.197297],[4.393516,52.196991],[4.393679,52.196894],[4.394,52.196923],[4.394098,52.19714],[4.394487,52.197386],[4.398139,52.198926],[4.401379,52.199942],[4.402138,52.199976],[4.402638,52.199899],[4.404578,52.199457],[4.405991,52.199055],[4.406066,52.198966],[4.406271,52.198967],[4.406282,52.199138],[4.406948,52.200141],[4.40732,52.201178],[4.407762,52.201676],[4.408194,52.201976],[4.408399,52.202005],[4.413379,52.200374],[4.41475,52.199864],[4.4149,52.199713],[4.415945,52.199416],[4.418939,52.19829],[4.41906,52.198102],[4.418977,52.197877],[4.419107,52.197312],[4.419113,52.195676],[4.420179,52.191703],[4.420128,52.19066],[4.419727,52.189623],[4.418621,52.188706],[4.418208,52.188199],[4.417972,52.187622],[4.418027,52.187083],[4.417356,52.187005],[4.416794,52.186641],[4.416517,52.186576],[4.416462,52.186405],[4.413394,52.184294],[4.410826,52.182664],[4.409149,52.181122],[4.406947,52.179549],[4.405717,52.178316],[4.404154,52.176236],[4.402461,52.174793],[4.400416,52.172735],[4.400165,52.172185],[4.40034,52.171521],[4.400759,52.171093],[4.4025,52.169723],[4.402984,52.168981],[4.403059,52.168236],[4.402922,52.167821],[4.402509,52.167288],[4.399547,52.164423],[4.398657,52.163714],[4.39398,52.161077],[4.393572,52.16102],[4.393457,52.160929],[4.393489,52.160794],[4.391286,52.159293],[4.390526,52.158639],[4.389727,52.157778],[4.388399,52.155745],[4.387999,52.15531],[4.387306,52.154935],[4.385651,52.154445],[4.385185,52.154396],[4.384949,52.154484],[4.384718,52.154383],[4.385056,52.153631],[4.386627,52.152008],[4.390673,52.148789],[4.3904,52.148589],[4.389178,52.147023],[4.388896,52.145951],[4.388089,52.146106],[4.388314,52.146468]]},"properties":{"line_id":"QBUZZ:z090","line_ref":"90","line_name":"Sassenheim - Noordwijkerhout - Wassenaar","agency_id":"QBUZZ","variant_id":"QBUZZ:z090|1625013"}},{"type":"Feature","geometry":{"type":"LineString","coordinates":[[4.497438,52.264594],[4.496348,52.264127],[4.495751,52.263961],[4.493559,52.263702],[4.492238,52.263818],[4.491316,52.263775],[4.489732,52.261695],[4.490518,52.261216],[4.491014,52.261319],[4.49122,52.261257],[4.495321,52.259131],[4.498439,52.257735],[4.499505,52.257149],[4.499434,52.257059],[4.499524,52.256952],[4.497447,52.255327],[4.494963,52.253574],[4.492358,52.252035],[4.492364,52.251747],[4.493887,52.251013],[4.494171,52.250728],[4.494144,52.250628],[4.491549,52.248586],[4.49089,52.247871],[4.49038,52.247697],[4.490281,52.247543],[4.491966,52.246783],[4.495309,52.245091],[4.496809,52.244024],[4.505055,52.238756],[4.505809,52.238393],[4.506427,52.238227],[4.506546,52.238129],[4.506535,52.237949],[4.500708,52.235002],[4.500159,52.234639],[4.498924,52.233434],[4.498577,52.233225],[4.497022,52.232638],[4.494473,52.231297],[4.494282,52.231323],[4.492115,52.232789],[4.491889,52.233138],[4.491567,52.233136],[4.49154,52.23301],[4.491237,52.232792],[4.48866,52.23137],[4.487949,52.230322],[4.486203,52.229086],[4.485177,52.228413],[4.484801,52.228213],[4.484378,52.228137],[4.483669,52.227737],[4.483586,52.227493],[4.484159,52.225952],[4.484947,52.225346],[4.485056,52.225006],[4.485975,52.224428],[4.48611,52.224286],[4.486098,52.224133],[4.486628,52.223993],[4.487623,52.2233],[4.487916,52.223275],[4.488626,52.22364],[4.488976,52.223678],[4.490074,52.22295],[4.490195,52.222762],[4.490298,52.221999],[4.491887,52.220869],[4.49254,52.218933],[4.491419,52.217207],[4.491352,52.216874],[4.491919,52.216321],[4.491834,52.216222],[4.491909,52.216114],[4.492216,52.216108],[4.493243,52.215262],[4.493633,52.214051],[4.493844,52.213756],[4.495023,52.212606],[4.496699,52.21145],[4.496778,52.211163],[4.4971,52.211174],[4.497169,52.211372],[4.497517,52.211519],[4.497607,52.211439],[4.497517,52.211519],[4.500017,52.213093],[4.502352,52.214917],[4.502543,52.214846],[4.504139,52.213357],[4.504359,52.213305],[4.504855,52.213372],[4.505149,52.213338],[4.505278,52.213456],[4.50507,52.213607],[4.504809,52.213497],[4.504988,52.213328],[4.505584,52.21353],[4.506479,52.213375],[4.507786,52.212414],[4.510369,52.213485],[4.511796,52.213855],[4.514631,52.214802],[4.515774,52.215439],[4.515978,52.215495],[4.516346,52.215407]]},"properties":{"line_id":"QBUZZ:z090","line_ref":"90","line_name":"Sassenheim - Noordwijkerhout - Wassenaar","agency_id":"QBUZZ","variant_id":"QBUZZ:z090|1625014"}},{"type":"Feature","geometry":{"type":"LineString","coordinates":[[4.388314,52.146468],[4.388512,52.146748],[4.389086,52.146573],[4.389237,52.147015],[4.390488,52.148554],[4.390747,52.148745],[4.386627,52.152008],[4.385056,52.153631],[4.384947,52.153909],[4.385,52.15417],[4.385216,52.154315],[4.386089,52.154476],[4.387366,52.154882],[4.388073,52.155275],[4.388501,52.155737],[4.38987,52.157923],[4.391286,52.159293],[4.39261,52.160212],[4.393578,52.160741],[4.393884,52.160762],[4.393938,52.16096],[4.394975,52.161652],[4.39398,52.161077],[4.393528,52.160992],[4.393489,52.160794],[4.391286,52.159293],[4.390526,52.158639],[4.389727,52.157778],[4.389089,52.156892],[4.389163,52.156875],[4.390269,52.158367],[4.391286,52.159293],[4.39261,52.160212],[4.393578,52.160741],[4.393884,52.160762],[4.393938,52.16096],[4.394975,52.161652],[4.398657,52.163714],[4.399547,52.164423],[4.402509,52.167288],[4.402922,52.167821],[4.403059,52.168236],[4.402984,52.168981],[4.4025,52.169723],[4.400759,52.171093],[4.40034,52.171521],[4.400165,52.172185],[4.400416,52.172735],[4.402461,52.174793],[4.404154,52.176236],[4.406344,52.179023],[4.406947,52.179549],[4.409149,52.181122],[4.410826,52.182664],[4.413394,52.184294],[4.415684,52.185877],[4.416308,52.186107],[4.416611,52.186307],[4.416946,52.186373],[4.417028,52.186616],[4.417417,52.186889],[4.418247,52.187049],[4.418206,52.187606],[4.418398,52.188174],[4.418711,52.188599],[4.420161,52.189815],[4.420509,52.190663],[4.420355,52.191677],[4.419357,52.195219],[4.419571,52.196812],[4.419836,52.197416],[4.42025,52.197869],[4.415857,52.199442],[4.41525,52.199743],[4.414997,52.199974],[4.414733,52.199972],[4.413187,52.200436],[4.40853,52.202033],[4.408248,52.202202],[4.408074,52.202128],[4.408091,52.202012],[4.40732,52.201178],[4.406835,52.199934],[4.406194,52.199164],[4.405902,52.199126],[4.402447,52.199933],[4.401379,52.199942],[4.398139,52.198926],[4.394545,52.197395],[4.394008,52.19722],[4.393744,52.197254],[4.393445,52.197548],[4.392686,52.198782],[4.392056,52.200152],[4.390595,52.200706],[4.391733,52.202135],[4.392127,52.202876],[4.393569,52.204443],[4.393677,52.204848],[4.394569,52.205539],[4.39668,52.207984],[4.397702,52.209376],[4.398181,52.209542],[4.398578,52.209492],[4.401437,52.208527],[4.405168,52.207228],[4.405244,52.207102],[4.40539,52.207113],[4.405416,52.20723],[4.405734,52.207403],[4.406824,52.208428],[4.407357,52.208783],[4.408774,52.20955],[4.409401,52.209645],[4.41758,52.206953],[4.420656,52.206115],[4.421656,52.207256],[4.423119,52.208607],[4.423358,52.209058],[4.425121,52.210745],[4.425612,52.211036],[4.424513,52.211809],[4.423275,52.212896],[4.422539,52.213744],[4.422406,52.214506],[4.422816,52.215175],[4.423668,52.215667],[4.426051,52.21646],[4.426753,52.216501],[4.426887,52.216395],[4.427091,52.216405],[4.427202,52.216703],[4.427606,52.216976],[4.430264,52.217914],[4.431966,52.218395],[4.432302,52.218389],[4.432568,52.218301],[4.432996,52.218808],[4.438359,52.221215],[4.439478,52.221602],[4.440209,52.221635],[4.440459,52.221565],[4.440633,52.221656],[4.440631,52.221755],[4.440877,52.221892],[4.441679,52.222725],[4.442177,52.223394],[4.44423,52.227356],[4.444516,52.227655],[4.444735,52.227684],[4.444806,52.227792],[4.444671,52.227917],[4.444334,52.227959],[4.442878,52.228954],[4.441926,52.229684],[4.441909,52.229819],[4.441718,52.229853],[4.439617,52.231562],[4.438637,52.232219],[4.437977,52.23296],[4.437807,52.233408],[4.437861,52.233579],[4.437627,52.233613],[4.437294,52.234123],[4.434763,52.236754],[4.434348,52.237668],[4.433941,52.238249],[4.432856,52.238995],[4.432942,52.239742],[4.432071,52.240795],[4.43193,52.241189],[4.431179,52.241399],[4.430467,52.241843],[4.429404,52.242913],[4.429339,52.243209],[4.43182,52.244982],[4.432616,52.246085],[4.433984,52.247183],[4.435114,52.248415],[4.436109,52.249142],[4.437443,52.249764],[4.438093,52.250191],[4.439735,52.251463],[4.440089,52.252059],[4.440407,52.252241],[4.440816,52.252308],[4.441139,52.252274],[4.443927,52.251317],[4.445822,52.251044],[4.448849,52.249873],[4.448925,52.249712],[4.449159,52.249732],[4.4492,52.249867],[4.449067,52.249938],[4.44922,52.250334],[4.449815,52.251265],[4.450405,52.251782],[4.451606,52.252465],[4.452023,52.252837],[4.45245,52.253443],[4.452954,52.254525],[4.453217,52.255265],[4.453207,52.255759],[4.452097,52.258393],[4.452116,52.258887],[4.452514,52.259457],[4.453762,52.260716],[4.455595,52.262016],[4.457642,52.262886],[4.458699,52.263496],[4.460029,52.264351],[4.463404,52.266868],[4.465158,52.267789],[4.46673,52.268979],[4.467627,52.269534],[4.467256,52.269765],[4.467223,52.269935],[4.468672,52.271403],[4.469243,52.272135],[4.472641,52.274373],[4.474847,52.275387],[4.475468,52.275806],[4.477469,52.277565],[4.483364,52.2817],[4.484613,52.282959],[4.485364,52.283513],[4.486493,52.282793],[4.486794,52.2824],[4.486981,52.281817],[4.487486,52.281497],[4.48911,52.280908],[4.493625,52.280097],[4.495411,52.279463],[4.499659,52.277356],[4.500017,52.277053],[4.50011,52.276775],[4.499898,52.276396],[4.498599,52.275389],[4.497796,52.274502],[4.496732,52.272786],[4.495163,52.270662],[4.495141,52.270275],[4.495245,52.270222],[4.495551,52.270287],[4.495846,52.270209],[4.500839,52.268143],[4.501036,52.267812],[4.500845,52.267082],[4.500489,52.266594],[4.498889,52.265288],[4.496348,52.264127],[4.495751,52.263961],[4.493559,52.263702],[4.492238,52.263818],[4.491316,52.263775],[4.489732,52.261695],[4.490518,52.261216],[4.491014,52.261319],[4.49122,52.261257],[4.495321,52.259131],[4.498439,52.257735],[4.499505,52.257149],[4.499434,52.257059],[4.499524,52.256952],[4.497447,52.255327],[4.494963,52.253574],[4.492358,52.252035],[4.492364,52.251747],[4.493887,52.251013],[4.494171,52.250728],[4.494144,52.250628],[4.491549,52.248586],[4.49089,52.247871],[4.49038,52.247697],[4.490281,52.247543],[4.491966,52.246783],[4.495309,52.245091],[4.496809,52.244024],[4.505055,52.238756],[4.505809,52.238393],[4.506427,52.238227],[4.506548,52.238048],[4.506535,52.237949],[4.50555,52.237402],[4.500419,52.234829],[4.498924,52.233434],[4.498577,52.233225],[4.497022,52.232638],[4.494473,52.231297],[4.494282,52.231323],[4.492115,52.232789],[4.491889,52.233138],[4.491567,52.233136],[4.49154,52.23301],[4.491237,52.232792],[4.48866,52.23137],[4.487949,52.230322],[4.486203,52.229086],[4.485177,52.228413],[4.484801,52.228213],[4.484378,52.228137],[4.483669,52.227737],[4.483586,52.227493],[4.484159,52.225952],[4.484947,52.225346],[4.485056,52.225006],[4.485975,52.224428],[4.48611,52.224286],[4.486098,52.224133],[4.486628,52.223993],[4.487623,52.2233],[4.487916,52.223275],[4.488626,52.22364],[4.488976,52.223678],[4.490074,52.22295],[4.490195,52.222762],[4.490298,52.221999],[4.491887,52.220869],[4.49254,52.218933],[4.491419,52.217207],[4.491352,52.216874],[4.491919,52.216321],[4.491834,52.216222],[4.491909,52.216114],[4.492216,52.216108],[4.493243,52.215262],[4.493633,52.214051],[4.493844,52.213756],[4.495023,52.212606],[4.496699,52.21145],[4.496778,52.211163],[4.4971,52.211174],[4.497169,52.211372],[4.497517,52.211519],[4.497607,52.211439],[4.497517,52.211519],[4.500017,52.213093],[4.502352,52.214917],[4.502543,52.214846],[4.504139,52.213357],[4.504359,52.213305],[4.504855,52.213372],[4.505149,52.213338],[4.505278,52.213456],[4.50507,52.213607],[4.504809,52.213497],[4.504988,52.213328],[4.505584,52.21353],[4.506479,52.213375],[4.507786,52.212414],[4.510369,52.213485],[4.511796,52.213855],[4.514631,52.214802],[4.515774,52.215439],[4.515978,52.215495],[4.516346,52.215407]]},"properties":{"line_id":"QBUZZ:z090","line_ref":"90","line_name":"Sassenheim - Noordwijkerhout - Wassenaar","agency_id":"QBUZZ","variant_id":"QBUZZ:z090|1625015"}},{"type":"Feature","geometry":{"type":"LineString","coordinates":[[4.497409,52.264576],[4.498889,52.265288],[4.500489,52.266594],[4.500845,52.267082],[4.501219,52.268164],[4.500469,52.268347],[4.495846,52.270209],[4.495346,52.270286],[4.495213,52.270357],[4.495149,52.270608],[4.496732,52.272786],[4.498111,52.2749],[4.49929,52.275996],[4.500055,52.276577],[4.500017,52.277053],[4.499659,52.277356],[4.495795,52.279304],[4.494289,52.279877],[4.493625,52.280097],[4.492007,52.280426],[4.48911,52.280908],[4.487486,52.281497],[4.486981,52.281817],[4.486794,52.2824],[4.486493,52.282793],[4.485364,52.283513],[4.484613,52.282959],[4.483364,52.2817],[4.477469,52.277565],[4.475468,52.275806],[4.474847,52.275387],[4.472641,52.274373],[4.469243,52.272135],[4.468673,52.271394],[4.467223,52.269935],[4.467256,52.269765],[4.467567,52.269579],[4.465389,52.267944],[4.463404,52.266868],[4.459985,52.264324],[4.458699,52.263496],[4.457642,52.262886],[4.455595,52.262016],[4.453762,52.260716],[4.452514,52.259457],[4.452116,52.258887],[4.452097,52.258393],[4.453207,52.255759],[4.453217,52.255265],[4.452954,52.254525],[4.45245,52.253443],[4.452023,52.252837],[4.451606,52.252465],[4.450059,52.251527],[4.449319,52.250515],[4.449067,52.249938],[4.448849,52.249873],[4.448716,52.249917],[4.445822,52.251044],[4.443927,52.251317],[4.441139,52.252274],[4.440816,52.252308],[4.440407,52.252241],[4.440089,52.252059],[4.439735,52.251463],[4.438093,52.250191],[4.437443,52.249764],[4.436109,52.249142],[4.435114,52.248415],[4.433984,52.247183],[4.432616,52.246085],[4.43182,52.244982],[4.429339,52.243209],[4.429404,52.242913],[4.430409,52.241806],[4.431773,52.241026],[4.432866,52.239903],[4.432959,52.239643],[4.432856,52.238995],[4.434016,52.238159],[4.434763,52.236754],[4.437294,52.234123],[4.437627,52.233613],[4.437527,52.233469],[4.437705,52.233389],[4.437861,52.232932],[4.438266,52.232477],[4.439617,52.231562],[4.44166,52.229826],[4.441619,52.229672],[4.441839,52.229638],[4.442287,52.229246],[4.444366,52.227843],[4.444413,52.227681],[4.44317,52.225559],[4.442768,52.224495],[4.442177,52.223394],[4.44102,52.222037],[4.440556,52.221817],[4.44038,52.221843],[4.440178,52.221724],[4.439638,52.221657],[4.438359,52.221215],[4.432996,52.218808],[4.432577,52.218553],[4.430264,52.217914],[4.427402,52.216911],[4.426766,52.216564],[4.426051,52.21646],[4.42332,52.215557],[4.422827,52.215319],[4.422313,52.214748],[4.422248,52.214343],[4.422359,52.213958],[4.423275,52.212896],[4.42517,52.211203],[4.425247,52.210988],[4.424879,52.210446],[4.422826,52.208631],[4.42263,52.208216],[4.422287,52.207836],[4.420595,52.206258],[4.418006,52.206893],[4.409473,52.209699],[4.409093,52.209705],[4.408729,52.209594],[4.407357,52.208783],[4.406824,52.208428],[4.405734,52.207403],[4.405416,52.20723],[4.405168,52.207228],[4.404637,52.207385],[4.39871,52.209457],[4.398181,52.209542],[4.397702,52.209376],[4.39668,52.207984],[4.394569,52.205539],[4.393677,52.204848],[4.393569,52.204443],[4.392127,52.202876],[4.391733,52.202135],[4.390595,52.200706],[4.390847,52.200564],[4.390879,52.200447],[4.391189,52.200324],[4.392056,52.200152],[4.39261,52.198925],[4.393568,52.197297],[4.393516,52.196991],[4.393679,52.196894],[4.394,52.196923],[4.394098,52.19714],[4.394487,52.197386],[4.398139,52.198926],[4.401379,52.199942],[4.402138,52.199976],[4.402638,52.199899],[4.404578,52.199457],[4.405991,52.199055],[4.406066,52.198966],[4.406271,52.198967],[4.406282,52.199138],[4.406948,52.200141],[4.40732,52.201178],[4.407762,52.201676],[4.408194,52.201976],[4.408399,52.202005],[4.413379,52.200374],[4.41475,52.199864],[4.4149,52.199713],[4.415945,52.199416],[4.418939,52.19829],[4.41906,52.198102],[4.418977,52.197877],[4.419107,52.197312],[4.419113,52.195676],[4.420179,52.191703],[4.420128,52.19066],[4.419727,52.189623],[4.418621,52.188706],[4.418208,52.188199],[4.417972,52.187622],[4.418027,52.187083],[4.417356,52.187005],[4.416794,52.186641],[4.416517,52.186576],[4.416462,52.186405],[4.413394,52.184294],[4.410826,52.182664],[4.409149,52.181122],[4.406947,52.179549],[4.405717,52.178316],[4.404154,52.176236],[4.402461,52.174793],[4.400416,52.172735],[4.400165,52.172185],[4.40034,52.171521],[4.400759,52.171093],[4.4025,52.169723],[4.402984,52.168981],[4.403059,52.168236],[4.402922,52.167821],[4.402509,52.167288],[4.399547,52.164423],[4.398657,52.163714],[4.39398,52.161077],[4.393572,52.16102],[4.393457,52.160929],[4.393489,52.160794],[4.391286,52.159293],[4.390526,52.158639],[4.389727,52.157778],[4.388399,52.155745],[4.387999,52.15531],[4.387306,52.154935],[4.385651,52.154445],[4.385185,52.154396],[4.384949,52.154484],[4.384718,52.154383],[4.385056,52.153631],[4.386627,52.152008],[4.390673,52.148789],[4.3904,52.148589],[4.389178,52.147023],[4.388896,52.145951],[4.388089,52.146106],[4.388314,52.146468]]},"properties":{"line_id":"QBUZZ:z090","line_ref":"90","line_name":"Sassenheim - Noordwijkerhout - Wassenaar","agency_id":"QBUZZ","variant_id":"QBUZZ:z090|1625016"}},{"type":"Feature","geometry":{"type":"LineString","coordinates":[[4.516346,52.215407],[4.516507,52.215373],[4.516696,52.215455],[4.516575,52.215652],[4.515673,52.215402],[4.514457,52.214737],[4.511796,52.213855],[4.510369,52.213485],[4.507786,52.212414],[4.506346,52.213482],[4.506154,52.213543],[4.505758,52.213612],[4.505218,52.213545],[4.504997,52.213606],[4.50481,52.213452],[4.504489,52.213378],[4.504049,52.213455],[4.502543,52.214846],[4.502352,52.214917],[4.500118,52.213165],[4.498819,52.212293],[4.497373,52.211437],[4.497169,52.211372],[4.496919,52.211451],[4.496744,52.211405],[4.495201,52.212463],[4.494307,52.213274],[4.493633,52.214051],[4.493243,52.215262],[4.492216,52.216108],[4.492227,52.216315],[4.491919,52.216321],[4.491801,52.216392],[4.491352,52.216874],[4.491419,52.217207],[4.49254,52.218933],[4.491887,52.220869],[4.490298,52.221999],[4.490149,52.222851],[4.488974,52.223777],[4.488711,52.223757],[4.488075,52.223366],[4.487783,52.223319],[4.487607,52.223371],[4.486628,52.223993],[4.486475,52.224306],[4.485975,52.224428],[4.485056,52.225006],[4.484887,52.225418],[4.484159,52.225952],[4.483586,52.227493],[4.483669,52.227737],[4.484378,52.228137],[4.484801,52.228213],[4.485177,52.228413],[4.487229,52.229741],[4.487949,52.230322],[4.48859,52.231217],[4.491237,52.232792],[4.4916,52.232938],[4.491835,52.232922],[4.492115,52.232789],[4.494015,52.231518],[4.494212,52.231151],[4.494447,52.231144],[4.494473,52.231297],[4.497022,52.232638],[4.498707,52.233298],[4.500159,52.234639],[4.500708,52.235002],[4.50555,52.237402],[4.506593,52.237977],[4.50688,52.238248],[4.506717,52.238382],[4.50644,52.238317],[4.505809,52.238393],[4.505055,52.238756],[4.496809,52.244024],[4.495309,52.245091],[4.490887,52.247269],[4.490707,52.247474],[4.49079,52.247745],[4.491549,52.248586],[4.493884,52.250438],[4.494452,52.250604],[4.494435,52.25073],[4.494258,52.250755],[4.49402,52.250951],[4.492482,52.251703],[4.492376,52.251873],[4.492416,52.252071],[4.49492,52.253546],[4.497447,52.255327],[4.499524,52.256952],[4.4997,52.256944],[4.49983,52.257044],[4.49971,52.257169],[4.499505,52.257149],[4.498439,52.257735],[4.495321,52.259131],[4.49122,52.261257],[4.491014,52.261319],[4.490518,52.261216],[4.489732,52.261695],[4.491316,52.263775],[4.492238,52.263818],[4.493559,52.263702],[4.495751,52.263961],[4.496348,52.264127],[4.498889,52.265288],[4.500489,52.266594],[4.500845,52.267082],[4.501189,52.2682],[4.500469,52.268347],[4.495846,52.270209],[4.495346,52.270286],[4.495213,52.270357],[4.495149,52.270608],[4.496732,52.272786],[4.497796,52.274502],[4.498599,52.275389],[4.499898,52.276396],[4.500055,52.276577],[4.500093,52.276892],[4.499897,52.277196],[4.499659,52.277356],[4.495795,52.279304],[4.494289,52.279877],[4.493625,52.280097],[4.492007,52.280426],[4.48911,52.280908],[4.487486,52.281497],[4.486981,52.281817],[4.486794,52.2824],[4.486493,52.282793],[4.485364,52.283513],[4.484613,52.282959],[4.483364,52.2817],[4.477469,52.277565],[4.475468,52.275806],[4.474847,52.275387],[4.472641,52.274373],[4.469243,52.272135],[4.468673,52.271394],[4.467223,52.269935],[4.467256,52.269765],[4.467567,52.269579],[4.465389,52.267944],[4.463404,52.266868],[4.459985,52.264324],[4.458699,52.263496],[4.457642,52.262886],[4.455595,52.262016],[4.453762,52.260716],[4.452514,52.259457],[4.452116,52.258887],[4.452097,52.258393],[4.453207,52.255759],[4.453217,52.255265],[4.452954,52.254525],[4.45245,52.253443],[4.452023,52.252837],[4.451606,52.252465],[4.450059,52.251527],[4.449319,52.250515],[4.449067,52.249938],[4.448849,52.249873],[4.448716,52.249917],[4.445822,52.251044],[4.443927,52.251317],[4.441139,52.252274],[4.440816,52.252308],[4.440407,52.252241],[4.440089,52.252059],[4.439735,52.251463],[4.438093,52.250191],[4.437443,52.249764],[4.436109,52.249142],[4.435114,52.248415],[4.433984,52.247183],[4.432616,52.246085],[4.43182,52.244982],[4.429339,52.243209],[4.429404,52.242913],[4.430409,52.241806],[4.431773,52.241026],[4.432866,52.239903],[4.432959,52.239643],[4.432856,52.238995],[4.434016,52.238159],[4.434763,52.236754],[4.437294,52.234123],[4.437627,52.233613],[4.437527,52.233469],[4.437705,52.233389],[4.437861,52.232932],[4.438266,52.232477],[4.439617,52.231562],[4.44166,52.229826],[4.441619,52.229672],[4.441839,52.229638],[4.442287,52.229246],[4.444366,52.227843],[4.444413,52.227681],[4.44317,52.225559],[4.442768,52.224495],[4.442177,52.223394],[4.44102,52.222037],[4.440556,52.221817],[4.44038,52.221843],[4.440178,52.221724],[4.439638,52.221657],[4.438359,52.221215],[4.432996,52.218808],[4.432577,52.218553],[4.430264,52.217914],[4.427402,52.216911],[4.426766,52.216564],[4.426051,52.21646],[4.42332,52.215557],[4.422827,52.215319],[4.422313,52.214748],[4.422248,52.214343],[4.422359,52.213958],[4.423275,52.212896],[4.42517,52.211203],[4.425247,52.210988],[4.424879,52.210446],[4.422826,52.208631],[4.42263,52.208216],[4.422287,52.207836],[4.420595,52.206258],[4.418006,52.206893],[4.409473,52.209699],[4.409093,52.209705],[4.408729,52.209594],[4.407357,52.208783],[4.406824,52.208428],[4.405734,52.207403],[4.405416,52.20723],[4.405168,52.207228],[4.404637,52.207385],[4.399108,52.209325],[4.398181,52.209542],[4.397702,52.209376],[4.39668,52.207984],[4.394569,52.205539],[4.393677,52.204848],[4.393569,52.204443],[4.392127,52.202876],[4.391733,52.202135],[4.390595,52.200706],[4.390847,52.200564],[4.390879,52.200447],[4.391189,52.200324],[4.392056,52.200152],[4.39261,52.198925],[4.393568,52.197297],[4.393516,52.196991],[4.393679,52.196894],[4.394,52.196923],[4.394098,52.19714],[4.394487,52.197386],[4.398139,52.198926],[4.401379,52.199942],[4.402138,52.199976],[4.402638,52.199899],[4.404578,52.199457],[4.405991,52.199055],[4.406066,52.198966],[4.406271,52.198967],[4.406282,52.199138],[4.406948,52.200141],[4.40732,52.201178],[4.407762,52.201676],[4.408194,52.201976],[4.408399,52.202005],[4.413379,52.200374],[4.41475,52.199864],[4.4149,52.199713],[4.415945,52.199416],[4.418939,52.19829],[4.41906,52.198102],[4.418977,52.197877],[4.419107,52.197312],[4.419113,52.195676],[4.420179,52.191703],[4.420128,52.19066],[4.419727,52.189623],[4.418621,52.188706],[4.418208,52.188199],[4.417972,52.187622],[4.418027,52.187083],[4.417356,52.187005],[4.416794,52.186641],[4.416517,52.186576],[4.416462,52.186405],[4.413394,52.184294],[4.410826,52.182664],[4.409149,52.181122],[4.406947,52.179549],[4.405717,52.178316],[4.404154,52.176236],[4.402461,52.174793],[4.400416,52.172735],[4.400165,52.172185],[4.40034,52.171521],[4.400759,52.171093],[4.4025,52.169723],[4.402984,52.168981],[4.403059,52.168236],[4.402922,52.167821],[4.402509,52.167288],[4.399547,52.164423],[4.398657,52.163714],[4.39398,52.161077],[4.393572,52.16102],[4.393457,52.160929],[4.393489,52.160794],[4.391286,52.159293],[4.390526,52.158639],[4.389727,52.157778],[4.388399,52.155745],[4.387999,52.15531],[4.387306,52.154935],[4.385651,52.154445],[4.385185,52.154396],[4.384949,52.154484],[4.384718,52.154383],[4.385056,52.153631],[4.386627,52.152008],[4.390673,52.148789],[4.3904,52.148589],[4.389178,52.147023],[4.388896,52.145951],[4.388089,52.146106],[4.388314,52.146468]]},"properties":{"line_id":"QBUZZ:z090","line_ref":"90","line_name":"Sassenheim - Noordwijkerhout - Wassenaar","agency_id":"QBUZZ","variant_id":"QBUZZ:z090|1654972"}},{"type":"Feature","geometry":{"type":"LineString","coordinates":[[4.497409,52.264576],[4.498889,52.265288],[4.500489,52.266594],[4.500845,52.267082],[4.501219,52.268164],[4.500469,52.268347],[4.495846,52.270209],[4.495346,52.270286],[4.495213,52.270357],[4.495149,52.270608],[4.496732,52.272786],[4.498111,52.2749],[4.49929,52.275996],[4.500055,52.276577],[4.500017,52.277053],[4.499659,52.277356],[4.495795,52.279304],[4.494289,52.279877],[4.493625,52.280097],[4.492007,52.280426],[4.48911,52.280908],[4.487486,52.281497],[4.486981,52.281817],[4.486794,52.2824],[4.486493,52.282793],[4.485364,52.283513],[4.484613,52.282959],[4.483364,52.2817],[4.477469,52.277565],[4.475468,52.275806],[4.474847,52.275387],[4.472641,52.274373],[4.469243,52.272135],[4.468673,52.271394],[4.467223,52.269935],[4.467256,52.269765],[4.467567,52.269579],[4.465389,52.267944],[4.463404,52.266868],[4.459985,52.264324],[4.458699,52.263496],[4.457642,52.262886],[4.455595,52.262016],[4.453762,52.260716],[4.452514,52.259457],[4.452116,52.258887],[4.452097,52.258393],[4.453207,52.255759],[4.453217,52.255265],[4.452954,52.254525],[4.45245,52.253443],[4.452023,52.252837],[4.451606,52.252465],[4.450059,52.251527],[4.449319,52.250515],[4.449067,52.249938],[4.448849,52.249873],[4.448716,52.249917],[4.445822,52.251044],[4.443927,52.251317],[4.441139,52.252274],[4.440816,52.252308],[4.440407,52.252241],[4.440089,52.252059],[4.439735,52.251463],[4.438093,52.250191],[4.437443,52.249764],[4.436109,52.249142],[4.435114,52.248415],[4.433984,52.247183],[4.432616,52.246085],[4.43182,52.244982],[4.429339,52.243209],[4.429404,52.242913],[4.430409,52.241806],[4.431773,52.241026],[4.432866,52.239903],[4.432959,52.239643],[4.432856,52.238995],[4.434016,52.238159],[4.434763,52.236754],[4.437294,52.234123],[4.437627,52.233613],[4.437527,52.233469],[4.437705,52.233389],[4.437861,52.232932],[4.438266,52.232477],[4.439617,52.231562],[4.44166,52.229826],[4.441619,52.229672],[4.441839,52.229638],[4.442287,52.229246],[4.444366,52.227843],[4.444413,52.227681],[4.44317,52.225559],[4.442768,52.224495],[4.442177,52.223394],[4.44102,52.222037],[4.440556,52.221817],[4.44038,52.221843],[4.440178,52.221724],[4.439638,52.221657],[4.438359,52.221215],[4.432996,52.218808],[4.432577,52.218553],[4.430264,52.217914],[4.427402,52.216911],[4.426766,52.216564],[4.426051,52.21646],[4.42332,52.215557],[4.422827,52.215319],[4.422313,52.214748],[4.422248,52.214343],[4.422359,52.213958],[4.423275,52.212896],[4.42517,52.211203],[4.425247,52.210988],[4.424879,52.210446],[4.422826,52.208631],[4.42263,52.208216],[4.422287,52.207836],[4.420595,52.206258],[4.418006,52.206893],[4.409473,52.209699],[4.409093,52.209705],[4.408729,52.209594],[4.407357,52.208783],[4.406824,52.208428],[4.405734,52.207403],[4.405416,52.20723],[4.405168,52.207228],[4.404637,52.207385],[4.39871,52.209457],[4.398181,52.209542],[4.397702,52.209376],[4.39668,52.207984],[4.394569,52.205539],[4.393677,52.204848],[4.393569,52.204443],[4.392127,52.202876],[4.391733,52.202135],[4.390595,52.200706],[4.390847,52.200564],[4.390879,52.200447],[4.391189,52.200324],[4.392056,52.200152],[4.39261,52.198925],[4.393568,52.197297],[4.393516,52.196991],[4.393679,52.196894],[4.394,52.196923],[4.394098,52.19714],[4.394487,52.197386],[4.398139,52.198926],[4.401379,52.199942],[4.402138,52.199976],[4.402638,52.199899],[4.404578,52.199457],[4.405991,52.199055],[4.406066,52.198966],[4.406271,52.198967],[4.406282,52.199138],[4.406948,52.200141],[4.40732,52.201178],[4.407762,52.201676],[4.408194,52.201976],[4.408399,52.202005],[4.413379,52.200374],[4.41475,52.199864],[4.4149,52.199713],[4.415945,52.199416],[4.418939,52.19829],[4.41906,52.198102],[4.418977,52.197877],[4.419107,52.197312],[4.419113,52.195676],[4.420179,52.191703],[4.420128,52.19066],[4.419727,52.189623],[4.418621,52.188706],[4.418208,52.188199],[4.417972,52.187622],[4.418027,52.187083],[4.417356,52.187005],[4.416794,52.186641],[4.416517,52.186576],[4.416462,52.186405],[4.413394,52.184294],[4.410826,52.182664],[4.409149,52.181122],[4.406947,52.179549],[4.405717,52.178316],[4.404154,52.176236],[4.402461,52.174793],[4.400416,52.172735],[4.400165,52.172185],[4.40034,52.171521],[4.400759,52.171093],[4.4025,52.169723],[4.402984,52.168981],[4.403059,52.168236],[4.402922,52.167821],[4.402509,52.167288],[4.399547,52.164423],[4.398657,52.163714],[4.39398,52.161077],[4.393572,52.16102],[4.393457,52.160929],[4.393489,52.160794],[4.391286,52.159293],[4.390526,52.158639],[4.389727,52.157778],[4.388399,52.155745],[4.387999,52.15531],[4.387306,52.154935],[4.385651,52.154445],[4.385185,52.154396],[4.384949,52.154484],[4.384718,52.154383],[4.385056,52.153631],[4.386627,52.152008],[4.390673,52.148789],[4.3904,52.148589],[4.389178,52.147023],[4.388896,52.145951],[4.388089,52.146106],[4.388314,52.146468]]},"properties":{"line_id":"QBUZZ:z090","line_ref":"90","line_name":"Sassenheim - Noordwijkerhout - Wassenaar","agency_id":"QBUZZ","variant_id":"QBUZZ:z090|1654973"}},{"type":"Feature","geometry":{"type":"LineString","coordinates":[[4.388314,52.146468],[4.388512,52.146748],[4.389086,52.146573],[4.389237,52.147015],[4.390488,52.148554],[4.390747,52.148745],[4.386627,52.152008],[4.385056,52.153631],[4.384947,52.153909],[4.385,52.15417],[4.385216,52.154315],[4.386089,52.154476],[4.387366,52.154882],[4.388073,52.155275],[4.388501,52.155737],[4.38987,52.157923],[4.391286,52.159293],[4.39261,52.160212],[4.393578,52.160741],[4.393884,52.160762],[4.393938,52.16096],[4.394975,52.161652],[4.39398,52.161077],[4.393528,52.160992],[4.393489,52.160794],[4.391286,52.159293],[4.390526,52.158639],[4.389727,52.157778],[4.389089,52.156892],[4.389163,52.156875],[4.390269,52.158367],[4.391286,52.159293],[4.39261,52.160212],[4.393578,52.160741],[4.393884,52.160762],[4.393938,52.16096],[4.394975,52.161652],[4.398657,52.163714],[4.399547,52.164423],[4.402509,52.167288],[4.402922,52.167821],[4.403059,52.168236],[4.402984,52.168981],[4.4025,52.169723],[4.400759,52.171093],[4.40034,52.171521],[4.400165,52.172185],[4.400416,52.172735],[4.402461,52.174793],[4.404154,52.176236],[4.406344,52.179023],[4.406947,52.179549],[4.409149,52.181122],[4.410826,52.182664],[4.413394,52.184294],[4.415684,52.185877],[4.416308,52.186107],[4.416611,52.186307],[4.416946,52.186373],[4.417028,52.186616],[4.417417,52.186889],[4.418247,52.187049],[4.418206,52.187606],[4.418398,52.188174],[4.418711,52.188599],[4.420161,52.189815],[4.420509,52.190663],[4.420355,52.191677],[4.419357,52.195219],[4.419571,52.196812],[4.419836,52.197416],[4.42025,52.197869],[4.415857,52.199442],[4.41525,52.199743],[4.414997,52.199974],[4.414733,52.199972],[4.413187,52.200436],[4.40853,52.202033],[4.408248,52.202202],[4.408074,52.202128],[4.408091,52.202012],[4.40732,52.201178],[4.406835,52.199934],[4.406194,52.199164],[4.405902,52.199126],[4.402447,52.199933],[4.401379,52.199942],[4.398139,52.198926],[4.394545,52.197395],[4.394008,52.19722],[4.393744,52.197254],[4.393445,52.197548],[4.392686,52.198782],[4.392056,52.200152],[4.390595,52.200706],[4.391733,52.202135],[4.392127,52.202876],[4.393569,52.204443],[4.393677,52.204848],[4.394569,52.205539],[4.39668,52.207984],[4.397702,52.209376],[4.398181,52.209542],[4.398578,52.209492],[4.401437,52.208527],[4.405168,52.207228],[4.405244,52.207102],[4.40539,52.207113],[4.405416,52.20723],[4.405734,52.207403],[4.406824,52.208428],[4.407357,52.208783],[4.408774,52.20955],[4.409401,52.209645],[4.41758,52.206953],[4.420656,52.206115],[4.421656,52.207256],[4.423119,52.208607],[4.423358,52.209058],[4.425121,52.210745],[4.425612,52.211036],[4.424513,52.211809],[4.423275,52.212896],[4.422539,52.213744],[4.422406,52.214506],[4.422816,52.215175],[4.423668,52.215667],[4.426051,52.21646],[4.426753,52.216501],[4.426887,52.216395],[4.427091,52.216405],[4.427202,52.216703],[4.427606,52.216976],[4.430264,52.217914],[4.431966,52.218395],[4.432302,52.218389],[4.432568,52.218301],[4.432996,52.218808],[4.438359,52.221215],[4.439478,52.221602],[4.440209,52.221635],[4.440459,52.221565],[4.440633,52.221656],[4.440631,52.221755],[4.440877,52.221892],[4.441679,52.222725],[4.442177,52.223394],[4.44423,52.227356],[4.444516,52.227655],[4.444735,52.227684],[4.444806,52.227792],[4.444671,52.227917],[4.444334,52.227959],[4.442878,52.228954],[4.441926,52.229684],[4.441909,52.229819],[4.441718,52.229853],[4.439617,52.231562],[4.438637,52.232219],[4.437977,52.23296],[4.437807,52.233408],[4.437861,52.233579],[4.437627,52.233613],[4.437294,52.234123],[4.434763,52.236754],[4.434348,52.237668],[4.433941,52.238249],[4.432856,52.238995],[4.432942,52.239742],[4.432071,52.240795],[4.43193,52.241189],[4.431179,52.241399],[4.430467,52.241843],[4.429404,52.242913],[4.429339,52.243209],[4.43182,52.244982],[4.432616,52.246085],[4.433984,52.247183],[4.435114,52.248415],[4.436109,52.249142],[4.437443,52.249764],[4.438093,52.250191],[4.439735,52.251463],[4.440089,52.252059],[4.440407,52.252241],[4.440816,52.252308],[4.441139,52.252274],[4.443927,52.251317],[4.445822,52.251044],[4.448849,52.249873],[4.448925,52.249712],[4.449159,52.249732],[4.4492,52.249867],[4.449067,52.249938],[4.44922,52.250334],[4.449815,52.251265],[4.450405,52.251782],[4.451606,52.252465],[4.452023,52.252837],[4.45245,52.253443],[4.452954,52.254525],[4.453217,52.255265],[4.453207,52.255759],[4.452097,52.258393],[4.452116,52.258887],[4.452514,52.259457],[4.453762,52.260716],[4.455595,52.262016],[4.457642,52.262886],[4.458699,52.263496],[4.460029,52.264351],[4.463404,52.266868],[4.465158,52.267789],[4.46673,52.268979],[4.467627,52.269534],[4.467256,52.269765],[4.467223,52.269935],[4.468672,52.271403],[4.469243,52.272135],[4.472641,52.274373],[4.474847,52.275387],[4.475468,52.275806],[4.477469,52.277565],[4.483364,52.2817],[4.484613,52.282959],[4.485364,52.283513],[4.486493,52.282793],[4.486794,52.2824],[4.486981,52.281817],[4.487486,52.281497],[4.48911,52.280908],[4.493625,52.280097],[4.495411,52.279463],[4.499659,52.277356],[4.500017,52.277053],[4.50011,52.276775],[4.499898,52.276396],[4.498599,52.275389],[4.497796,52.274502],[4.496732,52.272786],[4.495163,52.270662],[4.495141,52.270275],[4.495245,52.270222],[4.495551,52.270287],[4.495846,52.270209],[4.500839,52.268143],[4.501036,52.267812],[4.500845,52.267082],[4.500489,52.266594],[4.498889,52.265288],[4.496348,52.264127],[4.495751,52.263961],[4.493559,52.263702],[4.492238,52.263818],[4.491316,52.263775],[4.489732,52.261695],[4.490518,52.261216],[4.491014,52.261319],[4.49122,52.261257],[4.495321,52.259131],[4.498439,52.257735],[4.499505,52.257149],[4.499434,52.257059],[4.499524,52.256952],[4.497447,52.255327],[4.494963,52.253574],[4.492358,52.252035],[4.492364,52.251747],[4.493887,52.251013],[4.494171,52.250728],[4.494144,52.250628],[4.491549,52.248586],[4.49089,52.247871],[4.49038,52.247697],[4.490281,52.247543],[4.491966,52.246783],[4.495309,52.245091],[4.496809,52.244024],[4.505055,52.238756],[4.505809,52.238393],[4.506427,52.238227],[4.506548,52.238048],[4.506535,52.237949],[4.50555,52.237402],[4.500419,52.234829],[4.498924,52.233434],[4.498577,52.233225],[4.497022,52.232638],[4.494473,52.231297],[4.494282,52.231323],[4.492115,52.232789],[4.491889,52.233138],[4.491567,52.233136],[4.49154,52.23301],[4.491237,52.232792],[4.48866,52.23137],[4.487949,52.230322],[4.486203,52.229086],[4.485177,52.228413],[4.484801,52.228213],[4.484378,52.228137],[4.483669,52.227737],[4.483586,52.227493],[4.484159,52.225952],[4.484947,52.225346],[4.485056,52.225006],[4.485975,52.224428],[4.48611,52.224286],[4.486098,52.224133],[4.486628,52.223993],[4.487623,52.2233],[4.487916,52.223275],[4.488626,52.22364],[4.488976,52.223678],[4.490074,52.22295],[4.490195,52.222762],[4.490298,52.221999],[4.491887,52.220869],[4.49254,52.218933],[4.491419,52.217207],[4.491352,52.216874],[4.491919,52.216321],[4.491834,52.216222],[4.491909,52.216114],[4.492216,52.216108],[4.493243,52.215262],[4.493633,52.214051],[4.493844,52.213756],[4.495023,52.212606],[4.496699,52.21145],[4.496778,52.211163],[4.4971,52.211174],[4.497169,52.211372],[4.497517,52.211519],[4.497607,52.211439],[4.497517,52.211519],[4.500017,52.213093],[4.502352,52.214917],[4.502543,52.214846],[4.504139,52.213357],[4.504359,52.213305],[4.504855,52.213372],[4.505149,52.213338],[4.505278,52.213456],[4.50507,52.213607],[4.504809,52.213497],[4.504988,52.213328],[4.505584,52.21353],[4.506479,52.213375],[4.507786,52.212414],[4.510369,52.213485],[4.511796,52.213855],[4.514631,52.214802],[4.515774,52.215439],[4.515978,52.215495],[4.516346,52.215407]]},"properties":{"line_id":"QBUZZ:z090","line_ref":"90","line_name":"Sassenheim - Noordwijkerhout - Wassenaar","agency_id":"QBUZZ","variant_id":"QBUZZ:z090|1654974"}},{"type":"Feature","geometry":{"type":"LineString","coordinates":[[4.528729,52.143798],[4.528962,52.143827],[4.530728,52.14473],[4.533076,52.146463],[4.52964,52.149629],[4.529576,52.149907],[4.533417,52.151562],[4.537906,52.153662],[4.538918,52.154262],[4.543306,52.156379],[4.543506,52.156605],[4.54343,52.156758],[4.542777,52.157283],[4.542238,52.157962],[4.541308,52.157677],[4.542312,52.157891],[4.542028,52.158258],[4.542039,52.158419],[4.541849,52.158454],[4.541522,52.158739],[4.541087,52.159294],[4.538425,52.158672],[4.537942,52.158723],[4.537661,52.158882],[4.536399,52.159898],[4.536264,52.160086],[4.536165,52.160678],[4.535291,52.161319],[4.53623,52.161892],[4.532558,52.164346],[4.531808,52.164575],[4.531546,52.164546],[4.52984,52.163572],[4.529448,52.163425],[4.523147,52.159739],[4.523195,52.159532],[4.525327,52.158065],[4.522248,52.156317],[4.524767,52.154528],[4.525827,52.153395],[4.524958,52.153002],[4.523174,52.152297],[4.521906,52.152108],[4.521045,52.152074],[4.520637,52.152736],[4.520115,52.153299],[4.519537,52.153735],[4.518518,52.154249],[4.517637,52.154503],[4.516786,52.154667],[4.51329,52.154839],[4.510639,52.155134],[4.507306,52.155226],[4.507241,52.154048],[4.506891,52.152518],[4.506637,52.152066],[4.505268,52.151112],[4.501064,52.148699],[4.500225,52.148252],[4.497349,52.147386],[4.493565,52.147402],[4.493068,52.147425],[4.492289,52.147644],[4.493949,52.149355],[4.494347,52.149943],[4.494527,52.150429],[4.494617,52.151059],[4.49453,52.15176],[4.493836,52.153588],[4.493877,52.153687],[4.494645,52.154017],[4.494759,52.154889],[4.493968,52.154982],[4.493674,52.155097],[4.493349,52.155993],[4.493139,52.156288],[4.491675,52.157122],[4.488958,52.159232],[4.488087,52.159666],[4.487117,52.159946],[4.484992,52.160208],[4.485939,52.162534],[4.485959,52.163002],[4.486192,52.163795],[4.485853,52.163918],[4.484691,52.163577],[4.484398,52.163574],[4.483943,52.165117],[4.483419,52.16576],[4.483243,52.165759],[4.48297,52.165523],[4.482897,52.165549],[4.481717,52.164623],[4.481317,52.164872],[4.482043,52.165138],[4.482299,52.165473]]},"properties":{"line_id":"QBUZZ:z092","line_ref":"2","line_name":"Leiden: De Vink - Oranjewijk","agency_id":"QBUZZ","variant_id":"QBUZZ:z092|1578457"}},{"type":"Feature","geometry":{"type":"LineString","coordinates":[[4.482722,52.16553],[4.482779,52.165575],[4.48297,52.165523],[4.483316,52.165768],[4.483478,52.165724],[4.483687,52.165501],[4.483943,52.165117],[4.48413,52.164552],[4.484752,52.161959],[4.484857,52.161852],[4.485561,52.161705],[4.4853,52.160912],[4.484985,52.160595],[4.484817,52.160216],[4.487117,52.159946],[4.488087,52.159666],[4.488958,52.159232],[4.491675,52.157122],[4.493139,52.156288],[4.493558,52.155033],[4.494657,52.154889],[4.494514,52.154007],[4.493758,52.153803],[4.493797,52.153309],[4.494403,52.151498],[4.494308,52.150437],[4.493798,52.149633],[4.49204,52.147678],[4.492674,52.147386],[4.492967,52.147335],[4.497424,52.147296],[4.500053,52.148107],[4.500762,52.148445],[4.505877,52.151333],[4.506655,52.151914],[4.506897,52.152248],[4.507217,52.153068],[4.507642,52.15522],[4.510639,52.155134],[4.51329,52.154839],[4.516786,52.154667],[4.517637,52.154503],[4.518518,52.154249],[4.519537,52.153735],[4.519982,52.15337],[4.521105,52.151958],[4.523174,52.152297],[4.526047,52.153333],[4.5249,52.154466],[4.522248,52.156317],[4.525327,52.158065],[4.523195,52.159532],[4.523147,52.159739],[4.523926,52.160248],[4.529682,52.163427],[4.530042,52.163708],[4.531546,52.164546],[4.531808,52.164575],[4.532558,52.164346],[4.53623,52.161892],[4.535291,52.161319],[4.536165,52.160678],[4.536264,52.160086],[4.536399,52.159898],[4.537661,52.158882],[4.537942,52.158723],[4.538425,52.158672],[4.541087,52.159294],[4.541762,52.158426],[4.541706,52.158282],[4.541912,52.158212],[4.542165,52.157944],[4.541278,52.157704],[4.541469,52.157669],[4.542225,52.157873],[4.543404,52.156605],[4.54316,52.156342],[4.538844,52.154307],[4.538498,52.154035],[4.537558,52.153552],[4.532198,52.151086],[4.529531,52.149979],[4.529507,52.149727],[4.533076,52.146463],[4.530728,52.14473],[4.528399,52.143517],[4.528177,52.143659],[4.528365,52.14376],[4.528729,52.143798]]},"properties":{"line_id":"QBUZZ:z092","line_ref":"2","line_name":"Leiden: De Vink - Oranjewijk","agency_id":"QBUZZ","variant_id":"QBUZZ:z092|1578458"}},{"type":"Feature","geometry":{"type":"LineString","coordinates":[[4.455369,52.146873],[4.455255,52.146728],[4.455079,52.146754],[4.455063,52.146834],[4.455507,52.147251],[4.455338,52.147619],[4.45536,52.148005],[4.454702,52.148018],[4.45434,52.147853],[4.452949,52.146584],[4.452689,52.146465],[4.452107,52.146353],[4.451638,52.146394],[4.451226,52.146534],[4.449607,52.147807],[4.447618,52.148609],[4.44752,52.149076],[4.448538,52.149992],[4.448557,52.151169],[4.448039,52.151516],[4.444998,52.151554],[4.441918,52.153498],[4.441863,52.154028],[4.443466,52.154904],[4.444509,52.155344],[4.44679,52.155299],[4.448847,52.156142],[4.449111,52.156099],[4.449747,52.155736],[4.451247,52.154579],[4.451364,52.154598],[4.452774,52.154942],[4.45402,52.155473],[4.458645,52.157918],[4.462279,52.155349],[4.463138,52.154799],[4.463328,52.154791],[4.466339,52.156882],[4.466336,52.157017],[4.46697,52.157498],[4.465967,52.157922],[4.465095,52.158409],[4.462367,52.160258],[4.463044,52.160739],[4.462937,52.160972],[4.463595,52.16167],[4.463617,52.162002],[4.463985,52.162598],[4.464173,52.162699],[4.464756,52.162793],[4.465958,52.163315],[4.466259,52.163623],[4.467966,52.163744],[4.468788,52.163598],[4.469716,52.163254],[4.471747,52.163288],[4.472021,52.162724],[4.473291,52.162105],[4.474989,52.163385],[4.474919,52.163942],[4.476421,52.164151],[4.477414,52.164186],[4.478,52.164127],[4.47963,52.163762],[4.480072,52.163586],[4.480232,52.163605],[4.480667,52.163797],[4.481746,52.164606],[4.481317,52.164872],[4.481447,52.164972],[4.482348,52.165212],[4.482779,52.165575],[4.48297,52.165523],[4.483243,52.165759],[4.483419,52.16576],[4.483943,52.165117],[4.484752,52.161959],[4.484857,52.161852],[4.485561,52.161705],[4.4853,52.160912],[4.484985,52.160595],[4.484817,52.160216],[4.487117,52.159946],[4.488087,52.159666],[4.488958,52.159232],[4.491675,52.157122],[4.493139,52.156288],[4.493558,52.155033],[4.494657,52.154889],[4.494514,52.154007],[4.493758,52.153803],[4.493797,52.153309],[4.494403,52.151498],[4.494308,52.150437],[4.493798,52.149633],[4.49204,52.147678],[4.492674,52.147386],[4.492967,52.147335],[4.497424,52.147296],[4.500415,52.148263],[4.506324,52.151633],[4.506655,52.151914],[4.507093,52.152672],[4.507394,52.153699],[4.507642,52.15522],[4.510639,52.155134],[4.51329,52.154839],[4.516786,52.154667],[4.517637,52.154503],[4.518518,52.154249],[4.519537,52.153735],[4.519982,52.15337],[4.521105,52.151958],[4.523174,52.152297],[4.526047,52.153333],[4.5249,52.154466],[4.522248,52.156317],[4.525327,52.158065],[4.523195,52.159532],[4.523147,52.159739],[4.527338,52.162187],[4.53172,52.164583],[4.532573,52.164338],[4.53623,52.161892],[4.535291,52.161319],[4.536165,52.160678],[4.536264,52.160086],[4.536399,52.159898],[4.537661,52.158882],[4.537942,52.158723],[4.538425,52.158672],[4.541087,52.159294],[4.541762,52.158426],[4.541706,52.158282],[4.541912,52.158212],[4.542165,52.157944],[4.541278,52.157704],[4.541469,52.157669],[4.542225,52.157873],[4.543404,52.156605],[4.54316,52.156342],[4.538844,52.154307],[4.538498,52.154035],[4.537558,52.153552],[4.532198,52.151086],[4.529531,52.149979],[4.529507,52.149727],[4.533076,52.146463],[4.530728,52.14473],[4.528399,52.143517],[4.528177,52.143659],[4.528365,52.14376],[4.528729,52.143798]]},"properties":{"line_id":"QBUZZ:z092","line_ref":"2","line_name":"Leiden: De Vink - Oranjewijk","agency_id":"QBUZZ","variant_id":"QBUZZ:z092|1578459"}},{"type":"Feature","geometry":{"type":"LineString","coordinates":[[4.455369,52.146873],[4.455255,52.146728],[4.455079,52.146754],[4.455063,52.146834],[4.455507,52.147251],[4.455338,52.147619],[4.45536,52.148005],[4.454702,52.148018],[4.45434,52.147853],[4.452949,52.146584],[4.452689,52.146465],[4.452107,52.146353],[4.451638,52.146394],[4.451226,52.146534],[4.449607,52.147807],[4.447618,52.148609],[4.44752,52.149076],[4.448538,52.149992],[4.448557,52.151169],[4.448039,52.151516],[4.444998,52.151554],[4.441918,52.153498],[4.441835,52.153956],[4.441906,52.154073],[4.443466,52.154904],[4.444509,52.155344],[4.44679,52.155299],[4.448847,52.156142],[4.449111,52.156099],[4.449747,52.155736],[4.451247,52.154579],[4.451364,52.154598],[4.452774,52.154942],[4.45402,52.155473],[4.458645,52.157918],[4.462279,52.155349],[4.463138,52.154799],[4.463328,52.154791],[4.466339,52.156882],[4.466336,52.157017],[4.46697,52.157498],[4.465967,52.157922],[4.465095,52.158409],[4.462367,52.160258],[4.463044,52.160739],[4.462937,52.160972],[4.463553,52.161606],[4.463617,52.162002],[4.464086,52.162662],[4.464756,52.162793],[4.465958,52.163315],[4.466259,52.163623],[4.467966,52.163744],[4.468788,52.163598],[4.469716,52.163254],[4.471747,52.163288],[4.472021,52.162724],[4.473291,52.162105],[4.474989,52.163385],[4.474919,52.163942],[4.476421,52.164151],[4.477414,52.164186],[4.478,52.164127],[4.47963,52.163762],[4.480072,52.163586],[4.480232,52.163605],[4.480667,52.163797],[4.481746,52.164606],[4.481317,52.164872],[4.481447,52.164972],[4.482348,52.165212],[4.482722,52.16553]]},"properties":{"line_id":"QBUZZ:z092","line_ref":"2","line_name":"Leiden: De Vink - Oranjewijk","agency_id":"QBUZZ","variant_id":"QBUZZ:z092|1578460"}},{"type":"Feature","geometry":{"type":"LineString","coordinates":[[4.528729,52.143798],[4.528962,52.143827],[4.530728,52.14473],[4.533076,52.146463],[4.52964,52.149629],[4.529576,52.149907],[4.533417,52.151562],[4.537906,52.153662],[4.538918,52.154262],[4.543306,52.156379],[4.543506,52.156605],[4.54343,52.156758],[4.542777,52.157283],[4.542238,52.157962],[4.541308,52.157677],[4.542312,52.157891],[4.542028,52.158258],[4.542039,52.158419],[4.541849,52.158454],[4.541522,52.158739],[4.541087,52.159294],[4.538425,52.158672],[4.537942,52.158723],[4.537661,52.158882],[4.536399,52.159898],[4.536264,52.160086],[4.536165,52.160678],[4.535291,52.161319],[4.53623,52.161892],[4.532573,52.164338],[4.53172,52.164583],[4.529448,52.163425],[4.523147,52.159739],[4.523195,52.159532],[4.525327,52.158065],[4.522248,52.156317],[4.524767,52.154528],[4.525827,52.153395],[4.523174,52.152297],[4.521906,52.152108],[4.521045,52.152074],[4.520637,52.152736],[4.520115,52.153299],[4.519537,52.153735],[4.518518,52.154249],[4.517637,52.154503],[4.516786,52.154667],[4.51329,52.154839],[4.510639,52.155134],[4.507306,52.155226],[4.507268,52.154183],[4.506891,52.152518],[4.506637,52.152066],[4.506192,52.151695],[4.500225,52.148252],[4.497349,52.147386],[4.493126,52.147417],[4.492289,52.147644],[4.493949,52.149355],[4.494347,52.149943],[4.494527,52.150429],[4.494617,52.151059],[4.49453,52.15176],[4.493836,52.153588],[4.493877,52.153687],[4.494645,52.154017],[4.494759,52.154889],[4.493968,52.154982],[4.493674,52.155097],[4.493349,52.155993],[4.493139,52.156288],[4.491675,52.157122],[4.488958,52.159232],[4.488087,52.159666],[4.487117,52.159946],[4.484992,52.160208],[4.485939,52.162534],[4.485959,52.163002],[4.486192,52.163795],[4.485853,52.163918],[4.484691,52.163577],[4.484398,52.163574],[4.483943,52.165117],[4.483419,52.16576],[4.483243,52.165759],[4.48297,52.165523],[4.482897,52.165549],[4.481717,52.164623],[4.481317,52.164872],[4.482043,52.165138],[4.482356,52.165554],[4.482897,52.165549],[4.481717,52.164623],[4.481436,52.164765],[4.480099,52.163694],[4.477998,52.164208],[4.47709,52.164309],[4.474757,52.164048],[4.47487,52.16351],[4.474701,52.163167],[4.473291,52.162105],[4.472021,52.162724],[4.471747,52.163288],[4.469716,52.163254],[4.468788,52.163598],[4.467966,52.163744],[4.466259,52.163623],[4.465958,52.163315],[4.464756,52.162793],[4.464173,52.162699],[4.463985,52.162598],[4.463617,52.162002],[4.463595,52.16167],[4.462937,52.160972],[4.463044,52.160739],[4.462296,52.160194],[4.465497,52.158062],[4.466927,52.157453],[4.466336,52.157017],[4.466339,52.156882],[4.463328,52.154791],[4.463138,52.154799],[4.462279,52.155349],[4.458703,52.157946],[4.45402,52.155473],[4.452774,52.154942],[4.451364,52.154598],[4.449258,52.156082],[4.449195,52.156307],[4.448989,52.15635],[4.44883,52.156268],[4.448847,52.156142],[4.44679,52.155299],[4.444509,52.155344],[4.443466,52.154904],[4.441863,52.154028],[4.441918,52.153498],[4.444998,52.151554],[4.448039,52.151516],[4.448557,52.151169],[4.448538,52.149992],[4.44752,52.149076],[4.447618,52.148609],[4.449268,52.147948],[4.449418,52.147742],[4.449846,52.147575],[4.451258,52.146418],[4.451861,52.146216],[4.452634,52.146303],[4.453383,52.146821],[4.454414,52.147809],[4.45482,52.147956],[4.455346,52.147933],[4.455338,52.147619],[4.455507,52.147251],[4.455369,52.146873]]},"properties":{"line_id":"QBUZZ:z092","line_ref":"2","line_name":"Leiden: De Vink - Oranjewijk","agency_id":"QBUZZ","variant_id":"QBUZZ:z092|1578461"}},{"type":"Feature","geometry":{"type":"LineString","coordinates":[[4.528729,52.143798],[4.528962,52.143827],[4.530728,52.14473],[4.533076,52.146463],[4.52964,52.149629],[4.529576,52.149907],[4.533417,52.151562],[4.537906,52.153662],[4.538918,52.154262],[4.543306,52.156379],[4.543506,52.156605],[4.54343,52.156758],[4.542777,52.157283],[4.542238,52.157962],[4.541308,52.157677],[4.542312,52.157891],[4.542028,52.158258],[4.542039,52.158419],[4.541849,52.158454],[4.541522,52.158739],[4.541087,52.159294],[4.538425,52.158672],[4.537942,52.158723],[4.537661,52.158882],[4.536399,52.159898],[4.536264,52.160086],[4.536165,52.160678],[4.535291,52.161319],[4.53623,52.161892],[4.532573,52.164338],[4.53172,52.164583],[4.529448,52.163425],[4.523147,52.159739],[4.523195,52.159532],[4.525327,52.158065],[4.522248,52.156317],[4.524767,52.154528],[4.525827,52.153395],[4.524958,52.153002],[4.523174,52.152297],[4.521906,52.152108],[4.521045,52.152074],[4.520637,52.152736],[4.520115,52.153299],[4.519537,52.153735],[4.518518,52.154249],[4.517637,52.154503],[4.516786,52.154667],[4.51329,52.154839],[4.510639,52.155134],[4.507306,52.155226],[4.507241,52.154048],[4.506891,52.152518],[4.506637,52.152066],[4.505268,52.151112],[4.501064,52.148699],[4.500225,52.148252],[4.497349,52.147386],[4.493565,52.147402],[4.493068,52.147425],[4.492289,52.147644],[4.493949,52.149355],[4.494347,52.149943],[4.494527,52.150429],[4.494617,52.151059],[4.49453,52.15176],[4.493836,52.153588],[4.493877,52.153687],[4.494645,52.154017],[4.494759,52.154889],[4.493968,52.154982],[4.493674,52.155097],[4.493349,52.155993],[4.493139,52.156288],[4.491675,52.157122],[4.488958,52.159232],[4.488087,52.159666],[4.487117,52.159946],[4.484992,52.160208],[4.485939,52.162534],[4.485959,52.163002],[4.486192,52.163795],[4.485853,52.163918],[4.484691,52.163577],[4.484398,52.163574],[4.483943,52.165117],[4.483419,52.16576],[4.483243,52.165759],[4.48297,52.165523],[4.482897,52.165549],[4.481717,52.164623],[4.481317,52.164872],[4.482043,52.165138],[4.482356,52.165554],[4.482897,52.165549],[4.481717,52.164623],[4.481436,52.164765],[4.480099,52.163694],[4.477998,52.164208],[4.47709,52.164309],[4.473851,52.163996],[4.470826,52.163982],[4.467813,52.164075],[4.465622,52.164004],[4.464961,52.164152],[4.463532,52.164707],[4.459444,52.165205],[4.459057,52.164115],[4.45831,52.163498],[4.459201,52.162804],[4.459899,52.161605],[4.4603,52.161266],[4.462902,52.159848],[4.465497,52.158062],[4.466927,52.157453],[4.466336,52.157017],[4.466339,52.156882],[4.463357,52.154809],[4.463138,52.154799],[4.462279,52.155349],[4.458703,52.157946],[4.45402,52.155473],[4.453006,52.155025],[4.452309,52.154821],[4.451364,52.154598],[4.449258,52.156082],[4.449195,52.156307],[4.448989,52.15635],[4.44883,52.156268],[4.448847,52.156142],[4.44679,52.155299],[4.444509,52.155344],[4.442743,52.154538],[4.441906,52.154073],[4.441835,52.153956],[4.441918,52.153498],[4.444998,52.151554],[4.448039,52.151516],[4.448557,52.151169],[4.448538,52.149992],[4.44752,52.149076],[4.447618,52.148609],[4.449268,52.147948],[4.449418,52.147742],[4.449846,52.147575],[4.451258,52.146418],[4.451861,52.146216],[4.452634,52.146303],[4.453383,52.146821],[4.454414,52.147809],[4.45482,52.147956],[4.455346,52.147933],[4.455338,52.147619],[4.455507,52.147251],[4.455369,52.146873]]},"properties":{"line_id":"QBUZZ:z092","line_ref":"2","line_name":"Leiden: De Vink - Oranjewijk","agency_id":"QBUZZ","variant_id":"QBUZZ:z092|1578462"}},{"type":"Feature","geometry":{"type":"LineString","coordinates":[[4.510137,52.181449],[4.513339,52.181463],[4.513809,52.18135],[4.514136,52.181047],[4.514178,52.178917],[4.514951,52.178266],[4.514907,52.176046],[4.514809,52.175803],[4.514506,52.175585],[4.513793,52.175435],[4.509252,52.175141],[4.504255,52.175742],[4.50222,52.175889],[4.501398,52.176035],[4.499291,52.176127],[4.499176,52.176009],[4.499266,52.175911],[4.498389,52.172201],[4.497919,52.171605],[4.497558,52.171386],[4.497518,52.171188],[4.496719,52.170184],[4.495548,52.169546],[4.494765,52.16848],[4.493489,52.168722],[4.490492,52.169463],[4.489609,52.169726],[4.489121,52.170037],[4.488813,52.170062],[4.488406,52.169969],[4.487712,52.169559],[4.486404,52.168488],[4.486259,52.168415],[4.48585,52.168394],[4.484353,52.167259],[4.484299,52.167025],[4.484127,52.166889],[4.483626,52.167065],[4.482281,52.167774],[4.479747,52.165876],[4.479988,52.165554],[4.481317,52.164872],[4.481447,52.164972],[4.482348,52.165212],[4.482779,52.165575],[4.48297,52.165523],[4.483243,52.165759],[4.483478,52.165724],[4.483943,52.165117],[4.484752,52.161959],[4.484857,52.161852],[4.485561,52.161705],[4.4853,52.160912],[4.484985,52.160595],[4.484817,52.160216],[4.487117,52.159946],[4.488087,52.159666],[4.488958,52.159232],[4.491675,52.157122],[4.493139,52.156288],[4.493558,52.155033],[4.494759,52.154889],[4.494894,52.156185],[4.495479,52.157636],[4.496785,52.159543],[4.498619,52.159215],[4.499878,52.159099],[4.503806,52.158544],[4.504658,52.158308],[4.505527,52.158719],[4.50561,52.158944],[4.505044,52.159488],[4.504997,52.159649],[4.505107,52.159992],[4.506073,52.160637],[4.50604,52.160862],[4.505535,52.161235],[4.50545,52.161846],[4.50607,52.163055],[4.506462,52.163184],[4.506591,52.16332],[4.506647,52.16563],[4.506532,52.167741],[4.507976,52.167923],[4.510579,52.168625],[4.511869,52.166918],[4.512502,52.165206],[4.512136,52.161536],[4.515168,52.161172],[4.515411,52.163709],[4.515662,52.16434],[4.516427,52.165559],[4.516533,52.166126],[4.516481,52.166566],[4.517998,52.166712],[4.521339,52.168552],[4.524982,52.166107],[4.526543,52.167008],[4.527528,52.167474],[4.528588,52.167868],[4.530899,52.168523],[4.531624,52.168843],[4.532173,52.169206],[4.534326,52.171253],[4.53611,52.170493],[4.537577,52.171726],[4.535836,52.172558]]},"properties":{"line_id":"QBUZZ:z093","line_ref":"3","line_name":"Leiden: Merenwijk - Leyhof","agency_id":"QBUZZ","variant_id":"QBUZZ:z093|1578463"}},{"type":"Feature","geometry":{"type":"LineString","coordinates":[[4.510137,52.181449],[4.513339,52.181463],[4.513809,52.18135],[4.514061,52.181145],[4.514183,52.180876],[4.514178,52.178917],[4.514951,52.178266],[4.514907,52.176046],[4.514636,52.175666],[4.514187,52.175483],[4.513793,52.175435],[4.509252,52.175141],[4.504255,52.175742],[4.50222,52.175889],[4.501398,52.176035],[4.499526,52.176075],[4.499349,52.176137],[4.499176,52.176009],[4.499266,52.175911],[4.498825,52.173814]]},"properties":{"line_id":"QBUZZ:z093","line_ref":"3","line_name":"Leiden: Merenwijk - Leyhof","agency_id":"QBUZZ","variant_id":"QBUZZ:z093|1578469"}},{"type":"Feature","geometry":{"type":"LineString","coordinates":[[4.49923,52.174787],[4.499457,52.175868],[4.499688,52.176013],[4.504255,52.175742],[4.50742,52.175343],[4.508416,52.175279],[4.509472,52.175098],[4.509797,52.174947],[4.510203,52.175076],[4.511458,52.175229],[4.514086,52.17542],[4.514725,52.175622],[4.51498,52.176046],[4.515024,52.178285],[4.514933,52.178446],[4.514251,52.178944],[4.514209,52.181047],[4.513837,52.181386],[4.513338,52.181508],[4.510209,52.181485]]},"properties":{"line_id":"QBUZZ:z093","line_ref":"3","line_name":"Leiden: Merenwijk - Leyhof","agency_id":"QBUZZ","variant_id":"QBUZZ:z093|1578470"}},{"type":"Feature","geometry":{"type":"LineString","coordinates":[[4.535836,52.172558],[4.535512,52.172709],[4.53538,52.172699],[4.533941,52.171538],[4.533987,52.171413],[4.534326,52.171253],[4.531798,52.168943],[4.530899,52.168523],[4.528588,52.167868],[4.527528,52.167474],[4.526543,52.167008],[4.525228,52.166244],[4.521497,52.168697],[4.517998,52.166712],[4.516481,52.166566],[4.516522,52.165964],[4.5164,52.165478],[4.515662,52.16434],[4.515411,52.163709],[4.515066,52.161171],[4.512136,52.161536],[4.512502,52.165206],[4.511869,52.166918],[4.511028,52.168062],[4.510707,52.168797],[4.508321,52.168195],[4.506267,52.167865],[4.506508,52.166752],[4.506516,52.163409],[4.50646,52.163265],[4.505966,52.163108],[4.506029,52.162884],[4.50545,52.161846],[4.505535,52.161235],[4.50604,52.160862],[4.506073,52.160637],[4.505107,52.159992],[4.504997,52.159649],[4.505044,52.159488],[4.50558,52.158989],[4.505613,52.158809],[4.505382,52.158628],[4.504658,52.158308],[4.503806,52.158544],[4.499878,52.159099],[4.498619,52.159215],[4.496697,52.159587],[4.495479,52.157636],[4.494782,52.155968],[4.494657,52.154889],[4.493968,52.154982],[4.493674,52.155097],[4.493349,52.155993],[4.493139,52.156288],[4.491675,52.157122],[4.488958,52.159232],[4.488087,52.159666],[4.487117,52.159946],[4.484992,52.160208],[4.485939,52.162534],[4.486132,52.163857],[4.485707,52.163899],[4.484691,52.163577],[4.484398,52.163574],[4.483943,52.165117],[4.483419,52.16576],[4.483243,52.165759],[4.48297,52.165523],[4.482897,52.165549],[4.481717,52.164623],[4.481317,52.164872],[4.481447,52.164972],[4.48213,52.165157],[4.482501,52.165573],[4.482897,52.165549],[4.481717,52.164623],[4.479988,52.165554],[4.479909,52.16585],[4.482298,52.167675],[4.483908,52.166869],[4.48407,52.166799],[4.484215,52.166845],[4.484586,52.167288],[4.48591,52.168305],[4.486247,52.168307],[4.486409,52.168228],[4.48815,52.169616],[4.488453,52.169807],[4.488933,52.169946],[4.489598,52.169555],[4.493815,52.168482],[4.494841,52.168328],[4.495797,52.169512],[4.496866,52.170132],[4.497607,52.171126],[4.497896,52.171299],[4.49863,52.172617],[4.499457,52.175868],[4.499688,52.176013],[4.504255,52.175742],[4.50742,52.175343],[4.508416,52.175279],[4.509472,52.175098],[4.509797,52.174947],[4.510203,52.175076],[4.511458,52.175229],[4.514086,52.17542],[4.514725,52.175622],[4.51498,52.176046],[4.515024,52.178285],[4.514933,52.178446],[4.514251,52.178944],[4.514209,52.181047],[4.513837,52.181386],[4.513338,52.181508],[4.510209,52.181485]]},"properties":{"line_id":"QBUZZ:z093","line_ref":"3","line_name":"Leiden: Merenwijk - Leyhof","agency_id":"QBUZZ","variant_id":"QBUZZ:z093|1589322"}},{"type":"Feature","geometry":{"type":"LineString","coordinates":[[4.482459,52.165528],[4.482897,52.165549],[4.481717,52.164623],[4.479988,52.165554],[4.479909,52.16585],[4.482298,52.167675],[4.483908,52.166869],[4.48407,52.166799],[4.484215,52.166845],[4.484586,52.167288],[4.48591,52.168305],[4.486247,52.168307],[4.486409,52.168228],[4.48815,52.169616],[4.488729,52.169908],[4.488933,52.169946],[4.489598,52.169555],[4.490451,52.169328],[4.493815,52.168482],[4.494841,52.168328],[4.495797,52.169512],[4.496866,52.170132],[4.497607,52.171126],[4.497896,52.171299],[4.49863,52.172617],[4.499457,52.175868],[4.49963,52.175995],[4.504255,52.175742],[4.50742,52.175343],[4.508416,52.175279],[4.509472,52.175098],[4.509797,52.174947],[4.510203,52.175076],[4.511458,52.175229],[4.514086,52.17542],[4.514725,52.175622],[4.51498,52.176046],[4.515024,52.178285],[4.514933,52.178446],[4.514251,52.178944],[4.514209,52.181047],[4.513837,52.181386],[4.513338,52.181508],[4.510209,52.181485]]},"properties":{"line_id":"QBUZZ:z093","line_ref":"3","line_name":"Leiden: Merenwijk - Leyhof","agency_id":"QBUZZ","variant_id":"QBUZZ:z093|1589323"}},{"type":"Feature","geometry":{"type":"LineString","coordinates":[[4.535836,52.172558],[4.535512,52.172709],[4.53538,52.172699],[4.533941,52.171538],[4.533987,52.171413],[4.534326,52.171253],[4.531798,52.168943],[4.530899,52.168523],[4.528588,52.167868],[4.527528,52.167474],[4.526543,52.167008],[4.525228,52.166244],[4.521497,52.168697],[4.517998,52.166712],[4.516481,52.166566],[4.516522,52.165964],[4.5164,52.165478],[4.515662,52.16434],[4.515411,52.163709],[4.515066,52.161171],[4.512136,52.161536],[4.512502,52.165206],[4.511869,52.166918],[4.511028,52.168062],[4.510707,52.168797],[4.508321,52.168195],[4.506267,52.167865],[4.506508,52.166752],[4.506516,52.163409],[4.50646,52.163265],[4.505966,52.163108],[4.506029,52.162884],[4.50545,52.161846],[4.505535,52.161235],[4.50604,52.160862],[4.506073,52.160637],[4.505107,52.159992],[4.504997,52.159649],[4.505044,52.159488],[4.50558,52.158989],[4.505613,52.158809],[4.505382,52.158628],[4.504658,52.158308],[4.503806,52.158544],[4.499878,52.159099],[4.498619,52.159215],[4.496697,52.159587],[4.495479,52.157636],[4.494782,52.155968],[4.494657,52.154889],[4.493968,52.154982],[4.493674,52.155097],[4.493349,52.155993],[4.493139,52.156288],[4.491675,52.157122],[4.488958,52.159232],[4.488087,52.159666],[4.487117,52.159946],[4.484992,52.160208],[4.485939,52.162534],[4.486132,52.163857],[4.485707,52.163899],[4.484691,52.163577],[4.484398,52.163574],[4.483943,52.165117],[4.483419,52.16576],[4.483243,52.165759],[4.48297,52.165523],[4.482897,52.165549],[4.481717,52.164623],[4.481317,52.164872],[4.481447,52.164972],[4.48213,52.165157],[4.482501,52.165573],[4.482897,52.165549],[4.481717,52.164623],[4.479988,52.165554],[4.479909,52.16585],[4.482298,52.167675],[4.483908,52.166869],[4.48407,52.166799],[4.484215,52.166845],[4.484586,52.167288],[4.48591,52.168305],[4.486247,52.168307],[4.486409,52.168228],[4.48815,52.169616],[4.488453,52.169807],[4.488933,52.169946],[4.489598,52.169555],[4.493815,52.168482],[4.494841,52.168328],[4.495797,52.169512],[4.496866,52.170132],[4.497607,52.171126],[4.497896,52.171299],[4.49863,52.172617],[4.499457,52.175868],[4.499688,52.176013],[4.504255,52.175742],[4.50742,52.175343],[4.508416,52.175279],[4.509472,52.175098],[4.509797,52.174947],[4.510203,52.175076],[4.511458,52.175229],[4.514086,52.17542],[4.514725,52.175622],[4.51498,52.176046],[4.515024,52.178285],[4.514933,52.178446],[4.514251,52.178944],[4.514209,52.181047],[4.513837,52.181386],[4.513338,52.181508],[4.51018,52.181485]]},"properties":{"line_id":"QBUZZ:z093","line_ref":"3","line_name":"Leiden: Merenwijk - Leyhof","agency_id":"QBUZZ","variant_id":"QBUZZ:z093|1589324"}},{"type":"Feature","geometry":{"type":"LineString","coordinates":[[4.535836,52.172558],[4.535512,52.172709],[4.53538,52.172699],[4.533941,52.171538],[4.533987,52.171413],[4.534326,52.171253],[4.531798,52.168943],[4.530899,52.168523],[4.528588,52.167868],[4.527528,52.167474],[4.526543,52.167008],[4.525228,52.166244],[4.521497,52.168697],[4.517998,52.166712],[4.516481,52.166566],[4.516522,52.165964],[4.5164,52.165478],[4.515662,52.16434],[4.515411,52.163709],[4.515066,52.161171],[4.512136,52.161536],[4.512502,52.165206],[4.511869,52.166918],[4.511028,52.168062],[4.510707,52.168797],[4.508321,52.168195],[4.506267,52.167865],[4.506508,52.166752],[4.506516,52.163409],[4.50646,52.163265],[4.505966,52.163108],[4.506029,52.162884],[4.50545,52.161846],[4.505535,52.161235],[4.50604,52.160862],[4.506073,52.160637],[4.505107,52.159992],[4.504997,52.159649],[4.505044,52.159488],[4.50558,52.158989],[4.505613,52.158809],[4.505382,52.158628],[4.504658,52.158308],[4.503806,52.158544],[4.499878,52.159099],[4.498619,52.159215],[4.496697,52.159587],[4.495479,52.157636],[4.494782,52.155968],[4.494657,52.154889],[4.493968,52.154982],[4.493674,52.155097],[4.493349,52.155993],[4.493139,52.156288],[4.491675,52.157122],[4.488958,52.159232],[4.488087,52.159666],[4.487117,52.159946],[4.484992,52.160208],[4.485939,52.162534],[4.485959,52.163002],[4.486192,52.163795],[4.485853,52.163918],[4.484691,52.163577],[4.484398,52.163574],[4.483943,52.165117],[4.483419,52.16576],[4.483243,52.165759],[4.48297,52.165523],[4.482897,52.165549],[4.481717,52.164623],[4.481317,52.164872],[4.481447,52.164972],[4.48213,52.165157],[4.482459,52.165528]]},"properties":{"line_id":"QBUZZ:z093","line_ref":"3","line_name":"Leiden: Merenwijk - Leyhof","agency_id":"QBUZZ","variant_id":"QBUZZ:z093|1589326"}},{"type":"Feature","geometry":{"type":"LineString","coordinates":[[4.49923,52.174787],[4.499555,52.176066],[4.49876,52.176348],[4.497254,52.177092],[4.496677,52.177429],[4.496497,52.177643],[4.497019,52.178609],[4.497626,52.178955],[4.498164,52.180568],[4.498379,52.180776],[4.49867,52.180859],[4.501043,52.180635],[4.501657,52.180666],[4.502208,52.180868],[4.503799,52.181779],[4.504367,52.1819],[4.508205,52.181506],[4.510137,52.181449]]},"properties":{"line_id":"QBUZZ:z094","line_ref":"4","line_name":"Leiden: Merenwijk - De Vink","agency_id":"QBUZZ","variant_id":"QBUZZ:z094|1578474"}},{"type":"Feature","geometry":{"type":"LineString","coordinates":[[4.510209,52.181485],[4.508234,52.181551],[4.504614,52.181965],[4.503754,52.181823],[4.502149,52.180895],[4.501786,52.180766],[4.500646,52.180766],[4.498712,52.180959],[4.498232,52.180829],[4.498089,52.180675],[4.497595,52.179072],[4.497495,52.178945],[4.496973,52.178707],[4.496477,52.177922],[4.496439,52.177625],[4.496782,52.177277],[4.49919,52.176046],[4.499266,52.175911],[4.498825,52.173814]]},"properties":{"line_id":"QBUZZ:z094","line_ref":"4","line_name":"Leiden: Merenwijk - De Vink","agency_id":"QBUZZ","variant_id":"QBUZZ:z094|1578475"}},{"type":"Feature","geometry":{"type":"LineString","coordinates":[[4.510209,52.181485],[4.508234,52.181551],[4.504614,52.181965],[4.503754,52.181823],[4.502149,52.180895],[4.501786,52.180766],[4.500646,52.180766],[4.498712,52.180959],[4.498232,52.180829],[4.498089,52.180675],[4.497595,52.179072],[4.497495,52.178945],[4.496973,52.178707],[4.496477,52.177922],[4.496439,52.177625],[4.496782,52.177277],[4.499116,52.176108],[4.499266,52.175911],[4.498556,52.172625],[4.498105,52.171804],[4.497747,52.171442],[4.497558,52.171386],[4.497518,52.171188],[4.496719,52.170184],[4.495548,52.169546],[4.494765,52.16848],[4.493489,52.168722],[4.490492,52.169463],[4.489609,52.169726],[4.489121,52.170037],[4.488813,52.170062],[4.488406,52.169969],[4.487712,52.169559],[4.486404,52.168488],[4.486259,52.168415],[4.48585,52.168394],[4.484353,52.167259],[4.484299,52.167025],[4.484127,52.166889],[4.483626,52.167065],[4.482281,52.167774],[4.479747,52.165876],[4.479988,52.165554],[4.481317,52.164872],[4.481447,52.164972],[4.482348,52.165212],[4.482779,52.165575],[4.48297,52.165523],[4.483243,52.165759],[4.483478,52.165724],[4.483943,52.165117],[4.484752,52.161959],[4.484857,52.161852],[4.485561,52.161705],[4.4853,52.160912],[4.484985,52.160595],[4.484817,52.160216],[4.487117,52.159946],[4.488087,52.159666],[4.488958,52.159232],[4.491675,52.157122],[4.493139,52.156288],[4.493558,52.155033],[4.494657,52.154889],[4.494514,52.154007],[4.493758,52.153803],[4.493797,52.153309],[4.494403,52.151498],[4.494417,52.150842],[4.494196,52.150193],[4.493569,52.149362],[4.491852,52.147587],[4.49157,52.147072],[4.489809,52.145279],[4.489133,52.145454],[4.486012,52.145196],[4.485589,52.148051],[4.481207,52.147973],[4.481016,52.148025],[4.480711,52.147933],[4.4774,52.147665],[4.477093,52.14769],[4.474935,52.147448],[4.476599,52.142499],[4.476905,52.141846],[4.47386,52.141427],[4.471059,52.141225],[4.470883,52.141305],[4.470348,52.144563],[4.470533,52.144798],[4.471392,52.144976],[4.470767,52.146939],[4.468071,52.146595],[4.464716,52.146335],[4.461207,52.145723],[4.45919,52.145806],[4.457642,52.146432],[4.456977,52.146805],[4.456685,52.146802],[4.455713,52.147172],[4.45548,52.147152],[4.455369,52.146873]]},"properties":{"line_id":"QBUZZ:z094","line_ref":"4","line_name":"Leiden: Merenwijk - De Vink","agency_id":"QBUZZ","variant_id":"QBUZZ:z094|1578476"}},{"type":"Feature","geometry":{"type":"LineString","coordinates":[[4.455369,52.146873],[4.455255,52.146728],[4.455079,52.146754],[4.455063,52.146834],[4.455507,52.147251],[4.456773,52.146785],[4.456819,52.146677],[4.457259,52.146609],[4.45919,52.145806],[4.46042,52.145663],[4.462797,52.145862],[4.463685,52.146021],[4.464716,52.146335],[4.468071,52.146595],[4.470767,52.146939],[4.471392,52.144976],[4.470533,52.144798],[4.470348,52.144563],[4.470865,52.141466],[4.470883,52.141305],[4.470739,52.141196],[4.47093,52.141116],[4.471059,52.141225],[4.47386,52.141427],[4.477167,52.141893],[4.476152,52.144384],[4.475259,52.147334],[4.476264,52.147494],[4.480785,52.14788],[4.481122,52.147828],[4.481355,52.147893],[4.485589,52.148051],[4.486028,52.145134],[4.48912,52.1454],[4.489986,52.145182],[4.491486,52.146883],[4.492219,52.1475],[4.493707,52.149084],[4.494347,52.149943],[4.494595,52.150682],[4.494596,52.151392],[4.493836,52.153588],[4.493877,52.153687],[4.494645,52.154017],[4.494759,52.154889],[4.493968,52.154982],[4.493674,52.155097],[4.493349,52.155993],[4.493139,52.156288],[4.491675,52.157122],[4.488958,52.159232],[4.488087,52.159666],[4.487117,52.159946],[4.484992,52.160208],[4.485939,52.162534],[4.486132,52.163857],[4.485707,52.163899],[4.484691,52.163577],[4.484398,52.163574],[4.483943,52.165117],[4.483419,52.16576],[4.483243,52.165759],[4.48297,52.165523],[4.482897,52.165549],[4.481717,52.164623],[4.481317,52.164872],[4.481447,52.164972],[4.48213,52.165157],[4.482501,52.165573],[4.482897,52.165549],[4.481717,52.164623],[4.479988,52.165554],[4.479909,52.16585],[4.482298,52.167675],[4.483908,52.166869],[4.48407,52.166799],[4.484215,52.166845],[4.484586,52.167288],[4.48591,52.168305],[4.486247,52.168307],[4.486409,52.168228],[4.48815,52.169616],[4.488453,52.169807],[4.488933,52.169946],[4.489598,52.169555],[4.493815,52.168482],[4.494841,52.168328],[4.495,52.168446],[4.495797,52.169512],[4.496866,52.170132],[4.497607,52.171126],[4.497867,52.171254],[4.497879,52.171407],[4.498335,52.172003],[4.49863,52.172617],[4.499571,52.176012],[4.499452,52.176128],[4.499291,52.176127],[4.49876,52.176348],[4.497254,52.177092],[4.496677,52.177429],[4.496497,52.177643],[4.497019,52.178609],[4.497626,52.178955],[4.498164,52.180568],[4.498379,52.180776],[4.49867,52.180859],[4.501043,52.180635],[4.501657,52.180666],[4.502208,52.180868],[4.503799,52.181779],[4.504367,52.1819],[4.508205,52.181506],[4.510137,52.181449]]},"properties":{"line_id":"QBUZZ:z094","line_ref":"4","line_name":"Leiden: Merenwijk - De Vink","agency_id":"QBUZZ","variant_id":"QBUZZ:z094|1589327"}},{"type":"Feature","geometry":{"type":"LineString","coordinates":[[4.455369,52.146873],[4.455255,52.146728],[4.455079,52.146754],[4.455063,52.146834],[4.455507,52.147251],[4.456773,52.146785],[4.456819,52.146677],[4.457259,52.146609],[4.45919,52.145806],[4.46042,52.145663],[4.462797,52.145862],[4.463685,52.146021],[4.464716,52.146335],[4.468071,52.146595],[4.470767,52.146939],[4.471392,52.144976],[4.470533,52.144798],[4.470348,52.144563],[4.470865,52.141466],[4.470883,52.141305],[4.470739,52.141196],[4.47093,52.141116],[4.471059,52.141225],[4.47386,52.141427],[4.477167,52.141893],[4.476152,52.144384],[4.475259,52.147334],[4.476264,52.147494],[4.480785,52.14788],[4.481122,52.147828],[4.481355,52.147893],[4.485589,52.148051],[4.486028,52.145134],[4.48912,52.1454],[4.489986,52.145182],[4.491486,52.146883],[4.492219,52.1475],[4.493707,52.149084],[4.494347,52.149943],[4.494595,52.150682],[4.494596,52.151392],[4.493836,52.153588],[4.493877,52.153687],[4.494645,52.154017],[4.494759,52.154889],[4.493968,52.154982],[4.493674,52.155097],[4.493349,52.155993],[4.493139,52.156288],[4.491675,52.157122],[4.488958,52.159232],[4.488087,52.159666],[4.487117,52.159946],[4.484992,52.160208],[4.485939,52.162534],[4.486132,52.163857],[4.485707,52.163899],[4.484691,52.163577],[4.484398,52.163574],[4.483943,52.165117],[4.483419,52.16576],[4.483243,52.165759],[4.48297,52.165523],[4.482897,52.165549],[4.481717,52.164623],[4.481317,52.164872],[4.481447,52.164972],[4.48213,52.165157],[4.482501,52.165573],[4.482897,52.165549],[4.481717,52.164623],[4.479988,52.165554],[4.479909,52.16585],[4.482298,52.167675],[4.483908,52.166869],[4.48407,52.166799],[4.484215,52.166845],[4.484586,52.167288],[4.48591,52.168305],[4.486247,52.168307],[4.486409,52.168228],[4.48815,52.169616],[4.488453,52.169807],[4.488933,52.169946],[4.489598,52.169555],[4.493815,52.168482],[4.494841,52.168328],[4.495,52.168446],[4.495797,52.169512],[4.496866,52.170132],[4.497607,52.171126],[4.497867,52.171254],[4.497879,52.171407],[4.498335,52.172003],[4.49863,52.172617],[4.499571,52.176012],[4.499452,52.176128],[4.499291,52.176127],[4.49876,52.176348],[4.497254,52.177092],[4.496677,52.177429],[4.496497,52.177643],[4.497019,52.178609],[4.497626,52.178955],[4.498164,52.180568],[4.498379,52.180776],[4.49867,52.180859],[4.501043,52.180635],[4.501657,52.180666],[4.502208,52.180868],[4.503799,52.181779],[4.504367,52.1819],[4.508205,52.181506],[4.51018,52.181449]]},"properties":{"line_id":"QBUZZ:z094","line_ref":"4","line_name":"Leiden: Merenwijk - De Vink","agency_id":"QBUZZ","variant_id":"QBUZZ:z094|1589328"}},{"type":"Feature","geometry":{"type":"LineString","coordinates":[[4.482722,52.16553],[4.482779,52.165575],[4.48297,52.165523],[4.483316,52.165768],[4.483478,52.165724],[4.483687,52.165501],[4.483943,52.165117],[4.48413,52.164552],[4.484752,52.161959],[4.484857,52.161852],[4.485561,52.161705],[4.4853,52.160912],[4.484985,52.160595],[4.484817,52.160216],[4.483648,52.160216],[4.482116,52.160096],[4.478849,52.15973],[4.476959,52.159239],[4.475958,52.158889],[4.475016,52.158505],[4.474324,52.158032],[4.472439,52.155896],[4.472103,52.155192],[4.471816,52.154911],[4.472396,52.154439],[4.47317,52.153043],[4.474217,52.149717],[4.47012,52.149262],[4.470767,52.146939],[4.468071,52.146595],[4.464716,52.146335],[4.461499,52.145753],[4.460125,52.145778],[4.459877,52.145057],[4.459845,52.144481],[4.46079,52.141918],[4.460974,52.140769],[4.461,52.139529],[4.460609,52.138636],[4.458701,52.136958],[4.454638,52.134292],[4.45429,52.134182],[4.454248,52.134055],[4.452415,52.132998],[4.449796,52.131144],[4.449059,52.130778],[4.449149,52.130671],[4.44928,52.130699],[4.452066,52.12878],[4.453236,52.129391],[4.456439,52.127754],[4.456298,52.127528],[4.45498,52.126313],[4.453168,52.124968],[4.452877,52.124921],[4.451609,52.125459],[4.449292,52.12661],[4.449025,52.126823],[4.449022,52.126994],[4.448875,52.127038],[4.448627,52.126982],[4.447776,52.127209],[4.447381,52.127206],[4.447077,52.127095],[4.445495,52.125914],[4.44457,52.124783],[4.44223,52.125618],[4.438461,52.127062],[4.438018,52.127292],[4.437196,52.127519],[4.437037,52.127401],[4.437215,52.127277],[4.437131,52.127105],[4.435469,52.126319],[4.434834,52.125936],[4.433457,52.124766],[4.433567,52.124425],[4.434292,52.123946],[4.435104,52.123566],[4.435239,52.123405],[4.432966,52.121076],[4.432796,52.120832],[4.432843,52.120725],[4.438002,52.118448],[4.43881,52.118193],[4.439704,52.118066],[4.44187,52.117103],[4.44253,52.117648],[4.442777,52.117722],[4.443173,52.117653],[4.446703,52.115713],[4.446693,52.115488],[4.447166,52.115222]]},"properties":{"line_id":"QBUZZ:z095","line_ref":"5","line_name":"Leiden: Leiden - Voorschoten","agency_id":"QBUZZ","variant_id":"QBUZZ:z095|1578477"}},{"type":"Feature","geometry":{"type":"LineString","coordinates":[[4.447166,52.115222],[4.447269,52.115178],[4.447442,52.115296],[4.44685,52.115696],[4.446703,52.115713],[4.443173,52.117653],[4.442777,52.117722],[4.44253,52.117648],[4.441971,52.117185],[4.43976,52.118165],[4.438647,52.118336],[4.436881,52.11896],[4.432843,52.120725],[4.432796,52.120832],[4.432966,52.121076],[4.435239,52.123405],[4.435104,52.123566],[4.434292,52.123946],[4.433567,52.124425],[4.433457,52.124766],[4.434834,52.125936],[4.435469,52.126319],[4.437016,52.127033],[4.437215,52.127277],[4.437433,52.127342],[4.438255,52.127159],[4.444602,52.124676],[4.445555,52.125879],[4.447079,52.127005],[4.447456,52.127143],[4.447792,52.127137],[4.448688,52.126892],[4.45161,52.125441],[4.452877,52.124912],[4.453168,52.124968],[4.45498,52.126313],[4.456298,52.127528],[4.456439,52.127754],[4.453162,52.129445],[4.451992,52.128824],[4.449324,52.130655],[4.449307,52.130789],[4.451625,52.132372],[4.454192,52.133938],[4.454542,52.134004],[4.454597,52.134166],[4.455229,52.134683],[4.458099,52.136432],[4.459019,52.137122],[4.460839,52.138835],[4.461091,52.139359],[4.461156,52.139773],[4.46072,52.142475],[4.460019,52.144545],[4.460259,52.14568],[4.462389,52.145813],[4.463685,52.146021],[4.464716,52.146335],[4.468071,52.146595],[4.470767,52.146939],[4.47012,52.149262],[4.474435,52.149736],[4.473131,52.153483],[4.472556,52.154468],[4.472005,52.15494],[4.472249,52.155193],[4.472655,52.156032],[4.474655,52.158268],[4.475378,52.158669],[4.476727,52.159165],[4.478849,52.15973],[4.480642,52.159959],[4.483648,52.160216],[4.484992,52.160208],[4.485939,52.162534],[4.485959,52.163002],[4.486192,52.163795],[4.485853,52.163918],[4.484691,52.163577],[4.484398,52.163574],[4.483943,52.165117],[4.483582,52.165635],[4.483419,52.16576],[4.483243,52.165759],[4.482609,52.165322]]},"properties":{"line_id":"QBUZZ:z095","line_ref":"5","line_name":"Leiden: Leiden - Voorschoten","agency_id":"QBUZZ","variant_id":"QBUZZ:z095|1578478"}},{"type":"Feature","geometry":{"type":"LineString","coordinates":[[4.657967,52.124858],[4.657966,52.124939],[4.658578,52.124987],[4.658508,52.125724],[4.659059,52.126869],[4.658926,52.12694],[4.65874,52.12764],[4.657756,52.128829],[4.657911,52.129208],[4.657747,52.129396],[4.657546,52.130095],[4.657374,52.130777],[4.657298,52.13182],[4.657,52.132204],[4.656554,52.134449],[4.657664,52.134455],[4.658248,52.134504],[4.658378,52.134577],[4.661778,52.134786],[4.664976,52.13486],[4.666665,52.135176],[4.667116,52.13437],[4.668072,52.132128],[4.668225,52.131734],[4.668109,52.131661],[4.668154,52.131563],[4.668301,52.131537],[4.668533,52.131637],[4.671578,52.132123],[4.672139,52.130832],[4.673259,52.125652],[4.674348,52.121417],[4.674749,52.121032],[4.676716,52.120334],[4.677397,52.121615],[4.678559,52.122943],[4.683423,52.127475],[4.689445,52.133659],[4.690483,52.134582],[4.691812,52.135516],[4.692639,52.13588],[4.69299,52.135864],[4.69415,52.135421],[4.70724,52.132433],[4.708657,52.13236],[4.709867,52.132529],[4.72007,52.135894],[4.720853,52.136303],[4.724391,52.13902],[4.726474,52.14038],[4.728811,52.141426],[4.73006,52.141919],[4.731006,52.142194],[4.737106,52.143594],[4.750776,52.146949],[4.751447,52.147069],[4.751711,52.147017],[4.751855,52.147161],[4.752465,52.147353],[4.762279,52.149743],[4.762457,52.149609],[4.763816,52.147477],[4.764047,52.146606],[4.764422,52.145943],[4.764819,52.145783],[4.76514,52.145812],[4.767046,52.146325],[4.767481,52.146597],[4.768057,52.147185],[4.768608,52.147484],[4.772365,52.14843],[4.772832,52.148432],[4.773195,52.148632],[4.776383,52.149448],[4.777188,52.150414],[4.77952,52.151963],[4.782848,52.153265],[4.783766,52.153486],[4.782989,52.154713],[4.782371,52.155043],[4.782709,52.155979],[4.782511,52.156616],[4.781068,52.158451],[4.780918,52.158765],[4.780989,52.158927],[4.78071,52.159016],[4.780414,52.159266],[4.779415,52.160717],[4.77795,52.163109],[4.777916,52.163496],[4.778045,52.163685],[4.777766,52.163764],[4.777159,52.164345],[4.770133,52.17567],[4.769798,52.176585],[4.769899,52.176729],[4.770204,52.176857],[4.781526,52.179612],[4.783257,52.180268],[4.783197,52.180366],[4.781017,52.182656],[4.777019,52.187399],[4.774027,52.192309],[4.762949,52.189654],[4.761692,52.189584],[4.761501,52.189646],[4.761298,52.189492],[4.760817,52.189382],[4.760578,52.189767],[4.760519,52.190863],[4.760396,52.19124],[4.758688,52.194125],[4.757272,52.196014],[4.757133,52.196553]]},"properties":{"line_id":"QBUZZ:z147","line_ref":"147","line_name":"Alphen a/d Rijn - Uithoorn","agency_id":"QBUZZ","variant_id":"QBUZZ:z147|1625021"}},{"type":"Feature","geometry":{"type":"LineString","coordinates":[[4.820886,52.242948],[4.821343,52.242672],[4.821694,52.242736],[4.820764,52.243271],[4.82091,52.243362],[4.819466,52.244074],[4.813352,52.245824],[4.812777,52.246145],[4.812103,52.246168],[4.809296,52.246955],[4.809124,52.246684],[4.809186,52.246415],[4.809086,52.246235],[4.808461,52.245854],[4.808197,52.245853],[4.807461,52.246146],[4.804409,52.247775],[4.802937,52.248343],[4.801056,52.248855],[4.800569,52.248053],[4.797748,52.244363],[4.795908,52.241756],[4.794237,52.241892],[4.793588,52.242284],[4.792664,52.242405],[4.792817,52.241911],[4.791997,52.240793],[4.792732,52.240554],[4.793417,52.239676],[4.794449,52.239196],[4.793902,52.238492],[4.79198,52.236622],[4.791216,52.235675],[4.790131,52.234761],[4.789353,52.233832],[4.787518,52.23198],[4.786086,52.230759],[4.785234,52.229856],[4.784535,52.229619],[4.78451,52.229304],[4.784124,52.228637],[4.783776,52.228366],[4.783414,52.225892],[4.783212,52.223527],[4.782756,52.221547],[4.782707,52.220828],[4.782846,52.219229],[4.783446,52.215987],[4.783475,52.214936],[4.783052,52.213801],[4.780169,52.209535],[4.779668,52.208697],[4.779571,52.208274],[4.77868,52.208206],[4.77833,52.208088],[4.759786,52.200297],[4.75925,52.199979],[4.756579,52.197439],[4.757208,52.196427],[4.757272,52.196014],[4.758688,52.194125],[4.760396,52.19124],[4.760702,52.189282],[4.761329,52.189429],[4.761578,52.189368],[4.761985,52.189568],[4.762949,52.189654],[4.774027,52.192309],[4.777019,52.187399],[4.781017,52.182656],[4.783197,52.180366],[4.783257,52.180268],[4.781526,52.179612],[4.772186,52.177325],[4.770204,52.176857],[4.769854,52.176792],[4.769575,52.176835],[4.769474,52.176754],[4.769681,52.176593],[4.770133,52.17567],[4.774947,52.167875],[4.77765,52.16371],[4.777608,52.163575],[4.77777,52.163486],[4.779415,52.160717],[4.780608,52.158979],[4.780566,52.158826],[4.780816,52.158738],[4.782377,52.156795],[4.782529,52.156329],[4.782508,52.155735],[4.782337,52.155384],[4.781975,52.155157],[4.781933,52.155004],[4.78211,52.154924],[4.782299,52.154961],[4.782666,52.154873],[4.782989,52.154713],[4.783766,52.153486],[4.782848,52.153265],[4.77952,52.151963],[4.777188,52.150414],[4.776383,52.149448],[4.773195,52.148632],[4.77264,52.148593],[4.772597,52.148503],[4.772277,52.148402],[4.768608,52.147484],[4.768057,52.147185],[4.767481,52.146597],[4.767046,52.146325],[4.76514,52.145812],[4.764819,52.145783],[4.764422,52.145943],[4.764047,52.146606],[4.763816,52.147477],[4.762457,52.149609],[4.762279,52.149743],[4.752465,52.147353],[4.75181,52.147224],[4.751502,52.147267],[4.751417,52.147132],[4.750776,52.146949],[4.729594,52.141817],[4.727648,52.141024],[4.725765,52.139962],[4.724391,52.13902],[4.720853,52.136303],[4.720288,52.135995],[4.711335,52.132986],[4.709808,52.132582],[4.708102,52.132366],[4.706888,52.132503],[4.694341,52.135405],[4.693061,52.135945],[4.692883,52.136169],[4.692664,52.136168],[4.692463,52.135924],[4.691897,52.135687],[4.69116,52.135161],[4.689445,52.133659],[4.683423,52.127475],[4.677753,52.122174],[4.677079,52.121415],[4.676554,52.120468],[4.674908,52.121114],[4.674627,52.121337],[4.674401,52.121785],[4.67394,52.123203],[4.673081,52.126712],[4.672423,52.130438],[4.671723,52.132187],[4.668488,52.131709],[4.668225,52.131734],[4.667116,52.13437],[4.666665,52.135176],[4.664976,52.13486],[4.66207,52.134797],[4.659079,52.134599],[4.656363,52.134537],[4.657,52.132204],[4.657106,52.131072],[4.657374,52.130777],[4.657576,52.130042],[4.657614,52.129512],[4.65734,52.129276],[4.657273,52.128934],[4.657981,52.128498],[4.658727,52.127514],[4.658806,52.127173],[4.658824,52.126921],[4.65868,52.126813],[4.658828,52.126706],[4.658818,52.126382],[4.658392,52.125651],[4.658585,52.124574]]},"properties":{"line_id":"QBUZZ:z147","line_ref":"147","line_name":"Alphen a/d Rijn - Uithoorn","agency_id":"QBUZZ","variant_id":"QBUZZ:z147|1625022"}},{"type":"Feature","geometry":{"type":"LineString","coordinates":[[4.756848,52.197045],[4.757238,52.196364],[4.757272,52.196014],[4.758688,52.194125],[4.760396,52.19124],[4.760702,52.189282],[4.761329,52.189429],[4.761578,52.189368],[4.761985,52.189568],[4.762949,52.189654],[4.774027,52.192309],[4.777019,52.187399],[4.781017,52.182656],[4.783197,52.180366],[4.783257,52.180268],[4.781526,52.179612],[4.772186,52.177325],[4.770204,52.176857],[4.769854,52.176792],[4.769575,52.176835],[4.769474,52.176754],[4.769681,52.176593],[4.770133,52.17567],[4.774947,52.167875],[4.777159,52.164345],[4.77765,52.16371],[4.777608,52.163575],[4.77777,52.163486],[4.779415,52.160717],[4.780608,52.158979],[4.780566,52.158826],[4.780816,52.158738],[4.782377,52.156795],[4.782529,52.156329],[4.782508,52.155735],[4.782337,52.155384],[4.781975,52.155157],[4.781933,52.155004],[4.78211,52.154924],[4.782299,52.154961],[4.782666,52.154873],[4.782989,52.154713],[4.783766,52.153486],[4.782848,52.153265],[4.77952,52.151963],[4.777188,52.150414],[4.776383,52.149448],[4.773195,52.148632],[4.77264,52.148593],[4.772597,52.148503],[4.772277,52.148402],[4.768608,52.147484],[4.768057,52.147185],[4.767481,52.146597],[4.767046,52.146325],[4.76514,52.145812],[4.764819,52.145783],[4.764422,52.145943],[4.764047,52.146606],[4.763816,52.147477],[4.762457,52.149609],[4.762279,52.149743],[4.752465,52.147353],[4.75181,52.147224],[4.751502,52.147267],[4.751417,52.147132],[4.750776,52.146949],[4.729594,52.141817],[4.727648,52.141024],[4.725765,52.139962],[4.724391,52.13902],[4.720853,52.136303],[4.720288,52.135995],[4.711335,52.132986],[4.709808,52.132582],[4.708102,52.132366],[4.706888,52.132503],[4.694341,52.135405],[4.693061,52.135945],[4.692883,52.136169],[4.692664,52.136168],[4.692463,52.135924],[4.691897,52.135687],[4.69116,52.135161],[4.689445,52.133659],[4.683423,52.127475],[4.677753,52.122174],[4.677079,52.121415],[4.676554,52.120468],[4.674908,52.121114],[4.674627,52.121337],[4.674401,52.121785],[4.67394,52.123203],[4.673081,52.126712],[4.672423,52.130438],[4.671723,52.132187],[4.668488,52.131709],[4.668225,52.131734],[4.667116,52.13437],[4.666665,52.135176],[4.664976,52.13486],[4.66207,52.134797],[4.659079,52.134599],[4.656363,52.134537],[4.657,52.132204],[4.657106,52.131072],[4.657374,52.130777],[4.657576,52.130042],[4.657614,52.129512],[4.65734,52.129276],[4.657273,52.128934],[4.657981,52.128498],[4.658727,52.127514],[4.658806,52.127173],[4.658824,52.126921],[4.65868,52.126813],[4.658828,52.126706],[4.658818,52.126382],[4.658392,52.125651],[4.658585,52.124574]]},"properties":{"line_id":"QBUZZ:z147","line_ref":"147","line_name":"Alphen a/d Rijn - Uithoorn","agency_id":"QBUZZ","variant_id":"QBUZZ:z147|1625023"}},{"type":"Feature","geometry":{"type":"LineString","coordinates":[[4.657967,52.124858],[4.657966,52.124939],[4.658578,52.124987],[4.658508,52.125724],[4.659059,52.126869],[4.658926,52.12694],[4.65874,52.12764],[4.657756,52.128829],[4.657911,52.129208],[4.657747,52.129396],[4.657546,52.130095],[4.657374,52.130777],[4.657298,52.13182],[4.657,52.132204],[4.656554,52.134449],[4.657664,52.134455],[4.658248,52.134504],[4.658378,52.134577],[4.661778,52.134786],[4.664976,52.13486],[4.666665,52.135176],[4.667116,52.13437],[4.668072,52.132128],[4.668225,52.131734],[4.668109,52.131661],[4.668154,52.131563],[4.668301,52.131537],[4.668533,52.131637],[4.671578,52.132123],[4.672139,52.130832],[4.673259,52.125652],[4.674348,52.121417],[4.674749,52.121032],[4.676716,52.120334],[4.677397,52.121615],[4.678559,52.122943],[4.683423,52.127475],[4.689445,52.133659],[4.690483,52.134582],[4.691812,52.135516],[4.692639,52.13588],[4.69299,52.135864],[4.69415,52.135421],[4.70724,52.132433],[4.708657,52.13236],[4.709867,52.132529],[4.72007,52.135894],[4.720853,52.136303],[4.724391,52.13902],[4.726474,52.14038],[4.728811,52.141426],[4.73006,52.141919],[4.731006,52.142194],[4.737106,52.143594],[4.750776,52.146949],[4.751447,52.147069],[4.751711,52.147017],[4.751855,52.147161],[4.752465,52.147353],[4.762279,52.149743],[4.762457,52.149609],[4.763816,52.147477],[4.764047,52.146606],[4.764422,52.145943],[4.764819,52.145783],[4.76514,52.145812],[4.767046,52.146325],[4.767481,52.146597],[4.768057,52.147185],[4.768608,52.147484],[4.772365,52.14843],[4.772832,52.148432],[4.773195,52.148632],[4.776383,52.149448],[4.777188,52.150414],[4.77952,52.151963],[4.782848,52.153265],[4.783766,52.153486],[4.782989,52.154713],[4.782371,52.155043],[4.782709,52.155979],[4.782511,52.156616],[4.781068,52.158451],[4.780918,52.158765],[4.780989,52.158927],[4.78071,52.159016],[4.780414,52.159266],[4.779415,52.160717],[4.77795,52.163109],[4.777916,52.163496],[4.778045,52.163685],[4.777766,52.163764],[4.777159,52.164345],[4.770133,52.17567],[4.769798,52.176585],[4.769899,52.176729],[4.770204,52.176857],[4.781526,52.179612],[4.783257,52.180268],[4.783197,52.180366],[4.781017,52.182656],[4.777019,52.187399],[4.774027,52.192309],[4.762949,52.189654],[4.761692,52.189584],[4.761501,52.189646],[4.761298,52.189492],[4.760817,52.189382],[4.760578,52.189767],[4.760488,52.190998],[4.760156,52.191706],[4.758165,52.194913],[4.757272,52.196014],[4.757208,52.196427],[4.756579,52.197439],[4.75925,52.199979],[4.759786,52.200297],[4.77833,52.208088],[4.778899,52.208234],[4.779718,52.208239],[4.77994,52.209165],[4.783052,52.213801],[4.783475,52.214936],[4.783446,52.215987],[4.782846,52.219229],[4.782707,52.220828],[4.782756,52.221547],[4.783212,52.223527],[4.783586,52.227241],[4.783809,52.228096],[4.78467,52.229404],[4.784652,52.229619],[4.785234,52.229856],[4.786086,52.230759],[4.787518,52.23198],[4.789353,52.233832],[4.790131,52.234761],[4.791216,52.235675],[4.79198,52.236622],[4.793902,52.238492],[4.794449,52.239196],[4.793417,52.239676],[4.792732,52.240554],[4.791997,52.240793],[4.792817,52.241911],[4.792664,52.242405],[4.793588,52.242284],[4.794237,52.241892],[4.795908,52.241756],[4.801116,52.248748],[4.803614,52.248077],[4.804851,52.24758],[4.808125,52.245807],[4.808097,52.245672],[4.808216,52.245583],[4.808508,52.245603],[4.808549,52.245809],[4.809086,52.246235],[4.809186,52.246415],[4.809124,52.246684],[4.809296,52.246955],[4.812103,52.246168],[4.812719,52.246108],[4.813352,52.245824],[4.819466,52.244074],[4.82091,52.243362],[4.82062,52.243109],[4.820886,52.242948]]},"properties":{"line_id":"QBUZZ:z147","line_ref":"147","line_name":"Alphen a/d Rijn - Uithoorn","agency_id":"QBUZZ","variant_id":"QBUZZ:z147|1625026"}},{"type":"Feature","geometry":{"type":"LineString","coordinates":[[4.657967,52.124858],[4.657966,52.124939],[4.658578,52.124987],[4.658508,52.125724],[4.659059,52.126869],[4.658926,52.12694],[4.65874,52.12764],[4.657756,52.128829],[4.657911,52.129208],[4.657747,52.129396],[4.657546,52.130095],[4.657374,52.130777],[4.657298,52.13182],[4.657,52.132204],[4.656554,52.134449],[4.657664,52.134455],[4.658248,52.134504],[4.658378,52.134577],[4.661778,52.134786],[4.664976,52.13486],[4.666665,52.135176],[4.667116,52.13437],[4.668072,52.132128],[4.668225,52.131734],[4.668109,52.131661],[4.668154,52.131563],[4.668301,52.131537],[4.668533,52.131637],[4.671578,52.132123],[4.672139,52.130832],[4.673259,52.125652],[4.674348,52.121417],[4.674749,52.121032],[4.676716,52.120334],[4.677397,52.121615],[4.678559,52.122943],[4.683423,52.127475],[4.689445,52.133659],[4.690483,52.134582],[4.691812,52.135516],[4.692639,52.13588],[4.69299,52.135864],[4.69415,52.135421],[4.70724,52.132433],[4.708657,52.13236],[4.709867,52.132529],[4.720288,52.135995],[4.720853,52.136303],[4.724391,52.13902],[4.725765,52.139962],[4.727345,52.140816],[4.73006,52.141919],[4.731966,52.142433],[4.737106,52.143594],[4.750776,52.146949],[4.751447,52.147069],[4.751711,52.147017],[4.751855,52.147161],[4.752465,52.147353],[4.761872,52.14966],[4.762279,52.149743],[4.762457,52.149609],[4.763816,52.147477],[4.764047,52.146606],[4.764451,52.145916],[4.764965,52.145775],[4.766901,52.146262],[4.767336,52.14648],[4.768057,52.147185],[4.768608,52.147484],[4.772365,52.14843],[4.772832,52.148432],[4.773195,52.148632],[4.776383,52.149448],[4.777188,52.150414],[4.77952,52.151963],[4.782848,52.153265],[4.783766,52.153486],[4.782989,52.154713],[4.782371,52.155043],[4.782682,52.155844]]},"properties":{"line_id":"QBUZZ:z147","line_ref":"147","line_name":"Alphen a/d Rijn - Uithoorn","agency_id":"QBUZZ","variant_id":"QBUZZ:z147|1654978"}},{"type":"Feature","geometry":{"type":"LineString","coordinates":[[4.782408,52.155528],[4.78215,52.155203],[4.781932,52.155112],[4.781933,52.155004],[4.78211,52.154924],[4.782299,52.154961],[4.782666,52.154873],[4.782989,52.154713],[4.783766,52.153486],[4.782848,52.153265],[4.77952,52.151963],[4.777188,52.150414],[4.776383,52.149448],[4.773195,52.148632],[4.77264,52.148593],[4.772597,52.148503],[4.772277,52.148402],[4.768608,52.147484],[4.768057,52.147185],[4.767336,52.14648],[4.766901,52.146262],[4.764965,52.145775],[4.764451,52.145916],[4.764047,52.146606],[4.763816,52.147477],[4.762457,52.149609],[4.762279,52.149743],[4.752465,52.147353],[4.75181,52.147224],[4.751502,52.147267],[4.751417,52.147132],[4.750776,52.146949],[4.729594,52.141817],[4.727648,52.141024],[4.725765,52.139962],[4.724391,52.13902],[4.720853,52.136303],[4.720288,52.135995],[4.711335,52.132986],[4.709808,52.132582],[4.708102,52.132366],[4.706888,52.132503],[4.694341,52.135405],[4.693061,52.135945],[4.692883,52.136169],[4.692664,52.136168],[4.692463,52.135924],[4.691897,52.135687],[4.69116,52.135161],[4.689445,52.133659],[4.683423,52.127475],[4.677753,52.122174],[4.677079,52.121415],[4.676554,52.120468],[4.674908,52.121114],[4.674627,52.121337],[4.674401,52.121785],[4.67394,52.123203],[4.673081,52.126712],[4.672423,52.130438],[4.671723,52.132187],[4.668488,52.131709],[4.668225,52.131734],[4.667116,52.13437],[4.666665,52.135176],[4.664976,52.13486],[4.66207,52.134797],[4.659079,52.134599],[4.656363,52.134537],[4.657,52.132204],[4.657106,52.131072],[4.657374,52.130777],[4.657576,52.130042],[4.657614,52.129512],[4.65734,52.129276],[4.657273,52.128934],[4.657981,52.128498],[4.658727,52.127514],[4.658806,52.127173],[4.658824,52.126921],[4.65868,52.126813],[4.658828,52.126706],[4.658818,52.126382],[4.658392,52.125651],[4.658585,52.124574]]},"properties":{"line_id":"QBUZZ:z147","line_ref":"147","line_name":"Alphen a/d Rijn - Uithoorn","agency_id":"QBUZZ","variant_id":"QBUZZ:z147|1654980"}},{"type":"Feature","geometry":{"type":"LineString","coordinates":[[4.482907,52.061166],[4.483067,52.061149],[4.483277,52.061609],[4.48392,52.061524],[4.484101,52.061939],[4.486211,52.062171],[4.487822,52.062579],[4.488767,52.062685],[4.49116,52.063359],[4.491496,52.063353],[4.496676,52.06466],[4.497709,52.064775],[4.497959,52.064696],[4.499271,52.064688],[4.500314,52.06431],[4.506069,52.060901],[4.517008,52.055518],[4.518928,52.054264],[4.519753,52.053857],[4.520007,52.053517],[4.520272,52.053411],[4.520622,52.053387],[4.521071,52.053534],[4.521286,52.053742],[4.521206,52.054119],[4.52136,52.054417],[4.528867,52.060629],[4.529283,52.060956],[4.529806,52.061094],[4.52983,52.061355],[4.530187,52.061717],[4.53408,52.064838],[4.53434,52.064938],[4.534206,52.065099],[4.534135,52.065773],[4.534016,52.065889],[4.532588,52.066589],[4.532528,52.066705],[4.532191,52.066747],[4.530499,52.067553],[4.530116,52.067748],[4.530055,52.067882],[4.529719,52.067925],[4.528218,52.068615],[4.52968,52.069956],[4.532697,52.072333],[4.535237,52.074554],[4.535558,52.074529],[4.537339,52.073697],[4.537881,52.073584],[4.551968,52.073766],[4.552435,52.073742],[4.552612,52.073653],[4.5528,52.073753],[4.553193,52.073774],[4.55716,52.073829],[4.558604,52.073821],[4.559,52.073698],[4.559172,52.073879],[4.558978,52.074076],[4.558872,52.077473],[4.559012,52.077761],[4.559356,52.078087],[4.560067,52.078326],[4.560576,52.078383],[4.563434,52.078466],[4.585899,52.077704],[4.587695,52.0776],[4.587988,52.077503],[4.588249,52.077604],[4.588128,52.077854],[4.588117,52.078501],[4.58986,52.090369],[4.589957,52.090648],[4.590144,52.090775],[4.589996,52.090927],[4.589976,52.091215],[4.590158,52.092483],[4.590397,52.093806],[4.590998,52.095284],[4.591063,52.095716],[4.591139,52.098854],[4.588846,52.107116],[4.588272,52.109809],[4.587418,52.112689],[4.587131,52.114044],[4.586108,52.116545],[4.584944,52.120375],[4.58491,52.120653],[4.585038,52.120807],[4.584832,52.120922],[4.584771,52.121066],[4.583226,52.126565],[4.582816,52.127479],[4.582796,52.127758],[4.583199,52.128075],[4.587197,52.1291],[4.587706,52.129202],[4.587956,52.129132],[4.587968,52.129294],[4.588344,52.129485],[4.590839,52.130437],[4.591858,52.130614],[4.592379,52.13087],[4.593602,52.131094],[4.595838,52.131019],[4.596468,52.130897],[4.5965,52.130771],[4.596617,52.130745],[4.596805,52.130854],[4.597901,52.130817],[4.607331,52.129423],[4.610212,52.129182],[4.612257,52.129186],[4.61303,52.129272],[4.616348,52.129914],[4.618398,52.130467],[4.620355,52.131342],[4.623506,52.133259],[4.624218,52.133453],[4.625181,52.133558],[4.625557,52.132913],[4.626556,52.131715],[4.628111,52.132166],[4.631224,52.132896],[4.631636,52.132728],[4.632415,52.131582],[4.632592,52.131475],[4.632899,52.131441],[4.644424,52.134004],[4.645036,52.13408],[4.648293,52.134091],[4.648466,52.134236],[4.648593,52.135379],[4.648782,52.13547],[4.649336,52.135527],[4.651279,52.135467],[4.651486,52.135352],[4.651455,52.13457],[4.651339,52.134488],[4.651473,52.134345],[4.651203,52.133894],[4.650912,52.130279],[4.650617,52.129594],[4.653726,52.128777],[4.6542,52.128394],[4.654489,52.128575],[4.655128,52.128768],[4.656193,52.128892],[4.657273,52.128934],[4.657729,52.128703],[4.658368,52.128033],[4.658727,52.127514],[4.658806,52.127173],[4.658824,52.126921],[4.65868,52.126813],[4.658828,52.126706],[4.658818,52.126382],[4.658392,52.125651],[4.658585,52.124574]]},"properties":{"line_id":"QBUZZ:z165","line_ref":"165","line_name":"Zoetermeer - Alphen a/d Rijn","agency_id":"QBUZZ","variant_id":"QBUZZ:z165|1578489"}},{"type":"Feature","geometry":{"type":"LineString","coordinates":[[4.658054,52.124876],[4.658039,52.124948],[4.658578,52.124987],[4.658508,52.125724],[4.659059,52.126869],[4.658926,52.12694],[4.65874,52.12764],[4.657756,52.128829],[4.657912,52.129154],[4.657865,52.129306],[4.657528,52.129385],[4.65734,52.129276],[4.657256,52.12906],[4.655229,52.128877],[4.654314,52.128583],[4.653564,52.128884],[4.652538,52.129076],[4.650732,52.129658],[4.650918,52.129946],[4.651203,52.133894],[4.651473,52.134345],[4.651749,52.134437],[4.651571,52.134579],[4.651543,52.135433],[4.651147,52.135529],[4.648487,52.135612],[4.648387,52.135458],[4.648593,52.135379],[4.648505,52.134524],[4.648438,52.134155],[4.648293,52.134091],[4.645036,52.13408],[4.644424,52.134004],[4.632899,52.131441],[4.632592,52.131475],[4.632415,52.131582],[4.631636,52.132728],[4.631224,52.132896],[4.626627,52.131823],[4.625508,52.133209],[4.625296,52.133658],[4.623897,52.133478],[4.622117,52.132468],[4.620355,52.131342],[4.618398,52.130467],[4.616348,52.129914],[4.61303,52.129272],[4.611162,52.129152],[4.60777,52.129381],[4.602046,52.130161],[4.601298,52.130327],[4.598091,52.130791],[4.596805,52.130854],[4.596686,52.130952],[4.596468,52.130897],[4.595838,52.131019],[4.593602,52.131094],[4.593004,52.131045],[4.591855,52.130812],[4.591693,52.130856],[4.590839,52.130437],[4.587968,52.129294],[4.587777,52.129319],[4.587706,52.129202],[4.584187,52.128369],[4.582822,52.127947],[4.582617,52.127972],[4.582518,52.127792],[4.582679,52.127748],[4.583106,52.126744],[4.583066,52.126546],[4.583396,52.125272],[4.584657,52.120894],[4.584571,52.120795],[4.584793,52.120643],[4.584944,52.120375],[4.586156,52.116293],[4.586856,52.114725],[4.58826,52.109674],[4.588422,52.108749],[4.590938,52.099473],[4.591069,52.098682],[4.590927,52.095167],[4.590259,52.093374],[4.589976,52.091215],[4.589879,52.090935],[4.589676,52.090835],[4.589826,52.090656],[4.58986,52.090369],[4.589756,52.089631],[4.588117,52.078501],[4.587837,52.077825],[4.587401,52.077724],[4.585899,52.077704],[4.563434,52.078466],[4.560576,52.078383],[4.559529,52.078223],[4.558927,52.077635],[4.558844,52.074219],[4.558804,52.074047],[4.558573,52.073902],[4.553193,52.073774],[4.552799,52.073807],[4.552607,52.073896],[4.552434,52.073805],[4.551356,52.073743],[4.537881,52.073584],[4.537339,52.073697],[4.535558,52.074529],[4.535237,52.074554],[4.532697,52.072333],[4.52968,52.069956],[4.52816,52.06857],[4.529749,52.067835],[4.529825,52.067683],[4.530147,52.067649],[4.532134,52.066702],[4.532239,52.066532],[4.532531,52.066516],[4.533915,52.065861],[4.534048,52.065727],[4.53407,52.065368],[4.533947,52.0649],[4.529739,52.061516],[4.529346,52.061469],[4.52913,52.061332],[4.529107,52.061035],[4.522979,52.055903],[4.521155,52.054478],[4.520735,52.054332],[4.520208,52.054418],[4.518958,52.055002],[4.517167,52.055636],[4.506654,52.060825],[4.505032,52.061702],[4.500634,52.064357],[4.500075,52.064613],[4.499239,52.06485],[4.496976,52.064968],[4.495188,52.064684],[4.492431,52.063998],[4.492084,52.063825],[4.491141,52.063584],[4.489311,52.06322],[4.486077,52.062314],[4.48401,52.062127],[4.483817,52.061569],[4.483028,52.061652],[4.482419,52.061468],[4.482537,52.061406],[4.482394,52.061252],[4.482907,52.061166]]},"properties":{"line_id":"QBUZZ:z165","line_ref":"165","line_name":"Zoetermeer - Alphen a/d Rijn","agency_id":"QBUZZ","variant_id":"QBUZZ:z165|1578490"}},{"type":"Feature","geometry":{"type":"LineString","coordinates":[[4.591073,52.096004],[4.591047,52.09746],[4.59116,52.098494],[4.59109,52.099132],[4.588846,52.107116],[4.588272,52.109809],[4.587418,52.112689],[4.587131,52.114044],[4.586108,52.116545],[4.584944,52.120375],[4.58491,52.120653],[4.585038,52.120807],[4.584832,52.120922],[4.584771,52.121066],[4.583226,52.126565],[4.582816,52.127479],[4.582796,52.127758],[4.583199,52.128075],[4.587197,52.1291],[4.587706,52.129202],[4.587956,52.129132],[4.587968,52.129294],[4.588344,52.129485],[4.590839,52.130437],[4.591858,52.130614],[4.592379,52.13087],[4.593602,52.131094],[4.595838,52.131019],[4.596468,52.130897],[4.5965,52.130771],[4.596617,52.130745],[4.596805,52.130854],[4.597901,52.130817],[4.607331,52.129423],[4.610212,52.129182],[4.612257,52.129186],[4.61303,52.129272],[4.616348,52.129914],[4.618398,52.130467],[4.620355,52.131342],[4.623506,52.133259],[4.624218,52.133453],[4.625181,52.133558],[4.625557,52.132913],[4.626556,52.131715],[4.628111,52.132166],[4.631224,52.132896],[4.631636,52.132728],[4.632415,52.131582],[4.632592,52.131475],[4.632899,52.131441],[4.644424,52.134004],[4.645036,52.13408],[4.648293,52.134091],[4.648466,52.134236],[4.648593,52.135379],[4.648782,52.13547],[4.649336,52.135527],[4.651279,52.135467],[4.651486,52.135352],[4.651455,52.13457],[4.651339,52.134488],[4.651473,52.134345],[4.651203,52.133894],[4.650912,52.130279],[4.650617,52.129594],[4.653726,52.128777],[4.6542,52.128394],[4.654489,52.128575],[4.655128,52.128768],[4.656193,52.128892],[4.657273,52.128934],[4.657729,52.128703],[4.658368,52.128033],[4.658727,52.127514],[4.658806,52.127173],[4.658824,52.126921],[4.65868,52.126813],[4.658828,52.126706],[4.658818,52.126382],[4.658392,52.125651],[4.658585,52.124574]]},"properties":{"line_id":"QBUZZ:z165","line_ref":"165","line_name":"Zoetermeer - Alphen a/d Rijn","agency_id":"QBUZZ","variant_id":"QBUZZ:z165|1578491"}},{"type":"Feature","geometry":{"type":"LineString","coordinates":[[4.658054,52.124876],[4.658039,52.124948],[4.658578,52.124987],[4.658508,52.125724],[4.659059,52.126869],[4.658926,52.12694],[4.65874,52.12764],[4.657756,52.128829],[4.657911,52.129208],[4.657747,52.129396],[4.657546,52.130095],[4.657374,52.130777],[4.657298,52.13182],[4.657,52.132204],[4.656554,52.134449],[4.657664,52.134455],[4.658248,52.134504],[4.658378,52.134577],[4.661778,52.134786],[4.664976,52.13486],[4.666432,52.135112],[4.668164,52.135527],[4.669024,52.135604],[4.670004,52.13552],[4.670377,52.135971],[4.671867,52.136879],[4.672486,52.137458],[4.672728,52.137801],[4.674504,52.141848],[4.675766,52.143347],[4.673336,52.143629],[4.669425,52.144289],[4.668494,52.142207],[4.664143,52.142962],[4.662281,52.143364],[4.663199,52.145356],[4.660269,52.145833],[4.657373,52.146004],[4.655154,52.145918],[4.654963,52.145962],[4.654658,52.145852],[4.652821,52.145616],[4.65072,52.145459],[4.650923,52.144705],[4.650821,52.142916],[4.650661,52.142825],[4.649727,52.142792],[4.648394,52.143017],[4.646117,52.142868],[4.645507,52.142667],[4.64419,52.141894],[4.640465,52.141026],[4.639795,52.140896],[4.637591,52.140774],[4.63624,52.140352],[4.630846,52.139697],[4.629798,52.139475],[4.62933,52.139535],[4.629288,52.139373],[4.629043,52.139182],[4.627377,52.138408],[4.625757,52.137427],[4.621364,52.133803],[4.619287,52.132297],[4.618563,52.131897],[4.616649,52.131103],[4.61434,52.130368],[4.61351,52.130192],[4.611427,52.129864],[4.608562,52.130025],[4.605047,52.130577],[4.599756,52.131665],[4.59769,52.131993],[4.595787,52.13225],[4.594267,52.132284],[4.592716,52.132472],[4.591959,52.132323],[4.590842,52.131893],[4.591439,52.13116],[4.591564,52.130747],[4.587968,52.129294],[4.587777,52.129319],[4.587706,52.129202],[4.584187,52.128369],[4.582822,52.127947],[4.580328,52.127768],[4.5759,52.127917],[4.574716,52.127972],[4.569579,52.128557],[4.569039,52.128553],[4.565184,52.12929],[4.56269,52.129929],[4.559393,52.131272],[4.557978,52.131963],[4.556648,52.132799],[4.556487,52.132806],[4.555838,52.133188],[4.555585,52.133438],[4.553989,52.134389],[4.55295,52.135307],[4.5527,52.135395],[4.55119,52.136472],[4.549713,52.137325],[4.548019,52.138077],[4.543537,52.139474],[4.542219,52.13968],[4.539336,52.139947],[4.538183,52.139876],[4.53677,52.139686],[4.535513,52.139722],[4.535163,52.139665],[4.52959,52.141557],[4.528397,52.142088],[4.527067,52.142878],[4.526237,52.143483],[4.526176,52.143609],[4.526059,52.143617],[4.523707,52.145874],[4.523062,52.146732],[4.522518,52.147708],[4.522325,52.147841],[4.522348,52.148156],[4.521426,52.150522],[4.521167,52.151779],[4.520818,52.152459],[4.520115,52.153299],[4.519389,52.153824],[4.518518,52.154249],[4.516786,52.154667],[4.51329,52.154839],[4.510639,52.155134],[4.504599,52.155368],[4.503577,52.155342],[4.502518,52.15493],[4.501351,52.154849],[4.494833,52.154872],[4.493968,52.154982],[4.493674,52.155097],[4.493349,52.155993],[4.493139,52.156288],[4.491675,52.157122],[4.488958,52.159232],[4.488087,52.159666],[4.487117,52.159946],[4.484992,52.160208],[4.485939,52.162534],[4.485959,52.163002],[4.486192,52.163795],[4.485853,52.163918],[4.484691,52.163577],[4.484398,52.163574],[4.483943,52.165117],[4.483582,52.165635],[4.483419,52.16576],[4.483243,52.165759],[4.482609,52.165322]]},"properties":{"line_id":"QBUZZ:z169","line_ref":"169","line_name":"Alphen a/d Rijn - Leiden","agency_id":"QBUZZ","variant_id":"QBUZZ:z169|1578492"}},{"type":"Feature","geometry":{"type":"LineString","coordinates":[[4.482722,52.16553],[4.482779,52.165575],[4.48297,52.165523],[4.483316,52.165768],[4.483478,52.165724],[4.483687,52.165501],[4.483943,52.165117],[4.48413,52.164552],[4.484752,52.161959],[4.484857,52.161852],[4.485561,52.161705],[4.4853,52.160912],[4.484985,52.160595],[4.484817,52.160216],[4.487117,52.159946],[4.488087,52.159666],[4.488958,52.159232],[4.491675,52.157122],[4.493139,52.156288],[4.493558,52.155033],[4.494833,52.154872],[4.501847,52.154862],[4.502518,52.15493],[4.503577,52.155342],[4.504599,52.155368],[4.510639,52.155134],[4.51329,52.154839],[4.516786,52.154667],[4.518518,52.154249],[4.519389,52.153824],[4.519848,52.153504],[4.520821,52.152288],[4.520857,52.151938],[4.522243,52.14829],[4.522149,52.147867],[4.522506,52.147573],[4.523186,52.146391],[4.525064,52.144446],[4.525926,52.143706],[4.525946,52.143427],[4.526356,52.143358],[4.528397,52.142088],[4.529075,52.141751],[4.531428,52.140959],[4.533107,52.140262],[4.535106,52.13962],[4.535225,52.139468],[4.535458,52.139542],[4.536596,52.139613],[4.538709,52.13988],[4.54118,52.139789],[4.543537,52.139474],[4.546197,52.138675],[4.548755,52.137767],[4.549537,52.137386],[4.552107,52.135858],[4.552819,52.135297],[4.553128,52.135156],[4.553293,52.134914],[4.553752,52.134576],[4.5534,52.134681],[4.553132,52.134913],[4.553128,52.135156],[4.553293,52.134914],[4.553989,52.134389],[4.555438,52.133491],[4.555498,52.133375],[4.556591,52.132735],[4.556781,52.13271],[4.557978,52.131963],[4.559393,52.131272],[4.56269,52.129929],[4.565184,52.12929],[4.569156,52.128518],[4.569725,52.12854],[4.574716,52.127972],[4.580328,52.127768],[4.582093,52.12787],[4.582738,52.127748],[4.583199,52.128075],[4.584187,52.128369],[4.587197,52.1291],[4.587706,52.129202],[4.587956,52.129132],[4.587968,52.129294],[4.589054,52.129778],[4.590839,52.130437],[4.591609,52.130685],[4.591857,52.130686],[4.591839,52.130839],[4.591693,52.130856],[4.590842,52.131893],[4.591959,52.132323],[4.592716,52.132472],[4.594267,52.132284],[4.595787,52.13225],[4.59769,52.131993],[4.599756,52.131665],[4.605047,52.130577],[4.608562,52.130025],[4.611427,52.129864],[4.61351,52.130192],[4.61434,52.130368],[4.616649,52.131103],[4.618563,52.131897],[4.619287,52.132297],[4.621364,52.133803],[4.625757,52.137427],[4.627521,52.13849],[4.628666,52.139054],[4.629391,52.139338],[4.630934,52.139653],[4.632347,52.139887],[4.63624,52.140352],[4.637591,52.140774],[4.639795,52.140896],[4.642299,52.141415],[4.64419,52.141894],[4.645507,52.142667],[4.646117,52.142868],[4.648394,52.143017],[4.649727,52.142792],[4.650661,52.142825],[4.650821,52.142916],[4.650923,52.144705],[4.650765,52.145369],[4.654689,52.145771],[4.655011,52.145737],[4.65517,52.145828],[4.657842,52.145917],[4.659875,52.145776],[4.663142,52.145257],[4.662281,52.143364],[4.664143,52.142962],[4.668494,52.142207],[4.669383,52.14419],[4.673309,52.143521],[4.67549,52.143265],[4.674471,52.142108],[4.67261,52.137908],[4.672281,52.137448],[4.67159,52.136842],[4.670302,52.136097],[4.669828,52.135582],[4.669198,52.135686],[4.668731,52.135683],[4.666432,52.135112],[4.664976,52.13486],[4.66207,52.134797],[4.659079,52.134599],[4.656363,52.134537],[4.657,52.132204],[4.657106,52.131072],[4.657374,52.130777],[4.657576,52.130042],[4.657614,52.129512],[4.65734,52.129276],[4.657273,52.128934],[4.657981,52.128498],[4.658727,52.127514],[4.658806,52.127173],[4.658824,52.126921],[4.65868,52.126813],[4.658828,52.126706],[4.658818,52.126382],[4.658392,52.125651],[4.658585,52.124574]]},"properties":{"line_id":"QBUZZ:z169","line_ref":"169","line_name":"Alphen a/d Rijn - Leiden","agency_id":"QBUZZ","variant_id":"QBUZZ:z169|1578493"}},{"type":"Feature","geometry":{"type":"LineString","coordinates":[[4.583853,52.128277],[4.587197,52.1291],[4.587706,52.129202],[4.587956,52.129132],[4.587968,52.129294],[4.589054,52.129778],[4.590839,52.130437],[4.591609,52.130685],[4.591857,52.130686],[4.591839,52.130839],[4.591693,52.130856],[4.590842,52.131893],[4.591959,52.132323],[4.592716,52.132472],[4.594267,52.132284],[4.595787,52.13225],[4.59769,52.131993],[4.599756,52.131665],[4.605047,52.130577],[4.608562,52.130025],[4.611427,52.129864],[4.61434,52.130368],[4.616649,52.131103],[4.618563,52.131897],[4.619287,52.132297],[4.621364,52.133803],[4.625757,52.137427],[4.627521,52.13849],[4.628666,52.139054],[4.629391,52.139338],[4.630934,52.139653],[4.632347,52.139887],[4.63624,52.140352],[4.637591,52.140774],[4.639795,52.140896],[4.642299,52.141415],[4.64419,52.141894],[4.645507,52.142667],[4.646117,52.142868],[4.648394,52.143017],[4.649727,52.142792],[4.650661,52.142825],[4.650821,52.142916],[4.650923,52.144705],[4.650765,52.145369],[4.654689,52.145771],[4.655011,52.145737],[4.65517,52.145828],[4.657842,52.145917],[4.659875,52.145776],[4.663142,52.145257],[4.662281,52.143364],[4.664143,52.142962],[4.668494,52.142207],[4.669383,52.14419],[4.673309,52.143521],[4.67549,52.143265],[4.674471,52.142108],[4.67261,52.137908],[4.672281,52.137448],[4.67159,52.136842],[4.670302,52.136097],[4.669828,52.135582],[4.669198,52.135686],[4.668731,52.135683],[4.666432,52.135112],[4.664976,52.13486],[4.66207,52.134797],[4.659079,52.134599],[4.656363,52.134537],[4.657,52.132204],[4.657106,52.131072],[4.657374,52.130777],[4.657576,52.130042],[4.657614,52.129512],[4.65734,52.129276],[4.657273,52.128934],[4.657981,52.128498],[4.658727,52.127514],[4.658806,52.127173],[4.658824,52.126921],[4.65868,52.126813],[4.658828,52.126706],[4.658818,52.126382],[4.658392,52.125651],[4.658585,52.124574]]},"properties":{"line_id":"QBUZZ:z169","line_ref":"169","line_name":"Alphen a/d Rijn - Leiden","agency_id":"QBUZZ","variant_id":"QBUZZ:z169|1578494"}},{"type":"Feature","geometry":{"type":"LineString","coordinates":[[4.482722,52.16553],[4.482779,52.165575],[4.48297,52.165523],[4.483316,52.165768],[4.483478,52.165724],[4.483687,52.165501],[4.483943,52.165117],[4.48413,52.164552],[4.484752,52.161959],[4.484857,52.161852],[4.485561,52.161705],[4.4853,52.160912],[4.484985,52.160595],[4.484817,52.160216],[4.487117,52.159946],[4.488087,52.159666],[4.488958,52.159232],[4.491675,52.157122],[4.493139,52.156288],[4.493558,52.155033],[4.494833,52.154872],[4.501248,52.154848],[4.502518,52.15493],[4.503417,52.155296],[4.503781,52.155362],[4.509367,52.155197],[4.510639,52.155134],[4.51329,52.154839],[4.516786,52.154667],[4.51796,52.154424],[4.518857,52.154107],[4.519848,52.153504],[4.520821,52.152288],[4.520857,52.151938],[4.522243,52.14829],[4.522149,52.147867],[4.522506,52.147573],[4.523186,52.146391],[4.525064,52.144446],[4.525926,52.143706],[4.525946,52.143427],[4.526356,52.143358],[4.527776,52.142443],[4.529075,52.141751],[4.531428,52.140959],[4.533548,52.140103],[4.535106,52.13962],[4.535167,52.139485],[4.538709,52.13988],[4.539892,52.139879],[4.542058,52.139697],[4.543537,52.139474],[4.547755,52.138147],[4.549537,52.137386],[4.551471,52.136285],[4.552819,52.135297],[4.553128,52.135156],[4.553293,52.134914],[4.553752,52.134576],[4.5534,52.134681],[4.553132,52.134913],[4.553128,52.135156],[4.553293,52.134914],[4.553989,52.134389],[4.555438,52.133491],[4.555498,52.133375],[4.556591,52.132735],[4.556781,52.13271],[4.557978,52.131963],[4.559393,52.131272],[4.56269,52.129929],[4.564275,52.129499],[4.569156,52.128518],[4.569725,52.12854],[4.574716,52.127972],[4.580328,52.127768],[4.582093,52.12787],[4.582738,52.127748],[4.583199,52.128075],[4.583853,52.128277]]},"properties":{"line_id":"QBUZZ:z169","line_ref":"169","line_name":"Alphen a/d Rijn - Leiden","agency_id":"QBUZZ","variant_id":"QBUZZ:z169|1578495"}},{"type":"Feature","geometry":{"type":"LineString","coordinates":[[4.63675,52.166493],[4.637584,52.166472],[4.638473,52.166594],[4.640745,52.167094],[4.64139,52.166999],[4.641506,52.167054],[4.641504,52.167188],[4.641982,52.167398],[4.642887,52.16753],[4.664673,52.167998],[4.668826,52.167906],[4.670943,52.168036],[4.685277,52.168383],[4.686387,52.168479],[4.68701,52.168824],[4.688028,52.170107],[4.688398,52.170729],[4.689957,52.174801],[4.6901,52.175009],[4.690492,52.175209],[4.691297,52.175097],[4.697195,52.171895],[4.698046,52.171667],[4.699423,52.171459],[4.70072,52.170793],[4.701233,52.170706],[4.701402,52.170167],[4.70313,52.169045],[4.707096,52.166812],[4.70789,52.166502],[4.708776,52.165887],[4.709351,52.165602],[4.709819,52.165569],[4.710569,52.165277],[4.710507,52.164521],[4.709007,52.162239],[4.70836,52.160599],[4.707946,52.158997],[4.707596,52.154096],[4.706794,52.152096],[4.70535,52.149086],[4.705297,52.147728],[4.706014,52.145764],[4.706219,52.144795],[4.7062,52.144102],[4.705874,52.143462],[4.70537,52.142983],[4.704718,52.142584],[4.704327,52.142402],[4.703686,52.142245],[4.703597,52.142335],[4.702997,52.142412],[4.701977,52.143188],[4.701812,52.143484],[4.702071,52.143728],[4.70267,52.143776],[4.702803,52.143669],[4.692567,52.136724],[4.69229,52.136723],[4.691714,52.137088],[4.686608,52.142307],[4.686076,52.142681],[4.685105,52.14308],[4.683948,52.14328],[4.682619,52.143254],[4.682457,52.143316],[4.682327,52.143261],[4.67888,52.143213],[4.677287,52.14324],[4.675576,52.143364],[4.673336,52.143629],[4.661016,52.145729],[4.658148,52.145981],[4.657852,52.144407],[4.656677,52.140355],[4.656322,52.135247],[4.656396,52.134313],[4.657096,52.131719],[4.657106,52.131072],[4.657374,52.130777],[4.657576,52.130042],[4.657614,52.129512],[4.65734,52.129276],[4.657273,52.128934],[4.657981,52.128498],[4.658727,52.127514],[4.658806,52.127173],[4.658824,52.126921],[4.65868,52.126813],[4.658828,52.126706],[4.658818,52.126382],[4.658392,52.125651],[4.658585,52.124574]]},"properties":{"line_id":"QBUZZ:z182","line_ref":"182","line_name":"Alphen a/d Rijn - Leiden","agency_id":"QBUZZ","variant_id":"QBUZZ:z182|1578502"}},{"type":"Feature","geometry":{"type":"LineString","coordinates":[[4.658127,52.124877],[4.658112,52.124949],[4.658578,52.124987],[4.658508,52.125724],[4.659059,52.126869],[4.658926,52.12694],[4.65874,52.12764],[4.657756,52.128829],[4.657911,52.129208],[4.657747,52.129396],[4.657374,52.130777],[4.657298,52.13182],[4.657,52.132204],[4.656812,52.132967],[4.656522,52.134664],[4.656477,52.135608],[4.656839,52.140257],[4.658311,52.145874],[4.660725,52.145665],[4.673309,52.143521],[4.675065,52.143307],[4.67666,52.143173],[4.678896,52.143106],[4.682475,52.143118],[4.683948,52.14328],[4.685105,52.14308],[4.686076,52.142681],[4.686608,52.142307],[4.691729,52.137079],[4.691966,52.136883],[4.692451,52.136697],[4.692784,52.136852],[4.702803,52.143669],[4.70267,52.143776],[4.702071,52.143728],[4.701812,52.143484],[4.701977,52.143188],[4.702997,52.142412],[4.703597,52.142335],[4.703731,52.142165],[4.705109,52.14282],[4.705874,52.143462],[4.706326,52.144463],[4.706321,52.144804],[4.705297,52.147728],[4.70535,52.149086],[4.706794,52.152096],[4.707596,52.154096],[4.707946,52.158997],[4.70836,52.160599],[4.708994,52.16214],[4.710607,52.164648],[4.710771,52.165449],[4.710638,52.165502],[4.710127,52.165472],[4.709657,52.165658],[4.709508,52.165819],[4.709319,52.165764],[4.708923,52.165816],[4.70789,52.166502],[4.707096,52.166812],[4.70313,52.169045],[4.701506,52.170078],[4.701326,52.170383],[4.701379,52.170715],[4.700999,52.170713],[4.70072,52.170793],[4.699423,52.171459],[4.698046,52.171667],[4.697195,52.171895],[4.690959,52.175238],[4.690622,52.175254],[4.690303,52.175136],[4.689957,52.174801],[4.688398,52.170729],[4.688028,52.170107],[4.68701,52.168824],[4.686387,52.168479],[4.685906,52.168404],[4.669278,52.167999],[4.665768,52.168085],[4.664673,52.167998],[4.642887,52.16753],[4.641866,52.167397],[4.641415,52.167242],[4.641239,52.167268],[4.641066,52.167159],[4.638473,52.166594],[4.637584,52.166472],[4.636428,52.166518],[4.636076,52.166579],[4.635899,52.166695],[4.634891,52.166634],[4.615109,52.163603],[4.606039,52.162366],[4.605614,52.162453],[4.605185,52.162747],[4.6047,52.164586],[4.603898,52.166927],[4.603526,52.167338],[4.602891,52.167666],[4.602319,52.167797],[4.601413,52.167809],[4.594927,52.166723],[4.594358,52.166692],[4.593597,52.166723],[4.592776,52.166879],[4.590437,52.1677],[4.589806,52.167839],[4.588474,52.167938],[4.587162,52.167758],[4.586522,52.167565],[4.586024,52.167598],[4.585797,52.16721],[4.582901,52.165725],[4.582001,52.165377],[4.579687,52.164795],[4.578991,52.164512],[4.57837,52.164103],[4.577997,52.163696],[4.577305,52.162352],[4.576963,52.161909],[4.576357,52.161456],[4.575778,52.161173],[4.574993,52.160943],[4.571379,52.160334],[4.568377,52.159873],[4.566218,52.159642],[4.564886,52.159749],[4.563828,52.160075],[4.563267,52.160385],[4.561191,52.162016],[4.561098,52.162267],[4.560596,52.162542],[4.560186,52.162593],[4.557368,52.164029],[4.55719,52.164163],[4.557171,52.164378],[4.557038,52.164494],[4.556672,52.164519],[4.553698,52.163293],[4.553102,52.163118],[4.551807,52.162839],[4.551617,52.162829],[4.551337,52.162953],[4.551016,52.162906],[4.550919,52.162626],[4.549892,52.16208],[4.548838,52.161353],[4.548562,52.161288],[4.548626,52.160965],[4.548414,52.160604],[4.547327,52.160111],[4.542766,52.158622],[4.542039,52.158419],[4.541805,52.158445],[4.541575,52.158263],[4.540907,52.158007],[4.538307,52.157161],[4.536124,52.156696],[4.537035,52.155696],[4.53384,52.153884],[4.529089,52.151666],[4.528728,52.151474],[4.528528,52.151203],[4.528296,52.151148],[4.527839,52.151315],[4.526857,52.152234],[4.525957,52.153449],[4.523174,52.152297],[4.521906,52.152108],[4.521045,52.152074],[4.520637,52.152736],[4.519848,52.153504],[4.518857,52.154107],[4.51796,52.154424],[4.516786,52.154667],[4.51329,52.154839],[4.510639,52.155134],[4.504117,52.155373],[4.503577,52.155342],[4.502518,52.15493],[4.501847,52.154862],[4.494657,52.154889],[4.494528,52.154025],[4.494326,52.153915],[4.493874,52.153876],[4.49376,52.153713],[4.489728,52.153656],[4.489779,52.153288],[4.484862,52.154374],[4.483832,52.154006],[4.483114,52.154109],[4.482447,52.154562],[4.482296,52.154821],[4.482364,52.155047],[4.483026,52.155573],[4.483021,52.155789],[4.482054,52.157354],[4.48148,52.159022],[4.481271,52.159227],[4.480532,52.159644],[4.480438,52.159922],[4.483648,52.160216],[4.484992,52.160208],[4.485939,52.162534],[4.485959,52.163002],[4.486192,52.163795],[4.485853,52.163918],[4.484691,52.163577],[4.484398,52.163574],[4.483943,52.165117],[4.483582,52.165635],[4.483419,52.16576],[4.483243,52.165759],[4.482609,52.165322]]},"properties":{"line_id":"QBUZZ:z182","line_ref":"182","line_name":"Alphen a/d Rijn - Leiden","agency_id":"QBUZZ","variant_id":"QBUZZ:z182|1578503"}},{"type":"Feature","geometry":{"type":"LineString","coordinates":[[4.658127,52.124877],[4.658112,52.124949],[4.658578,52.124987],[4.658508,52.125724],[4.659059,52.126869],[4.658926,52.12694],[4.65874,52.12764],[4.657756,52.128829],[4.657911,52.129208],[4.657747,52.129396],[4.657374,52.130777],[4.657298,52.13182],[4.657,52.132204],[4.656812,52.132967],[4.656522,52.134664],[4.656477,52.135608],[4.656839,52.140257],[4.658311,52.145874],[4.660725,52.145665],[4.673309,52.143521],[4.675065,52.143307],[4.67666,52.143173],[4.678896,52.143106],[4.682475,52.143118],[4.683948,52.14328],[4.685105,52.14308],[4.686076,52.142681],[4.686608,52.142307],[4.691729,52.137079],[4.69229,52.136723],[4.692567,52.136724],[4.702803,52.143669],[4.70267,52.143776],[4.702071,52.143728],[4.701812,52.143484],[4.701977,52.143188],[4.702997,52.142412],[4.703597,52.142335],[4.703731,52.142165],[4.705109,52.14282],[4.705874,52.143462],[4.706326,52.144463],[4.706321,52.144804],[4.705297,52.147728],[4.70535,52.149086],[4.706794,52.152096],[4.707596,52.154096],[4.707946,52.158997],[4.70836,52.160599],[4.708994,52.16214],[4.710607,52.164648],[4.710771,52.165449],[4.710638,52.165502],[4.710127,52.165472],[4.709657,52.165658],[4.709508,52.165819],[4.709319,52.165764],[4.708923,52.165816],[4.70789,52.166502],[4.707096,52.166812],[4.70313,52.169045],[4.701506,52.170078],[4.701326,52.170383],[4.701379,52.170715],[4.700999,52.170713],[4.70072,52.170793],[4.699423,52.171459],[4.698046,52.171667],[4.697195,52.171895],[4.691297,52.175097],[4.690739,52.175255],[4.690303,52.175136],[4.689957,52.174801],[4.688398,52.170729],[4.688028,52.170107],[4.68701,52.168824],[4.686387,52.168479],[4.685906,52.168404],[4.669278,52.167999],[4.665768,52.168085],[4.664673,52.167998],[4.642887,52.16753],[4.641866,52.167397],[4.641415,52.167242],[4.641166,52.167249],[4.641066,52.167159],[4.638473,52.166594],[4.637584,52.166472],[4.636428,52.166518],[4.636076,52.166579],[4.635899,52.166695],[4.634687,52.166597]]},"properties":{"line_id":"QBUZZ:z182","line_ref":"182","line_name":"Alphen a/d Rijn - Leiden","agency_id":"QBUZZ","variant_id":"QBUZZ:z182|1578504"}},{"type":"Feature","geometry":{"type":"LineString","coordinates":[[4.482459,52.165528],[4.482779,52.165575],[4.48297,52.165523],[4.483316,52.165768],[4.483582,52.165635],[4.483943,52.165117],[4.48413,52.164552],[4.484752,52.161959],[4.484857,52.161852],[4.485561,52.161705],[4.4853,52.160912],[4.484985,52.160595],[4.484817,52.160216],[4.483648,52.160216],[4.480438,52.159922],[4.480532,52.159644],[4.481271,52.159227],[4.48148,52.159022],[4.481719,52.158026],[4.482088,52.157157],[4.483021,52.155789],[4.483026,52.155573],[4.482364,52.155047],[4.482296,52.154821],[4.482447,52.154562],[4.483114,52.154109],[4.483832,52.154006],[4.484862,52.154374],[4.489779,52.153288],[4.493797,52.153309],[4.493929,52.153319],[4.493877,52.153687],[4.494645,52.154017],[4.494759,52.154889],[4.502256,52.154883],[4.503577,52.155342],[4.504117,52.155373],[4.510639,52.155134],[4.51329,52.154839],[4.516786,52.154667],[4.51796,52.154424],[4.518857,52.154107],[4.519848,52.153504],[4.521105,52.151958],[4.523174,52.152297],[4.525931,52.153287],[4.527349,52.151752],[4.527839,52.151315],[4.528488,52.151005],[4.528619,52.15106],[4.528528,52.151203],[4.528728,52.151474],[4.53384,52.153884],[4.537035,52.155696],[4.536736,52.156035],[4.536447,52.156627],[4.541736,52.158256],[4.54197,52.158221],[4.542084,52.158357],[4.542766,52.158622],[4.547327,52.160111],[4.548617,52.160713],[4.548757,52.160993],[4.549077,52.161121],[4.54903,52.161292],[4.549187,52.161473],[4.550719,52.162409],[4.551082,52.16252],[4.551447,52.162513],[4.551983,52.162787],[4.553322,52.163075],[4.556123,52.164182],[4.556459,52.164167],[4.556696,52.164006],[4.557311,52.163957],[4.560143,52.16253],[4.560266,52.162225],[4.560754,52.161932],[4.561209,52.161827],[4.563828,52.160075],[4.564886,52.159749],[4.566218,52.159642],[4.568377,52.159873],[4.571379,52.160334],[4.574993,52.160943],[4.575778,52.161173],[4.576357,52.161456],[4.576963,52.161909],[4.577305,52.162352],[4.577997,52.163696],[4.57837,52.164103],[4.578991,52.164512],[4.579687,52.164795],[4.582583,52.165525],[4.584568,52.166473],[4.586363,52.167447],[4.587439,52.167805],[4.588474,52.167938],[4.589806,52.167839],[4.590437,52.1677],[4.592776,52.166879],[4.593597,52.166723],[4.594358,52.166692],[4.594927,52.166723],[4.601413,52.167809],[4.602319,52.167797],[4.602891,52.167666],[4.603526,52.167338],[4.603898,52.166927],[4.6047,52.164586],[4.605185,52.162747],[4.605614,52.162453],[4.606039,52.162366],[4.615109,52.163603],[4.634891,52.166634],[4.635227,52.166654],[4.635609,52.166576],[4.635816,52.166406],[4.636078,52.166507],[4.637584,52.166472],[4.638473,52.166594],[4.640745,52.167094],[4.64139,52.166999],[4.641506,52.167054],[4.641504,52.167188],[4.641982,52.167398],[4.642887,52.16753],[4.664673,52.167998],[4.668826,52.167906],[4.671966,52.168069],[4.685906,52.168404],[4.686387,52.168479],[4.68701,52.168824],[4.688028,52.170107],[4.688398,52.170729],[4.690042,52.174945],[4.690492,52.175209],[4.691121,52.175158],[4.697195,52.171895],[4.698046,52.171667],[4.699423,52.171459],[4.70072,52.170793],[4.701233,52.170706],[4.701402,52.170167],[4.70313,52.169045],[4.707096,52.166812],[4.70789,52.166502],[4.708776,52.165887],[4.709351,52.165602],[4.709819,52.165569],[4.710569,52.165277],[4.710507,52.164521],[4.709007,52.162239],[4.70836,52.160599],[4.707946,52.158997],[4.707596,52.154096],[4.706794,52.152096],[4.70535,52.149086],[4.705297,52.147728],[4.706014,52.145764],[4.706219,52.144795],[4.7062,52.144102],[4.705874,52.143462],[4.70537,52.142983],[4.704718,52.142584],[4.704327,52.142402],[4.703686,52.142245],[4.703597,52.142335],[4.702997,52.142412],[4.701977,52.143188],[4.701812,52.143484],[4.702071,52.143728],[4.70267,52.143776],[4.702803,52.143669],[4.692784,52.136852],[4.692451,52.136697],[4.691966,52.136883],[4.691714,52.137088],[4.686608,52.142307],[4.686076,52.142681],[4.685105,52.14308],[4.683948,52.14328],[4.682619,52.143254],[4.682457,52.143316],[4.682327,52.143261],[4.67888,52.143213],[4.677287,52.14324],[4.675576,52.143364],[4.673336,52.143629],[4.661016,52.145729],[4.658148,52.145981],[4.657852,52.144407],[4.656677,52.140355],[4.656322,52.135247],[4.656396,52.134313],[4.657096,52.131719],[4.657106,52.131072],[4.657374,52.130777],[4.657576,52.130042],[4.657614,52.129512],[4.65734,52.129276],[4.657273,52.128934],[4.657981,52.128498],[4.658727,52.127514],[4.658806,52.127173],[4.658824,52.126921],[4.65868,52.126813],[4.658828,52.126706],[4.658818,52.126382],[4.658392,52.125651],[4.658585,52.124574]]},"properties":{"line_id":"QBUZZ:z182","line_ref":"182","line_name":"Alphen a/d Rijn - Leiden","agency_id":"QBUZZ","variant_id":"QBUZZ:z182|1578505"}},{"type":"Feature","geometry":{"type":"LineString","coordinates":[[4.591073,52.096004],[4.591047,52.09746],[4.59116,52.098494],[4.59109,52.099132],[4.588846,52.107116],[4.588272,52.109809],[4.587418,52.112689],[4.587131,52.114044],[4.586108,52.116545],[4.584944,52.120375],[4.58491,52.120653],[4.585038,52.120807],[4.584832,52.120922],[4.584771,52.121066],[4.583226,52.126565],[4.582831,52.127425],[4.582866,52.12792],[4.582617,52.127972],[4.582501,52.127899],[4.580328,52.127768],[4.57454,52.127989],[4.568658,52.128613],[4.565184,52.12929],[4.56269,52.129929],[4.559393,52.131272],[4.557978,52.131963],[4.556648,52.132799],[4.556487,52.132806],[4.553989,52.134389],[4.55295,52.135307],[4.5527,52.135395],[4.55119,52.136472],[4.549713,52.137325],[4.548019,52.138077],[4.54483,52.139114],[4.543068,52.139569],[4.539336,52.139947],[4.538183,52.139876],[4.53677,52.139686],[4.535513,52.139722],[4.535163,52.139665],[4.53511,52.139404],[4.534379,52.13868],[4.5309,52.136515],[4.533782,52.135512],[4.53391,52.135665],[4.52706,52.137935],[4.525132,52.138685],[4.5228,52.139935],[4.5208,52.141358],[4.520697,52.141384],[4.516473,52.139232],[4.516196,52.139203],[4.515152,52.139555],[4.513537,52.139956],[4.509245,52.141318],[4.508523,52.141645],[4.507361,52.142032],[4.507212,52.142192],[4.502299,52.143855],[4.502856,52.144497],[4.505513,52.14538],[4.50658,52.144597],[4.507353,52.143901],[4.507988,52.142809],[4.510759,52.143082],[4.510993,52.143066],[4.511288,52.142924],[4.51332,52.144332],[4.515332,52.145327],[4.514101,52.146235],[4.512578,52.148668],[4.513203,52.148817],[4.51516,52.149604],[4.514988,52.150187],[4.514232,52.151503],[4.516453,52.154512],[4.516479,52.154683],[4.51329,52.154839],[4.510639,52.155134],[4.504248,52.155374],[4.503577,52.155342],[4.502518,52.15493],[4.501847,52.154862],[4.494657,52.154889],[4.494528,52.154025],[4.494326,52.153915],[4.493874,52.153876],[4.49376,52.153713],[4.489728,52.153656],[4.489779,52.153288],[4.484862,52.154374],[4.483832,52.154006],[4.483114,52.154109],[4.482447,52.154562],[4.482296,52.154821],[4.482364,52.155047],[4.483026,52.155573],[4.483021,52.155789],[4.482054,52.157354],[4.48148,52.159022],[4.481271,52.159227],[4.480532,52.159644],[4.480438,52.159922],[4.483648,52.160216],[4.484992,52.160208],[4.485939,52.162534],[4.485959,52.163002],[4.486192,52.163795],[4.485853,52.163918],[4.484691,52.163577],[4.484398,52.163574],[4.483943,52.165117],[4.483582,52.165635],[4.483419,52.16576],[4.483243,52.165759],[4.482609,52.165322]]},"properties":{"line_id":"QBUZZ:z187","line_ref":"187","line_name":"Boskoop - Leiden","agency_id":"QBUZZ","variant_id":"QBUZZ:z187|1578510"}},{"type":"Feature","geometry":{"type":"LineString","coordinates":[[4.513845,52.146646],[4.512578,52.148668],[4.513203,52.148817],[4.51516,52.149604],[4.514988,52.150187],[4.514232,52.151503],[4.516453,52.154512],[4.516479,52.154683],[4.51329,52.154839],[4.510639,52.155134],[4.504248,52.155374],[4.503577,52.155342],[4.502518,52.15493],[4.501847,52.154862],[4.494657,52.154889],[4.494528,52.154025],[4.494326,52.153915],[4.493874,52.153876],[4.49376,52.153713],[4.489728,52.153656],[4.489779,52.153288],[4.484994,52.154357],[4.484745,52.154355],[4.483948,52.154025],[4.483671,52.153996],[4.483114,52.154109],[4.482774,52.154295],[4.482327,52.154723],[4.482307,52.154965],[4.483026,52.155573],[4.483052,52.155717],[4.482054,52.157354],[4.48148,52.159022],[4.481271,52.159227],[4.480532,52.159644],[4.480438,52.159922],[4.483648,52.160216],[4.484992,52.160208],[4.485939,52.162534],[4.485959,52.163002],[4.486192,52.163795],[4.485853,52.163918],[4.484691,52.163577],[4.484398,52.163574],[4.483943,52.165117],[4.483582,52.165635],[4.483419,52.16576],[4.483243,52.165759],[4.482609,52.165322]]},"properties":{"line_id":"QBUZZ:z187","line_ref":"187","line_name":"Boskoop - Leiden","agency_id":"QBUZZ","variant_id":"QBUZZ:z187|1578511"}},{"type":"Feature","geometry":{"type":"LineString","coordinates":[[4.503248,52.144626],[4.505513,52.14538],[4.50658,52.144597],[4.507353,52.143901],[4.507988,52.142809],[4.510759,52.143082],[4.510993,52.143066],[4.511288,52.142924],[4.51332,52.144332],[4.515332,52.145327],[4.514101,52.146235],[4.512578,52.148668],[4.513203,52.148817],[4.51516,52.149604],[4.514988,52.150187],[4.514232,52.151503],[4.516453,52.154512],[4.516479,52.154683],[4.51329,52.154839],[4.510639,52.155134],[4.504248,52.155374],[4.503577,52.155342],[4.502518,52.15493],[4.501847,52.154862],[4.494657,52.154889],[4.494528,52.154025],[4.494326,52.153915],[4.493874,52.153876],[4.49376,52.153713],[4.489728,52.153656],[4.489779,52.153288],[4.484862,52.154374],[4.483832,52.154006],[4.483114,52.154109],[4.482447,52.154562],[4.482296,52.154821],[4.482364,52.155047],[4.483026,52.155573],[4.483021,52.155789],[4.482054,52.157354],[4.48148,52.159022],[4.481271,52.159227],[4.480532,52.159644],[4.480438,52.159922],[4.483648,52.160216],[4.484992,52.160208],[4.485939,52.162534],[4.485959,52.163002],[4.486192,52.163795],[4.485853,52.163918],[4.484691,52.163577],[4.484398,52.163574],[4.483943,52.165117],[4.483582,52.165635],[4.483419,52.16576],[4.483243,52.165759],[4.482609,52.165322]]},"properties":{"line_id":"QBUZZ:z187","line_ref":"187","line_name":"Boskoop - Leiden","agency_id":"QBUZZ","variant_id":"QBUZZ:z187|1578513"}},{"type":"Feature","geometry":{"type":"LineString","coordinates":[[4.647066,52.076783],[4.646815,52.075218],[4.63906,52.07578],[4.636667,52.075837],[4.63591,52.075742],[4.633905,52.076134],[4.632677,52.076287],[4.607499,52.077139],[4.604174,52.077081],[4.598963,52.077244],[4.589986,52.077561],[4.588217,52.077765],[4.588128,52.077854],[4.588117,52.078501],[4.589573,52.088461],[4.58986,52.090369],[4.589957,52.090648],[4.590144,52.090775],[4.589996,52.090927],[4.589976,52.091215],[4.590158,52.092483],[4.590397,52.093806],[4.590998,52.095284],[4.591063,52.095716],[4.591139,52.098854],[4.588846,52.107116],[4.588272,52.109809],[4.587418,52.112689],[4.587131,52.114044],[4.586108,52.116545],[4.584944,52.120375],[4.58491,52.120653],[4.585038,52.120807],[4.584832,52.120922],[4.584771,52.121066],[4.583226,52.126565],[4.582831,52.127425],[4.582866,52.12792],[4.582617,52.127972],[4.582501,52.127899],[4.580328,52.127768],[4.57454,52.127989],[4.568658,52.128613],[4.565184,52.12929],[4.56269,52.129929],[4.559393,52.131272],[4.557978,52.131963],[4.556648,52.132799],[4.556487,52.132806],[4.553989,52.134389],[4.55295,52.135307],[4.5527,52.135395],[4.55119,52.136472],[4.549713,52.137325],[4.548019,52.138077],[4.54483,52.139114],[4.543068,52.139569],[4.539336,52.139947],[4.538183,52.139876],[4.53677,52.139686],[4.535513,52.139722],[4.535163,52.139665],[4.53511,52.139404],[4.534379,52.13868],[4.5309,52.136515],[4.533782,52.135512],[4.53391,52.135665],[4.52706,52.137935],[4.525132,52.138685],[4.5228,52.139935],[4.5208,52.141358],[4.520697,52.141384],[4.516473,52.139232],[4.516196,52.139203],[4.515152,52.139555],[4.513537,52.139956],[4.509245,52.141318],[4.508523,52.141645],[4.507361,52.142032],[4.507212,52.142192],[4.502299,52.143855],[4.502856,52.144497],[4.505513,52.14538],[4.50658,52.144597],[4.507353,52.143901],[4.507988,52.142809],[4.510759,52.143082],[4.510993,52.143066],[4.511288,52.142924],[4.51332,52.144332],[4.515332,52.145327],[4.514101,52.146235],[4.512578,52.148668],[4.513203,52.148817],[4.51516,52.149604],[4.514988,52.150187],[4.514232,52.151503],[4.516453,52.154512],[4.516479,52.154683],[4.51329,52.154839],[4.510639,52.155134],[4.504248,52.155374],[4.503577,52.155342],[4.502518,52.15493],[4.501847,52.154862],[4.494657,52.154889],[4.494528,52.154025],[4.494326,52.153915],[4.493874,52.153876],[4.49376,52.153713],[4.489728,52.153656],[4.489779,52.153288],[4.484862,52.154374],[4.483832,52.154006],[4.483114,52.154109],[4.482447,52.154562],[4.482296,52.154821],[4.482364,52.155047],[4.483026,52.155573],[4.483021,52.155789],[4.482054,52.157354],[4.48148,52.159022],[4.481271,52.159227],[4.480532,52.159644],[4.480438,52.159922],[4.483648,52.160216],[4.484992,52.160208],[4.485939,52.162534],[4.485959,52.163002],[4.486192,52.163795],[4.485853,52.163918],[4.484691,52.163577],[4.484398,52.163574],[4.483943,52.165117],[4.483582,52.165635],[4.483419,52.16576],[4.483243,52.165759],[4.482609,52.165322]]},"properties":{"line_id":"QBUZZ:z187","line_ref":"187","line_name":"Boskoop - Leiden","agency_id":"QBUZZ","variant_id":"QBUZZ:z187|1578514"}},{"type":"Feature","geometry":{"type":"LineString","coordinates":[[4.647066,52.076783],[4.646815,52.075218],[4.63906,52.07578],[4.636667,52.075837],[4.63591,52.075742],[4.633905,52.076134],[4.632677,52.076287],[4.607499,52.077139],[4.604174,52.077081],[4.598963,52.077244],[4.589986,52.077561],[4.588217,52.077765],[4.588128,52.077854],[4.588117,52.078501],[4.589573,52.088461],[4.58986,52.090369],[4.589957,52.090648],[4.590144,52.090775],[4.589996,52.090927],[4.589976,52.091215],[4.590158,52.092483],[4.590397,52.093806],[4.590998,52.095284],[4.591063,52.095716],[4.591139,52.098854],[4.588846,52.107116],[4.588272,52.109809],[4.587418,52.112689],[4.587131,52.114044],[4.586108,52.116545],[4.584944,52.120375],[4.58491,52.120653],[4.585038,52.120807],[4.584832,52.120922],[4.584771,52.121066],[4.583226,52.126565],[4.582846,52.127416]]},"properties":{"line_id":"QBUZZ:z187","line_ref":"187","line_name":"Boskoop - Leiden","agency_id":"QBUZZ","variant_id":"QBUZZ:z187|1578515"}},{"type":"Feature","geometry":{"type":"LineString","coordinates":[[4.647066,52.076783],[4.646815,52.075218],[4.63906,52.07578],[4.636667,52.075837],[4.63591,52.075742],[4.633905,52.076134],[4.632677,52.076287],[4.607499,52.077139],[4.604174,52.077081],[4.598963,52.077244],[4.589986,52.077561],[4.588217,52.077765],[4.588128,52.077854],[4.588117,52.078501],[4.589573,52.088461],[4.58986,52.090369],[4.589957,52.090648],[4.590144,52.090775],[4.589996,52.090927],[4.589976,52.091215],[4.590158,52.092483],[4.590397,52.093806],[4.590998,52.095284],[4.591063,52.095716],[4.591139,52.098854],[4.588846,52.107116],[4.588272,52.109809],[4.587418,52.112689],[4.587131,52.114044],[4.586108,52.116545],[4.584944,52.120375],[4.58491,52.120653],[4.585038,52.120807],[4.584832,52.120922],[4.584771,52.121066],[4.583226,52.126565],[4.582831,52.127425],[4.582866,52.12792],[4.582617,52.127972],[4.582501,52.127899],[4.580328,52.127768],[4.57454,52.127989],[4.568658,52.128613],[4.565184,52.12929],[4.56269,52.129929],[4.559393,52.131272],[4.557978,52.131963],[4.554271,52.134193],[4.55295,52.135307],[4.5527,52.135395],[4.55119,52.136472],[4.549713,52.137325],[4.548019,52.138077],[4.543537,52.139474],[4.542058,52.139697],[4.539336,52.139947],[4.538183,52.139876],[4.53677,52.139686],[4.535513,52.139722],[4.535163,52.139665],[4.529075,52.141751],[4.527067,52.142878],[4.526237,52.143483],[4.526176,52.143609],[4.526059,52.143617],[4.525137,52.144446],[4.523707,52.145874],[4.523062,52.146732],[4.522518,52.147708],[4.522325,52.147841],[4.522149,52.147867],[4.52202,52.147758],[4.520874,52.147345],[4.517503,52.14635],[4.515257,52.145416],[4.514101,52.146235],[4.512578,52.148668],[4.513203,52.148817],[4.51516,52.149604],[4.514988,52.150187],[4.514232,52.151503],[4.516453,52.154512],[4.516479,52.154683],[4.51329,52.154839],[4.510639,52.155134],[4.504248,52.155374],[4.503577,52.155342],[4.502518,52.15493],[4.501847,52.154862],[4.494657,52.154889],[4.494528,52.154025],[4.494326,52.153915],[4.493874,52.153876],[4.49376,52.153713],[4.489728,52.153656],[4.489779,52.153288],[4.484862,52.154374],[4.483832,52.154006],[4.483114,52.154109],[4.482447,52.154562],[4.482296,52.154821],[4.482364,52.155047],[4.483026,52.155573],[4.483021,52.155789],[4.482054,52.157354],[4.48148,52.159022],[4.481271,52.159227],[4.480532,52.159644],[4.480438,52.159922],[4.483648,52.160216],[4.484992,52.160208],[4.485939,52.162534],[4.485959,52.163002],[4.486192,52.163795],[4.485853,52.163918],[4.484691,52.163577],[4.484398,52.163574],[4.483943,52.165117],[4.483582,52.165635],[4.483419,52.16576],[4.483243,52.165759],[4.482609,52.165322]]},"properties":{"line_id":"QBUZZ:z187","line_ref":"187","line_name":"Boskoop - Leiden","agency_id":"QBUZZ","variant_id":"QBUZZ:z187|1578516"}},{"type":"Feature","geometry":{"type":"LineString","coordinates":[[4.482459,52.165528],[4.482779,52.165575],[4.48297,52.165523],[4.483316,52.165768],[4.483582,52.165635],[4.483943,52.165117],[4.48413,52.164552],[4.484752,52.161959],[4.484857,52.161852],[4.485561,52.161705],[4.4853,52.160912],[4.484985,52.160595],[4.484817,52.160216],[4.483648,52.160216],[4.480438,52.159922],[4.480532,52.159644],[4.481271,52.159227],[4.48148,52.159022],[4.481719,52.158026],[4.482088,52.157157],[4.483021,52.155789],[4.483026,52.155573],[4.482364,52.155047],[4.482296,52.154821],[4.482447,52.154562],[4.483114,52.154109],[4.483832,52.154006],[4.484862,52.154374],[4.489779,52.153288],[4.491709,52.153266],[4.493929,52.153319],[4.493877,52.153687],[4.494645,52.154017],[4.494759,52.154889],[4.501847,52.154862],[4.502518,52.15493],[4.503577,52.155342],[4.504248,52.155374],[4.510639,52.155134],[4.51329,52.154839],[4.516376,52.154691],[4.516395,52.154458],[4.516239,52.154214],[4.514232,52.151503],[4.514988,52.150187],[4.51516,52.149604],[4.513203,52.148817],[4.512578,52.148668],[4.514101,52.146235],[4.515257,52.145416],[4.513246,52.144377],[4.511329,52.143041],[4.510743,52.143154],[4.507928,52.14289],[4.507353,52.143901],[4.50658,52.144597],[4.505513,52.14538],[4.502987,52.144543]]},"properties":{"line_id":"QBUZZ:z187","line_ref":"187","line_name":"Boskoop - Leiden","agency_id":"QBUZZ","variant_id":"QBUZZ:z187|1589331"}},{"type":"Feature","geometry":{"type":"LineString","coordinates":[[4.482459,52.165528],[4.482779,52.165575],[4.48297,52.165523],[4.483316,52.165768],[4.483582,52.165635],[4.483943,52.165117],[4.48413,52.164552],[4.484752,52.161959],[4.484857,52.161852],[4.485561,52.161705],[4.4853,52.160912],[4.484985,52.160595],[4.484817,52.160216],[4.483648,52.160216],[4.480438,52.159922],[4.480532,52.159644],[4.481271,52.159227],[4.48148,52.159022],[4.481719,52.158026],[4.482088,52.157157],[4.483052,52.155717],[4.483026,52.155573],[4.482307,52.154965],[4.482327,52.154723],[4.482774,52.154295],[4.483114,52.154109],[4.483671,52.153996],[4.483948,52.154025],[4.484862,52.154374],[4.489779,52.153288],[4.491709,52.153266],[4.493929,52.153319],[4.493877,52.153687],[4.494645,52.154017],[4.494759,52.154889],[4.502256,52.154883],[4.503781,52.155362],[4.510639,52.155134],[4.51329,52.154839],[4.516786,52.154667],[4.51796,52.154424],[4.518857,52.154107],[4.519537,52.153735],[4.519982,52.15337],[4.520537,52.152619],[4.522243,52.14829],[4.522207,52.147921],[4.52202,52.147758],[4.520874,52.147345],[4.517503,52.14635],[4.515257,52.145416],[4.514101,52.146235],[4.513845,52.146646]]},"properties":{"line_id":"QBUZZ:z187","line_ref":"187","line_name":"Boskoop - Leiden","agency_id":"QBUZZ","variant_id":"QBUZZ:z187|1589332"}},{"type":"Feature","geometry":{"type":"LineString","coordinates":[[4.482459,52.165528],[4.482779,52.165575],[4.48297,52.165523],[4.483316,52.165768],[4.483582,52.165635],[4.483943,52.165117],[4.48413,52.164552],[4.484752,52.161959],[4.484857,52.161852],[4.485561,52.161705],[4.4853,52.160912],[4.484985,52.160595],[4.484817,52.160216],[4.483648,52.160216],[4.480438,52.159922],[4.480532,52.159644],[4.481271,52.159227],[4.48148,52.159022],[4.481719,52.158026],[4.482088,52.157157],[4.483021,52.155789],[4.483026,52.155573],[4.482364,52.155047],[4.482296,52.154821],[4.482447,52.154562],[4.483114,52.154109],[4.483832,52.154006],[4.484862,52.154374],[4.489779,52.153288],[4.491709,52.153266],[4.493929,52.153319],[4.493877,52.153687],[4.494645,52.154017],[4.494759,52.154889],[4.501847,52.154862],[4.502518,52.15493],[4.503577,52.155342],[4.504248,52.155374],[4.510639,52.155134],[4.51329,52.154839],[4.516376,52.154691],[4.516395,52.154458],[4.516239,52.154214],[4.514232,52.151503],[4.514988,52.150187],[4.51516,52.149604],[4.513203,52.148817],[4.512578,52.148668],[4.514101,52.146235],[4.515332,52.145327],[4.517925,52.146469],[4.522239,52.147778],[4.522506,52.147573],[4.523186,52.146391],[4.525064,52.144446],[4.525926,52.143706],[4.525946,52.143427],[4.526356,52.143358],[4.527776,52.142443],[4.529075,52.141751],[4.531428,52.140959],[4.533548,52.140103],[4.535106,52.13962],[4.535225,52.139468],[4.535458,52.139542],[4.536596,52.139613],[4.538709,52.13988],[4.539892,52.139879],[4.542058,52.139697],[4.543537,52.139474],[4.547755,52.138147],[4.549537,52.137386],[4.551471,52.136285],[4.552819,52.135297],[4.553128,52.135156],[4.553293,52.134914],[4.553752,52.134576],[4.5534,52.134681],[4.553132,52.134913],[4.553128,52.135156],[4.553293,52.134914],[4.553989,52.134389],[4.555438,52.133491],[4.555498,52.133375],[4.556591,52.132735],[4.556781,52.13271],[4.557978,52.131963],[4.559393,52.131272],[4.56269,52.129929],[4.565184,52.12929],[4.569156,52.128518],[4.569725,52.12854],[4.574716,52.127972],[4.580328,52.127768],[4.582093,52.12787],[4.582502,52.127836],[4.582679,52.127748],[4.583106,52.126744],[4.583066,52.126546],[4.583396,52.125272],[4.584657,52.120894],[4.584571,52.120795],[4.584793,52.120643],[4.584944,52.120375],[4.586156,52.116293],[4.586856,52.114725],[4.590938,52.099473],[4.591081,52.097981],[4.590987,52.095895]]},"properties":{"line_id":"QBUZZ:z187","line_ref":"187","line_name":"Boskoop - Leiden","agency_id":"QBUZZ","variant_id":"QBUZZ:z187|1589334"}},{"type":"Feature","geometry":{"type":"LineString","coordinates":[[4.482459,52.165528],[4.482779,52.165575],[4.48297,52.165523],[4.483316,52.165768],[4.483582,52.165635],[4.483943,52.165117],[4.48413,52.164552],[4.484752,52.161959],[4.484857,52.161852],[4.485561,52.161705],[4.4853,52.160912],[4.484985,52.160595],[4.484817,52.160216],[4.483648,52.160216],[4.480438,52.159922],[4.480532,52.159644],[4.481271,52.159227],[4.48148,52.159022],[4.481719,52.158026],[4.482088,52.157157],[4.483021,52.155789],[4.483026,52.155573],[4.482364,52.155047],[4.482296,52.154821],[4.482447,52.154562],[4.483114,52.154109],[4.483832,52.154006],[4.484862,52.154374],[4.489779,52.153288],[4.491709,52.153266],[4.493929,52.153319],[4.493877,52.153687],[4.494645,52.154017],[4.494759,52.154889],[4.501847,52.154862],[4.502518,52.15493],[4.503577,52.155342],[4.504248,52.155374],[4.510639,52.155134],[4.51329,52.154839],[4.516376,52.154691],[4.516395,52.154458],[4.516239,52.154214],[4.514232,52.151503],[4.514988,52.150187],[4.51516,52.149604],[4.513203,52.148817],[4.512578,52.148668],[4.514101,52.146235],[4.515257,52.145416],[4.513246,52.144377],[4.511329,52.143041],[4.510743,52.143154],[4.507928,52.14289],[4.507353,52.143901],[4.50658,52.144597],[4.505513,52.14538],[4.502856,52.144497],[4.502299,52.143855],[4.507212,52.142192],[4.507361,52.142032],[4.508523,52.141645],[4.509245,52.141318],[4.513537,52.139956],[4.515152,52.139555],[4.516196,52.139203],[4.516473,52.139232],[4.520596,52.14133],[4.523615,52.139303],[4.525326,52.138479],[4.526474,52.138002],[4.533782,52.135512],[4.53391,52.135665],[4.531191,52.136544],[4.534726,52.138853],[4.535255,52.139468],[4.535458,52.139542],[4.539176,52.139892],[4.54118,52.139789],[4.543068,52.139569],[4.546197,52.138675],[4.549035,52.137634],[4.551471,52.136285],[4.552819,52.135297],[4.553128,52.135156],[4.553293,52.134914],[4.553752,52.134576],[4.5534,52.134681],[4.553132,52.134913],[4.553128,52.135156],[4.553293,52.134914],[4.553989,52.134389],[4.556591,52.132735],[4.556781,52.13271],[4.557978,52.131963],[4.559393,52.131272],[4.56269,52.129929],[4.565184,52.12929],[4.569156,52.128518],[4.569725,52.12854],[4.574716,52.127972],[4.580328,52.127768],[4.582093,52.12787],[4.582502,52.127836],[4.582679,52.127748],[4.583106,52.126744],[4.583066,52.126546],[4.583396,52.125272],[4.584657,52.120894],[4.584571,52.120795],[4.584793,52.120643],[4.584944,52.120375],[4.586156,52.116293],[4.586856,52.114725],[4.58826,52.109674],[4.588422,52.108749],[4.590938,52.099473],[4.591069,52.098682],[4.590927,52.095167],[4.590259,52.093374],[4.589976,52.091215],[4.589879,52.090935],[4.589676,52.090835],[4.589826,52.090656],[4.58986,52.090369],[4.588117,52.078501],[4.587938,52.077871],[4.587737,52.077717],[4.587813,52.077502],[4.588033,52.077458],[4.588366,52.077577],[4.589986,52.077561],[4.604174,52.077081],[4.607499,52.077139],[4.630605,52.076337],[4.633408,52.076157],[4.635574,52.075758],[4.63606,52.075509],[4.636292,52.075564],[4.636319,52.075708],[4.636667,52.075837],[4.63798,52.075827],[4.64109,52.075658],[4.646801,52.075155],[4.64716,52.077269],[4.647028,52.077304],[4.646899,52.077205],[4.647106,52.077017],[4.647066,52.076783]]},"properties":{"line_id":"QBUZZ:z187","line_ref":"187","line_name":"Boskoop - Leiden","agency_id":"QBUZZ","variant_id":"QBUZZ:z187|1625027"}},{"type":"Feature","geometry":{"type":"LineString","coordinates":[[4.482459,52.165528],[4.482779,52.165575],[4.48297,52.165523],[4.483316,52.165768],[4.483582,52.165635],[4.483943,52.165117],[4.48413,52.164552],[4.484752,52.161959],[4.484857,52.161852],[4.485561,52.161705],[4.4853,52.160912],[4.484985,52.160595],[4.484817,52.160216],[4.483648,52.160216],[4.480438,52.159922],[4.480532,52.159644],[4.481271,52.159227],[4.48148,52.159022],[4.481719,52.158026],[4.482088,52.157157],[4.483021,52.155789],[4.483026,52.155573],[4.482364,52.155047],[4.482296,52.154821],[4.482447,52.154562],[4.483114,52.154109],[4.483832,52.154006],[4.484862,52.154374],[4.489779,52.153288],[4.491709,52.153266],[4.493929,52.153319],[4.493877,52.153687],[4.494645,52.154017],[4.494759,52.154889],[4.501847,52.154862],[4.502518,52.15493],[4.503577,52.155342],[4.504248,52.155374],[4.510639,52.155134],[4.51329,52.154839],[4.516376,52.154691],[4.516395,52.154458],[4.516239,52.154214],[4.514232,52.151503],[4.514988,52.150187],[4.51516,52.149604],[4.513203,52.148817],[4.512578,52.148668],[4.514101,52.146235],[4.515332,52.145327],[4.517925,52.146469],[4.522239,52.147778],[4.522506,52.147573],[4.523186,52.146391],[4.525064,52.144446],[4.525926,52.143706],[4.525946,52.143427],[4.526356,52.143358],[4.527776,52.142443],[4.529075,52.141751],[4.531428,52.140959],[4.533548,52.140103],[4.535106,52.13962],[4.535225,52.139468],[4.535458,52.139542],[4.536596,52.139613],[4.538709,52.13988],[4.539892,52.139879],[4.542058,52.139697],[4.543537,52.139474],[4.547755,52.138147],[4.549537,52.137386],[4.551471,52.136285],[4.552819,52.135297],[4.553128,52.135156],[4.553293,52.134914],[4.553752,52.134576],[4.5534,52.134681],[4.553132,52.134913],[4.553128,52.135156],[4.553293,52.134914],[4.553989,52.134389],[4.555438,52.133491],[4.555498,52.133375],[4.556591,52.132735],[4.556781,52.13271],[4.557978,52.131963],[4.559393,52.131272],[4.56269,52.129929],[4.565184,52.12929],[4.569156,52.128518],[4.569725,52.12854],[4.574716,52.127972],[4.580328,52.127768],[4.582093,52.12787],[4.582502,52.127836],[4.582679,52.127748],[4.583106,52.126744],[4.583066,52.126546],[4.583396,52.125272],[4.584657,52.120894],[4.584571,52.120795],[4.584793,52.120643],[4.584944,52.120375],[4.586156,52.116293],[4.586856,52.114725],[4.58826,52.109674],[4.588422,52.108749],[4.590938,52.099473],[4.591069,52.098682],[4.590927,52.095167],[4.590259,52.093374],[4.589976,52.091215],[4.589879,52.090935],[4.589676,52.090835],[4.589826,52.090656],[4.58986,52.090369],[4.588117,52.078501],[4.587938,52.077871],[4.587737,52.077717],[4.587813,52.077502],[4.588033,52.077458],[4.588366,52.077577],[4.589986,52.077561],[4.604174,52.077081],[4.607499,52.077139],[4.630605,52.076337],[4.633408,52.076157],[4.635574,52.075758],[4.63606,52.075509],[4.636292,52.075564],[4.636319,52.075708],[4.636667,52.075837],[4.63798,52.075827],[4.64109,52.075658],[4.646801,52.075155],[4.64716,52.077269],[4.647028,52.077304],[4.646899,52.077205],[4.647106,52.077017],[4.647066,52.076783]]},"properties":{"line_id":"QBUZZ:z187","line_ref":"187","line_name":"Boskoop - Leiden","agency_id":"QBUZZ","variant_id":"QBUZZ:z187|1625028"}},{"type":"Feature","geometry":{"type":"LineString","coordinates":[[4.582846,52.127407],[4.583106,52.126744],[4.583066,52.126546],[4.583396,52.125272],[4.584657,52.120894],[4.584571,52.120795],[4.584793,52.120643],[4.584944,52.120375],[4.586156,52.116293],[4.586856,52.114725],[4.58826,52.109674],[4.588422,52.108749],[4.590938,52.099473],[4.591069,52.098682],[4.590927,52.095167],[4.590259,52.093374],[4.589976,52.091215],[4.589879,52.090935],[4.589676,52.090835],[4.589826,52.090656],[4.58986,52.090369],[4.588117,52.078501],[4.587938,52.077871],[4.587737,52.077717],[4.587813,52.077502],[4.588033,52.077458],[4.588366,52.077577],[4.589986,52.077561],[4.604174,52.077081],[4.607499,52.077139],[4.630605,52.076337],[4.633408,52.076157],[4.635574,52.075758],[4.63606,52.075509],[4.636292,52.075564],[4.636319,52.075708],[4.636667,52.075837],[4.63798,52.075827],[4.64109,52.075658],[4.646801,52.075155],[4.64716,52.077269],[4.647028,52.077304],[4.646899,52.077205],[4.647106,52.077017],[4.647066,52.076783]]},"properties":{"line_id":"QBUZZ:z187","line_ref":"187","line_name":"Boskoop - Leiden","agency_id":"QBUZZ","variant_id":"QBUZZ:z187|1625029"}},{"type":"Feature","geometry":{"type":"LineString","coordinates":[[4.553051,52.242457],[4.55322,52.242836],[4.552641,52.244009],[4.552697,52.24419],[4.555694,52.246781],[4.555897,52.246855],[4.55736,52.246973],[4.55944,52.248497],[4.559742,52.248787],[4.560039,52.249364],[4.56033,52.249474],[4.56021,52.249626],[4.560796,52.250394],[4.561477,52.251586],[4.561259,52.252285],[4.559428,52.253863],[4.558948,52.254462],[4.558689,52.255],[4.558104,52.256541],[4.558474,52.257919],[4.558795,52.257966],[4.559798,52.257596],[4.560849,52.256992],[4.563248,52.258761],[4.565161,52.260626],[4.565346,52.260951],[4.565409,52.261482],[4.5653,52.261832],[4.562708,52.264978],[4.562219,52.265253],[4.559846,52.266036],[4.559284,52.266302],[4.55952,52.268613],[4.559158,52.269177],[4.559229,52.269286],[4.560804,52.269647],[4.563028,52.270633],[4.563477,52.270915],[4.563959,52.270981],[4.564145,52.271207],[4.567125,52.273268],[4.570456,52.27464],[4.571353,52.275248],[4.571765,52.275916],[4.571886,52.276528],[4.571506,52.278062],[4.571506,52.278889],[4.572807,52.282242],[4.573039,52.283987],[4.573308,52.284483],[4.573768,52.28499],[4.575415,52.286313],[4.576115,52.287289],[4.576481,52.288127],[4.578826,52.287317],[4.578887,52.287173],[4.579136,52.28722],[4.58232,52.286172],[4.584309,52.285628],[4.584939,52.285614],[4.584926,52.285524],[4.585177,52.285454],[4.585307,52.285563],[4.585246,52.285652],[4.585867,52.286205],[4.58789,52.288618],[4.588178,52.288872],[4.588397,52.288937],[4.588351,52.289071],[4.588507,52.28936],[4.589284,52.290129],[4.589533,52.290158],[4.589457,52.290319],[4.590331,52.291439],[4.591241,52.293018],[4.589254,52.293463],[4.586467,52.294388],[4.585906,52.294618],[4.585118,52.295215],[4.584184,52.295775],[4.581087,52.296796],[4.580536,52.297287],[4.580137,52.297437],[4.583851,52.302873],[4.584186,52.302992],[4.584066,52.303153],[4.584576,52.304109],[4.588544,52.310149],[4.589025,52.311096],[4.58913,52.311816],[4.588595,52.313799],[4.588749,52.315067],[4.5891,52.315896],[4.591118,52.318705],[4.591457,52.320227],[4.591869,52.320993],[4.593515,52.322443],[4.59445,52.323509],[4.595233,52.324845],[4.597608,52.328168],[4.600932,52.333538],[4.601781,52.334425],[4.604778,52.338381],[4.60589,52.341094],[4.607417,52.343513],[4.611299,52.351484],[4.611484,52.351818],[4.611659,52.351882],[4.611598,52.352025],[4.611696,52.352259],[4.612469,52.353424],[4.613987,52.356418],[4.61469,52.357375],[4.617309,52.359531],[4.617494,52.359919],[4.618088,52.362898],[4.618826,52.364368],[4.618906,52.364845],[4.620981,52.367959],[4.623328,52.370625],[4.624587,52.371739],[4.625472,52.372365],[4.626367,52.372398],[4.627429,52.372135],[4.62797,52.372219],[4.62828,52.372176],[4.629318,52.371536],[4.63034,52.374499],[4.630643,52.374825],[4.630784,52.375158],[4.630754,52.375212],[4.627145,52.375854],[4.627099,52.376824],[4.626399,52.377368],[4.628346,52.381156],[4.629156,52.381916],[4.629167,52.382114],[4.629427,52.382358],[4.629741,52.382908],[4.631559,52.384834],[4.631816,52.385267],[4.63198,52.385996],[4.632345,52.386125],[4.633522,52.385988],[4.634358,52.386083],[4.639111,52.385574],[4.639978,52.387296],[4.639124,52.38739]]},"properties":{"line_id":"QBUZZ:z250","line_ref":"250","line_name":"Haarlem - Hillegom - Lisse - Leiden","agency_id":"QBUZZ","variant_id":"QBUZZ:z250|1578546"}},{"type":"Feature","geometry":{"type":"LineString","coordinates":[[4.588478,52.289342],[4.588058,52.289042],[4.58789,52.288618],[4.58555,52.285861],[4.585246,52.285652],[4.585041,52.285678],[4.584939,52.285614],[4.584309,52.285628],[4.58232,52.286172],[4.57918,52.287202],[4.57906,52.287363],[4.578767,52.287334],[4.576481,52.288127],[4.576115,52.287289],[4.575415,52.286313],[4.573768,52.28499],[4.573308,52.284483],[4.572997,52.283888],[4.572766,52.282107],[4.571348,52.278699],[4.57136,52.278061],[4.571666,52.276527],[4.571546,52.275915],[4.571176,52.275292],[4.5707,52.274866],[4.56986,52.274366],[4.567968,52.273679],[4.567125,52.273268],[4.564912,52.271752],[4.564273,52.271415],[4.563953,52.271296],[4.563747,52.271366],[4.563528,52.271329],[4.563357,52.271022],[4.562722,52.270514],[4.561138,52.269811],[4.559139,52.269375],[4.558889,52.269418],[4.55873,52.269327],[4.558762,52.269201],[4.559027,52.269131],[4.55952,52.268613],[4.559386,52.267911],[4.55939,52.266896],[4.559122,52.266346],[4.559168,52.266256],[4.561866,52.265349],[4.562457,52.265057],[4.5653,52.261832],[4.565409,52.261482],[4.565346,52.260951],[4.565161,52.260626],[4.563305,52.258816],[4.560921,52.257046],[4.559798,52.257596],[4.558869,52.25794],[4.558648,52.257974],[4.558474,52.257919],[4.558104,52.256541],[4.558689,52.255],[4.558948,52.254462],[4.559428,52.253863],[4.561259,52.252285],[4.561477,52.251586],[4.560796,52.250394],[4.56021,52.249626],[4.559946,52.249606],[4.55986,52.249507],[4.560039,52.249364],[4.559742,52.248787],[4.55944,52.248497],[4.55736,52.246973],[4.555897,52.246855],[4.555694,52.246781],[4.552697,52.24419],[4.552641,52.244009],[4.55322,52.242836],[4.552709,52.241943],[4.552701,52.24161],[4.552308,52.241481],[4.551061,52.241634],[4.549766,52.241185],[4.549312,52.241163],[4.545141,52.242635],[4.542309,52.243747],[4.540696,52.244643],[4.54056,52.244858],[4.540326,52.244856],[4.539985,52.244288],[4.539806,52.243711],[4.538905,52.242563],[4.537938,52.241055],[4.53399,52.236209],[4.531379,52.233413],[4.528307,52.231018],[4.527931,52.230817],[4.528006,52.230683],[4.528285,52.230649],[4.529009,52.230304],[4.529991,52.229493],[4.530294,52.228929],[4.530306,52.228336],[4.530134,52.228119],[4.530489,52.22796],[4.531339,52.227103],[4.538908,52.222448],[4.540294,52.221909],[4.541058,52.221726],[4.54131,52.221566],[4.541514,52.221621],[4.541757,52.22192],[4.54199,52.221966],[4.544239,52.222216],[4.544416,52.222172],[4.544463,52.221993],[4.543707,52.221718],[4.517684,52.216568],[4.515836,52.216015],[4.469817,52.198148],[4.468239,52.197336],[4.467142,52.196626],[4.465691,52.195347],[4.464665,52.194018],[4.459089,52.183665],[4.454618,52.170929],[4.453698,52.168764],[4.452138,52.166469],[4.450766,52.164975],[4.450186,52.164773],[4.449849,52.164824],[4.449493,52.165055],[4.449443,52.165324],[4.449599,52.165568],[4.450157,52.166166],[4.450434,52.166204],[4.452197,52.165741],[4.453782,52.165457],[4.456637,52.165237],[4.457488,52.165055],[4.458953,52.164914],[4.463036,52.164649],[4.463506,52.164536],[4.464656,52.164078],[4.465449,52.163895],[4.466283,52.163866],[4.467859,52.163977],[4.471326,52.163851],[4.474175,52.163891],[4.476421,52.164151],[4.477414,52.164186],[4.478,52.164127],[4.479218,52.163858],[4.480072,52.163586],[4.480667,52.163797],[4.481746,52.164606],[4.481317,52.164872],[4.481746,52.165325]]},"properties":{"line_id":"QBUZZ:z250","line_ref":"250","line_name":"Haarlem - Hillegom - Lisse - Leiden","agency_id":"QBUZZ","variant_id":"QBUZZ:z250|1578547"}},{"type":"Feature","geometry":{"type":"LineString","coordinates":[[4.637919,52.387454],[4.63836,52.387448],[4.63822,52.387025],[4.636661,52.387159],[4.636327,52.386033],[4.634459,52.386192],[4.633669,52.385998],[4.633316,52.385996],[4.632549,52.38618],[4.63198,52.385996],[4.631816,52.385267],[4.631559,52.384834],[4.628602,52.38167],[4.626639,52.377954],[4.626386,52.377251],[4.626996,52.376815],[4.627145,52.375854],[4.630665,52.375229],[4.630251,52.374535],[4.630245,52.374031],[4.629428,52.371986],[4.62921,52.371886],[4.628901,52.371902],[4.628397,52.372204],[4.628006,52.372696],[4.627968,52.373217],[4.627849,52.373324],[4.627599,52.373322],[4.626199,52.372747],[4.625065,52.372093],[4.623921,52.371187],[4.622765,52.370056],[4.620981,52.367959],[4.619233,52.365449],[4.61879,52.364727],[4.61844,52.363754],[4.617952,52.363086],[4.61776,52.362347],[4.617774,52.36153],[4.617407,52.35982],[4.618158,52.363078],[4.617995,52.363149],[4.617882,52.362897],[4.617735,52.362096],[4.617774,52.36153],[4.617309,52.359531],[4.614488,52.357167],[4.613987,52.356418],[4.61204,52.352765],[4.611696,52.352259],[4.611291,52.351951],[4.611299,52.351484],[4.610903,52.350609],[4.607417,52.343513],[4.60589,52.341094],[4.604778,52.338381],[4.601781,52.334425],[4.600932,52.333538],[4.597608,52.328168],[4.595233,52.324845],[4.59445,52.323509],[4.593515,52.322443],[4.591869,52.320993],[4.591513,52.320389],[4.591298,52.319273],[4.590976,52.318444],[4.589814,52.316998],[4.5891,52.315896],[4.588749,52.315067],[4.588595,52.313799],[4.58913,52.311807],[4.589025,52.311096],[4.588544,52.310149],[4.584576,52.304109],[4.584066,52.303153],[4.583818,52.30308],[4.583908,52.302936],[4.580137,52.297437],[4.580536,52.297287],[4.581087,52.296796],[4.584184,52.295775],[4.585118,52.295215],[4.585906,52.294618],[4.586467,52.294388],[4.589254,52.293463],[4.591241,52.293018],[4.59006,52.291033],[4.589486,52.290346],[4.589238,52.290263],[4.589284,52.290129],[4.58868,52.289514],[4.588058,52.289042],[4.58789,52.288618],[4.58647,52.286901],[4.58555,52.285861],[4.585246,52.285652],[4.584309,52.285628],[4.58319,52.285926],[4.57918,52.287202],[4.57906,52.287363],[4.578767,52.287334],[4.576481,52.288127],[4.576115,52.287289],[4.575415,52.286313],[4.573768,52.28499],[4.573308,52.284483],[4.572997,52.283888],[4.572766,52.282107],[4.571348,52.278699],[4.57136,52.278061],[4.571666,52.276527],[4.571546,52.275915],[4.571176,52.275292],[4.5707,52.274866],[4.56986,52.274366],[4.567968,52.273679],[4.567125,52.273268],[4.564912,52.271752],[4.564273,52.271415],[4.563953,52.271296],[4.563747,52.271366],[4.563528,52.271329],[4.563357,52.271022],[4.562722,52.270514],[4.561138,52.269811],[4.559139,52.269375],[4.558889,52.269418],[4.55873,52.269327],[4.558762,52.269201],[4.559027,52.269131],[4.55952,52.268613],[4.559386,52.267911],[4.55939,52.266896],[4.559122,52.266346],[4.559168,52.266256],[4.561866,52.265349],[4.562457,52.265057],[4.5653,52.261832],[4.565409,52.261482],[4.565346,52.260951],[4.565161,52.260626],[4.563305,52.258816],[4.560921,52.257046],[4.559798,52.257596],[4.558869,52.25794],[4.558648,52.257974],[4.558474,52.257919],[4.558104,52.256541],[4.558689,52.255],[4.558948,52.254462],[4.559428,52.253863],[4.561259,52.252285],[4.561477,52.251586],[4.560796,52.250394],[4.56021,52.249626],[4.559946,52.249606],[4.55986,52.249507],[4.560039,52.249364],[4.559742,52.248787],[4.55944,52.248497],[4.55736,52.246973],[4.555897,52.246855],[4.555694,52.246781],[4.552697,52.24419],[4.552641,52.244009],[4.55322,52.242836],[4.552709,52.241943],[4.552701,52.24161],[4.552308,52.241481],[4.551061,52.241634],[4.549766,52.241185],[4.549312,52.241163],[4.545141,52.242635],[4.542309,52.243747],[4.540696,52.244643],[4.54056,52.244858],[4.540326,52.244856],[4.539985,52.244288],[4.539806,52.243711],[4.538905,52.242563],[4.537938,52.241055],[4.53399,52.236209],[4.531379,52.233413],[4.528307,52.231018],[4.527931,52.230817],[4.528006,52.230683],[4.528285,52.230649],[4.529009,52.230304],[4.529991,52.229493],[4.530294,52.228929],[4.530306,52.228336],[4.530134,52.228119],[4.530489,52.22796],[4.531339,52.227103],[4.538908,52.222448],[4.540294,52.221909],[4.541058,52.221726],[4.54131,52.221566],[4.541514,52.221621],[4.541757,52.22192],[4.54199,52.221966],[4.544239,52.222216],[4.544416,52.222172],[4.544463,52.221993],[4.543707,52.221718],[4.517684,52.216568],[4.515836,52.216015],[4.469817,52.198148],[4.468239,52.197336],[4.467142,52.196626],[4.465691,52.195347],[4.46495,52.194425],[4.463988,52.192817],[4.459089,52.183665],[4.454618,52.170929],[4.453698,52.168764],[4.452138,52.166469],[4.450766,52.164975],[4.450186,52.164773],[4.449849,52.164824],[4.449493,52.165055],[4.449443,52.165324],[4.449599,52.165568],[4.450157,52.166166],[4.450434,52.166204],[4.452197,52.165741],[4.453782,52.165457],[4.456637,52.165237],[4.457488,52.165055],[4.458953,52.164914],[4.463036,52.164649],[4.463506,52.164536],[4.464656,52.164078],[4.465449,52.163895],[4.466283,52.163866],[4.467859,52.163977],[4.471326,52.163851],[4.474175,52.163891],[4.476421,52.164151],[4.477414,52.164186],[4.478,52.164127],[4.479218,52.163858],[4.480072,52.163586],[4.480667,52.163797],[4.481746,52.164606],[4.481317,52.164872],[4.481746,52.165325]]},"properties":{"line_id":"QBUZZ:z250","line_ref":"250","line_name":"Haarlem - Hillegom - Lisse - Leiden","agency_id":"QBUZZ","variant_id":"QBUZZ:z250|1578549"}},{"type":"Feature","geometry":{"type":"LineString","coordinates":[[4.637919,52.387454],[4.63836,52.387448],[4.63822,52.387025],[4.636661,52.387159],[4.636327,52.386033],[4.634459,52.386192],[4.633669,52.385998],[4.633316,52.385996],[4.632549,52.38618],[4.63198,52.385996],[4.631816,52.385267],[4.631559,52.384834],[4.628602,52.38167],[4.626639,52.377954],[4.626386,52.377251],[4.626996,52.376815],[4.627145,52.375854],[4.630665,52.375229],[4.630251,52.374535],[4.630245,52.374031],[4.629428,52.371986],[4.62921,52.371886],[4.628901,52.371902],[4.628397,52.372204],[4.628006,52.372696],[4.627968,52.373217],[4.627849,52.373324],[4.627599,52.373322],[4.626199,52.372747],[4.625065,52.372093],[4.623921,52.371187],[4.622765,52.370056],[4.620981,52.367959],[4.619233,52.365449],[4.61879,52.364727],[4.61844,52.363754],[4.617952,52.363086],[4.61776,52.362347],[4.617774,52.36153],[4.617407,52.35982],[4.618158,52.363078],[4.617995,52.363149],[4.617882,52.362897],[4.617735,52.362096],[4.617774,52.36153],[4.617309,52.359531],[4.614488,52.357167],[4.613987,52.356418],[4.61204,52.352765],[4.611696,52.352259],[4.611291,52.351951],[4.611299,52.351484],[4.610903,52.350609],[4.607417,52.343513],[4.60589,52.341094],[4.604778,52.338381],[4.601781,52.334425],[4.600932,52.333538],[4.597608,52.328168],[4.595233,52.324845],[4.59445,52.323509],[4.593515,52.322443],[4.591869,52.320993],[4.591513,52.320389],[4.591298,52.319273],[4.590976,52.318444],[4.589814,52.316998],[4.5891,52.315896],[4.588749,52.315067],[4.588595,52.313799],[4.58913,52.311807],[4.589025,52.311096],[4.588544,52.310149],[4.584576,52.304109],[4.584066,52.303153],[4.583818,52.30308],[4.583908,52.302936],[4.580137,52.297437],[4.580536,52.297287],[4.581087,52.296796],[4.584184,52.295775],[4.585118,52.295215],[4.585906,52.294618],[4.586467,52.294388],[4.589254,52.293463],[4.591241,52.293018],[4.59006,52.291033],[4.589486,52.290346],[4.589238,52.290263],[4.589284,52.290129],[4.58868,52.289514],[4.588058,52.289042],[4.58789,52.288618],[4.58647,52.286901],[4.58555,52.285861],[4.585246,52.285652],[4.584309,52.285628],[4.58319,52.285926],[4.57918,52.287202],[4.57906,52.287363],[4.578767,52.287334],[4.576481,52.288127],[4.576115,52.287289],[4.575415,52.286313],[4.573768,52.28499],[4.573308,52.284483],[4.572997,52.283888],[4.572766,52.282107],[4.571348,52.278699],[4.57136,52.278061],[4.571666,52.276527],[4.571546,52.275915],[4.571176,52.275292],[4.5707,52.274866],[4.56986,52.274366],[4.567968,52.273679],[4.567125,52.273268],[4.564912,52.271752],[4.564273,52.271415],[4.563953,52.271296],[4.563747,52.271366],[4.563528,52.271329],[4.563357,52.271022],[4.562722,52.270514],[4.561138,52.269811],[4.559139,52.269375],[4.558889,52.269418],[4.55873,52.269327],[4.558762,52.269201],[4.559027,52.269131],[4.55952,52.268613],[4.559386,52.267911],[4.55939,52.266896],[4.559122,52.266346],[4.559168,52.266256],[4.561866,52.265349],[4.562457,52.265057],[4.5653,52.261832],[4.565409,52.261482],[4.565346,52.260951],[4.565161,52.260626],[4.563305,52.258816],[4.560921,52.257046],[4.559798,52.257596],[4.558869,52.25794],[4.558648,52.257974],[4.558474,52.257919],[4.558104,52.256541],[4.558689,52.255],[4.558948,52.254462],[4.559428,52.253863],[4.561259,52.252285],[4.561477,52.251586],[4.560796,52.250394],[4.56021,52.249626],[4.559946,52.249606],[4.55986,52.249507],[4.560039,52.249364],[4.559742,52.248787],[4.55944,52.248497],[4.55736,52.246973],[4.555897,52.246855],[4.555694,52.246781],[4.552697,52.24419],[4.552641,52.244009],[4.55322,52.242836],[4.552809,52.242078]]},"properties":{"line_id":"QBUZZ:z250","line_ref":"250","line_name":"Haarlem - Hillegom - Lisse - Leiden","agency_id":"QBUZZ","variant_id":"QBUZZ:z250|1578550"}},{"type":"Feature","geometry":{"type":"LineString","coordinates":[[4.482299,52.165473],[4.482501,52.165573],[4.482897,52.165549],[4.481717,52.164623],[4.481436,52.164765],[4.480099,52.163694],[4.477998,52.164208],[4.47709,52.164309],[4.473851,52.163996],[4.470826,52.163982],[4.467813,52.164075],[4.465622,52.164004],[4.464961,52.164152],[4.463327,52.164741],[4.460542,52.165097],[4.454318,52.165668],[4.454139,52.165838],[4.454389,52.166496],[4.454423,52.166936],[4.454076,52.168174],[4.454669,52.170552],[4.458944,52.1829],[4.460586,52.186229],[4.464997,52.194272],[4.46634,52.19582],[4.467332,52.19661],[4.468328,52.197265],[4.469906,52.198059],[4.516347,52.216082],[4.518473,52.216645],[4.543607,52.221609],[4.544513,52.221679],[4.544734,52.221582],[4.544737,52.221429],[4.543707,52.220972],[4.543239,52.220933],[4.542887,52.220993],[4.54159,52.221478],[4.541555,52.221748],[4.541436,52.221846],[4.541042,52.221798],[4.540337,52.221946],[4.539276,52.222333],[4.538374,52.222812],[4.531397,52.227139],[4.530696,52.227844],[4.530618,52.228068],[4.530689,52.228204],[4.530466,52.2284],[4.530385,52.228768],[4.529991,52.229493],[4.52938,52.230055],[4.528713,52.230463],[4.528488,52.230767],[4.528496,52.231091],[4.531379,52.233413],[4.53399,52.236209],[4.537938,52.241055],[4.538905,52.242563],[4.539808,52.243576],[4.54006,52.244198],[4.540248,52.244317],[4.540554,52.244418],[4.541038,52.244376],[4.542309,52.243747],[4.545141,52.242635],[4.549312,52.241163],[4.549766,52.241185],[4.551061,52.241634],[4.552308,52.241481],[4.552701,52.24161],[4.552709,52.241943],[4.55322,52.242836],[4.552641,52.244009],[4.552697,52.24419],[4.555694,52.246781],[4.555897,52.246855],[4.55736,52.246973],[4.55944,52.248497],[4.559742,52.248787],[4.560039,52.249364],[4.56033,52.249474],[4.56021,52.249626],[4.560796,52.250394],[4.561477,52.251586],[4.561259,52.252285],[4.559428,52.253863],[4.558948,52.254462],[4.558689,52.255],[4.558104,52.256541],[4.558474,52.257919],[4.558795,52.257966],[4.559798,52.257596],[4.560849,52.256992],[4.563248,52.258761],[4.565161,52.260626],[4.565346,52.260951],[4.565409,52.261482],[4.5653,52.261832],[4.562708,52.264978],[4.562219,52.265253],[4.559846,52.266036],[4.559284,52.266302],[4.55952,52.268613],[4.559158,52.269177],[4.559229,52.269286],[4.560804,52.269647],[4.563028,52.270633],[4.563477,52.270915],[4.563959,52.270981],[4.564145,52.271207],[4.567125,52.273268],[4.570456,52.27464],[4.571353,52.275248],[4.571765,52.275916],[4.571886,52.276528],[4.571506,52.278062],[4.571506,52.278889],[4.572807,52.282242],[4.573039,52.283987],[4.573308,52.284483],[4.573768,52.28499],[4.575415,52.286313],[4.576115,52.287289],[4.576481,52.288127],[4.578826,52.287317],[4.578887,52.287173],[4.579136,52.28722],[4.58232,52.286172],[4.584309,52.285628],[4.584939,52.285614],[4.584926,52.285524],[4.585177,52.285454],[4.585307,52.285563],[4.585246,52.285652],[4.585867,52.286205],[4.58789,52.288618],[4.588178,52.288872],[4.588397,52.288937],[4.588351,52.289071],[4.588507,52.28936],[4.589284,52.290129],[4.589533,52.290158],[4.589457,52.290319],[4.590331,52.291439],[4.591241,52.293018],[4.589254,52.293463],[4.586467,52.294388],[4.585906,52.294618],[4.585118,52.295215],[4.584184,52.295775],[4.581087,52.296796],[4.580536,52.297287],[4.580137,52.297437],[4.583851,52.302873],[4.584186,52.302992],[4.584066,52.303153],[4.584576,52.304109],[4.588544,52.310149],[4.589025,52.311096],[4.58913,52.311816],[4.588595,52.313799],[4.588749,52.315067],[4.5891,52.315896],[4.591118,52.318705],[4.591457,52.320227],[4.591869,52.320993],[4.593515,52.322443],[4.59445,52.323509],[4.595233,52.324845],[4.597608,52.328168],[4.600932,52.333538],[4.601781,52.334425],[4.604778,52.338381],[4.60589,52.341094],[4.607417,52.343513],[4.611299,52.351484],[4.611484,52.351818],[4.611659,52.351882],[4.611598,52.352025],[4.611696,52.352259],[4.612469,52.353424],[4.613987,52.356418],[4.61469,52.357375],[4.617309,52.359531],[4.617494,52.359919],[4.618088,52.362898],[4.618826,52.364368],[4.618906,52.364845],[4.620981,52.367959],[4.623328,52.370625],[4.624587,52.371739],[4.625472,52.372365],[4.626367,52.372398],[4.627429,52.372135],[4.62797,52.372219],[4.62828,52.372176],[4.629318,52.371536],[4.63034,52.374499],[4.630643,52.374825],[4.630784,52.375158],[4.630754,52.375212],[4.627145,52.375854],[4.627099,52.376824],[4.626399,52.377368],[4.628346,52.381156],[4.629156,52.381916],[4.629167,52.382114],[4.629427,52.382358],[4.629741,52.382908],[4.631559,52.384834],[4.631816,52.385267],[4.63198,52.385996],[4.632345,52.386125],[4.633522,52.385988],[4.634358,52.386083],[4.639111,52.385574],[4.639978,52.387296],[4.639124,52.38739]]},"properties":{"line_id":"QBUZZ:z250","line_ref":"250","line_name":"Haarlem - Hillegom - Lisse - Leiden","agency_id":"QBUZZ","variant_id":"QBUZZ:z250|1578551"}},{"type":"Feature","geometry":{"type":"LineString","coordinates":[[4.482299,52.165473],[4.482501,52.165573],[4.482897,52.165549],[4.481717,52.164623],[4.481436,52.164765],[4.480099,52.163694],[4.477998,52.164208],[4.47709,52.164309],[4.473851,52.163996],[4.470826,52.163982],[4.467813,52.164075],[4.465622,52.164004],[4.464961,52.164152],[4.463327,52.164741],[4.460542,52.165097],[4.454318,52.165668],[4.454139,52.165838],[4.454389,52.166496],[4.454423,52.166936],[4.454076,52.168174],[4.454669,52.170552],[4.458944,52.1829],[4.459488,52.184153],[4.464417,52.193315],[4.465538,52.194978],[4.46634,52.19582],[4.467678,52.196855],[4.469906,52.198059],[4.516347,52.216082],[4.518473,52.216645],[4.543607,52.221609],[4.544601,52.221661],[4.544764,52.221537],[4.544651,52.221347],[4.543707,52.220972],[4.543239,52.220933],[4.542887,52.220993],[4.54159,52.221478],[4.541555,52.221748],[4.541436,52.221846],[4.541042,52.221798],[4.540337,52.221946],[4.539276,52.222333],[4.538374,52.222812],[4.531397,52.227139],[4.530696,52.227844],[4.530618,52.228068],[4.530689,52.228204],[4.530466,52.2284],[4.530385,52.228768],[4.529991,52.229493],[4.52938,52.230055],[4.528713,52.230463],[4.528488,52.230767],[4.528496,52.231091],[4.531379,52.233413],[4.53399,52.236209],[4.537938,52.241055],[4.538905,52.242563],[4.539808,52.243576],[4.54006,52.244198],[4.540248,52.244317],[4.540554,52.244418],[4.541038,52.244376],[4.542309,52.243747],[4.545141,52.242635],[4.549312,52.241163],[4.549766,52.241185],[4.551061,52.241634],[4.552308,52.241481],[4.552701,52.24161],[4.552709,52.241943],[4.55322,52.242836],[4.552641,52.244009],[4.552697,52.24419],[4.555694,52.246781],[4.555897,52.246855],[4.55736,52.246973],[4.55944,52.248497],[4.559742,52.248787],[4.560039,52.249364],[4.56033,52.249474],[4.56021,52.249626],[4.560796,52.250394],[4.561477,52.251586],[4.561259,52.252285],[4.559428,52.253863],[4.558948,52.254462],[4.558689,52.255],[4.558104,52.256541],[4.558474,52.257919],[4.558795,52.257966],[4.559798,52.257596],[4.560849,52.256992],[4.563248,52.258761],[4.565161,52.260626],[4.565346,52.260951],[4.565409,52.261482],[4.5653,52.261832],[4.562708,52.264978],[4.562219,52.265253],[4.559846,52.266036],[4.559284,52.266302],[4.55952,52.268613],[4.559158,52.269177],[4.559229,52.269286],[4.560804,52.269647],[4.563028,52.270633],[4.563477,52.270915],[4.563959,52.270981],[4.564145,52.271207],[4.567125,52.273268],[4.570456,52.27464],[4.571353,52.275248],[4.571765,52.275916],[4.571886,52.276528],[4.571506,52.278062],[4.571506,52.278889],[4.572807,52.282242],[4.573039,52.283987],[4.573308,52.284483],[4.573768,52.28499],[4.575415,52.286313],[4.576115,52.287289],[4.576481,52.288127],[4.578826,52.287317],[4.578887,52.287173],[4.579136,52.28722],[4.58232,52.286172],[4.584309,52.285628],[4.584939,52.285614],[4.584926,52.285524],[4.585118,52.285445],[4.585293,52.285527],[4.585246,52.285652],[4.585867,52.286205],[4.58789,52.288618],[4.588178,52.288872],[4.588397,52.288937],[4.588351,52.289071],[4.588737,52.289586]]},"properties":{"line_id":"QBUZZ:z250","line_ref":"250","line_name":"Haarlem - Hillegom - Lisse - Leiden","agency_id":"QBUZZ","variant_id":"QBUZZ:z250|1578553"}},{"type":"Feature","geometry":{"type":"LineString","coordinates":[[4.562982,52.270723],[4.562722,52.270514],[4.561138,52.269811],[4.559139,52.269375],[4.558846,52.269409],[4.558716,52.269282],[4.558836,52.269148],[4.559027,52.269131],[4.55952,52.268613],[4.559386,52.267911],[4.55939,52.266896],[4.559122,52.266346],[4.559168,52.266256],[4.561866,52.265349],[4.562457,52.265057],[4.5653,52.261832],[4.565409,52.261482],[4.565247,52.260735],[4.564672,52.260129],[4.563305,52.258816],[4.560921,52.257046],[4.559798,52.257596],[4.558795,52.257966],[4.558459,52.257892],[4.558104,52.256541],[4.558948,52.254462],[4.559726,52.253569],[4.561169,52.252392],[4.561457,52.251873],[4.561477,52.251586],[4.560796,52.250394],[4.56021,52.249626],[4.559946,52.249606],[4.55986,52.249507],[4.560039,52.249364],[4.559742,52.248787],[4.55736,52.246973],[4.555897,52.246855],[4.555694,52.246781],[4.552697,52.24419],[4.552641,52.244009],[4.55322,52.242836],[4.552709,52.241943],[4.55273,52.241646],[4.552308,52.241481],[4.551148,52.241644],[4.549766,52.241185],[4.549459,52.241138],[4.549151,52.241207],[4.545141,52.242635],[4.542309,52.243747],[4.540696,52.244643],[4.54056,52.244858],[4.540268,52.244829],[4.539806,52.243711],[4.538905,52.242563],[4.537938,52.241055],[4.53399,52.236209],[4.531379,52.233413],[4.528307,52.231018],[4.527931,52.230817],[4.528006,52.230683],[4.528285,52.230649],[4.529009,52.230304],[4.529991,52.229493],[4.530294,52.228929],[4.530306,52.228336],[4.530134,52.228119],[4.530489,52.22796],[4.531339,52.227103],[4.538908,52.222448],[4.540294,52.221909],[4.541058,52.221726],[4.54131,52.221566],[4.541514,52.221621],[4.541757,52.22192],[4.54199,52.221966],[4.544239,52.222216],[4.544416,52.222172],[4.544463,52.221993],[4.543707,52.221718],[4.517684,52.216568],[4.515836,52.216015],[4.469817,52.198148],[4.468239,52.197336],[4.467142,52.196626],[4.465691,52.195347],[4.465177,52.194741],[4.463988,52.192817],[4.459089,52.183665],[4.454618,52.170929],[4.453698,52.168764],[4.452138,52.166469],[4.450766,52.164975],[4.450186,52.164773],[4.449849,52.164824],[4.449493,52.165055],[4.449443,52.165324],[4.449599,52.165568],[4.450157,52.166166],[4.450434,52.166204],[4.452197,52.165741],[4.453782,52.165457],[4.456637,52.165237],[4.457488,52.165055],[4.458953,52.164914],[4.463036,52.164649],[4.463506,52.164536],[4.464656,52.164078],[4.465449,52.163895],[4.466283,52.163866],[4.467859,52.163977],[4.471326,52.163851],[4.474175,52.163891],[4.476421,52.164151],[4.477414,52.164186],[4.478,52.164127],[4.479218,52.163858],[4.480072,52.163586],[4.480667,52.163797],[4.481746,52.164606],[4.481317,52.164872],[4.481746,52.165325]]},"properties":{"line_id":"QBUZZ:z250","line_ref":"250","line_name":"Haarlem - Hillegom - Lisse - Leiden","agency_id":"QBUZZ","variant_id":"QBUZZ:z250|1625043"}},{"type":"Feature","geometry":{"type":"LineString","coordinates":[[4.482299,52.165473],[4.482501,52.165573],[4.482897,52.165549],[4.481717,52.164623],[4.481436,52.164765],[4.480099,52.163694],[4.477998,52.164208],[4.47709,52.164309],[4.473851,52.163996],[4.470826,52.163982],[4.467813,52.164075],[4.465622,52.164004],[4.464961,52.164152],[4.463327,52.164741],[4.460542,52.165097],[4.454318,52.165668],[4.454139,52.165838],[4.454389,52.166496],[4.454423,52.166936],[4.454076,52.168174],[4.454669,52.170552],[4.458944,52.1829],[4.460586,52.186229],[4.464417,52.193315],[4.465309,52.194706],[4.46634,52.19582],[4.467332,52.19661],[4.468328,52.197265],[4.469906,52.198059],[4.516347,52.216082],[4.518473,52.216645],[4.543607,52.221609],[4.544601,52.221661],[4.544764,52.221537],[4.544651,52.221347],[4.543707,52.220972],[4.543239,52.220933],[4.542887,52.220993],[4.54159,52.221478],[4.541555,52.221748],[4.541436,52.221846],[4.541042,52.221798],[4.540337,52.221946],[4.539276,52.222333],[4.538374,52.222812],[4.531397,52.227139],[4.530696,52.227844],[4.530618,52.228068],[4.530689,52.228204],[4.530466,52.2284],[4.530385,52.228768],[4.529991,52.229493],[4.52938,52.230055],[4.528713,52.230463],[4.528488,52.230767],[4.528496,52.231091],[4.531379,52.233413],[4.53399,52.236209],[4.537938,52.241055],[4.538905,52.242563],[4.539808,52.243576],[4.540147,52.244262],[4.540554,52.244418],[4.541038,52.244376],[4.542309,52.243747],[4.545141,52.242635],[4.549312,52.241163],[4.549766,52.241185],[4.551148,52.241644],[4.552396,52.2415],[4.55273,52.241646],[4.552709,52.241943],[4.55322,52.242836],[4.552641,52.244009],[4.552697,52.24419],[4.555694,52.246781],[4.555897,52.246855],[4.55736,52.246973],[4.559742,52.248787],[4.560039,52.249364],[4.56033,52.249474],[4.56021,52.249626],[4.561279,52.251198],[4.561477,52.251586],[4.561457,52.251873],[4.561169,52.252392],[4.559726,52.253569],[4.558948,52.254462],[4.558104,52.256541],[4.558459,52.257892],[4.558795,52.257966],[4.559518,52.257702],[4.560849,52.256992],[4.563248,52.258761],[4.564672,52.260129],[4.565247,52.260735],[4.565409,52.261482],[4.5653,52.261832],[4.562529,52.265129],[4.559846,52.266036],[4.559284,52.266302],[4.55952,52.268613],[4.559158,52.269177],[4.559229,52.269286],[4.560804,52.269647],[4.563028,52.270633],[4.563317,52.270842]]},"properties":{"line_id":"QBUZZ:z250","line_ref":"250","line_name":"Haarlem - Hillegom - Lisse - Leiden","agency_id":"QBUZZ","variant_id":"QBUZZ:z250|1625044"}},{"type":"Feature","geometry":{"type":"LineString","coordinates":[[4.553051,52.242457],[4.55322,52.242836],[4.552641,52.244009],[4.552697,52.24419],[4.555694,52.246781],[4.555897,52.246855],[4.55736,52.246973],[4.55944,52.248497],[4.559742,52.248787],[4.560039,52.249364],[4.56033,52.249474],[4.56021,52.249626],[4.560796,52.250394],[4.561477,52.251586],[4.561259,52.252285],[4.559428,52.253863],[4.558948,52.254462],[4.558689,52.255],[4.558104,52.256541],[4.558474,52.257919],[4.558795,52.257966],[4.559798,52.257596],[4.560849,52.256992],[4.563248,52.258761],[4.565161,52.260626],[4.565346,52.260951],[4.565409,52.261482],[4.5653,52.261832],[4.562708,52.264978],[4.562219,52.265253],[4.559846,52.266036],[4.559284,52.266302],[4.55952,52.268613],[4.559158,52.269177],[4.559229,52.269286],[4.560804,52.269647],[4.563028,52.270633],[4.563477,52.270915],[4.563959,52.270981],[4.564145,52.271207],[4.567125,52.273268],[4.56986,52.274366],[4.570804,52.274822],[4.571539,52.275492],[4.571765,52.275916],[4.571886,52.276528],[4.5729,52.276373],[4.573372,52.276188],[4.575615,52.274531],[4.577449,52.273627],[4.588337,52.267805],[4.592807,52.265238],[4.610242,52.255916],[4.614527,52.253751],[4.617435,52.252395],[4.618114,52.252103],[4.619306,52.251742],[4.621215,52.251449],[4.623207,52.251435],[4.625924,52.25183],[4.627841,52.251914],[4.629396,52.251798],[4.630439,52.251598],[4.631719,52.251229],[4.633742,52.25028],[4.653259,52.239869],[4.657957,52.237273],[4.658825,52.237872],[4.659378,52.238127],[4.660187,52.238788],[4.660354,52.239283],[4.66038,52.240407],[4.660576,52.240956],[4.661179,52.241652],[4.662884,52.243074],[4.67102,52.248858],[4.671786,52.249474],[4.672014,52.249835],[4.683255,52.257632],[4.684229,52.258069],[4.685531,52.258185],[4.685996,52.258403],[4.686702,52.259171],[4.688107,52.260186],[4.688044,52.260482],[4.688927,52.261099],[4.688722,52.261134],[4.688677,52.261214],[4.690165,52.262526],[4.694599,52.265626],[4.698686,52.268463],[4.699704,52.268955],[4.702619,52.270868],[4.715102,52.279568],[4.716353,52.280196],[4.716937,52.280352],[4.71761,52.280409],[4.719136,52.280292],[4.719911,52.280404],[4.720681,52.280822],[4.722102,52.281828],[4.714877,52.285787],[4.714711,52.286073],[4.713159,52.286909],[4.71301,52.287079],[4.713079,52.287367],[4.71418,52.287293],[4.715277,52.287398],[4.715905,52.287536],[4.717012,52.287983],[4.722265,52.291572],[4.723384,52.292189],[4.728549,52.295759],[4.729815,52.296414],[4.730865,52.29677],[4.734169,52.297426],[4.737544,52.298209],[4.73915,52.298649],[4.743031,52.299938],[4.751501,52.303264],[4.751921,52.303617],[4.7565,52.305367],[4.757095,52.30582],[4.757838,52.306111],[4.757939,52.306229],[4.762387,52.307942],[4.762517,52.308095],[4.762458,52.308158],[4.762149,52.308192],[4.761896,52.308443]]},"properties":{"line_id":"QBUZZ:z361","line_ref":"361","line_name":"Noordwijk - Sassenheim - Lisse - Schiphol","agency_id":"QBUZZ","variant_id":"QBUZZ:z361|1578575"}},{"type":"Feature","geometry":{"type":"LineString","coordinates":[[4.516215,52.215379],[4.516362,52.215336],[4.516667,52.215428],[4.516575,52.215652],[4.515673,52.215402],[4.515326,52.215184],[4.514886,52.215217],[4.509117,52.218383],[4.514679,52.221291],[4.518565,52.223909],[4.518769,52.223955],[4.519151,52.223886],[4.521016,52.222812],[4.521561,52.222654],[4.52203,52.222595],[4.522673,52.222645],[4.523502,52.222902],[4.527482,52.226005],[4.527926,52.22653],[4.529525,52.227827],[4.530004,52.228064],[4.530429,52.228004],[4.530647,52.228087],[4.530689,52.228204],[4.530466,52.2284],[4.530385,52.228768],[4.529991,52.229493],[4.52938,52.230055],[4.528713,52.230463],[4.528488,52.230767],[4.528496,52.231091],[4.531379,52.233413],[4.53399,52.236209],[4.537938,52.241055],[4.538905,52.242563],[4.539808,52.243576],[4.54006,52.244198],[4.540554,52.244418],[4.541038,52.244376],[4.542309,52.243747],[4.545141,52.242635],[4.549312,52.241163],[4.549766,52.241185],[4.551148,52.241644],[4.552396,52.2415],[4.55273,52.241646],[4.552709,52.241943],[4.55322,52.242836],[4.552641,52.244009],[4.552697,52.24419],[4.555694,52.246781],[4.555897,52.246855],[4.55736,52.246973],[4.559742,52.248787],[4.560039,52.249364],[4.56033,52.249474],[4.56021,52.249626],[4.561279,52.251198],[4.561477,52.251586],[4.561457,52.251873],[4.561169,52.252392],[4.559726,52.253569],[4.558948,52.254462],[4.558104,52.256541],[4.558459,52.257892],[4.558795,52.257966],[4.559518,52.257702],[4.560849,52.256992],[4.563248,52.258761],[4.564672,52.260129],[4.565247,52.260735],[4.565409,52.261482],[4.5653,52.261832],[4.562529,52.265129],[4.559846,52.266036],[4.559284,52.266302],[4.55952,52.268613],[4.559158,52.269177],[4.559229,52.269286],[4.560804,52.269647],[4.563028,52.270633],[4.563477,52.270915],[4.563959,52.270981],[4.564145,52.271207],[4.567125,52.273268],[4.56986,52.274366],[4.570804,52.274822],[4.571539,52.275492],[4.571765,52.275916],[4.571886,52.276528],[4.5729,52.276373],[4.573372,52.276188],[4.575615,52.274531],[4.577449,52.273627],[4.588337,52.267805],[4.592807,52.265238],[4.610242,52.255916],[4.614527,52.253751],[4.617435,52.252395],[4.618114,52.252103],[4.619306,52.251742],[4.621215,52.251449],[4.623207,52.251435],[4.625924,52.25183],[4.627841,52.251914],[4.629396,52.251798],[4.630439,52.251598],[4.631719,52.251229],[4.633742,52.25028],[4.653259,52.239869],[4.657957,52.237273],[4.658825,52.237872],[4.659378,52.238127],[4.660187,52.238788],[4.660354,52.239283],[4.66038,52.240407],[4.660576,52.240956],[4.661179,52.241652],[4.662884,52.243074],[4.67102,52.248858],[4.671786,52.249474],[4.672014,52.249835],[4.683255,52.257632],[4.684229,52.258069],[4.685531,52.258185],[4.685996,52.258403],[4.686702,52.259171],[4.688107,52.260186],[4.688044,52.260482],[4.688927,52.261099],[4.688722,52.261134],[4.688677,52.261214],[4.690165,52.262526],[4.694599,52.265626],[4.698686,52.268463],[4.699704,52.268955],[4.702619,52.270868],[4.715102,52.279568],[4.716353,52.280196],[4.716937,52.280352],[4.71761,52.280409],[4.719136,52.280292],[4.719911,52.280404],[4.720681,52.280822],[4.722102,52.281828],[4.714877,52.285787],[4.714711,52.286073],[4.713159,52.286909],[4.71301,52.287079],[4.713079,52.287367],[4.71418,52.287293],[4.715277,52.287398],[4.715905,52.287536],[4.717012,52.287983],[4.722265,52.291572],[4.723384,52.292189],[4.728549,52.295759],[4.729815,52.296414],[4.730865,52.29677],[4.734169,52.297426],[4.737544,52.298209],[4.73915,52.298649],[4.743031,52.299938],[4.751501,52.303264],[4.751921,52.303617],[4.7565,52.305367],[4.757095,52.30582],[4.757838,52.306111],[4.757939,52.306229],[4.762387,52.307942],[4.762517,52.308095],[4.762458,52.308158],[4.762149,52.308192],[4.761896,52.308443]]},"properties":{"line_id":"QBUZZ:z361","line_ref":"361","line_name":"Noordwijk - Sassenheim - Lisse - Schiphol","agency_id":"QBUZZ","variant_id":"QBUZZ:z361|1578576"}},{"type":"Feature","geometry":{"type":"LineString","coordinates":[[4.760521,52.309253],[4.761577,52.308216],[4.761989,52.308137],[4.761756,52.308019],[4.761656,52.307848],[4.761088,52.307549],[4.757091,52.306089],[4.75641,52.305492],[4.75189,52.303734],[4.751384,52.303227],[4.742258,52.299655],[4.73915,52.298649],[4.737544,52.298209],[4.734169,52.297426],[4.730865,52.29677],[4.729815,52.296414],[4.728549,52.295759],[4.723384,52.292189],[4.722265,52.291572],[4.717012,52.287983],[4.715905,52.287536],[4.715277,52.287398],[4.71418,52.287293],[4.713079,52.287367],[4.71301,52.287079],[4.713159,52.286909],[4.714238,52.286322],[4.713877,52.285988],[4.713998,52.285764],[4.716659,52.284233],[4.717298,52.283652],[4.717485,52.282907],[4.717429,52.282682],[4.716969,52.282113],[4.714188,52.279967],[4.702039,52.271467],[4.699953,52.269909],[4.699116,52.269095],[4.690609,52.263158],[4.689896,52.262866],[4.688532,52.262013],[4.68811,52.261876],[4.687144,52.261789],[4.686591,52.261543],[4.686016,52.260875],[4.684524,52.259788],[4.684602,52.259536],[4.68382,52.258965],[4.683999,52.258769],[4.682727,52.257656],[4.66975,52.248607],[4.669269,52.24847],[4.667254,52.247181],[4.659766,52.242138],[4.658427,52.241653],[4.655447,52.241248],[4.654851,52.240939],[4.65352,52.239996],[4.633251,52.250708],[4.632129,52.251231],[4.630363,52.251768],[4.629261,52.251968],[4.628,52.252068],[4.626331,52.25203],[4.62319,52.251605],[4.621418,52.251585],[4.619568,52.251851],[4.618317,52.252194],[4.617565,52.252503],[4.614908,52.253736],[4.610874,52.255767],[4.594046,52.264752],[4.58863,52.267834],[4.583436,52.270648],[4.57955,52.272491],[4.576916,52.273902],[4.575153,52.274942],[4.573904,52.275976],[4.573519,52.276198],[4.572943,52.276445],[4.571869,52.276654],[4.57165,52.276643],[4.571588,52.276023],[4.571176,52.275292],[4.570295,52.274585],[4.567372,52.273405],[4.564912,52.271752],[4.564099,52.271333],[4.563528,52.271329],[4.563357,52.271022],[4.562809,52.270578],[4.56217,52.270259],[4.561138,52.269811],[4.559139,52.269375],[4.558889,52.269418],[4.55873,52.269327],[4.558762,52.269201],[4.559027,52.269131],[4.55952,52.268613],[4.559386,52.267911],[4.55939,52.266896],[4.559122,52.266346],[4.559168,52.266256],[4.561866,52.265349],[4.562457,52.265057],[4.5653,52.261832],[4.565409,52.261482],[4.565346,52.260951],[4.565161,52.260626],[4.563305,52.258816],[4.560921,52.257046],[4.559798,52.257596],[4.558869,52.25794],[4.558648,52.257974],[4.558474,52.257919],[4.558104,52.256541],[4.558689,52.255],[4.558948,52.254462],[4.559428,52.253863],[4.561259,52.252285],[4.561477,52.251586],[4.560796,52.250394],[4.56021,52.249626],[4.559946,52.249606],[4.55986,52.249507],[4.560039,52.249364],[4.559742,52.248787],[4.55944,52.248497],[4.55736,52.246973],[4.555897,52.246855],[4.555694,52.246781],[4.552697,52.24419],[4.552641,52.244009],[4.55322,52.242836],[4.552809,52.242078]]},"properties":{"line_id":"QBUZZ:z361","line_ref":"361","line_name":"Noordwijk - Sassenheim - Lisse - Schiphol","agency_id":"QBUZZ","variant_id":"QBUZZ:z361|1578577"}},{"type":"Feature","geometry":{"type":"LineString","coordinates":[[4.44136,52.230165],[4.439617,52.231562],[4.438637,52.232219],[4.438113,52.232772],[4.437807,52.233408],[4.437861,52.233579],[4.437627,52.233613],[4.437294,52.234123],[4.434763,52.236754],[4.434348,52.237668],[4.433941,52.238249],[4.432856,52.238995],[4.432942,52.239742],[4.432071,52.240795],[4.43193,52.241189],[4.431179,52.241399],[4.43072,52.241647],[4.430049,52.242217],[4.429328,52.243038],[4.429339,52.243209],[4.429569,52.243417],[4.43182,52.244982],[4.432616,52.246085],[4.433984,52.247183],[4.434899,52.248206],[4.437158,52.247317],[4.438019,52.246811],[4.438898,52.246108],[4.439696,52.245063],[4.440351,52.244556],[4.440928,52.244282],[4.440975,52.244147],[4.441327,52.244114],[4.442874,52.243668],[4.443598,52.24336],[4.446075,52.241177],[4.446064,52.240988],[4.446769,52.240859],[4.454089,52.238805],[4.456192,52.237689],[4.45792,52.236939],[4.458706,52.236468],[4.458753,52.236325],[4.458973,52.236309],[4.459298,52.236158],[4.460045,52.235418],[4.460786,52.233599],[4.461227,52.232794],[4.461739,52.232115],[4.462142,52.231767],[4.46213,52.231633],[4.46244,52.231518],[4.463687,52.230638],[4.463988,52.230272],[4.464325,52.23023],[4.467928,52.228038],[4.468438,52.227403],[4.468537,52.226874],[4.468421,52.226109],[4.468544,52.225849],[4.469257,52.225333],[4.469453,52.225065],[4.469773,52.225122],[4.469827,52.225365],[4.470978,52.226335],[4.471337,52.227399],[4.471835,52.22805],[4.473886,52.229432],[4.474276,52.22966],[4.474568,52.229689],[4.474579,52.229869],[4.47494,52.230141],[4.479114,52.232897],[4.480351,52.23323],[4.481186,52.233227],[4.483356,52.233037],[4.484439,52.233063],[4.485781,52.233316],[4.486059,52.233292],[4.486129,52.23349],[4.486387,52.233717],[4.487226,52.234253],[4.487807,52.234464],[4.488405,52.23455],[4.488977,52.234518],[4.489802,52.234255],[4.491032,52.233518],[4.491552,52.233118],[4.49154,52.23301],[4.489978,52.232054],[4.48866,52.23137],[4.48782,52.230213],[4.485177,52.228413],[4.484801,52.228213],[4.484378,52.228137],[4.483669,52.227737],[4.483586,52.227493],[4.484219,52.225853],[4.484947,52.225346],[4.485056,52.225006],[4.485975,52.224428],[4.48611,52.224286],[4.486098,52.224133],[4.486628,52.223993],[4.487238,52.223521],[4.487711,52.223273],[4.488003,52.223302],[4.488756,52.223686],[4.488976,52.223678],[4.490074,52.22295],[4.490195,52.222762],[4.490298,52.221999],[4.491887,52.220869],[4.49254,52.218933],[4.491419,52.217207],[4.491352,52.216874],[4.491919,52.216321],[4.491834,52.216222],[4.491909,52.216114],[4.492216,52.216108],[4.493243,52.215262],[4.493633,52.214051],[4.493844,52.213756],[4.495023,52.212606],[4.496699,52.21145],[4.496719,52.211207],[4.49694,52.211137],[4.497158,52.21122],[4.497169,52.211372],[4.497517,52.211519],[4.497607,52.211439],[4.497517,52.211519],[4.500017,52.213093],[4.502352,52.214917],[4.502543,52.214846],[4.504139,52.213357],[4.505076,52.213319],[4.505452,52.21352],[4.506068,52.21348],[4.506479,52.213375],[4.507786,52.212414],[4.507903,52.212433],[4.509919,52.213328],[4.511796,52.213855],[4.514631,52.214802],[4.515774,52.215439],[4.515891,52.215467],[4.516362,52.215336],[4.516696,52.215455],[4.516575,52.215652],[4.515673,52.215402],[4.515326,52.215184],[4.514886,52.215217],[4.509117,52.218383],[4.514679,52.221291],[4.518565,52.223909],[4.518769,52.223955],[4.519151,52.223886],[4.521016,52.222812],[4.521561,52.222654],[4.52203,52.222595],[4.522673,52.222645],[4.523502,52.222902],[4.527482,52.226005],[4.527926,52.22653],[4.529525,52.227827],[4.530004,52.228064],[4.530429,52.228004],[4.530676,52.228114],[4.529991,52.229493],[4.52938,52.230055],[4.528713,52.230463],[4.528488,52.230767],[4.528496,52.231091],[4.531379,52.233413],[4.53399,52.236209],[4.537938,52.241055],[4.538905,52.242563],[4.539808,52.243576],[4.540147,52.244262],[4.540554,52.244418],[4.541038,52.244376],[4.542309,52.243747],[4.545141,52.242635],[4.549312,52.241163],[4.549766,52.241185],[4.551148,52.241644],[4.552396,52.2415],[4.55273,52.241646],[4.552709,52.241943],[4.55322,52.242836],[4.552641,52.244009],[4.552697,52.24419],[4.555694,52.246781],[4.555897,52.246855],[4.55736,52.246973],[4.559742,52.248787],[4.560039,52.249364],[4.56033,52.249474],[4.56021,52.249626],[4.561279,52.251198],[4.561477,52.251586],[4.561457,52.251873],[4.561169,52.252392],[4.559726,52.253569],[4.558948,52.254462],[4.558104,52.256541],[4.558459,52.257892],[4.558795,52.257966],[4.559518,52.257702],[4.560849,52.256992],[4.563248,52.258761],[4.564672,52.260129],[4.565247,52.260735],[4.565409,52.261482],[4.5653,52.261832],[4.562529,52.265129],[4.559846,52.266036],[4.559284,52.266302],[4.55952,52.268613],[4.559158,52.269177],[4.559229,52.269286],[4.560804,52.269647],[4.563028,52.270633],[4.563317,52.270842]]},"properties":{"line_id":"QBUZZ:z361","line_ref":"361","line_name":"Noordwijk - Sassenheim - Lisse - Schiphol","agency_id":"QBUZZ","variant_id":"QBUZZ:z361|1625053"}},{"type":"Feature","geometry":{"type":"LineString","coordinates":[[4.44136,52.230165],[4.439617,52.231562],[4.438637,52.232219],[4.438113,52.232772],[4.437807,52.233408],[4.437861,52.233579],[4.437627,52.233613],[4.437294,52.234123],[4.434763,52.236754],[4.434348,52.237668],[4.433941,52.238249],[4.432856,52.238995],[4.432942,52.239742],[4.432071,52.240795],[4.43193,52.241189],[4.431179,52.241399],[4.43072,52.241647],[4.430049,52.242217],[4.429328,52.243038],[4.429339,52.243209],[4.429569,52.243417],[4.43182,52.244982],[4.432616,52.246085],[4.433984,52.247183],[4.434899,52.248206],[4.437158,52.247317],[4.438019,52.246811],[4.438898,52.246108],[4.439696,52.245063],[4.440351,52.244556],[4.440928,52.244282],[4.440975,52.244147],[4.441327,52.244114],[4.442874,52.243668],[4.443598,52.24336],[4.446075,52.241177],[4.446064,52.240988],[4.446769,52.240859],[4.454089,52.238805],[4.456192,52.237689],[4.45792,52.236939],[4.458706,52.236468],[4.458753,52.236325],[4.458973,52.236309],[4.459298,52.236158],[4.460045,52.235418],[4.460786,52.233599],[4.461227,52.232794],[4.461739,52.232115],[4.462142,52.231767],[4.46213,52.231633],[4.46244,52.231518],[4.463687,52.230638],[4.463988,52.230272],[4.464325,52.23023],[4.467928,52.228038],[4.468438,52.227403],[4.468537,52.226874],[4.468421,52.226109],[4.468544,52.225849],[4.469257,52.225333],[4.469453,52.225065],[4.469773,52.225122],[4.469827,52.225365],[4.470978,52.226335],[4.471337,52.227399],[4.471835,52.22805],[4.473886,52.229432],[4.474276,52.22966],[4.474568,52.229689],[4.474579,52.229869],[4.47494,52.230141],[4.479114,52.232897],[4.480351,52.23323],[4.481186,52.233227],[4.48384,52.233023],[4.484716,52.233102],[4.485781,52.233316],[4.486001,52.233273],[4.486387,52.233717],[4.48711,52.234189],[4.487574,52.2344],[4.488186,52.234539],[4.488977,52.234518],[4.489433,52.234405],[4.490543,52.233838],[4.491329,52.233305],[4.491552,52.233118],[4.49154,52.23301],[4.489978,52.232054],[4.48866,52.23137],[4.48782,52.230213],[4.485177,52.228413],[4.484801,52.228213],[4.484378,52.228137],[4.483669,52.227737],[4.483586,52.227493],[4.484219,52.225853],[4.484947,52.225346],[4.485056,52.225006],[4.485975,52.224428],[4.48611,52.224286],[4.486098,52.224133],[4.486628,52.223993],[4.487238,52.223521],[4.487711,52.223273],[4.488003,52.223302],[4.488756,52.223686],[4.488976,52.223678],[4.490074,52.22295],[4.490195,52.222762],[4.490298,52.221999],[4.491887,52.220869],[4.49254,52.218933],[4.491419,52.217207],[4.491352,52.216874],[4.491919,52.216321],[4.491834,52.216222],[4.491909,52.216114],[4.492216,52.216108],[4.493243,52.215262],[4.493633,52.214051],[4.493844,52.213756],[4.495023,52.212606],[4.496699,52.21145],[4.496778,52.211163],[4.4971,52.211174],[4.497169,52.211372],[4.497517,52.211519],[4.497607,52.211439],[4.497517,52.211519],[4.500017,52.213093],[4.502352,52.214917],[4.502543,52.214846],[4.504139,52.213357],[4.505076,52.213319],[4.505584,52.21353],[4.506479,52.213375],[4.507786,52.212414],[4.510369,52.213485],[4.511796,52.213855],[4.514631,52.214802],[4.515774,52.215439],[4.515891,52.215467],[4.516362,52.215336],[4.516667,52.215428],[4.516575,52.215652],[4.515673,52.215402],[4.515326,52.215184],[4.514886,52.215217],[4.509117,52.218383],[4.514679,52.221291],[4.518565,52.223909],[4.518769,52.223955],[4.519151,52.223886],[4.521016,52.222812],[4.521561,52.222654],[4.52203,52.222595],[4.522673,52.222645],[4.523502,52.222902],[4.527482,52.226005],[4.527926,52.22653],[4.529525,52.227827],[4.530004,52.228064],[4.530429,52.228004],[4.530647,52.228087],[4.530689,52.228204],[4.530466,52.2284],[4.530385,52.228768],[4.529991,52.229493],[4.52938,52.230055],[4.528713,52.230463],[4.528488,52.230767],[4.528496,52.231091],[4.531379,52.233413],[4.53399,52.236209],[4.537938,52.241055],[4.538905,52.242563],[4.539808,52.243576],[4.54006,52.244198],[4.540554,52.244418],[4.541038,52.244376],[4.542309,52.243747],[4.545141,52.242635],[4.549312,52.241163],[4.549766,52.241185],[4.551148,52.241644],[4.552396,52.2415],[4.55273,52.241646],[4.552709,52.241943],[4.55322,52.242836],[4.552641,52.244009],[4.552697,52.24419],[4.555694,52.246781],[4.555897,52.246855],[4.55736,52.246973],[4.559742,52.248787],[4.560039,52.249364],[4.56033,52.249474],[4.56021,52.249626],[4.561279,52.251198],[4.561477,52.251586],[4.561457,52.251873],[4.561169,52.252392],[4.559726,52.253569],[4.558948,52.254462],[4.558104,52.256541],[4.558459,52.257892],[4.558795,52.257966],[4.559518,52.257702],[4.560849,52.256992],[4.563248,52.258761],[4.564672,52.260129],[4.565247,52.260735],[4.565409,52.261482],[4.5653,52.261832],[4.562529,52.265129],[4.559846,52.266036],[4.559284,52.266302],[4.55952,52.268613],[4.559158,52.269177],[4.559229,52.269286],[4.560804,52.269647],[4.563028,52.270633],[4.563477,52.270915],[4.563959,52.270981],[4.564145,52.271207],[4.567125,52.273268],[4.56986,52.274366],[4.570804,52.274822],[4.571539,52.275492],[4.571765,52.275916],[4.571886,52.276528],[4.5729,52.276373],[4.573372,52.276188],[4.575615,52.274531],[4.577449,52.273627],[4.588337,52.267805],[4.592807,52.265238],[4.610242,52.255916],[4.614527,52.253751],[4.617435,52.252395],[4.618114,52.252103],[4.619306,52.251742],[4.621215,52.251449],[4.623207,52.251435],[4.625924,52.25183],[4.627841,52.251914],[4.629396,52.251798],[4.630439,52.251598],[4.631719,52.251229],[4.633742,52.25028],[4.653259,52.239869],[4.657957,52.237273],[4.658825,52.237872],[4.659378,52.238127],[4.660187,52.238788],[4.660354,52.239283],[4.66038,52.240407],[4.660576,52.240956],[4.661179,52.241652],[4.662884,52.243074],[4.67102,52.248858],[4.671786,52.249474],[4.672014,52.249835],[4.683255,52.257632],[4.684229,52.258069],[4.685531,52.258185],[4.685996,52.258403],[4.686702,52.259171],[4.688107,52.260186],[4.688044,52.260482],[4.688927,52.261099],[4.688722,52.261134],[4.688677,52.261214],[4.690165,52.262526],[4.694599,52.265626],[4.698686,52.268463],[4.699704,52.268955],[4.702619,52.270868],[4.715102,52.279568],[4.716353,52.280196],[4.716937,52.280352],[4.71761,52.280409],[4.719136,52.280292],[4.719911,52.280404],[4.720681,52.280822],[4.722102,52.281828],[4.714877,52.285787],[4.714711,52.286073],[4.713159,52.286909],[4.71301,52.287079],[4.713079,52.287367],[4.71418,52.287293],[4.715277,52.287398],[4.715905,52.287536],[4.717012,52.287983],[4.722265,52.291572],[4.723384,52.292189],[4.728549,52.295759],[4.729815,52.296414],[4.730865,52.29677],[4.734169,52.297426],[4.737544,52.298209],[4.73915,52.298649],[4.743031,52.299938],[4.751501,52.303264],[4.751921,52.303617],[4.7565,52.305367],[4.757095,52.30582],[4.757838,52.306111],[4.757939,52.306229],[4.762387,52.307942],[4.762517,52.308095],[4.762458,52.308158],[4.762149,52.308192],[4.761896,52.308443]]},"properties":{"line_id":"QBUZZ:z361","line_ref":"361","line_name":"Noordwijk - Sassenheim - Lisse - Schiphol","agency_id":"QBUZZ","variant_id":"QBUZZ:z361|1625054"}},{"type":"Feature","geometry":{"type":"LineString","coordinates":[[4.760521,52.309253],[4.761577,52.308216],[4.761989,52.308137],[4.761756,52.308019],[4.761656,52.307848],[4.761088,52.307549],[4.757091,52.306089],[4.75641,52.305492],[4.75189,52.303734],[4.751384,52.303227],[4.742258,52.299655],[4.73915,52.298649],[4.737544,52.298209],[4.734169,52.297426],[4.730865,52.29677],[4.729815,52.296414],[4.728549,52.295759],[4.723384,52.292189],[4.722265,52.291572],[4.717012,52.287983],[4.715905,52.287536],[4.715277,52.287398],[4.71418,52.287293],[4.713079,52.287367],[4.71301,52.287079],[4.713159,52.286909],[4.714238,52.286322],[4.713877,52.285988],[4.713998,52.285764],[4.716659,52.284233],[4.717298,52.283652],[4.717485,52.282907],[4.717429,52.282682],[4.716969,52.282113],[4.714188,52.279967],[4.702039,52.271467],[4.699953,52.269909],[4.699116,52.269095],[4.690609,52.263158],[4.689896,52.262866],[4.688532,52.262013],[4.68811,52.261876],[4.687144,52.261789],[4.686591,52.261543],[4.686016,52.260875],[4.684524,52.259788],[4.684602,52.259536],[4.68382,52.258965],[4.683999,52.258769],[4.682727,52.257656],[4.66975,52.248607],[4.669269,52.24847],[4.667254,52.247181],[4.659766,52.242138],[4.658427,52.241653],[4.655447,52.241248],[4.654851,52.240939],[4.65352,52.239996],[4.633251,52.250708],[4.632129,52.251231],[4.630363,52.251768],[4.629261,52.251968],[4.628,52.252068],[4.626331,52.25203],[4.62319,52.251605],[4.621418,52.251585],[4.619568,52.251851],[4.618317,52.252194],[4.617565,52.252503],[4.614908,52.253736],[4.610874,52.255767],[4.594046,52.264752],[4.58863,52.267834],[4.583436,52.270648],[4.57955,52.272491],[4.576916,52.273902],[4.575153,52.274942],[4.573904,52.275976],[4.573519,52.276198],[4.572619,52.276533],[4.57165,52.276643],[4.571629,52.276167],[4.571433,52.275662],[4.57096,52.275075],[4.570295,52.274585],[4.567372,52.273405],[4.564912,52.271752],[4.564099,52.271333],[4.563528,52.271329],[4.563357,52.271022],[4.562809,52.270578],[4.56217,52.270259],[4.561138,52.269811],[4.559139,52.269375],[4.558889,52.269418],[4.55873,52.269327],[4.558762,52.269201],[4.559027,52.269131],[4.55952,52.268613],[4.559386,52.267911],[4.55939,52.266896],[4.559122,52.266346],[4.559168,52.266256],[4.561866,52.265349],[4.562457,52.265057],[4.5653,52.261832],[4.565409,52.261482],[4.565247,52.260735],[4.564672,52.260129],[4.563305,52.258816],[4.560921,52.257046],[4.559798,52.257596],[4.558795,52.257966],[4.558459,52.257892],[4.558104,52.256541],[4.558948,52.254462],[4.559726,52.253569],[4.561169,52.252392],[4.561457,52.251873],[4.561477,52.251586],[4.560796,52.250394],[4.56021,52.249626],[4.559946,52.249606],[4.55986,52.249507],[4.560039,52.249364],[4.559742,52.248787],[4.55736,52.246973],[4.555897,52.246855],[4.555694,52.246781],[4.552697,52.24419],[4.552641,52.244009],[4.55322,52.242836],[4.552709,52.241943],[4.55273,52.241646],[4.552308,52.241481],[4.551148,52.241644],[4.549766,52.241185],[4.549459,52.241138],[4.549151,52.241207],[4.545141,52.242635],[4.542309,52.243747],[4.540696,52.244643],[4.54056,52.244858],[4.540268,52.244829],[4.539806,52.243711],[4.538905,52.242563],[4.537938,52.241055],[4.53399,52.236209],[4.531379,52.233413],[4.528307,52.231018],[4.527931,52.230817],[4.528006,52.230683],[4.528285,52.230649],[4.529009,52.230304],[4.529991,52.229493],[4.530294,52.228929],[4.530292,52.228318],[4.52977,52.228035],[4.527926,52.22653],[4.527482,52.226005],[4.523502,52.222902],[4.522673,52.222645],[4.52203,52.222595],[4.521561,52.222654],[4.521016,52.222812],[4.519151,52.223886],[4.518769,52.223955],[4.518565,52.223909],[4.514679,52.221291],[4.509117,52.218383],[4.515109,52.215048],[4.515673,52.215402],[4.515978,52.215495],[4.516478,52.215372],[4.516667,52.215428],[4.516575,52.215652],[4.515774,52.215439],[4.514631,52.214802],[4.511796,52.213855],[4.510369,52.213485],[4.507786,52.212414],[4.506346,52.213482],[4.506154,52.213543],[4.505758,52.213612],[4.505218,52.213545],[4.504997,52.213606],[4.50481,52.213452],[4.504489,52.213378],[4.504049,52.213455],[4.502543,52.214846],[4.502352,52.214917],[4.500118,52.213165],[4.498819,52.212293],[4.497373,52.211437],[4.497169,52.211372],[4.496919,52.211451],[4.496744,52.211405],[4.495201,52.212463],[4.494307,52.213274],[4.493633,52.214051],[4.493243,52.215262],[4.492216,52.216108],[4.492227,52.216315],[4.491919,52.216321],[4.491801,52.216392],[4.491352,52.216874],[4.491419,52.217207],[4.49254,52.218933],[4.491887,52.220869],[4.490298,52.221999],[4.490149,52.222851],[4.488974,52.223777],[4.488711,52.223757],[4.488075,52.223366],[4.487695,52.223336],[4.486628,52.223993],[4.486475,52.224306],[4.485975,52.224428],[4.485056,52.225006],[4.484887,52.225418],[4.484159,52.225952],[4.483586,52.227493],[4.483669,52.227737],[4.484378,52.228137],[4.484801,52.228213],[4.485177,52.228413],[4.48759,52.229996],[4.488748,52.231335],[4.491237,52.232792],[4.4916,52.232938],[4.491747,52.232903],[4.491921,52.232968],[4.491889,52.233138],[4.49164,52.233154],[4.491329,52.233305],[4.489625,52.234334],[4.488977,52.234518],[4.488405,52.23455],[4.487385,52.234326],[4.48604,52.233534],[4.485806,52.233523],[4.485343,52.233232],[4.484716,52.233102],[4.483356,52.233037],[4.481186,52.233227],[4.480351,52.23323],[4.479448,52.233016],[4.478708,52.232687],[4.47494,52.230141],[4.474505,52.229904],[4.474199,52.229857],[4.474187,52.229713],[4.473886,52.229432],[4.471634,52.22786],[4.471337,52.227399],[4.471134,52.226579],[4.470792,52.226118],[4.470028,52.225555],[4.469636,52.225417],[4.469357,52.225433],[4.468838,52.225744],[4.468552,52.226128],[4.468438,52.227403],[4.467928,52.228038],[4.464677,52.230196],[4.46441,52.230392],[4.464348,52.230553],[4.46386,52.230783],[4.462658,52.231592],[4.462536,52.231815],[4.462241,52.231894],[4.46151,52.232553],[4.460786,52.233599],[4.460045,52.235418],[4.459298,52.236158],[4.45913,52.236499],[4.458379,52.236681],[4.45419,52.238896],[4.446473,52.241019],[4.446264,52.241197],[4.446075,52.241177],[4.443598,52.24336],[4.442755,52.243721],[4.441428,52.244151],[4.441248,52.244356],[4.440867,52.244398],[4.440276,52.244645],[4.439517,52.245232],[4.438898,52.246108],[4.438464,52.246509],[4.437158,52.247317],[4.434985,52.248279],[4.433984,52.247183],[4.432616,52.246085],[4.43182,52.244982],[4.429569,52.243417],[4.429339,52.243209],[4.429328,52.243038],[4.430409,52.241806],[4.431773,52.241026],[4.432866,52.239903],[4.432959,52.239643],[4.432856,52.238995],[4.434016,52.238159],[4.434763,52.236754],[4.437294,52.234123],[4.437627,52.233613],[4.437527,52.233469],[4.437705,52.233389],[4.437861,52.232932],[4.438266,52.232477],[4.439617,52.231562],[4.44166,52.229826],[4.441619,52.229672],[4.441839,52.229638],[4.442376,52.229193]]},"properties":{"line_id":"QBUZZ:z361","line_ref":"361","line_name":"Noordwijk - Sassenheim - Lisse - Schiphol","agency_id":"QBUZZ","variant_id":"QBUZZ:z361|1625055"}},{"type":"Feature","geometry":{"type":"LineString","coordinates":[[4.562982,52.270723],[4.562722,52.270514],[4.561138,52.269811],[4.559139,52.269375],[4.558846,52.269409],[4.558716,52.269282],[4.558836,52.269148],[4.559027,52.269131],[4.55952,52.268613],[4.559386,52.267911],[4.55939,52.266896],[4.559122,52.266346],[4.559168,52.266256],[4.561866,52.265349],[4.562457,52.265057],[4.5653,52.261832],[4.565409,52.261482],[4.565247,52.260735],[4.564672,52.260129],[4.563305,52.258816],[4.560921,52.257046],[4.559798,52.257596],[4.558795,52.257966],[4.558459,52.257892],[4.558104,52.256541],[4.558948,52.254462],[4.559726,52.253569],[4.561169,52.252392],[4.561457,52.251873],[4.561477,52.251586],[4.560796,52.250394],[4.56021,52.249626],[4.559946,52.249606],[4.55986,52.249507],[4.560039,52.249364],[4.559742,52.248787],[4.55736,52.246973],[4.555897,52.246855],[4.555694,52.246781],[4.552697,52.24419],[4.552641,52.244009],[4.55322,52.242836],[4.552709,52.241943],[4.55273,52.241646],[4.552308,52.241481],[4.551148,52.241644],[4.549766,52.241185],[4.549459,52.241138],[4.549151,52.241207],[4.545141,52.242635],[4.542309,52.243747],[4.540696,52.244643],[4.54056,52.244858],[4.540268,52.244829],[4.539806,52.243711],[4.538905,52.242563],[4.537938,52.241055],[4.53399,52.236209],[4.531379,52.233413],[4.528307,52.231018],[4.527931,52.230817],[4.528006,52.230683],[4.528285,52.230649],[4.529009,52.230304],[4.529991,52.229493],[4.530294,52.228929],[4.530292,52.228318],[4.52977,52.228035],[4.527926,52.22653],[4.527482,52.226005],[4.523502,52.222902],[4.522673,52.222645],[4.52203,52.222595],[4.521561,52.222654],[4.521016,52.222812],[4.519151,52.223886],[4.518769,52.223955],[4.518565,52.223909],[4.514679,52.221291],[4.509117,52.218383],[4.515109,52.215048],[4.515673,52.215402],[4.515978,52.215495],[4.516478,52.215372],[4.516667,52.215428],[4.516575,52.215652],[4.515774,52.215439],[4.514631,52.214802],[4.511796,52.213855],[4.510369,52.213485],[4.507786,52.212414],[4.506346,52.213482],[4.506154,52.213543],[4.505758,52.213612],[4.505218,52.213545],[4.504997,52.213606],[4.50481,52.213452],[4.504489,52.213378],[4.504049,52.213455],[4.502543,52.214846],[4.502352,52.214917],[4.500118,52.213165],[4.498819,52.212293],[4.497373,52.211437],[4.497169,52.211372],[4.496919,52.211451],[4.496744,52.211405],[4.495201,52.212463],[4.494307,52.213274],[4.493633,52.214051],[4.493243,52.215262],[4.492216,52.216108],[4.492227,52.216315],[4.491919,52.216321],[4.491801,52.216392],[4.491352,52.216874],[4.491419,52.217207],[4.49254,52.218933],[4.491887,52.220869],[4.490298,52.221999],[4.490149,52.222851],[4.488974,52.223777],[4.488711,52.223757],[4.488075,52.223366],[4.487695,52.223336],[4.486628,52.223993],[4.486475,52.224306],[4.485975,52.224428],[4.485056,52.225006],[4.484887,52.225418],[4.484159,52.225952],[4.483586,52.227493],[4.483669,52.227737],[4.484378,52.228137],[4.484801,52.228213],[4.485177,52.228413],[4.48759,52.229996],[4.488748,52.231335],[4.491237,52.232792],[4.4916,52.232938],[4.491747,52.232903],[4.491921,52.232968],[4.491889,52.233138],[4.49164,52.233154],[4.491329,52.233305],[4.489625,52.234334],[4.488977,52.234518],[4.488405,52.23455],[4.487385,52.234326],[4.48604,52.233534],[4.485806,52.233523],[4.485343,52.233232],[4.484716,52.233102],[4.483356,52.233037],[4.481186,52.233227],[4.480351,52.23323],[4.479448,52.233016],[4.478708,52.232687],[4.47494,52.230141],[4.474505,52.229904],[4.474199,52.229857],[4.474187,52.229713],[4.473886,52.229432],[4.471634,52.22786],[4.471337,52.227399],[4.471134,52.226579],[4.470792,52.226118],[4.470028,52.225555],[4.469636,52.225417],[4.469357,52.225433],[4.468838,52.225744],[4.468552,52.226128],[4.468438,52.227403],[4.467928,52.228038],[4.464677,52.230196],[4.46441,52.230392],[4.464348,52.230553],[4.46386,52.230783],[4.462658,52.231592],[4.462536,52.231815],[4.462241,52.231894],[4.46151,52.232553],[4.460786,52.233599],[4.460045,52.235418],[4.459298,52.236158],[4.45913,52.236499],[4.458379,52.236681],[4.45419,52.238896],[4.446473,52.241019],[4.446264,52.241197],[4.446075,52.241177],[4.443598,52.24336],[4.442755,52.243721],[4.441428,52.244151],[4.441248,52.244356],[4.440867,52.244398],[4.440276,52.244645],[4.439517,52.245232],[4.438898,52.246108],[4.438464,52.246509],[4.437158,52.247317],[4.434985,52.248279],[4.433984,52.247183],[4.432616,52.246085],[4.43182,52.244982],[4.429569,52.243417],[4.429339,52.243209],[4.429328,52.243038],[4.430409,52.241806],[4.431773,52.241026],[4.432866,52.239903],[4.432959,52.239643],[4.432856,52.238995],[4.434016,52.238159],[4.434763,52.236754],[4.437294,52.234123],[4.437627,52.233613],[4.437527,52.233469],[4.437705,52.233389],[4.437861,52.232932],[4.438266,52.232477],[4.439617,52.231562],[4.44166,52.229826],[4.441619,52.229672],[4.441839,52.229638],[4.442376,52.229193]]},"properties":{"line_id":"QBUZZ:z361","line_ref":"361","line_name":"Noordwijk - Sassenheim - Lisse - Schiphol","agency_id":"QBUZZ","variant_id":"QBUZZ:z361|1625056"}},{"type":"Feature","geometry":{"type":"LineString","coordinates":[[4.44136,52.230165],[4.439617,52.231562],[4.438637,52.232219],[4.438113,52.232772],[4.437807,52.233408],[4.437861,52.233579],[4.437627,52.233613],[4.437294,52.234123],[4.434763,52.236754],[4.434348,52.237668],[4.433941,52.238249],[4.432856,52.238995],[4.432942,52.239742],[4.432071,52.240795],[4.43193,52.241189],[4.431179,52.241399],[4.43072,52.241647],[4.430049,52.242217],[4.429328,52.243038],[4.429339,52.243209],[4.429569,52.243417],[4.43182,52.244982],[4.432616,52.246085],[4.433984,52.247183],[4.434899,52.248206],[4.437158,52.247317],[4.438019,52.246811],[4.438898,52.246108],[4.439696,52.245063],[4.440351,52.244556],[4.440928,52.244282],[4.440975,52.244147],[4.441327,52.244114],[4.442874,52.243668],[4.443598,52.24336],[4.446075,52.241177],[4.446064,52.240988],[4.446769,52.240859],[4.454089,52.238805],[4.456192,52.237689],[4.45792,52.236939],[4.458706,52.236468],[4.458753,52.236325],[4.458973,52.236309],[4.459298,52.236158],[4.460045,52.235418],[4.460786,52.233599],[4.461227,52.232794],[4.461739,52.232115],[4.462142,52.231767],[4.46213,52.231633],[4.46244,52.231518],[4.463687,52.230638],[4.463988,52.230272],[4.464325,52.23023],[4.467928,52.228038],[4.468438,52.227403],[4.468537,52.226874],[4.468421,52.226109],[4.468544,52.225849],[4.469257,52.225333],[4.469453,52.225065],[4.469773,52.225122],[4.469827,52.225365],[4.470978,52.226335],[4.471337,52.227399],[4.471835,52.22805],[4.473886,52.229432],[4.474276,52.22966],[4.474568,52.229689],[4.474579,52.229869],[4.47494,52.230141],[4.479114,52.232897],[4.480351,52.23323],[4.481186,52.233227],[4.48384,52.233023],[4.484716,52.233102],[4.485781,52.233316],[4.486001,52.233273],[4.486387,52.233717],[4.48711,52.234189],[4.487574,52.2344],[4.488186,52.234539],[4.488977,52.234518],[4.489433,52.234405],[4.490543,52.233838],[4.491329,52.233305],[4.491552,52.233118],[4.49154,52.23301],[4.489978,52.232054],[4.48866,52.23137],[4.48782,52.230213],[4.485177,52.228413],[4.484801,52.228213],[4.484378,52.228137],[4.483669,52.227737],[4.483586,52.227493],[4.484219,52.225853],[4.484947,52.225346],[4.485056,52.225006],[4.485975,52.224428],[4.48611,52.224286],[4.486098,52.224133],[4.486628,52.223993],[4.487238,52.223521],[4.487711,52.223273],[4.488003,52.223302],[4.488756,52.223686],[4.488976,52.223678],[4.490074,52.22295],[4.490195,52.222762],[4.490298,52.221999],[4.491887,52.220869],[4.49254,52.218933],[4.491419,52.217207],[4.491352,52.216874],[4.491919,52.216321],[4.491834,52.216222],[4.491909,52.216114],[4.492216,52.216108],[4.493243,52.215262],[4.493633,52.214051],[4.493844,52.213756],[4.495023,52.212606],[4.496699,52.21145],[4.496778,52.211163],[4.4971,52.211174],[4.497169,52.211372],[4.497517,52.211519],[4.497607,52.211439],[4.497517,52.211519],[4.500017,52.213093],[4.502352,52.214917],[4.502543,52.214846],[4.504139,52.213357],[4.505076,52.213319],[4.505584,52.21353],[4.506479,52.213375],[4.507786,52.212414],[4.510369,52.213485],[4.511796,52.213855],[4.514631,52.214802],[4.515774,52.215439],[4.515891,52.215467],[4.516362,52.215336],[4.516667,52.215428],[4.516575,52.215652],[4.515673,52.215402],[4.515326,52.215184],[4.514886,52.215217],[4.509117,52.218383],[4.514679,52.221291],[4.518565,52.223909],[4.518769,52.223955],[4.519151,52.223886],[4.521016,52.222812],[4.521561,52.222654],[4.52203,52.222595],[4.522673,52.222645],[4.523502,52.222902],[4.527482,52.226005],[4.527926,52.22653],[4.529525,52.227827],[4.530004,52.228064],[4.530429,52.228004],[4.530647,52.228087],[4.530689,52.228204],[4.530466,52.2284],[4.530385,52.228768],[4.529991,52.229493],[4.52938,52.230055],[4.528713,52.230463],[4.528488,52.230767],[4.528496,52.231091],[4.531379,52.233413],[4.53399,52.236209],[4.537938,52.241055],[4.538905,52.242563],[4.539808,52.243576],[4.54006,52.244198],[4.540554,52.244418],[4.541038,52.244376],[4.542309,52.243747],[4.545141,52.242635],[4.549312,52.241163],[4.549766,52.241185],[4.551148,52.241644],[4.552396,52.2415],[4.55273,52.241646],[4.552709,52.241943],[4.55322,52.242836],[4.552641,52.244009],[4.552697,52.24419],[4.555694,52.246781],[4.555897,52.246855],[4.55736,52.246973],[4.559742,52.248787],[4.560039,52.249364],[4.56033,52.249474],[4.56021,52.249626],[4.561279,52.251198],[4.561477,52.251586],[4.561457,52.251873],[4.561169,52.252392],[4.559726,52.253569],[4.558948,52.254462],[4.558104,52.256541],[4.558459,52.257892],[4.558795,52.257966],[4.559518,52.257702],[4.560849,52.256992],[4.563248,52.258761],[4.564672,52.260129],[4.565247,52.260735],[4.565409,52.261482],[4.5653,52.261832],[4.562529,52.265129],[4.559846,52.266036],[4.559284,52.266302],[4.55952,52.268613],[4.559158,52.269177],[4.559229,52.269286],[4.560804,52.269647],[4.563028,52.270633],[4.563477,52.270915],[4.563959,52.270981],[4.564145,52.271207],[4.567125,52.273268],[4.56986,52.274366],[4.570804,52.274822],[4.571539,52.275492],[4.571765,52.275916],[4.571886,52.276528],[4.5729,52.276373],[4.573372,52.276188],[4.575615,52.274531],[4.577449,52.273627],[4.588337,52.267805],[4.592807,52.265238],[4.610242,52.255916],[4.614527,52.253751],[4.617435,52.252395],[4.618114,52.252103],[4.619306,52.251742],[4.621215,52.251449],[4.623207,52.251435],[4.625924,52.25183],[4.627841,52.251914],[4.629396,52.251798],[4.630439,52.251598],[4.631719,52.251229],[4.633742,52.25028],[4.653259,52.239869],[4.657957,52.237273],[4.658825,52.237872],[4.659378,52.238127],[4.660187,52.238788],[4.660354,52.239283],[4.66038,52.240407],[4.660576,52.240956],[4.661179,52.241652],[4.662884,52.243074],[4.67102,52.248858],[4.671786,52.249474],[4.672014,52.249835],[4.683255,52.257632],[4.684229,52.258069],[4.685531,52.258185],[4.685996,52.258403],[4.686702,52.259171],[4.688107,52.260186],[4.688044,52.260482],[4.688927,52.261099],[4.688722,52.261134],[4.688677,52.261214],[4.690165,52.262526],[4.694599,52.265626],[4.698686,52.268463],[4.699704,52.268955],[4.702619,52.270868],[4.715102,52.279568],[4.716353,52.280196],[4.716937,52.280352],[4.71761,52.280409],[4.719136,52.280292],[4.719911,52.280404],[4.720681,52.280822],[4.722102,52.281828],[4.714877,52.285787],[4.714711,52.286073],[4.713159,52.286909],[4.71301,52.287079],[4.713079,52.287367],[4.71418,52.287293],[4.715277,52.287398],[4.715905,52.287536],[4.717012,52.287983],[4.722265,52.291572],[4.723384,52.292189],[4.728549,52.295759],[4.729815,52.296414],[4.730865,52.29677],[4.734169,52.297426],[4.737544,52.298209],[4.73915,52.298649],[4.743031,52.299938],[4.751501,52.303264],[4.751921,52.303617],[4.7565,52.305367],[4.757095,52.30582],[4.757838,52.306111],[4.757939,52.306229],[4.762387,52.307942],[4.762517,52.308095],[4.762458,52.308158],[4.762149,52.308192],[4.761896,52.308443]]},"properties":{"line_id":"QBUZZ:z361","line_ref":"361","line_name":"Noordwijk - Sassenheim - Lisse - Schiphol","agency_id":"QBUZZ","variant_id":"QBUZZ:z361|1655026"}},{"type":"Feature","geometry":{"type":"LineString","coordinates":[[4.44136,52.230165],[4.439617,52.231562],[4.438637,52.232219],[4.438113,52.232772],[4.437807,52.233408],[4.437861,52.233579],[4.437627,52.233613],[4.437294,52.234123],[4.434763,52.236754],[4.434348,52.237668],[4.433941,52.238249],[4.432856,52.238995],[4.432942,52.239742],[4.432071,52.240795],[4.43193,52.241189],[4.431179,52.241399],[4.43072,52.241647],[4.430049,52.242217],[4.429328,52.243038],[4.429339,52.243209],[4.429569,52.243417],[4.43182,52.244982],[4.432616,52.246085],[4.433984,52.247183],[4.434899,52.248206],[4.437158,52.247317],[4.438019,52.246811],[4.438898,52.246108],[4.439696,52.245063],[4.440351,52.244556],[4.440928,52.244282],[4.440975,52.244147],[4.441327,52.244114],[4.442874,52.243668],[4.443598,52.24336],[4.446075,52.241177],[4.446064,52.240988],[4.446769,52.240859],[4.454089,52.238805],[4.456192,52.237689],[4.45792,52.236939],[4.458706,52.236468],[4.458753,52.236325],[4.458973,52.236309],[4.459298,52.236158],[4.460045,52.235418],[4.460786,52.233599],[4.461227,52.232794],[4.461739,52.232115],[4.462142,52.231767],[4.46213,52.231633],[4.46244,52.231518],[4.463687,52.230638],[4.463988,52.230272],[4.464325,52.23023],[4.467928,52.228038],[4.468438,52.227403],[4.468537,52.226874],[4.468421,52.226109],[4.468544,52.225849],[4.469257,52.225333],[4.469453,52.225065],[4.469773,52.225122],[4.469827,52.225365],[4.470978,52.226335],[4.471337,52.227399],[4.471835,52.22805],[4.473886,52.229432],[4.474276,52.22966],[4.474568,52.229689],[4.474579,52.229869],[4.47494,52.230141],[4.479114,52.232897],[4.480351,52.23323],[4.481186,52.233227],[4.483356,52.233037],[4.484439,52.233063],[4.485781,52.233316],[4.486059,52.233292],[4.486129,52.23349],[4.486387,52.233717],[4.487226,52.234253],[4.487807,52.234464],[4.488405,52.23455],[4.488977,52.234518],[4.489802,52.234255],[4.491032,52.233518],[4.491552,52.233118],[4.49154,52.23301],[4.489978,52.232054],[4.48866,52.23137],[4.48782,52.230213],[4.485177,52.228413],[4.484801,52.228213],[4.484378,52.228137],[4.483669,52.227737],[4.483586,52.227493],[4.484219,52.225853],[4.484947,52.225346],[4.485056,52.225006],[4.485975,52.224428],[4.48611,52.224286],[4.486098,52.224133],[4.486628,52.223993],[4.487238,52.223521],[4.487711,52.223273],[4.488003,52.223302],[4.488756,52.223686],[4.488976,52.223678],[4.490074,52.22295],[4.490195,52.222762],[4.490298,52.221999],[4.491887,52.220869],[4.49254,52.218933],[4.491419,52.217207],[4.491352,52.216874],[4.491919,52.216321],[4.491834,52.216222],[4.491909,52.216114],[4.492216,52.216108],[4.493243,52.215262],[4.493633,52.214051],[4.493844,52.213756],[4.495023,52.212606],[4.496699,52.21145],[4.496719,52.211207],[4.49694,52.211137],[4.497158,52.21122],[4.497169,52.211372],[4.497517,52.211519],[4.497607,52.211439],[4.497517,52.211519],[4.500017,52.213093],[4.502352,52.214917],[4.502543,52.214846],[4.504139,52.213357],[4.505076,52.213319],[4.505452,52.21352],[4.506068,52.21348],[4.506479,52.213375],[4.507786,52.212414],[4.507903,52.212433],[4.509919,52.213328],[4.511796,52.213855],[4.514631,52.214802],[4.515774,52.215439],[4.515891,52.215467],[4.516362,52.215336],[4.516696,52.215455],[4.516575,52.215652],[4.515673,52.215402],[4.515326,52.215184],[4.514886,52.215217],[4.509117,52.218383],[4.514679,52.221291],[4.518565,52.223909],[4.518769,52.223955],[4.519151,52.223886],[4.521016,52.222812],[4.521561,52.222654],[4.52203,52.222595],[4.522673,52.222645],[4.523502,52.222902],[4.527482,52.226005],[4.527926,52.22653],[4.529525,52.227827],[4.530004,52.228064],[4.530429,52.228004],[4.530676,52.228114],[4.529991,52.229493],[4.52938,52.230055],[4.528713,52.230463],[4.528488,52.230767],[4.528496,52.231091],[4.531379,52.233413],[4.53399,52.236209],[4.537938,52.241055],[4.538905,52.242563],[4.539808,52.243576],[4.540147,52.244262],[4.540554,52.244418],[4.541038,52.244376],[4.542309,52.243747],[4.545141,52.242635],[4.549312,52.241163],[4.549766,52.241185],[4.551148,52.241644],[4.552396,52.2415],[4.55273,52.241646],[4.552709,52.241943],[4.55322,52.242836],[4.552641,52.244009],[4.552697,52.24419],[4.555694,52.246781],[4.555897,52.246855],[4.55736,52.246973],[4.559742,52.248787],[4.560039,52.249364],[4.56033,52.249474],[4.56021,52.249626],[4.561279,52.251198],[4.561477,52.251586],[4.561457,52.251873],[4.561169,52.252392],[4.559726,52.253569],[4.558948,52.254462],[4.558104,52.256541],[4.558459,52.257892],[4.558795,52.257966],[4.559518,52.257702],[4.560849,52.256992],[4.563248,52.258761],[4.564672,52.260129],[4.565247,52.260735],[4.565409,52.261482],[4.5653,52.261832],[4.562529,52.265129],[4.559846,52.266036],[4.559284,52.266302],[4.55952,52.268613],[4.559158,52.269177],[4.559229,52.269286],[4.560804,52.269647],[4.563028,52.270633],[4.563317,52.270842]]},"properties":{"line_id":"QBUZZ:z361","line_ref":"361","line_name":"Noordwijk - Sassenheim - Lisse - Schiphol","agency_id":"QBUZZ","variant_id":"QBUZZ:z361|1655027"}},{"type":"Feature","geometry":{"type":"LineString","coordinates":[[4.760521,52.309253],[4.761577,52.308216],[4.761989,52.308137],[4.761756,52.308019],[4.761656,52.307848],[4.761088,52.307549],[4.757091,52.306089],[4.75641,52.305492],[4.75189,52.303734],[4.751384,52.303227],[4.742258,52.299655],[4.73915,52.298649],[4.737544,52.298209],[4.734169,52.297426],[4.730865,52.29677],[4.729815,52.296414],[4.728549,52.295759],[4.723384,52.292189],[4.722265,52.291572],[4.717012,52.287983],[4.715905,52.287536],[4.715277,52.287398],[4.71418,52.287293],[4.713079,52.287367],[4.71301,52.287079],[4.713159,52.286909],[4.714238,52.286322],[4.713877,52.285988],[4.713998,52.285764],[4.716659,52.284233],[4.717298,52.283652],[4.717485,52.282907],[4.717429,52.282682],[4.716969,52.282113],[4.714188,52.279967],[4.702039,52.271467],[4.699953,52.269909],[4.699116,52.269095],[4.690609,52.263158],[4.689896,52.262866],[4.688532,52.262013],[4.68811,52.261876],[4.687144,52.261789],[4.686591,52.261543],[4.686016,52.260875],[4.684524,52.259788],[4.684602,52.259536],[4.68382,52.258965],[4.683999,52.258769],[4.682727,52.257656],[4.66975,52.248607],[4.669269,52.24847],[4.667254,52.247181],[4.659766,52.242138],[4.658427,52.241653],[4.655447,52.241248],[4.654851,52.240939],[4.65352,52.239996],[4.633251,52.250708],[4.632129,52.251231],[4.630363,52.251768],[4.629261,52.251968],[4.628,52.252068],[4.626331,52.25203],[4.62319,52.251605],[4.621418,52.251585],[4.619568,52.251851],[4.618317,52.252194],[4.617565,52.252503],[4.614908,52.253736],[4.610874,52.255767],[4.594046,52.264752],[4.58863,52.267834],[4.583436,52.270648],[4.57955,52.272491],[4.576916,52.273902],[4.575153,52.274942],[4.573904,52.275976],[4.573519,52.276198],[4.572619,52.276533],[4.57165,52.276643],[4.571629,52.276167],[4.571433,52.275662],[4.57096,52.275075],[4.570295,52.274585],[4.567372,52.273405],[4.564912,52.271752],[4.564099,52.271333],[4.563528,52.271329],[4.563357,52.271022],[4.562809,52.270578],[4.56217,52.270259],[4.561138,52.269811],[4.559139,52.269375],[4.558889,52.269418],[4.55873,52.269327],[4.558762,52.269201],[4.559027,52.269131],[4.55952,52.268613],[4.559386,52.267911],[4.55939,52.266896],[4.559122,52.266346],[4.559168,52.266256],[4.561866,52.265349],[4.562457,52.265057],[4.5653,52.261832],[4.565409,52.261482],[4.565247,52.260735],[4.564672,52.260129],[4.563305,52.258816],[4.560921,52.257046],[4.559798,52.257596],[4.558795,52.257966],[4.558459,52.257892],[4.558104,52.256541],[4.558948,52.254462],[4.559726,52.253569],[4.561169,52.252392],[4.561457,52.251873],[4.561477,52.251586],[4.560796,52.250394],[4.56021,52.249626],[4.559946,52.249606],[4.55986,52.249507],[4.560039,52.249364],[4.559742,52.248787],[4.55736,52.246973],[4.555897,52.246855],[4.555694,52.246781],[4.552697,52.24419],[4.552641,52.244009],[4.55322,52.242836],[4.552709,52.241943],[4.55273,52.241646],[4.552308,52.241481],[4.551148,52.241644],[4.549766,52.241185],[4.549459,52.241138],[4.549151,52.241207],[4.545141,52.242635],[4.542309,52.243747],[4.540696,52.244643],[4.54056,52.244858],[4.540268,52.244829],[4.539806,52.243711],[4.538905,52.242563],[4.537938,52.241055],[4.53399,52.236209],[4.531379,52.233413],[4.528307,52.231018],[4.527931,52.230817],[4.528006,52.230683],[4.528285,52.230649],[4.529009,52.230304],[4.529991,52.229493],[4.530294,52.228929],[4.530292,52.228318],[4.52977,52.228035],[4.527926,52.22653],[4.527482,52.226005],[4.523502,52.222902],[4.522673,52.222645],[4.52203,52.222595],[4.521561,52.222654],[4.521016,52.222812],[4.519151,52.223886],[4.518769,52.223955],[4.518565,52.223909],[4.514679,52.221291],[4.509117,52.218383],[4.515109,52.215048],[4.515673,52.215402],[4.515978,52.215495],[4.516478,52.215372],[4.516667,52.215428],[4.516575,52.215652],[4.515774,52.215439],[4.514631,52.214802],[4.511796,52.213855],[4.510369,52.213485],[4.507786,52.212414],[4.506346,52.213482],[4.506154,52.213543],[4.505758,52.213612],[4.505218,52.213545],[4.504997,52.213606],[4.50481,52.213452],[4.504489,52.213378],[4.504049,52.213455],[4.502543,52.214846],[4.502352,52.214917],[4.500118,52.213165],[4.498819,52.212293],[4.497373,52.211437],[4.497169,52.211372],[4.496919,52.211451],[4.496744,52.211405],[4.495201,52.212463],[4.494307,52.213274],[4.493633,52.214051],[4.493243,52.215262],[4.492216,52.216108],[4.492227,52.216315],[4.491919,52.216321],[4.491801,52.216392],[4.491352,52.216874],[4.491419,52.217207],[4.49254,52.218933],[4.491887,52.220869],[4.490298,52.221999],[4.490149,52.222851],[4.488974,52.223777],[4.488711,52.223757],[4.488075,52.223366],[4.487695,52.223336],[4.486628,52.223993],[4.486475,52.224306],[4.485975,52.224428],[4.485056,52.225006],[4.484887,52.225418],[4.484159,52.225952],[4.483586,52.227493],[4.483669,52.227737],[4.484378,52.228137],[4.484801,52.228213],[4.485177,52.228413],[4.48759,52.229996],[4.488748,52.231335],[4.491237,52.232792],[4.4916,52.232938],[4.491747,52.232903],[4.491921,52.232968],[4.491889,52.233138],[4.49164,52.233154],[4.491329,52.233305],[4.489625,52.234334],[4.488977,52.234518],[4.488405,52.23455],[4.487385,52.234326],[4.48604,52.233534],[4.485806,52.233523],[4.485343,52.233232],[4.484716,52.233102],[4.483356,52.233037],[4.481186,52.233227],[4.480351,52.23323],[4.479448,52.233016],[4.478708,52.232687],[4.47494,52.230141],[4.474505,52.229904],[4.474199,52.229857],[4.474187,52.229713],[4.473886,52.229432],[4.471634,52.22786],[4.471337,52.227399],[4.471134,52.226579],[4.470792,52.226118],[4.470028,52.225555],[4.469636,52.225417],[4.469357,52.225433],[4.468838,52.225744],[4.468552,52.226128],[4.468438,52.227403],[4.467928,52.228038],[4.464677,52.230196],[4.46441,52.230392],[4.464348,52.230553],[4.46386,52.230783],[4.462658,52.231592],[4.462536,52.231815],[4.462241,52.231894],[4.46151,52.232553],[4.460786,52.233599],[4.460045,52.235418],[4.459298,52.236158],[4.45913,52.236499],[4.458379,52.236681],[4.45419,52.238896],[4.446473,52.241019],[4.446264,52.241197],[4.446075,52.241177],[4.443598,52.24336],[4.442755,52.243721],[4.441428,52.244151],[4.441248,52.244356],[4.440867,52.244398],[4.440276,52.244645],[4.439517,52.245232],[4.438898,52.246108],[4.438464,52.246509],[4.437158,52.247317],[4.434985,52.248279],[4.433984,52.247183],[4.432616,52.246085],[4.43182,52.244982],[4.429569,52.243417],[4.429339,52.243209],[4.429328,52.243038],[4.430409,52.241806],[4.431773,52.241026],[4.432866,52.239903],[4.432959,52.239643],[4.432856,52.238995],[4.434016,52.238159],[4.434763,52.236754],[4.437294,52.234123],[4.437627,52.233613],[4.437527,52.233469],[4.437705,52.233389],[4.437861,52.232932],[4.438266,52.232477],[4.439617,52.231562],[4.44166,52.229826],[4.441619,52.229672],[4.441839,52.229638],[4.442376,52.229193]]},"properties":{"line_id":"QBUZZ:z361","line_ref":"361","line_name":"Noordwijk - Sassenheim - Lisse - Schiphol","agency_id":"QBUZZ","variant_id":"QBUZZ:z361|1655028"}},{"type":"Feature","geometry":{"type":"LineString","coordinates":[[4.562982,52.270723],[4.562722,52.270514],[4.561138,52.269811],[4.559139,52.269375],[4.558846,52.269409],[4.558716,52.269282],[4.558836,52.269148],[4.559027,52.269131],[4.55952,52.268613],[4.559386,52.267911],[4.55939,52.266896],[4.559122,52.266346],[4.559168,52.266256],[4.561866,52.265349],[4.562457,52.265057],[4.5653,52.261832],[4.565409,52.261482],[4.565247,52.260735],[4.564672,52.260129],[4.563305,52.258816],[4.560921,52.257046],[4.559798,52.257596],[4.558795,52.257966],[4.558459,52.257892],[4.558104,52.256541],[4.558948,52.254462],[4.559726,52.253569],[4.561169,52.252392],[4.561457,52.251873],[4.561477,52.251586],[4.560796,52.250394],[4.56021,52.249626],[4.559946,52.249606],[4.55986,52.249507],[4.560039,52.249364],[4.559742,52.248787],[4.55736,52.246973],[4.555897,52.246855],[4.555694,52.246781],[4.552697,52.24419],[4.552641,52.244009],[4.55322,52.242836],[4.552709,52.241943],[4.55273,52.241646],[4.552308,52.241481],[4.551148,52.241644],[4.549766,52.241185],[4.549459,52.241138],[4.549151,52.241207],[4.545141,52.242635],[4.542309,52.243747],[4.540696,52.244643],[4.54056,52.244858],[4.540268,52.244829],[4.539806,52.243711],[4.538905,52.242563],[4.537938,52.241055],[4.53399,52.236209],[4.531379,52.233413],[4.528307,52.231018],[4.527931,52.230817],[4.528006,52.230683],[4.528285,52.230649],[4.529009,52.230304],[4.529991,52.229493],[4.530294,52.228929],[4.530292,52.228318],[4.52977,52.228035],[4.527926,52.22653],[4.527482,52.226005],[4.523502,52.222902],[4.522673,52.222645],[4.52203,52.222595],[4.521561,52.222654],[4.521016,52.222812],[4.519151,52.223886],[4.518769,52.223955],[4.518565,52.223909],[4.514679,52.221291],[4.509117,52.218383],[4.515109,52.215048],[4.515673,52.215402],[4.515978,52.215495],[4.516478,52.215372],[4.516667,52.215428],[4.516575,52.215652],[4.515774,52.215439],[4.514631,52.214802],[4.511796,52.213855],[4.510369,52.213485],[4.507786,52.212414],[4.506346,52.213482],[4.506154,52.213543],[4.505758,52.213612],[4.505218,52.213545],[4.504997,52.213606],[4.50481,52.213452],[4.504489,52.213378],[4.504049,52.213455],[4.502543,52.214846],[4.502352,52.214917],[4.500118,52.213165],[4.498819,52.212293],[4.497373,52.211437],[4.497169,52.211372],[4.496919,52.211451],[4.496744,52.211405],[4.495201,52.212463],[4.494307,52.213274],[4.493633,52.214051],[4.493243,52.215262],[4.492216,52.216108],[4.492227,52.216315],[4.491919,52.216321],[4.491801,52.216392],[4.491352,52.216874],[4.491419,52.217207],[4.49254,52.218933],[4.491887,52.220869],[4.490298,52.221999],[4.490149,52.222851],[4.488974,52.223777],[4.488711,52.223757],[4.488075,52.223366],[4.487695,52.223336],[4.486628,52.223993],[4.486475,52.224306],[4.485975,52.224428],[4.485056,52.225006],[4.484887,52.225418],[4.484159,52.225952],[4.483586,52.227493],[4.483669,52.227737],[4.484378,52.228137],[4.484801,52.228213],[4.485177,52.228413],[4.48759,52.229996],[4.488748,52.231335],[4.491237,52.232792],[4.4916,52.232938],[4.491747,52.232903],[4.491921,52.232968],[4.491889,52.233138],[4.49164,52.233154],[4.491329,52.233305],[4.489625,52.234334],[4.488977,52.234518],[4.488405,52.23455],[4.487385,52.234326],[4.48604,52.233534],[4.485806,52.233523],[4.485343,52.233232],[4.484716,52.233102],[4.483356,52.233037],[4.481186,52.233227],[4.480351,52.23323],[4.479448,52.233016],[4.478708,52.232687],[4.47494,52.230141],[4.474505,52.229904],[4.474199,52.229857],[4.474187,52.229713],[4.473886,52.229432],[4.471634,52.22786],[4.471337,52.227399],[4.471134,52.226579],[4.470792,52.226118],[4.470028,52.225555],[4.469636,52.225417],[4.469357,52.225433],[4.468838,52.225744],[4.468552,52.226128],[4.468438,52.227403],[4.467928,52.228038],[4.464677,52.230196],[4.46441,52.230392],[4.464348,52.230553],[4.46386,52.230783],[4.462658,52.231592],[4.462536,52.231815],[4.462241,52.231894],[4.46151,52.232553],[4.460786,52.233599],[4.460045,52.235418],[4.459298,52.236158],[4.45913,52.236499],[4.458379,52.236681],[4.45419,52.238896],[4.446473,52.241019],[4.446264,52.241197],[4.446075,52.241177],[4.443598,52.24336],[4.442755,52.243721],[4.441428,52.244151],[4.441248,52.244356],[4.440867,52.244398],[4.440276,52.244645],[4.439517,52.245232],[4.438898,52.246108],[4.438464,52.246509],[4.437158,52.247317],[4.434985,52.248279],[4.433984,52.247183],[4.432616,52.246085],[4.43182,52.244982],[4.429569,52.243417],[4.429339,52.243209],[4.429328,52.243038],[4.430409,52.241806],[4.431773,52.241026],[4.432866,52.239903],[4.432959,52.239643],[4.432856,52.238995],[4.434016,52.238159],[4.434763,52.236754],[4.437294,52.234123],[4.437627,52.233613],[4.437527,52.233469],[4.437705,52.233389],[4.437861,52.232932],[4.438266,52.232477],[4.439617,52.231562],[4.44166,52.229826],[4.441619,52.229672],[4.441839,52.229638],[4.442376,52.229193]]},"properties":{"line_id":"QBUZZ:z361","line_ref":"361","line_name":"Noordwijk - Sassenheim - Lisse - Schiphol","agency_id":"QBUZZ","variant_id":"QBUZZ:z361|1655029"}},{"type":"Feature","geometry":{"type":"LineString","coordinates":[[4.760521,52.309253],[4.761577,52.308216],[4.761989,52.308137],[4.761756,52.308019],[4.761656,52.307848],[4.761088,52.307549],[4.757091,52.306089],[4.75641,52.305492],[4.75189,52.303734],[4.751384,52.303227],[4.742258,52.299655],[4.73915,52.298649],[4.737544,52.298209],[4.734169,52.297426],[4.730865,52.29677],[4.729815,52.296414],[4.728549,52.295759],[4.723384,52.292189],[4.722265,52.291572],[4.717012,52.287983],[4.715905,52.287536],[4.715277,52.287398],[4.71418,52.287293],[4.713079,52.287367],[4.71301,52.287079],[4.713159,52.286909],[4.714238,52.286322],[4.713877,52.285988],[4.713998,52.285764],[4.716659,52.284233],[4.717298,52.283652],[4.717485,52.282907],[4.717429,52.282682],[4.716969,52.282113],[4.714188,52.279967],[4.702039,52.271467],[4.699953,52.269909],[4.699116,52.269095],[4.690609,52.263158],[4.689896,52.262866],[4.688532,52.262013],[4.68811,52.261876],[4.687144,52.261789],[4.686591,52.261543],[4.686016,52.260875],[4.684524,52.259788],[4.684602,52.259536],[4.68382,52.258965],[4.683999,52.258769],[4.682727,52.257656],[4.66975,52.248607],[4.669269,52.24847],[4.667254,52.247181],[4.659766,52.242138],[4.658427,52.241653],[4.655447,52.241248],[4.654851,52.240939],[4.65352,52.239996],[4.633251,52.250708],[4.632129,52.251231],[4.630363,52.251768],[4.629261,52.251968],[4.628,52.252068],[4.626331,52.25203],[4.62319,52.251605],[4.621418,52.251585],[4.619568,52.251851],[4.618317,52.252194],[4.617565,52.252503],[4.614908,52.253736],[4.610874,52.255767],[4.594046,52.264752],[4.58863,52.267834],[4.583436,52.270648],[4.57955,52.272491],[4.576916,52.273902],[4.575153,52.274942],[4.573904,52.275976],[4.573519,52.276198],[4.572619,52.276533],[4.57165,52.276643],[4.571629,52.276167],[4.571433,52.275662],[4.57096,52.275075],[4.570295,52.274585],[4.567372,52.273405],[4.564912,52.271752],[4.564099,52.271333],[4.563528,52.271329],[4.563357,52.271022],[4.562809,52.270578],[4.56217,52.270259],[4.561138,52.269811],[4.559139,52.269375],[4.558889,52.269418],[4.55873,52.269327],[4.558762,52.269201],[4.559027,52.269131],[4.55952,52.268613],[4.559386,52.267911],[4.55939,52.266896],[4.559122,52.266346],[4.559168,52.266256],[4.561866,52.265349],[4.562457,52.265057],[4.5653,52.261832],[4.565409,52.261482],[4.565247,52.260735],[4.564672,52.260129],[4.563305,52.258816],[4.560921,52.257046],[4.559798,52.257596],[4.558795,52.257966],[4.558459,52.257892],[4.558104,52.256541],[4.558948,52.254462],[4.559726,52.253569],[4.561169,52.252392],[4.561457,52.251873],[4.561477,52.251586],[4.560796,52.250394],[4.56021,52.249626],[4.559946,52.249606],[4.55986,52.249507],[4.560039,52.249364],[4.559742,52.248787],[4.55736,52.246973],[4.555897,52.246855],[4.555694,52.246781],[4.552697,52.24419],[4.552641,52.244009],[4.55322,52.242836],[4.552709,52.241943],[4.55273,52.241646],[4.552308,52.241481],[4.551148,52.241644],[4.549766,52.241185],[4.549459,52.241138],[4.549151,52.241207],[4.545141,52.242635],[4.542309,52.243747],[4.540696,52.244643],[4.54056,52.244858],[4.540268,52.244829],[4.539806,52.243711],[4.538905,52.242563],[4.537938,52.241055],[4.53399,52.236209],[4.531379,52.233413],[4.528307,52.231018],[4.527931,52.230817],[4.528006,52.230683],[4.528285,52.230649],[4.529009,52.230304],[4.529991,52.229493],[4.530294,52.228929],[4.530292,52.228318],[4.52977,52.228035],[4.527926,52.22653],[4.527482,52.226005],[4.523502,52.222902],[4.522673,52.222645],[4.52203,52.222595],[4.521561,52.222654],[4.521016,52.222812],[4.519151,52.223886],[4.518769,52.223955],[4.518565,52.223909],[4.514679,52.221291],[4.509117,52.218383],[4.515109,52.215048],[4.515774,52.215439],[4.515978,52.215495],[4.516346,52.215407]]},"properties":{"line_id":"QBUZZ:z361","line_ref":"361","line_name":"Noordwijk - Sassenheim - Lisse - Schiphol","agency_id":"QBUZZ","variant_id":"QBUZZ:z361|1655031"}},{"type":"Feature","geometry":{"type":"LineString","coordinates":[[4.760521,52.309253],[4.761577,52.308216],[4.761989,52.308137],[4.761756,52.308019],[4.761656,52.307848],[4.761088,52.307549],[4.757091,52.306089],[4.75641,52.305492],[4.75189,52.303734],[4.751384,52.303227],[4.742258,52.299655],[4.73915,52.298649],[4.737544,52.298209],[4.734169,52.297426],[4.730865,52.29677],[4.729815,52.296414],[4.728549,52.295759],[4.723384,52.292189],[4.722265,52.291572],[4.717012,52.287983],[4.715905,52.287536],[4.715277,52.287398],[4.71418,52.287293],[4.713079,52.287367],[4.71301,52.287079],[4.713159,52.286909],[4.714238,52.286322],[4.713877,52.285988],[4.713998,52.285764],[4.716659,52.284233],[4.717298,52.283652],[4.717485,52.282907],[4.717429,52.282682],[4.716969,52.282113],[4.714188,52.279967],[4.702039,52.271467],[4.699953,52.269909],[4.699116,52.269095],[4.690609,52.263158],[4.689896,52.262866],[4.688532,52.262013],[4.68811,52.261876],[4.687144,52.261789],[4.686591,52.261543],[4.686016,52.260875],[4.684524,52.259788],[4.684602,52.259536],[4.68382,52.258965],[4.683999,52.258769],[4.682727,52.257656],[4.66975,52.248607],[4.669269,52.24847],[4.667254,52.247181],[4.659766,52.242138],[4.658427,52.241653],[4.655447,52.241248],[4.654851,52.240939],[4.653259,52.239869],[4.657957,52.237273],[4.661869,52.235266],[4.666079,52.232955],[4.668802,52.231129],[4.668037,52.230414],[4.666082,52.229153],[4.66495,52.228535],[4.6631,52.227984],[4.66008,52.227381],[4.657136,52.226617],[4.655099,52.225859],[4.652629,52.224783],[4.651901,52.224553],[4.651026,52.224377],[4.645417,52.223695],[4.644279,52.223472],[4.643942,52.223497],[4.643813,52.223325],[4.642121,52.222128],[4.641391,52.221135],[4.641388,52.22047],[4.642358,52.219298],[4.643053,52.216256],[4.643715,52.215154],[4.644432,52.213397],[4.645141,52.212161],[4.645333,52.211183],[4.645129,52.210229],[4.644688,52.209462],[4.64358,52.208368],[4.642667,52.207814],[4.641636,52.207367],[4.641313,52.207418],[4.641198,52.207319],[4.64123,52.207184],[4.636391,52.205194],[4.634311,52.20448],[4.631537,52.204166],[4.631447,52.204273],[4.631242,52.204298],[4.631097,52.204253],[4.631026,52.204117],[4.622671,52.203326],[4.622567,52.203434],[4.622377,52.203459],[4.622204,52.203287],[4.61851,52.202886],[4.617976,52.202478],[4.617647,52.201146],[4.617392,52.200695],[4.617102,52.200558],[4.617135,52.200342],[4.616795,52.199702],[4.616594,52.199467],[4.616116,52.199212],[4.615503,52.199136],[4.61534,52.199225],[4.614916,52.199213],[4.6124,52.200078],[4.612265,52.200257],[4.611987,52.200255],[4.611843,52.200137],[4.611861,52.199921],[4.611257,52.199324],[4.610793,52.199087],[4.610855,52.198935],[4.611163,52.198892],[4.61134,52.198767],[4.611417,52.198534],[4.611277,52.198183],[4.606152,52.192648],[4.604659,52.191074],[4.603349,52.189879],[4.602843,52.189552],[4.601579,52.189085],[4.600646,52.188882],[4.592694,52.187902],[4.589795,52.187263],[4.586085,52.186177],[4.585197,52.185991],[4.577378,52.184931],[4.571316,52.183766],[4.570428,52.183553],[4.569091,52.183094],[4.560769,52.179279],[4.559897,52.178985],[4.559198,52.17881],[4.55363,52.177899],[4.55216,52.177547],[4.539988,52.175635],[4.539536,52.175596],[4.539169,52.175665],[4.538618,52.175392],[4.533829,52.174333],[4.532474,52.174089],[4.531816,52.174102],[4.531484,52.173884],[4.524992,52.17239],[4.521124,52.170573],[4.520137,52.170233],[4.518754,52.169926],[4.512061,52.169086],[4.508321,52.168195],[4.506413,52.167884],[4.505318,52.167786],[4.502481,52.167882],[4.498821,52.168124],[4.494472,52.168514],[4.489786,52.169656],[4.489121,52.170037],[4.488609,52.170024],[4.487712,52.169559],[4.486404,52.168488],[4.486259,52.168415],[4.48585,52.168394],[4.484353,52.167259],[4.484299,52.167025],[4.484127,52.166889],[4.483626,52.167065],[4.482281,52.167774],[4.482195,52.167728],[4.479747,52.165876],[4.479988,52.165554],[4.481317,52.164872],[4.481746,52.165325]]},"properties":{"line_id":"QBUZZ:z365","line_ref":"365","line_name":"Leiden - Schiphol","agency_id":"QBUZZ","variant_id":"QBUZZ:z365|1578584"}},{"type":"Feature","geometry":{"type":"LineString","coordinates":[[4.482037,52.165426],[4.482356,52.165554],[4.482897,52.165549],[4.481717,52.164623],[4.479988,52.165554],[4.479896,52.165742],[4.480023,52.165968],[4.482197,52.167629],[4.482298,52.167675],[4.48407,52.166799],[4.484215,52.166845],[4.484586,52.167288],[4.48591,52.168305],[4.486247,52.168307],[4.486409,52.168228],[4.488063,52.169553],[4.488729,52.169908],[4.488933,52.169946],[4.489318,52.169679],[4.490054,52.169433],[4.494519,52.168361],[4.504708,52.167593],[4.50627,52.167703],[4.506403,52.16766],[4.506532,52.167741],[4.507219,52.167782],[4.50866,52.16809],[4.51036,52.168579],[4.512995,52.169138],[4.519558,52.169932],[4.521185,52.170465],[4.523151,52.171567],[4.524992,52.17239],[4.531252,52.173748],[4.531806,52.173824],[4.5321,52.173754],[4.532534,52.174009],[4.536653,52.174937],[4.538839,52.175313],[4.53941,52.175299],[4.539786,52.175499],[4.541737,52.175918],[4.55216,52.177547],[4.555349,52.178216],[4.559198,52.17881],[4.560769,52.179279],[4.569091,52.183094],[4.570428,52.183553],[4.571316,52.183766],[4.577378,52.184931],[4.585197,52.185991],[4.58725,52.186473],[4.590829,52.187485],[4.592694,52.187902],[4.601376,52.188958],[4.602467,52.189298],[4.603278,52.189735],[4.605436,52.191772],[4.611424,52.198175],[4.611548,52.198571],[4.611322,52.198965],[4.611347,52.199226],[4.61185,52.199741],[4.612096,52.199905],[4.612534,52.199917],[4.614638,52.199211],[4.615258,52.198883],[4.615519,52.199029],[4.615899,52.199067],[4.616466,52.199268],[4.616798,52.199495],[4.617311,52.200326],[4.61753,52.200345],[4.617703,52.200472],[4.617568,52.200669],[4.617793,52.201183],[4.617756,52.201668],[4.617877,52.202253],[4.618191,52.202713],[4.61851,52.202886],[4.622204,52.203287],[4.622469,52.203172],[4.622817,52.203345],[4.63088,52.204107],[4.631026,52.204117],[4.631262,52.203984],[4.631437,52.204012],[4.631537,52.204166],[4.634311,52.20448],[4.636391,52.205194],[4.641113,52.207148],[4.641567,52.207141],[4.641668,52.207223],[4.641636,52.207367],[4.642667,52.207814],[4.64358,52.208368],[4.64443,52.209155],[4.645129,52.210229],[4.645333,52.211183],[4.645141,52.212161],[4.644432,52.213397],[4.643715,52.215154],[4.643053,52.216256],[4.642358,52.219298],[4.641356,52.220586],[4.641322,52.220892],[4.641476,52.221297],[4.642366,52.222345],[4.643335,52.223017],[4.643829,52.223236],[4.644166,52.223247],[4.644309,52.223409],[4.644658,52.223537],[4.645417,52.223695],[4.651026,52.224377],[4.651901,52.224553],[4.652629,52.224783],[4.655099,52.225859],[4.657136,52.226617],[4.66008,52.227381],[4.6631,52.227984],[4.664178,52.228278],[4.665473,52.228799],[4.669254,52.231212],[4.668502,52.231576],[4.665248,52.233633],[4.658528,52.237268],[4.65861,52.237592],[4.659956,52.238544],[4.660287,52.238932],[4.660435,52.240632],[4.660719,52.241173],[4.661179,52.241652],[4.663868,52.243817],[4.67102,52.248858],[4.671786,52.249474],[4.672014,52.249835],[4.683255,52.257632],[4.684229,52.258069],[4.685531,52.258185],[4.685996,52.258403],[4.686702,52.259171],[4.688107,52.260186],[4.688044,52.260482],[4.688927,52.261099],[4.688722,52.261134],[4.688677,52.261214],[4.690165,52.262526],[4.698686,52.268463],[4.699704,52.268955],[4.702619,52.270868],[4.715102,52.279568],[4.716353,52.280196],[4.716937,52.280352],[4.71761,52.280409],[4.719136,52.280292],[4.719911,52.280404],[4.720681,52.280822],[4.722102,52.281828],[4.714877,52.285787],[4.714711,52.286073],[4.713159,52.286909],[4.71301,52.287079],[4.713079,52.287367],[4.71418,52.287293],[4.715277,52.287398],[4.715905,52.287536],[4.717012,52.287983],[4.722265,52.291572],[4.723384,52.292189],[4.728549,52.295759],[4.729815,52.296414],[4.730865,52.29677],[4.734169,52.297426],[4.737544,52.298209],[4.73915,52.298649],[4.743031,52.299938],[4.751501,52.303264],[4.751921,52.303617],[4.7565,52.305367],[4.757095,52.30582],[4.757838,52.306111],[4.757939,52.306229],[4.762387,52.307942],[4.762517,52.308095],[4.762458,52.308158],[4.762149,52.308192],[4.761896,52.308443]]},"properties":{"line_id":"QBUZZ:z365","line_ref":"365","line_name":"Leiden - Schiphol","agency_id":"QBUZZ","variant_id":"QBUZZ:z365|1589335"}},{"type":"Feature","geometry":{"type":"LineString","coordinates":[[4.64134,52.220712],[4.641418,52.220407],[4.642358,52.219298],[4.643053,52.216256],[4.643715,52.215154],[4.644432,52.213397],[4.645217,52.211973],[4.645333,52.211183],[4.645129,52.210229],[4.644688,52.209462],[4.64358,52.208368],[4.642667,52.207814],[4.641738,52.207403],[4.641313,52.207418],[4.641198,52.207319],[4.64123,52.207184],[4.636391,52.205194],[4.634311,52.20448],[4.631537,52.204166],[4.631447,52.204273],[4.631242,52.204298],[4.631097,52.204253],[4.631026,52.204117],[4.622671,52.203326],[4.622567,52.203434],[4.622377,52.203459],[4.622204,52.203287],[4.61851,52.202886],[4.617976,52.202478],[4.617647,52.201146],[4.617392,52.200695],[4.617102,52.200558],[4.617135,52.200342],[4.616795,52.199702],[4.616594,52.199467],[4.616116,52.199212],[4.615503,52.199136],[4.61534,52.199225],[4.614916,52.199213],[4.6124,52.200078],[4.612265,52.200257],[4.611987,52.200255],[4.611843,52.200137],[4.611861,52.199921],[4.611257,52.199324],[4.610793,52.199087],[4.610855,52.198935],[4.61128,52.198839],[4.611401,52.198624],[4.611377,52.198354],[4.611148,52.198029],[4.604659,52.191074],[4.603349,52.189879],[4.602292,52.189306],[4.600646,52.188882],[4.592694,52.187902],[4.589795,52.187263],[4.586085,52.186177],[4.585197,52.185991],[4.577378,52.184931],[4.571316,52.183766],[4.570428,52.183553],[4.569091,52.183094],[4.560769,52.179279],[4.559897,52.178985],[4.559198,52.17881],[4.55363,52.177899],[4.55216,52.177547],[4.539988,52.175635],[4.539536,52.175596],[4.539169,52.175665],[4.538618,52.175392],[4.533829,52.174333],[4.532474,52.174089],[4.531816,52.174102],[4.531484,52.173884],[4.524992,52.17239],[4.521124,52.170573],[4.520137,52.170233],[4.518754,52.169926],[4.512061,52.169086],[4.508321,52.168195],[4.506413,52.167884],[4.505318,52.167786],[4.502481,52.167882],[4.498821,52.168124],[4.494472,52.168514],[4.489786,52.169656],[4.489121,52.170037],[4.488609,52.170024],[4.487712,52.169559],[4.486404,52.168488],[4.486259,52.168415],[4.48585,52.168394],[4.484353,52.167259],[4.484299,52.167025],[4.484127,52.166889],[4.483626,52.167065],[4.482281,52.167774],[4.482195,52.167728],[4.479747,52.165876],[4.479988,52.165554],[4.481317,52.164872],[4.481746,52.165325]]},"properties":{"line_id":"QBUZZ:z365","line_ref":"365","line_name":"Leiden - Schiphol","agency_id":"QBUZZ","variant_id":"QBUZZ:z365|1625057"}},{"type":"Feature","geometry":{"type":"LineString","coordinates":[[4.482037,52.165426],[4.482356,52.165554],[4.482897,52.165549],[4.481717,52.164623],[4.479988,52.165554],[4.479896,52.165742],[4.480023,52.165968],[4.482197,52.167629],[4.482298,52.167675],[4.48407,52.166799],[4.484215,52.166845],[4.484586,52.167288],[4.48591,52.168305],[4.486247,52.168307],[4.486409,52.168228],[4.488063,52.169553],[4.488729,52.169908],[4.488933,52.169946],[4.489318,52.169679],[4.490054,52.169433],[4.494519,52.168361],[4.504708,52.167593],[4.50627,52.167703],[4.506403,52.16766],[4.506532,52.167741],[4.507219,52.167782],[4.50866,52.16809],[4.51036,52.168579],[4.512995,52.169138],[4.519558,52.169932],[4.521185,52.170465],[4.523151,52.171567],[4.524992,52.17239],[4.531252,52.173748],[4.531806,52.173824],[4.5321,52.173754],[4.532534,52.174009],[4.536653,52.174937],[4.538839,52.175313],[4.53941,52.175299],[4.539786,52.175499],[4.541737,52.175918],[4.55216,52.177547],[4.555349,52.178216],[4.559198,52.17881],[4.560769,52.179279],[4.569091,52.183094],[4.570428,52.183553],[4.571316,52.183766],[4.577378,52.184931],[4.585197,52.185991],[4.58725,52.186473],[4.590829,52.187485],[4.592694,52.187902],[4.600924,52.188883],[4.602467,52.189298],[4.603278,52.189735],[4.604057,52.190396],[4.611424,52.198175],[4.611548,52.198571],[4.611322,52.198965],[4.611347,52.199226],[4.61185,52.199741],[4.612096,52.199905],[4.612534,52.199917],[4.614638,52.199211],[4.615258,52.198883],[4.615519,52.199029],[4.615899,52.199067],[4.616466,52.199268],[4.616798,52.199495],[4.617311,52.200326],[4.61753,52.200345],[4.617703,52.200472],[4.617568,52.200669],[4.617793,52.201183],[4.617756,52.201668],[4.617877,52.202253],[4.618191,52.202713],[4.61851,52.202886],[4.622204,52.203287],[4.622469,52.203172],[4.622817,52.203345],[4.63088,52.204107],[4.631026,52.204117],[4.631262,52.203984],[4.631437,52.204012],[4.631537,52.204166],[4.634311,52.20448],[4.636391,52.205194],[4.641113,52.207148],[4.641567,52.207141],[4.641668,52.207223],[4.641636,52.207367],[4.642667,52.207814],[4.64358,52.208368],[4.644688,52.209462],[4.645129,52.210229],[4.645333,52.211183],[4.645217,52.211973],[4.644432,52.213397],[4.643715,52.215154],[4.643053,52.216256],[4.642358,52.219298],[4.641418,52.220407],[4.641322,52.220892]]},"properties":{"line_id":"QBUZZ:z365","line_ref":"365","line_name":"Leiden - Schiphol","agency_id":"QBUZZ","variant_id":"QBUZZ:z365|1625058"}},{"type":"Feature","geometry":{"type":"LineString","coordinates":[[4.482037,52.165426],[4.482356,52.165554],[4.482897,52.165549],[4.481717,52.164623],[4.479988,52.165554],[4.479896,52.165742],[4.480023,52.165968],[4.482197,52.167629],[4.482298,52.167675],[4.48407,52.166799],[4.484215,52.166845],[4.484586,52.167288],[4.48591,52.168305],[4.486247,52.168307],[4.486409,52.168228],[4.488063,52.169553],[4.488729,52.169908],[4.488933,52.169946],[4.489318,52.169679],[4.490054,52.169433],[4.494519,52.168361],[4.504708,52.167593],[4.50627,52.167703],[4.506403,52.16766],[4.506532,52.167741],[4.507219,52.167782],[4.50866,52.16809],[4.51036,52.168579],[4.512995,52.169138],[4.519558,52.169932],[4.521185,52.170465],[4.523151,52.171567],[4.524992,52.17239],[4.531252,52.173748],[4.531806,52.173824],[4.5321,52.173754],[4.532534,52.174009],[4.536653,52.174937],[4.538839,52.175313],[4.53941,52.175299],[4.539786,52.175499],[4.541737,52.175918],[4.55216,52.177547],[4.555349,52.178216],[4.559198,52.17881],[4.560769,52.179279],[4.569091,52.183094],[4.570428,52.183553],[4.571316,52.183766],[4.577378,52.184931],[4.585197,52.185991],[4.58725,52.186473],[4.590829,52.187485],[4.592694,52.187902],[4.601376,52.188958],[4.602467,52.189298],[4.603278,52.189735],[4.605436,52.191772],[4.611424,52.198175],[4.611548,52.198571],[4.611322,52.198965],[4.611347,52.199226],[4.61185,52.199741],[4.612096,52.199905],[4.612534,52.199917],[4.614638,52.199211],[4.615258,52.198883],[4.615519,52.199029],[4.615899,52.199067],[4.616466,52.199268],[4.616798,52.199495],[4.617311,52.200326],[4.61753,52.200345],[4.617703,52.200472],[4.617568,52.200669],[4.617793,52.201183],[4.617756,52.201668],[4.617877,52.202253],[4.618191,52.202713],[4.61851,52.202886],[4.622204,52.203287],[4.622469,52.203172],[4.622817,52.203345],[4.63088,52.204107],[4.631026,52.204117],[4.631262,52.203984],[4.631437,52.204012],[4.631537,52.204166],[4.634311,52.20448],[4.636391,52.205194],[4.641113,52.207148],[4.641567,52.207141],[4.641668,52.207223],[4.641636,52.207367],[4.642667,52.207814],[4.64358,52.208368],[4.64443,52.209155],[4.645129,52.210229],[4.645333,52.211183],[4.645141,52.212161],[4.644432,52.213397],[4.643715,52.215154],[4.643053,52.216256],[4.642358,52.219298],[4.641356,52.220586],[4.641322,52.220892],[4.641476,52.221297],[4.642366,52.222345],[4.643335,52.223017],[4.643829,52.223236],[4.644166,52.223247],[4.644309,52.223409],[4.644658,52.223537],[4.645417,52.223695],[4.651026,52.224377],[4.651901,52.224553],[4.652629,52.224783],[4.655099,52.225859],[4.657136,52.226617],[4.66008,52.227381],[4.6631,52.227984],[4.664178,52.228278],[4.665473,52.228799],[4.669153,52.231158],[4.665248,52.233633],[4.658528,52.237268],[4.65861,52.237592],[4.659956,52.238544],[4.660287,52.238932],[4.660435,52.240632],[4.660719,52.241173],[4.661179,52.241652],[4.663868,52.243817],[4.67102,52.248858],[4.671786,52.249474],[4.672014,52.249835],[4.683255,52.257632],[4.684229,52.258069],[4.685531,52.258185],[4.685996,52.258403],[4.686702,52.259171],[4.688107,52.260186],[4.688044,52.260482],[4.688927,52.261099],[4.688722,52.261134],[4.688677,52.261214],[4.690165,52.262526],[4.698686,52.268463],[4.699704,52.268955],[4.702619,52.270868],[4.715102,52.279568],[4.716353,52.280196],[4.716937,52.280352],[4.71761,52.280409],[4.719136,52.280292],[4.719911,52.280404],[4.720681,52.280822],[4.722102,52.281828],[4.714877,52.285787],[4.714711,52.286073],[4.713159,52.286909],[4.71301,52.287079],[4.713079,52.287367],[4.71418,52.287293],[4.715277,52.287398],[4.715905,52.287536],[4.717012,52.287983],[4.722265,52.291572],[4.723384,52.292189],[4.728549,52.295759],[4.729815,52.296414],[4.730865,52.29677],[4.734169,52.297426],[4.737544,52.298209],[4.73915,52.298649],[4.743031,52.299938],[4.751501,52.303264],[4.751921,52.303617],[4.7565,52.305367],[4.757095,52.30582],[4.757838,52.306111],[4.757939,52.306229],[4.762387,52.307942],[4.762517,52.308095],[4.762458,52.308158],[4.762149,52.308192],[4.761896,52.308443]]},"properties":{"line_id":"QBUZZ:z365","line_ref":"365","line_name":"Leiden - Schiphol","agency_id":"QBUZZ","variant_id":"QBUZZ:z365|1655033"}},{"type":"Feature","geometry":{"type":"LineString","coordinates":[[4.67495,52.224695],[4.674888,52.224892],[4.675004,52.22501],[4.67563,52.225175],[4.676537,52.225199],[4.676283,52.225539],[4.674914,52.226977],[4.673311,52.22837],[4.669019,52.231247],[4.668037,52.230414],[4.666082,52.229153],[4.66495,52.228535],[4.664178,52.228278],[4.6631,52.227984],[4.66008,52.227381],[4.657136,52.226617],[4.655099,52.225859],[4.652629,52.224783],[4.651901,52.224553],[4.651026,52.224377],[4.645417,52.223695],[4.644279,52.223472],[4.643898,52.223479],[4.643813,52.223325],[4.642121,52.222128],[4.64159,52.221487],[4.641323,52.220847],[4.641418,52.220407],[4.642358,52.219298],[4.643053,52.216256],[4.643715,52.215154],[4.644432,52.213397],[4.645217,52.211973],[4.645333,52.211183],[4.645129,52.210229],[4.644688,52.209462],[4.64358,52.208368],[4.642667,52.207814],[4.641738,52.207403],[4.641313,52.207418],[4.641198,52.207319],[4.64123,52.207184],[4.636391,52.205194],[4.634311,52.20448],[4.631537,52.204166],[4.631447,52.204273],[4.631242,52.204298],[4.631097,52.204253],[4.631026,52.204117],[4.622671,52.203326],[4.622567,52.203434],[4.622377,52.203459],[4.622204,52.203287],[4.61851,52.202886],[4.617976,52.202478],[4.617647,52.201146],[4.617392,52.200695],[4.617102,52.200558],[4.617135,52.200342],[4.616795,52.199702],[4.616594,52.199467],[4.616116,52.199212],[4.615503,52.199136],[4.61534,52.199225],[4.614916,52.199213],[4.6124,52.200078],[4.612265,52.200257],[4.611987,52.200255],[4.611843,52.200137],[4.611861,52.199921],[4.611257,52.199324],[4.610793,52.199087],[4.610855,52.198935],[4.611163,52.198892],[4.61134,52.198767],[4.611417,52.198534],[4.611277,52.198183],[4.606152,52.192648],[4.604659,52.191074],[4.603349,52.189879],[4.602843,52.189552],[4.601579,52.189085],[4.600646,52.188882],[4.592694,52.187902],[4.589795,52.187263],[4.586085,52.186177],[4.585197,52.185991],[4.577378,52.184931],[4.571316,52.183766],[4.570428,52.183553],[4.569091,52.183094],[4.560769,52.179279],[4.559897,52.178985],[4.559198,52.17881],[4.55363,52.177899],[4.55216,52.177547],[4.539988,52.175635],[4.539536,52.175596],[4.539169,52.175665],[4.538618,52.175392],[4.533829,52.174333],[4.532474,52.174089],[4.531816,52.174102],[4.531484,52.173884],[4.524992,52.17239],[4.521124,52.170573],[4.520137,52.170233],[4.518754,52.169926],[4.512061,52.169086],[4.508321,52.168195],[4.506413,52.167884],[4.505318,52.167786],[4.502481,52.167882],[4.498821,52.168124],[4.494472,52.168514],[4.489786,52.169656],[4.489121,52.170037],[4.488609,52.170024],[4.487712,52.169559],[4.486404,52.168488],[4.486259,52.168415],[4.48585,52.168394],[4.484353,52.167259],[4.484299,52.167025],[4.484127,52.166889],[4.483626,52.167065],[4.482281,52.167774],[4.482195,52.167728],[4.479747,52.165876],[4.479988,52.165554],[4.481317,52.164872],[4.481746,52.165325]]},"properties":{"line_id":"QBUZZ:z366","line_ref":"366","line_name":"Leiden - Leimuiden","agency_id":"QBUZZ","variant_id":"QBUZZ:z366|1578586"}},{"type":"Feature","geometry":{"type":"LineString","coordinates":[[4.482037,52.165426],[4.482356,52.165554],[4.482897,52.165549],[4.481717,52.164623],[4.479988,52.165554],[4.479896,52.165742],[4.480023,52.165968],[4.482197,52.167629],[4.482298,52.167675],[4.48407,52.166799],[4.484215,52.166845],[4.484586,52.167288],[4.48591,52.168305],[4.486247,52.168307],[4.486409,52.168228],[4.488063,52.169553],[4.488729,52.169908],[4.488933,52.169946],[4.489318,52.169679],[4.490054,52.169433],[4.494519,52.168361],[4.504708,52.167593],[4.50627,52.167703],[4.506403,52.16766],[4.506532,52.167741],[4.507219,52.167782],[4.50866,52.16809],[4.51036,52.168579],[4.512995,52.169138],[4.519558,52.169932],[4.521185,52.170465],[4.523151,52.171567],[4.524992,52.17239],[4.531252,52.173748],[4.531806,52.173824],[4.5321,52.173754],[4.532534,52.174009],[4.536653,52.174937],[4.538839,52.175313],[4.53941,52.175299],[4.539786,52.175499],[4.541737,52.175918],[4.55216,52.177547],[4.555349,52.178216],[4.559198,52.17881],[4.560769,52.179279],[4.569091,52.183094],[4.570428,52.183553],[4.571316,52.183766],[4.577378,52.184931],[4.585197,52.185991],[4.58725,52.186473],[4.590829,52.187485],[4.592694,52.187902],[4.600924,52.188883],[4.601929,52.189115],[4.602467,52.189298],[4.603278,52.189735],[4.605436,52.191772],[4.611424,52.198175],[4.611548,52.198571],[4.611322,52.198965],[4.611347,52.199226],[4.612096,52.199905],[4.612344,52.199951],[4.612696,52.199873],[4.614638,52.199211],[4.6152,52.198892],[4.615361,52.198893],[4.615519,52.199029],[4.616219,52.199159],[4.616697,52.199414],[4.617311,52.200326],[4.61753,52.200345],[4.617689,52.200454],[4.617568,52.200669],[4.617793,52.201183],[4.617756,52.201668],[4.617877,52.202253],[4.618191,52.202713],[4.61851,52.202886],[4.622204,52.203287],[4.622469,52.203172],[4.622817,52.203345],[4.63088,52.204107],[4.631026,52.204117],[4.631262,52.203984],[4.631437,52.204012],[4.631537,52.204166],[4.633669,52.204377],[4.634646,52.204554],[4.636391,52.205194],[4.641113,52.207148],[4.641567,52.207141],[4.641668,52.207223],[4.641636,52.207367],[4.642667,52.207814],[4.643955,52.208675],[4.644688,52.209462],[4.645129,52.210229],[4.645333,52.211183],[4.645217,52.211973],[4.644432,52.213397],[4.643715,52.215154],[4.643053,52.216256],[4.642358,52.219298],[4.641418,52.220407],[4.641323,52.220847],[4.64159,52.221487],[4.642121,52.222128],[4.643335,52.223017],[4.643829,52.223236],[4.644166,52.223247],[4.644309,52.223409],[4.64514,52.223648],[4.651026,52.224377],[4.651901,52.224553],[4.652629,52.224783],[4.655099,52.225859],[4.657136,52.226617],[4.66008,52.227381],[4.6631,52.227984],[4.664178,52.228278],[4.665473,52.228799],[4.668964,52.231022],[4.673447,52.228083],[4.674485,52.227208],[4.676287,52.225278],[4.675441,52.225138],[4.674917,52.224955],[4.674448,52.224979],[4.673926,52.225596],[4.672769,52.225652],[4.670999,52.226495],[4.669531,52.226756],[4.668829,52.226689],[4.666227,52.225594],[4.663988,52.225599],[4.662428,52.225239],[4.662241,52.225022],[4.663264,52.223311],[4.663508,52.221812],[4.663768,52.221112],[4.671172,52.222065],[4.672006,52.222115],[4.672929,52.222022],[4.675149,52.222296],[4.675394,52.222585],[4.674916,52.224056],[4.67495,52.224695]]},"properties":{"line_id":"QBUZZ:z366","line_ref":"366","line_name":"Leiden - Leimuiden","agency_id":"QBUZZ","variant_id":"QBUZZ:z366|1589337"}},{"type":"Feature","geometry":{"type":"LineString","coordinates":[[4.324431,52.080391],[4.324458,52.080472],[4.325049,52.080756],[4.326252,52.079868],[4.326428,52.079816],[4.330149,52.081027],[4.330401,52.081488],[4.328819,52.082363],[4.326823,52.084116],[4.325723,52.084942],[4.322648,52.086622],[4.322083,52.087085],[4.321227,52.088101],[4.32658,52.090658],[4.332319,52.092938],[4.335569,52.094379],[4.340903,52.096565],[4.341796,52.09705],[4.347448,52.09941],[4.357413,52.104657],[4.359917,52.106198],[4.360835,52.106889],[4.369857,52.112657],[4.370577,52.113103],[4.371675,52.113616],[4.376251,52.116568],[4.376857,52.11687],[4.376956,52.117032],[4.377891,52.117643],[4.378047,52.117833],[4.381586,52.120182],[4.383709,52.121881],[4.3842,52.122128],[4.385204,52.122936],[4.388258,52.124832],[4.391934,52.127622],[4.402875,52.135498],[4.404229,52.136355],[4.406929,52.137761],[4.406425,52.138099],[4.40351,52.139162],[4.400447,52.140898],[4.399576,52.141304],[4.399773,52.141666],[4.401035,52.142719],[4.401267,52.142793],[4.401249,52.142954],[4.400897,52.143023],[4.399437,52.143649],[4.394204,52.147048],[4.390673,52.148789],[4.386627,52.152008],[4.385056,52.153631],[4.384958,52.154107],[4.385216,52.154315],[4.386089,52.154476],[4.387366,52.154882],[4.388073,52.155275],[4.388501,52.155737],[4.38987,52.157923],[4.391286,52.159293],[4.39261,52.160212],[4.393578,52.160741],[4.393884,52.160762],[4.393938,52.16096],[4.394975,52.161652],[4.398657,52.163714],[4.399547,52.164423],[4.402509,52.167288],[4.402922,52.167821],[4.403059,52.168236],[4.402984,52.168981],[4.4025,52.169723],[4.400759,52.171093],[4.40034,52.171521],[4.400165,52.172185],[4.400416,52.172735],[4.402461,52.174793],[4.404154,52.176236],[4.406344,52.179023],[4.406947,52.179549],[4.409149,52.181122],[4.410826,52.182664],[4.413394,52.184294],[4.415684,52.185877],[4.416308,52.186107],[4.416611,52.186307],[4.416946,52.186373],[4.417028,52.186616],[4.417417,52.186889],[4.418247,52.187049],[4.418206,52.187606],[4.418398,52.188174],[4.418711,52.188599],[4.419904,52.189561],[4.420317,52.19005],[4.420509,52.190663],[4.420436,52.191309],[4.419357,52.195219],[4.419571,52.196812],[4.419836,52.197416],[4.42025,52.197869],[4.415857,52.199442],[4.41532,52.199914],[4.415415,52.200229],[4.41712,52.201906],[4.417309,52.201953],[4.417348,52.202187],[4.418957,52.204187],[4.421656,52.207256],[4.423076,52.208562],[4.423358,52.209058],[4.425121,52.210745],[4.425612,52.211036],[4.424513,52.211809],[4.423275,52.212896],[4.422539,52.213744],[4.422393,52.214434],[4.422644,52.214976],[4.423118,52.215393],[4.423668,52.215667],[4.426051,52.21646],[4.426753,52.216501],[4.426887,52.216395],[4.427091,52.216405],[4.427202,52.216703],[4.427606,52.216976],[4.429712,52.21773],[4.431966,52.218395],[4.432302,52.218389],[4.432568,52.218301],[4.432996,52.218808],[4.438707,52.221353],[4.439478,52.221602],[4.440209,52.221635],[4.440532,52.221583],[4.441679,52.222725],[4.442177,52.223394],[4.44423,52.227356],[4.444516,52.227655],[4.444778,52.227729],[4.444716,52.2279],[4.444334,52.227959],[4.442878,52.228954],[4.441926,52.229684],[4.441909,52.229819],[4.441718,52.229853],[4.439617,52.231562],[4.438637,52.232219],[4.438068,52.232826],[4.437807,52.233408],[4.437861,52.233579],[4.439991,52.234612],[4.442886,52.236172],[4.443825,52.236782],[4.444666,52.237876],[4.445748,52.240698],[4.445963,52.240934],[4.446298,52.240972],[4.446398,52.241117],[4.446264,52.241197],[4.446075,52.241177],[4.445732,52.241435],[4.443598,52.24336],[4.442755,52.243721],[4.441428,52.244151],[4.441248,52.244356],[4.440867,52.244398],[4.440276,52.244645],[4.439517,52.245232],[4.438898,52.246108],[4.438464,52.246509],[4.437158,52.247317],[4.434985,52.248279],[4.433984,52.247183],[4.432616,52.246085],[4.43182,52.244982],[4.429339,52.243209],[4.429404,52.242913],[4.430409,52.241806],[4.431773,52.241026],[4.432102,52.240696]]},"properties":{"line_id":"QBUZZ:z385","line_ref":"385","line_name":"Noordwijk - Katwijk - Den Haag","agency_id":"QBUZZ","variant_id":"QBUZZ:z385|1625063"}},{"type":"Feature","geometry":{"type":"LineString","coordinates":[[4.43072,52.241656],[4.429404,52.242913],[4.429339,52.243209],[4.43182,52.244982],[4.432616,52.246085],[4.433984,52.247183],[4.434899,52.248206],[4.437158,52.247317],[4.438019,52.246811],[4.438898,52.246108],[4.439696,52.245063],[4.440351,52.244556],[4.440928,52.244282],[4.440975,52.244147],[4.441327,52.244114],[4.442874,52.243668],[4.443598,52.24336],[4.446075,52.241177],[4.446064,52.240988],[4.445706,52.240599],[4.44496,52.23849],[4.444297,52.237325],[4.443937,52.237034],[4.443588,52.236924],[4.443549,52.236672],[4.442886,52.236172],[4.439586,52.234411],[4.437934,52.233607],[4.437627,52.233613],[4.437511,52.233531],[4.437705,52.233389],[4.437861,52.232932],[4.438266,52.232477],[4.439617,52.231562],[4.44166,52.229826],[4.441619,52.229672],[4.441839,52.229638],[4.442287,52.229246],[4.444366,52.227843],[4.444413,52.227681],[4.44317,52.225559],[4.442768,52.224495],[4.442177,52.223394],[4.440962,52.221991],[4.440556,52.221817],[4.440278,52.221824],[4.440178,52.221724],[4.439201,52.221528],[4.438359,52.221215],[4.432996,52.218808],[4.432577,52.218553],[4.430264,52.217914],[4.427402,52.216911],[4.426766,52.216564],[4.426051,52.21646],[4.42332,52.215557],[4.422827,52.215319],[4.422483,52.214992],[4.422246,52.214451],[4.422435,52.213824],[4.423275,52.212896],[4.42517,52.211203],[4.425247,52.210988],[4.424879,52.210446],[4.422826,52.208631],[4.42263,52.208216],[4.422287,52.207836],[4.420665,52.206367],[4.417259,52.202222],[4.416955,52.202085],[4.416987,52.201941],[4.416674,52.201543],[4.414997,52.199974],[4.41475,52.199882],[4.4149,52.199713],[4.415945,52.199416],[4.418939,52.19829],[4.41906,52.198102],[4.418977,52.197877],[4.419107,52.197312],[4.419113,52.195676],[4.420179,52.191703],[4.420128,52.19066],[4.419727,52.189623],[4.418621,52.188706],[4.418208,52.188199],[4.417972,52.187622],[4.418027,52.187083],[4.417356,52.187005],[4.416794,52.186641],[4.416517,52.186576],[4.416462,52.186405],[4.413394,52.184294],[4.410826,52.182664],[4.409149,52.181122],[4.406947,52.179549],[4.406344,52.179023],[4.404154,52.176236],[4.402461,52.174793],[4.400416,52.172735],[4.400165,52.172185],[4.40034,52.171521],[4.400759,52.171093],[4.4025,52.169723],[4.402984,52.168981],[4.403059,52.168236],[4.402922,52.167821],[4.402509,52.167288],[4.399547,52.164423],[4.398657,52.163714],[4.39398,52.161077],[4.393572,52.16102],[4.393457,52.160929],[4.393489,52.160794],[4.391286,52.159293],[4.390526,52.158639],[4.389727,52.157778],[4.388399,52.155745],[4.387999,52.15531],[4.387089,52.154862],[4.385651,52.154445],[4.385185,52.154396],[4.384862,52.154474],[4.384704,52.154329],[4.384868,52.154178],[4.385056,52.153631],[4.386627,52.152008],[4.390495,52.148913],[4.393746,52.14726],[4.397436,52.144954],[4.397941,52.144545],[4.399437,52.143649],[4.400898,52.142969],[4.400946,52.142781],[4.40079,52.142573],[4.399585,52.141574],[4.399208,52.141436],[4.399227,52.141239],[4.399505,52.14125],[4.400242,52.140941],[4.403348,52.139197],[4.406088,52.138168],[4.406592,52.137821],[4.404471,52.136644],[4.403174,52.135806],[4.39186,52.127667],[4.388198,52.124885],[4.384338,52.12248],[4.380506,52.119526],[4.377509,52.117729],[4.374447,52.115627],[4.362431,52.107963],[4.361294,52.107252],[4.360297,52.106812],[4.358697,52.105908],[4.357157,52.104969],[4.354599,52.103212],[4.348038,52.099775],[4.341953,52.097222],[4.340828,52.096655],[4.326476,52.090738],[4.321079,52.088172],[4.321073,52.087821],[4.32248,52.086342],[4.325408,52.084688],[4.328357,52.082179],[4.329068,52.081709],[4.330027,52.081242],[4.328829,52.080718],[4.326368,52.079896],[4.325268,52.080776]]},"properties":{"line_id":"QBUZZ:z385","line_ref":"385","line_name":"Noordwijk - Katwijk - Den Haag","agency_id":"QBUZZ","variant_id":"QBUZZ:z385|1625064"}},{"type":"Feature","geometry":{"type":"LineString","coordinates":[[4.43072,52.241656],[4.429404,52.242913],[4.429339,52.243209],[4.43182,52.244982],[4.432616,52.246085],[4.433984,52.247183],[4.434899,52.248206],[4.437158,52.247317],[4.438019,52.246811],[4.438898,52.246108],[4.439696,52.245063],[4.440351,52.244556],[4.440928,52.244282],[4.440975,52.244147],[4.441327,52.244114],[4.442874,52.243668],[4.443598,52.24336],[4.446075,52.241177],[4.446064,52.240988],[4.445706,52.240599],[4.44496,52.23849],[4.444297,52.237325],[4.443937,52.237034],[4.443588,52.236924],[4.443549,52.236672],[4.442886,52.236172],[4.439586,52.234411],[4.437934,52.233607],[4.437627,52.233613],[4.437511,52.233531],[4.437705,52.233389],[4.437861,52.232932],[4.438266,52.232477],[4.439617,52.231562],[4.44166,52.229826],[4.441619,52.229672],[4.441839,52.229638],[4.442287,52.229246],[4.444366,52.227843],[4.444413,52.227681],[4.44317,52.225559],[4.442768,52.224495],[4.442177,52.223394],[4.440962,52.221991],[4.440556,52.221817],[4.440278,52.221824],[4.440178,52.221724],[4.439201,52.221528],[4.438359,52.221215],[4.432996,52.218808],[4.432577,52.218553],[4.430264,52.217914],[4.427402,52.216911],[4.426766,52.216564],[4.426051,52.21646],[4.42332,52.215557],[4.422827,52.215319],[4.422483,52.214992],[4.422246,52.214451],[4.422435,52.213824],[4.423275,52.212896],[4.42517,52.211203],[4.425247,52.210988],[4.424879,52.210446],[4.422826,52.208631],[4.42263,52.208216],[4.422287,52.207836],[4.420665,52.206367],[4.417259,52.202222],[4.416955,52.202085],[4.416987,52.201941],[4.416674,52.201543],[4.414997,52.199974],[4.41475,52.199882],[4.4149,52.199713],[4.415945,52.199416],[4.418939,52.19829],[4.41906,52.198102],[4.418977,52.197877],[4.419107,52.197312],[4.419113,52.195676],[4.420179,52.191703],[4.420128,52.19066],[4.419727,52.189623],[4.418621,52.188706],[4.418208,52.188199],[4.417972,52.187622],[4.418027,52.187083],[4.417356,52.187005],[4.416794,52.186641],[4.416517,52.186576],[4.416462,52.186405],[4.413394,52.184294],[4.410826,52.182664],[4.409149,52.181122],[4.406947,52.179549],[4.406344,52.179023],[4.404154,52.176236],[4.402461,52.174793],[4.400416,52.172735],[4.400165,52.172185],[4.40034,52.171521],[4.400759,52.171093],[4.4025,52.169723],[4.402984,52.168981],[4.403059,52.168236],[4.402922,52.167821],[4.402509,52.167288],[4.399547,52.164423],[4.398657,52.163714],[4.39398,52.161077],[4.393572,52.16102],[4.393457,52.160929],[4.393489,52.160794],[4.391286,52.159293],[4.390526,52.158639],[4.389727,52.157778],[4.388399,52.155745],[4.387999,52.15531],[4.387089,52.154862],[4.385651,52.154445],[4.385185,52.154396],[4.384862,52.154474],[4.384704,52.154329],[4.384868,52.154178],[4.385056,52.153631],[4.386627,52.152008],[4.390495,52.148913],[4.393746,52.14726],[4.397436,52.144954],[4.397941,52.144545],[4.399437,52.143649],[4.400898,52.142969],[4.400946,52.142781],[4.40079,52.142573],[4.399585,52.141574],[4.399208,52.141436],[4.399227,52.141239],[4.399505,52.14125],[4.400242,52.140941],[4.403348,52.139197],[4.406088,52.138168],[4.406592,52.137821],[4.404471,52.136644],[4.403174,52.135806],[4.39186,52.127667],[4.388198,52.124885],[4.384338,52.12248],[4.380506,52.119526],[4.377509,52.117729],[4.374447,52.115627],[4.362431,52.107963],[4.361294,52.107252],[4.360297,52.106812],[4.358697,52.105908],[4.357157,52.104969],[4.354599,52.103212],[4.348038,52.099775],[4.341953,52.097222],[4.340828,52.096655],[4.326476,52.090738],[4.321079,52.088172],[4.321073,52.087821],[4.32248,52.086342],[4.325408,52.084688],[4.328357,52.082179],[4.329068,52.081709],[4.330027,52.081242],[4.328829,52.080718],[4.326368,52.079896],[4.325268,52.080776]]},"properties":{"line_id":"QBUZZ:z385","line_ref":"385","line_name":"Noordwijk - Katwijk - Den Haag","agency_id":"QBUZZ","variant_id":"QBUZZ:z385|1655035"}},{"type":"Feature","geometry":{"type":"LineString","coordinates":[[4.416027,52.215811],[4.416899,52.215396],[4.418537,52.214789],[4.419697,52.214565],[4.420239,52.214543],[4.42152,52.214868],[4.422313,52.214748],[4.422248,52.214343],[4.422435,52.213824],[4.423275,52.212896],[4.425244,52.211123],[4.425121,52.210745],[4.424879,52.210446],[4.422826,52.208631],[4.42263,52.208216],[4.422287,52.207836],[4.420665,52.206367],[4.417259,52.202222],[4.416955,52.202085],[4.416987,52.201941],[4.416674,52.201543],[4.414997,52.199974],[4.41475,52.199882],[4.4149,52.199713],[4.415945,52.199416],[4.418939,52.19829],[4.41906,52.198102],[4.418977,52.197877],[4.419107,52.197312],[4.419113,52.195676],[4.420179,52.191703],[4.420128,52.19066],[4.419727,52.189623],[4.418621,52.188706],[4.418208,52.188199],[4.417972,52.187622],[4.418027,52.187083],[4.417356,52.187005],[4.416794,52.186641],[4.416517,52.186576],[4.416462,52.186405],[4.413394,52.184294],[4.410826,52.182664],[4.409149,52.181122],[4.406947,52.179549],[4.406344,52.179023],[4.404154,52.176236],[4.402461,52.174793],[4.400416,52.172735],[4.400165,52.172185],[4.40034,52.171521],[4.400759,52.171093],[4.4025,52.169723],[4.402984,52.168981],[4.403059,52.168236],[4.402922,52.167821],[4.402509,52.167288],[4.399547,52.164423],[4.398657,52.163714],[4.39398,52.161077],[4.393572,52.16102],[4.393457,52.160929],[4.393489,52.160794],[4.391286,52.159293],[4.390526,52.158639],[4.389727,52.157778],[4.388399,52.155745],[4.387999,52.15531],[4.387089,52.154862],[4.385651,52.154445],[4.385185,52.154396],[4.384862,52.154474],[4.384704,52.154329],[4.384868,52.154178],[4.385056,52.153631],[4.386627,52.152008],[4.390495,52.148913],[4.393746,52.14726],[4.397436,52.144954],[4.397941,52.144545],[4.399437,52.143649],[4.400898,52.142969],[4.400946,52.142781],[4.40079,52.142573],[4.399585,52.141574],[4.399208,52.141436],[4.399227,52.141239],[4.399505,52.14125],[4.400242,52.140941],[4.403348,52.139197],[4.406088,52.138168],[4.406592,52.137821],[4.404471,52.136644],[4.403174,52.135806],[4.39186,52.127667],[4.388198,52.124885],[4.384338,52.12248],[4.380506,52.119526],[4.377509,52.117729],[4.374447,52.115627],[4.362431,52.107963],[4.361294,52.107252],[4.360297,52.106812],[4.358697,52.105908],[4.357157,52.104969],[4.354599,52.103212],[4.348038,52.099775],[4.341953,52.097222],[4.340828,52.096655],[4.326476,52.090738],[4.321079,52.088172],[4.321073,52.087821],[4.32248,52.086342],[4.325408,52.084688],[4.328357,52.082179],[4.329068,52.081709],[4.330027,52.081242],[4.328829,52.080718],[4.326368,52.079896],[4.325268,52.080776]]},"properties":{"line_id":"QBUZZ:z385","line_ref":"385","line_name":"Noordwijk - Katwijk - Den Haag","agency_id":"QBUZZ","variant_id":"QBUZZ:z385|1655036"}},{"type":"Feature","geometry":{"type":"LineString","coordinates":[[4.324431,52.080391],[4.324458,52.080472],[4.325049,52.080756],[4.326252,52.079868],[4.326428,52.079816],[4.330149,52.081027],[4.330401,52.081488],[4.328819,52.082363],[4.326823,52.084116],[4.325723,52.084942],[4.322648,52.086622],[4.322083,52.087085],[4.321227,52.088101],[4.32658,52.090658],[4.332319,52.092938],[4.335569,52.094379],[4.340903,52.096565],[4.341796,52.09705],[4.347448,52.09941],[4.357413,52.104657],[4.359917,52.106198],[4.360835,52.106889],[4.369857,52.112657],[4.370577,52.113103],[4.371675,52.113616],[4.376251,52.116568],[4.376857,52.11687],[4.376956,52.117032],[4.377891,52.117643],[4.378047,52.117833],[4.381586,52.120182],[4.383709,52.121881],[4.3842,52.122128],[4.385204,52.122936],[4.388258,52.124832],[4.391934,52.127622],[4.402875,52.135498],[4.404229,52.136355],[4.406929,52.137761],[4.406425,52.138099],[4.40351,52.139162],[4.400447,52.140898],[4.399576,52.141304],[4.399773,52.141666],[4.401035,52.142719],[4.401267,52.142793],[4.401249,52.142954],[4.400897,52.143023],[4.399437,52.143649],[4.394204,52.147048],[4.390673,52.148789],[4.386627,52.152008],[4.385056,52.153631],[4.384945,52.154008],[4.385,52.15417],[4.385216,52.154315],[4.386089,52.154476],[4.387148,52.154808],[4.388073,52.155275],[4.388501,52.155737],[4.38987,52.157923],[4.391286,52.159293],[4.39261,52.160212],[4.393578,52.160741],[4.393884,52.160762],[4.393938,52.16096],[4.394975,52.161652],[4.398657,52.163714],[4.399547,52.164423],[4.402509,52.167288],[4.402922,52.167821],[4.403059,52.168236],[4.402984,52.168981],[4.4025,52.169723],[4.400759,52.171093],[4.40034,52.171521],[4.400165,52.172185],[4.400416,52.172735],[4.402461,52.174793],[4.404154,52.176236],[4.406344,52.179023],[4.406947,52.179549],[4.409149,52.181122],[4.410826,52.182664],[4.413394,52.184294],[4.415684,52.185877],[4.416308,52.186107],[4.416611,52.186307],[4.416946,52.186373],[4.417028,52.186616],[4.417417,52.186889],[4.418247,52.187049],[4.418206,52.187606],[4.418398,52.188174],[4.418711,52.188599],[4.419904,52.189561],[4.420317,52.19005],[4.420509,52.190663],[4.420436,52.191309],[4.419357,52.195219],[4.419571,52.196812],[4.419836,52.197416],[4.42025,52.197869],[4.415857,52.199442],[4.415411,52.199762],[4.415333,52.199995],[4.415415,52.200229],[4.41712,52.201906],[4.417309,52.201953],[4.417348,52.202187],[4.418957,52.204187],[4.421656,52.207256],[4.423076,52.208562],[4.423358,52.209058],[4.425121,52.210745],[4.425612,52.211036],[4.424513,52.211809],[4.42278,52.21344],[4.422399,52.214138],[4.422489,52.214723],[4.421929,52.214889],[4.421666,52.214896],[4.420239,52.214543],[4.419697,52.214565],[4.418537,52.214789],[4.417,52.215478],[4.416706,52.216195],[4.416385,52.216165],[4.416027,52.215811]]},"properties":{"line_id":"QBUZZ:z385","line_ref":"385","line_name":"Noordwijk - Katwijk - Den Haag","agency_id":"QBUZZ","variant_id":"QBUZZ:z385|1655037"}},{"type":"Feature","geometry":{"type":"LineString","coordinates":[[4.324431,52.080391],[4.324458,52.080472],[4.325049,52.080756],[4.326252,52.079868],[4.326428,52.079816],[4.330149,52.081027],[4.330401,52.081488],[4.328819,52.082363],[4.326823,52.084116],[4.325723,52.084942],[4.322648,52.086622],[4.322083,52.087085],[4.321227,52.088101],[4.32658,52.090658],[4.332319,52.092938],[4.335569,52.094379],[4.340903,52.096565],[4.341796,52.09705],[4.347448,52.09941],[4.357413,52.104657],[4.359917,52.106198],[4.360835,52.106889],[4.369857,52.112657],[4.370577,52.113103],[4.371675,52.113616],[4.376251,52.116568],[4.376857,52.11687],[4.376956,52.117032],[4.377891,52.117643],[4.378047,52.117833],[4.381586,52.120182],[4.383709,52.121881],[4.3842,52.122128],[4.385204,52.122936],[4.388258,52.124832],[4.391934,52.127622],[4.402875,52.135498],[4.404229,52.136355],[4.406929,52.137761],[4.406425,52.138099],[4.40351,52.139162],[4.400447,52.140898],[4.399576,52.141304],[4.399773,52.141666],[4.401035,52.142719],[4.401267,52.142793],[4.401249,52.142954],[4.400897,52.143023],[4.399437,52.143649],[4.394204,52.147048],[4.390673,52.148789],[4.386627,52.152008],[4.385056,52.153631],[4.384958,52.154107],[4.385216,52.154315],[4.386089,52.154476],[4.387366,52.154882],[4.388073,52.155275],[4.388501,52.155737],[4.38987,52.157923],[4.391286,52.159293],[4.39261,52.160212],[4.393578,52.160741],[4.393884,52.160762],[4.393938,52.16096],[4.394975,52.161652],[4.398657,52.163714],[4.399547,52.164423],[4.402509,52.167288],[4.402922,52.167821],[4.403059,52.168236],[4.402984,52.168981],[4.4025,52.169723],[4.400759,52.171093],[4.40034,52.171521],[4.400165,52.172185],[4.400416,52.172735],[4.402461,52.174793],[4.404154,52.176236],[4.406344,52.179023],[4.406947,52.179549],[4.409149,52.181122],[4.410826,52.182664],[4.413394,52.184294],[4.415684,52.185877],[4.416308,52.186107],[4.416611,52.186307],[4.416946,52.186373],[4.417028,52.186616],[4.417417,52.186889],[4.418247,52.187049],[4.418206,52.187606],[4.418398,52.188174],[4.418711,52.188599],[4.419904,52.189561],[4.420317,52.19005],[4.420509,52.190663],[4.420436,52.191309],[4.419357,52.195219],[4.419571,52.196812],[4.419836,52.197416],[4.42025,52.197869],[4.415857,52.199442],[4.41532,52.199914],[4.415415,52.200229],[4.41712,52.201906],[4.417309,52.201953],[4.417348,52.202187],[4.418957,52.204187],[4.421656,52.207256],[4.423076,52.208562],[4.423358,52.209058],[4.425121,52.210745],[4.425612,52.211036],[4.424513,52.211809],[4.423275,52.212896],[4.422539,52.213744],[4.422393,52.214434],[4.422644,52.214976],[4.423118,52.215393],[4.423668,52.215667],[4.426051,52.21646],[4.426753,52.216501],[4.426887,52.216395],[4.427091,52.216405],[4.427202,52.216703],[4.427606,52.216976],[4.429712,52.21773],[4.431966,52.218395],[4.432302,52.218389],[4.432568,52.218301],[4.432996,52.218808],[4.438707,52.221353],[4.439478,52.221602],[4.440209,52.221635],[4.440532,52.221583],[4.441679,52.222725],[4.442177,52.223394],[4.44423,52.227356],[4.444516,52.227655],[4.444778,52.227729],[4.444716,52.2279],[4.444334,52.227959],[4.442878,52.228954],[4.441926,52.229684],[4.441909,52.229819],[4.441718,52.229853],[4.439617,52.231562],[4.438637,52.232219],[4.438068,52.232826],[4.437807,52.233408],[4.437861,52.233579],[4.439991,52.234612],[4.442886,52.236172],[4.443825,52.236782],[4.444666,52.237876],[4.445748,52.240698],[4.445963,52.240934],[4.446298,52.240972],[4.446398,52.241117],[4.446264,52.241197],[4.446075,52.241177],[4.445732,52.241435],[4.443598,52.24336],[4.442755,52.243721],[4.441428,52.244151],[4.441248,52.244356],[4.440867,52.244398],[4.440276,52.244645],[4.439517,52.245232],[4.438898,52.246108],[4.438464,52.246509],[4.437158,52.247317],[4.434985,52.248279],[4.433984,52.247183],[4.432616,52.246085],[4.43182,52.244982],[4.429339,52.243209],[4.429404,52.242913],[4.430409,52.241806],[4.431773,52.241026],[4.432102,52.240696]]},"properties":{"line_id":"QBUZZ:z385","line_ref":"385","line_name":"Noordwijk - Katwijk - Den Haag","agency_id":"QBUZZ","variant_id":"QBUZZ:z385|1655038"}},{"type":"Feature","geometry":{"type":"LineString","coordinates":[[4.481877,52.16538],[4.482356,52.165554],[4.482897,52.165549],[4.481717,52.164623],[4.479988,52.165554],[4.479909,52.16585],[4.482298,52.167675],[4.483568,52.167019],[4.486106,52.165879],[4.486447,52.164911],[4.487496,52.164362],[4.487638,52.163815],[4.487875,52.163673],[4.489996,52.163608],[4.493465,52.16332],[4.497757,52.162849],[4.497948,52.162814],[4.497952,52.162626],[4.497548,52.161616],[4.497036,52.160902],[4.496997,52.159913],[4.496697,52.159587],[4.495479,52.157636],[4.494809,52.156049],[4.494528,52.154025],[4.494428,52.153943],[4.493917,52.153885],[4.493758,52.153803],[4.493797,52.153309],[4.494403,52.151498],[4.494417,52.150842],[4.494196,52.150193],[4.493569,52.149362],[4.491852,52.147587],[4.49157,52.147072],[4.489737,52.145207],[4.488238,52.14347],[4.487347,52.142726],[4.486879,52.142048],[4.486174,52.141503],[4.48748,52.140507],[4.487987,52.139962],[4.48823,52.139533],[4.488213,52.138921],[4.487887,52.137696],[4.488018,52.136996],[4.48823,52.136611],[4.49215,52.131994],[4.49297,52.131164],[4.495153,52.129356],[4.495469,52.128873],[4.495544,52.128038],[4.495409,52.127516],[4.491556,52.121536],[4.491264,52.120806],[4.491056,52.119555],[4.491192,52.118585],[4.491533,52.117572],[4.492358,52.116473],[4.494028,52.114733],[4.495137,52.11333],[4.495536,52.112335],[4.495497,52.1114],[4.495158,52.110795],[4.494701,52.110315],[4.484897,52.103472],[4.482362,52.101808],[4.481173,52.100702],[4.480108,52.099957],[4.477726,52.097952],[4.477168,52.097382],[4.476586,52.096586],[4.474761,52.09375],[4.473708,52.092429],[4.473549,52.092356],[4.473515,52.091915],[4.473019,52.091165],[4.472811,52.090625],[4.472854,52.089942],[4.479233,52.071906],[4.479897,52.071489],[4.480029,52.07149],[4.48056,52.071197],[4.48096,52.070877],[4.481252,52.070861],[4.482147,52.070607],[4.483386,52.069898],[4.483977,52.069534],[4.485313,52.068393],[4.489519,52.065954],[4.489816,52.065686],[4.490013,52.065301],[4.489597,52.064219],[4.490153,52.063406],[4.486077,52.062314],[4.48401,52.062127],[4.483817,52.061569],[4.483028,52.061652],[4.482419,52.061468],[4.482537,52.061406],[4.482366,52.061216],[4.482369,52.061054],[4.482867,52.060941]]},"properties":{"line_id":"QBUZZ:z400","line_ref":"400","line_name":"Katwijk ESA/ESTEC - Zoetermeer","agency_id":"QBUZZ","variant_id":"QBUZZ:z400|1578613"}},{"type":"Feature","geometry":{"type":"LineString","coordinates":[[4.482867,52.060941],[4.482998,52.060951],[4.483277,52.061609],[4.48392,52.061524],[4.484101,52.061939],[4.486211,52.062171],[4.487822,52.062579],[4.488767,52.062685],[4.490407,52.063111],[4.490448,52.063255],[4.489844,52.064275],[4.490319,52.065313],[4.490477,52.06544],[4.485489,52.068359],[4.483386,52.069898],[4.482147,52.070607],[4.481323,52.070934],[4.481277,52.071059],[4.480648,52.071135],[4.480398,52.071268],[4.479498,52.071755],[4.479125,52.072193],[4.472854,52.089942],[4.472811,52.090625],[4.473019,52.091165],[4.473515,52.091915],[4.473975,52.092216],[4.473899,52.092395],[4.475058,52.094237],[4.477726,52.097952],[4.480108,52.099957],[4.481173,52.100702],[4.482362,52.101808],[4.484897,52.103472],[4.494701,52.110315],[4.495158,52.110795],[4.495497,52.1114],[4.495701,52.11213],[4.495327,52.113331],[4.494488,52.114403],[4.493027,52.115884],[4.491905,52.117215],[4.491434,52.118173],[4.491172,52.119565],[4.491284,52.120518],[4.491658,52.121528],[4.494166,52.125367],[4.495492,52.126986],[4.495858,52.127663],[4.495929,52.128517],[4.49565,52.129306],[4.49326,52.131274],[4.492168,52.132516],[4.491756,52.132683],[4.48823,52.136611],[4.488018,52.136996],[4.487887,52.137696],[4.488213,52.138921],[4.48823,52.139533],[4.487778,52.140221],[4.487064,52.140854],[4.486808,52.141203],[4.486393,52.141496],[4.486984,52.141896],[4.487537,52.142727],[4.488529,52.143508],[4.48893,52.143933],[4.491486,52.146883],[4.492219,52.1475],[4.493707,52.149084],[4.494347,52.149943],[4.494595,52.150682],[4.494596,52.151392],[4.493836,52.153588],[4.493877,52.153687],[4.494659,52.154044],[4.494991,52.156437],[4.495479,52.157636],[4.497096,52.160102],[4.497138,52.16093],[4.497692,52.161698],[4.498107,52.162896],[4.491253,52.1636],[4.487932,52.163763],[4.487768,52.163879],[4.487567,52.164452],[4.486534,52.164939],[4.486282,52.165827],[4.486088,52.166005],[4.483626,52.167065],[4.482281,52.167774],[4.479847,52.165993],[4.479749,52.165795],[4.480225,52.165412],[4.481317,52.164872],[4.481447,52.164972],[4.481941,52.165092],[4.482195,52.165526],[4.482897,52.165549],[4.481717,52.164623],[4.481436,52.164765],[4.480099,52.163694],[4.477998,52.164208],[4.47709,52.164309],[4.473851,52.163996],[4.470826,52.163982],[4.467813,52.164075],[4.465622,52.164004],[4.464961,52.164152],[4.463532,52.164707],[4.46299,52.164793],[4.45754,52.165388],[4.454186,52.165685],[4.453411,52.165697],[4.45234,52.165904],[4.451253,52.166183],[4.44881,52.166973],[4.447319,52.167653],[4.44227,52.170705],[4.441007,52.171638],[4.436652,52.174327],[4.428862,52.178318],[4.425865,52.180334],[4.419301,52.185664],[4.418523,52.186449],[4.418326,52.186798],[4.418196,52.187399],[4.418398,52.188174],[4.418711,52.188599],[4.420161,52.189815],[4.420496,52.190555],[4.420355,52.191677],[4.419357,52.195219],[4.419571,52.196812],[4.419836,52.197416],[4.42025,52.197869],[4.415857,52.199442],[4.41532,52.199914],[4.415415,52.200229],[4.41712,52.201906],[4.417309,52.201953],[4.417348,52.202187],[4.418957,52.204187],[4.421656,52.207256],[4.423119,52.208607],[4.423358,52.209058],[4.425121,52.210745],[4.425366,52.210935],[4.42557,52.210973],[4.425596,52.211099],[4.425331,52.211178],[4.424513,52.211809],[4.423275,52.212896],[4.422765,52.213467],[4.422399,52.214138],[4.422489,52.214723],[4.421929,52.214889],[4.421666,52.214896],[4.420239,52.214543],[4.419697,52.214565],[4.418537,52.214789],[4.417,52.215478],[4.416706,52.216195],[4.416385,52.216165],[4.416027,52.215811]]},"properties":{"line_id":"QBUZZ:z400","line_ref":"400","line_name":"Katwijk ESA/ESTEC - Zoetermeer","agency_id":"QBUZZ","variant_id":"QBUZZ:z400|1589338"}},{"type":"Feature","geometry":{"type":"LineString","coordinates":[[4.482168,52.165454],[4.482195,52.165526],[4.482501,52.165573],[4.482897,52.165549],[4.481717,52.164623],[4.481436,52.164765],[4.480099,52.163694],[4.477998,52.164208],[4.47709,52.164309],[4.47429,52.164009],[4.470826,52.163982],[4.467813,52.164075],[4.466193,52.163982],[4.465109,52.164108],[4.463532,52.164707],[4.46299,52.164793],[4.45754,52.165388],[4.454186,52.165685],[4.453411,52.165697],[4.451253,52.166183],[4.44881,52.166973],[4.446801,52.167937],[4.44227,52.170705],[4.441585,52.171257],[4.438428,52.17329],[4.436119,52.174628],[4.428862,52.178318],[4.425865,52.180334],[4.419048,52.185878],[4.418372,52.186699],[4.418196,52.187399],[4.418398,52.188174],[4.418711,52.188599],[4.420161,52.189815],[4.420496,52.190555],[4.420355,52.191677],[4.419357,52.195219],[4.419571,52.196812],[4.419836,52.197416],[4.42025,52.197869],[4.415857,52.199442],[4.41532,52.199914],[4.415415,52.200229],[4.41712,52.201906],[4.417309,52.201953],[4.417348,52.202187],[4.418957,52.204187],[4.421656,52.207256],[4.423119,52.208607],[4.423358,52.209058],[4.425121,52.210745],[4.425366,52.210935],[4.42557,52.210973],[4.425596,52.211099],[4.425331,52.211178],[4.424513,52.211809],[4.423275,52.212896],[4.422765,52.213467],[4.422399,52.214138],[4.422489,52.214723],[4.421929,52.214889],[4.421666,52.214896],[4.420239,52.214543],[4.419697,52.214565],[4.418537,52.214789],[4.417,52.215478],[4.416706,52.216195],[4.416385,52.216165],[4.416027,52.215811]]},"properties":{"line_id":"QBUZZ:z400","line_ref":"400","line_name":"Katwijk ESA/ESTEC - Zoetermeer","agency_id":"QBUZZ","variant_id":"QBUZZ:z400|1589339"}},{"type":"Feature","geometry":{"type":"LineString","coordinates":[[4.482867,52.060941],[4.482998,52.060951],[4.483277,52.061609],[4.48392,52.061524],[4.484101,52.061939],[4.486211,52.062171],[4.487822,52.062579],[4.488767,52.062685],[4.490407,52.063111],[4.490448,52.063255],[4.489844,52.064275],[4.490319,52.065313],[4.490477,52.06544],[4.485489,52.068359],[4.483386,52.069898],[4.482147,52.070607],[4.481323,52.070934],[4.481277,52.071059],[4.480648,52.071135],[4.480398,52.071268],[4.479498,52.071755],[4.479125,52.072193],[4.472854,52.089942],[4.472811,52.090625],[4.473019,52.091165],[4.473515,52.091915],[4.473975,52.092216],[4.473899,52.092395],[4.475058,52.094237],[4.477726,52.097952],[4.480108,52.099957],[4.481173,52.100702],[4.482362,52.101808],[4.484897,52.103472],[4.494701,52.110315],[4.495158,52.110795],[4.495497,52.1114],[4.495701,52.11213],[4.495327,52.113331],[4.494488,52.114403],[4.493027,52.115884],[4.491905,52.117215],[4.491434,52.118173],[4.491172,52.119565],[4.491284,52.120518],[4.491658,52.121528],[4.494166,52.125367],[4.495492,52.126986],[4.495858,52.127663],[4.495929,52.128517],[4.49565,52.129306],[4.49326,52.131274],[4.492168,52.132516],[4.491756,52.132683],[4.48823,52.136611],[4.488018,52.136996],[4.487887,52.137696],[4.488213,52.138921],[4.48823,52.139533],[4.487778,52.140221],[4.487064,52.140854],[4.486808,52.141203],[4.486393,52.141496],[4.486984,52.141896],[4.487537,52.142727],[4.488529,52.143508],[4.48893,52.143933],[4.491486,52.146883],[4.492219,52.1475],[4.493707,52.149084],[4.494347,52.149943],[4.494595,52.150682],[4.494596,52.151392],[4.493836,52.153588],[4.493877,52.153687],[4.494659,52.154044],[4.494991,52.156437],[4.495479,52.157636],[4.497096,52.160102],[4.497138,52.16093],[4.497692,52.161698],[4.498107,52.162896],[4.491253,52.1636],[4.487932,52.163763],[4.487768,52.163879],[4.487567,52.164452],[4.486534,52.164939],[4.486282,52.165827],[4.486088,52.166005],[4.483626,52.167065],[4.482281,52.167774],[4.479747,52.165876],[4.479988,52.165554],[4.481317,52.164872],[4.481447,52.164972],[4.481941,52.165092],[4.482168,52.165454]]},"properties":{"line_id":"QBUZZ:z400","line_ref":"400","line_name":"Katwijk ESA/ESTEC - Zoetermeer","agency_id":"QBUZZ","variant_id":"QBUZZ:z400|1589341"}},{"type":"Feature","geometry":{"type":"LineString","coordinates":[[4.416027,52.215811],[4.416899,52.215396],[4.418537,52.214789],[4.419697,52.214565],[4.420239,52.214543],[4.42152,52.214868],[4.422313,52.214748],[4.422248,52.214343],[4.422435,52.213824],[4.423275,52.212896],[4.425244,52.211123],[4.425121,52.210745],[4.424879,52.210446],[4.422826,52.208631],[4.42263,52.208216],[4.422287,52.207836],[4.420665,52.206367],[4.417259,52.202222],[4.416955,52.202085],[4.416987,52.201941],[4.416674,52.201543],[4.414997,52.199974],[4.41475,52.199864],[4.4149,52.199713],[4.415945,52.199416],[4.418939,52.19829],[4.41906,52.198102],[4.418975,52.197976],[4.419107,52.197312],[4.419078,52.195918],[4.420179,52.191703],[4.420128,52.19066],[4.419727,52.189623],[4.418621,52.188706],[4.418067,52.187919],[4.417996,52.187164],[4.418182,52.186662],[4.418693,52.186028],[4.422221,52.183189],[4.425335,52.180482],[4.427888,52.178741],[4.433566,52.175776],[4.434397,52.17519],[4.435906,52.174339],[4.43656,52.173832],[4.441118,52.171253],[4.446555,52.167854],[4.448372,52.166942],[4.450919,52.166055],[4.453782,52.165457],[4.456637,52.165237],[4.457488,52.165055],[4.458953,52.164914],[4.463036,52.164649],[4.464877,52.164017],[4.465917,52.163863],[4.467859,52.163977],[4.471326,52.163851],[4.474175,52.163891],[4.476421,52.164151],[4.477414,52.164186],[4.478,52.164127],[4.479218,52.163858],[4.480072,52.163586],[4.480667,52.163797],[4.481746,52.164606],[4.481317,52.164872],[4.481752,52.165046],[4.481877,52.16538]]},"properties":{"line_id":"QBUZZ:z400","line_ref":"400","line_name":"Katwijk ESA/ESTEC - Zoetermeer","agency_id":"QBUZZ","variant_id":"QBUZZ:z400|1625068"}},{"type":"Feature","geometry":{"type":"LineString","coordinates":[[4.416027,52.215811],[4.416899,52.215396],[4.418537,52.214789],[4.419697,52.214565],[4.420239,52.214543],[4.42152,52.214868],[4.422313,52.214748],[4.422248,52.214343],[4.422435,52.213824],[4.423275,52.212896],[4.425244,52.211123],[4.425121,52.210745],[4.424879,52.210446],[4.422826,52.208631],[4.42263,52.208216],[4.422287,52.207836],[4.420665,52.206367],[4.417259,52.202222],[4.416955,52.202085],[4.416987,52.201941],[4.416674,52.201543],[4.414751,52.199829],[4.4149,52.199713],[4.415945,52.199416],[4.418939,52.19829],[4.41906,52.198102],[4.418975,52.197976],[4.419107,52.197312],[4.419078,52.195918],[4.420179,52.191703],[4.420128,52.19066],[4.419727,52.189623],[4.418621,52.188706],[4.418067,52.187919],[4.417996,52.187164],[4.418182,52.186662],[4.418693,52.186028],[4.422221,52.183189],[4.424919,52.180811],[4.427576,52.178937],[4.428746,52.178254],[4.433566,52.175776],[4.434397,52.17519],[4.435906,52.174339],[4.43656,52.173832],[4.441118,52.171253],[4.44725,52.167473],[4.448372,52.166942],[4.449757,52.166414],[4.452197,52.165741],[4.453782,52.165457],[4.456637,52.165237],[4.457488,52.165055],[4.463036,52.164649],[4.463506,52.164536],[4.464656,52.164078],[4.465449,52.163895],[4.466283,52.163866],[4.467859,52.163977],[4.471326,52.163851],[4.474175,52.163891],[4.476421,52.164151],[4.477414,52.164186],[4.478,52.164127],[4.479218,52.163858],[4.480072,52.163586],[4.480667,52.163797],[4.481746,52.164606],[4.481317,52.164872],[4.481752,52.165046],[4.481891,52.165407],[4.482356,52.165554],[4.482897,52.165549],[4.481717,52.164623],[4.479928,52.165625],[4.479909,52.16585],[4.480023,52.165968],[4.482298,52.167675],[4.483568,52.167019],[4.486106,52.165879],[4.486447,52.164911],[4.487496,52.164362],[4.487638,52.163815],[4.487875,52.163673],[4.49124,52.16351],[4.497948,52.162814],[4.497562,52.161643],[4.497036,52.160902],[4.496997,52.159913],[4.496697,52.159587],[4.495479,52.157636],[4.494809,52.156049],[4.494528,52.154025],[4.494428,52.153943],[4.493917,52.153885],[4.493758,52.153803],[4.493797,52.153309],[4.494403,52.151498],[4.494417,52.150842],[4.494196,52.150193],[4.493569,52.149362],[4.491852,52.147587],[4.49157,52.147072],[4.489737,52.145207],[4.488238,52.14347],[4.487347,52.142726],[4.486879,52.142048],[4.486174,52.141503],[4.48748,52.140507],[4.487987,52.139962],[4.48823,52.139533],[4.488213,52.138921],[4.487887,52.137696],[4.488018,52.136996],[4.48823,52.136611],[4.49215,52.131994],[4.49297,52.131164],[4.495153,52.129356],[4.495469,52.128873],[4.495544,52.128038],[4.495409,52.127516],[4.491556,52.121536],[4.491264,52.120806],[4.491056,52.119555],[4.491192,52.118585],[4.491533,52.117572],[4.492358,52.116473],[4.494028,52.114733],[4.495137,52.11333],[4.495536,52.112335],[4.495497,52.1114],[4.495158,52.110795],[4.494701,52.110315],[4.484897,52.103472],[4.482362,52.101808],[4.481173,52.100702],[4.480108,52.099957],[4.477726,52.097952],[4.476586,52.096586],[4.474761,52.09375],[4.473708,52.092429],[4.473549,52.092356],[4.473515,52.091915],[4.473019,52.091165],[4.472811,52.090625],[4.472854,52.089942],[4.479233,52.071906],[4.479897,52.071489],[4.480029,52.07149],[4.48056,52.071197],[4.48096,52.070877],[4.481252,52.070861],[4.482147,52.070607],[4.483386,52.069898],[4.483977,52.069534],[4.485313,52.068393],[4.489519,52.065954],[4.489816,52.065686],[4.490013,52.065301],[4.489597,52.064219],[4.490153,52.063406],[4.486077,52.062314],[4.48401,52.062127],[4.483817,52.061569],[4.483028,52.061652],[4.482419,52.061468],[4.482537,52.061406],[4.482366,52.061216],[4.482369,52.061054],[4.482867,52.060941]]},"properties":{"line_id":"QBUZZ:z400","line_ref":"400","line_name":"Katwijk ESA/ESTEC - Zoetermeer","agency_id":"QBUZZ","variant_id":"QBUZZ:z400|1625069"}},{"type":"Feature","geometry":{"type":"LineString","coordinates":[[4.416027,52.215811],[4.416899,52.215396],[4.418537,52.214789],[4.419697,52.214565],[4.420239,52.214543],[4.42152,52.214868],[4.422313,52.214748],[4.422248,52.214343],[4.422435,52.213824],[4.423275,52.212896],[4.425244,52.211123],[4.425121,52.210745],[4.424879,52.210446],[4.422826,52.208631],[4.42263,52.208216],[4.422287,52.207836],[4.420665,52.206367],[4.417259,52.202222],[4.416955,52.202085],[4.416987,52.201941],[4.416674,52.201543],[4.414751,52.199829],[4.4149,52.199713],[4.415945,52.199416],[4.418939,52.19829],[4.41906,52.198102],[4.418975,52.197976],[4.419107,52.197312],[4.419078,52.195918],[4.420179,52.191703],[4.420128,52.19066],[4.419727,52.189623],[4.418621,52.188706],[4.418067,52.187919],[4.417996,52.187164],[4.418182,52.186662],[4.418693,52.186028],[4.422221,52.183189],[4.424919,52.180811],[4.427576,52.178937],[4.428746,52.178254],[4.433566,52.175776],[4.434397,52.17519],[4.435906,52.174339],[4.43656,52.173832],[4.441118,52.171253],[4.44725,52.167473],[4.448372,52.166942],[4.449757,52.166414],[4.452197,52.165741],[4.453782,52.165457],[4.456637,52.165237],[4.457488,52.165055],[4.463036,52.164649],[4.463506,52.164536],[4.464656,52.164078],[4.465449,52.163895],[4.466283,52.163866],[4.467859,52.163977],[4.471326,52.163851],[4.474175,52.163891],[4.476421,52.164151],[4.477414,52.164186],[4.478,52.164127],[4.479218,52.163858],[4.480072,52.163586],[4.480667,52.163797],[4.481746,52.164606],[4.481317,52.164872],[4.481752,52.165046],[4.481891,52.165407],[4.482356,52.165554],[4.482897,52.165549],[4.481717,52.164623],[4.479928,52.165625],[4.479909,52.16585],[4.480023,52.165968],[4.482298,52.167675],[4.483568,52.167019],[4.486106,52.165879],[4.486447,52.164911],[4.487496,52.164362],[4.487638,52.163815],[4.487875,52.163673],[4.49124,52.16351],[4.497948,52.162814],[4.497562,52.161643],[4.497036,52.160902],[4.496997,52.159913],[4.496697,52.159587],[4.495479,52.157636],[4.494809,52.156049],[4.494528,52.154025],[4.494428,52.153943],[4.493917,52.153885],[4.493758,52.153803],[4.493797,52.153309],[4.494403,52.151498],[4.494417,52.150842],[4.494196,52.150193],[4.493569,52.149362],[4.491852,52.147587],[4.49157,52.147072],[4.489737,52.145207],[4.488238,52.14347],[4.487347,52.142726],[4.486879,52.142048],[4.486174,52.141503],[4.48748,52.140507],[4.487987,52.139962],[4.48823,52.139533],[4.488213,52.138921],[4.487887,52.137696],[4.488018,52.136996],[4.48823,52.136611],[4.49215,52.131994],[4.49297,52.131164],[4.495153,52.129356],[4.495469,52.128873],[4.495544,52.128038],[4.495409,52.127516],[4.491556,52.121536],[4.491264,52.120806],[4.491056,52.119555],[4.491192,52.118585],[4.491533,52.117572],[4.492358,52.116473],[4.494028,52.114733],[4.495137,52.11333],[4.495536,52.112335],[4.495497,52.1114],[4.495158,52.110795],[4.494701,52.110315],[4.484897,52.103472],[4.482362,52.101808],[4.481173,52.100702],[4.480108,52.099957],[4.477726,52.097952],[4.476586,52.096586],[4.474761,52.09375],[4.473708,52.092429],[4.473549,52.092356],[4.473515,52.091915],[4.473019,52.091165],[4.472811,52.090625],[4.472854,52.089942],[4.479233,52.071906],[4.479897,52.071489],[4.480029,52.07149],[4.48056,52.071197],[4.48096,52.070877],[4.481252,52.070861],[4.482147,52.070607],[4.483386,52.069898],[4.483977,52.069534],[4.485313,52.068393],[4.489519,52.065954],[4.489816,52.065686],[4.490013,52.065301],[4.489597,52.064219],[4.490153,52.063406],[4.486077,52.062314],[4.48401,52.062127],[4.483817,52.061569],[4.483028,52.061652],[4.482419,52.061468],[4.482537,52.061406],[4.482366,52.061216],[4.482369,52.061054],[4.482867,52.060941]]},"properties":{"line_id":"QBUZZ:z400","line_ref":"400","line_name":"Katwijk ESA/ESTEC - Zoetermeer","agency_id":"QBUZZ","variant_id":"QBUZZ:z400|1655039"}},{"type":"Feature","geometry":{"type":"LineString","coordinates":[[4.482867,52.060941],[4.482998,52.060951],[4.483277,52.061609],[4.48392,52.061524],[4.484101,52.061939],[4.486211,52.062171],[4.487822,52.062579],[4.488767,52.062685],[4.490407,52.063111],[4.490448,52.063255],[4.489844,52.064275],[4.490319,52.065313],[4.490477,52.06544],[4.485489,52.068359],[4.483386,52.069898],[4.482147,52.070607],[4.481323,52.070934],[4.481277,52.071059],[4.480648,52.071135],[4.480398,52.071268],[4.479498,52.071755],[4.479125,52.072193],[4.472854,52.089942],[4.472811,52.090625],[4.473019,52.091165],[4.473515,52.091915],[4.473975,52.092216],[4.473899,52.092395],[4.475058,52.094237],[4.477726,52.097952],[4.480108,52.099957],[4.481173,52.100702],[4.482362,52.101808],[4.484897,52.103472],[4.494701,52.110315],[4.495158,52.110795],[4.495497,52.1114],[4.495701,52.11213],[4.495327,52.113331],[4.494488,52.114403],[4.493027,52.115884],[4.491905,52.117215],[4.491434,52.118173],[4.491172,52.119565],[4.491284,52.120518],[4.491658,52.121528],[4.494166,52.125367],[4.495492,52.126986],[4.495858,52.127663],[4.495929,52.128517],[4.49565,52.129306],[4.49326,52.131274],[4.492168,52.132516],[4.491756,52.132683],[4.48823,52.136611],[4.488018,52.136996],[4.487887,52.137696],[4.488213,52.138921],[4.48823,52.139533],[4.487778,52.140221],[4.487064,52.140854],[4.486808,52.141203],[4.486393,52.141496],[4.486984,52.141896],[4.487537,52.142727],[4.488529,52.143508],[4.48893,52.143933],[4.491486,52.146883],[4.492219,52.1475],[4.493707,52.149084],[4.494347,52.149943],[4.494595,52.150682],[4.494596,52.151392],[4.493836,52.153588],[4.493877,52.153687],[4.494659,52.154044],[4.494991,52.156437],[4.495479,52.157636],[4.497096,52.160102],[4.497138,52.16093],[4.497692,52.161698],[4.498107,52.162896],[4.491253,52.1636],[4.487932,52.163763],[4.487768,52.163879],[4.487567,52.164452],[4.486534,52.164939],[4.486282,52.165827],[4.486088,52.166005],[4.483626,52.167065],[4.482281,52.167774],[4.479847,52.165993],[4.479749,52.165795],[4.480225,52.165412],[4.481317,52.164872],[4.481447,52.164972],[4.481941,52.165092],[4.482195,52.165526],[4.482897,52.165549],[4.481717,52.164623],[4.481436,52.164765],[4.480099,52.163694],[4.477998,52.164208],[4.47709,52.164309],[4.473851,52.163996],[4.470826,52.163982],[4.467813,52.164075],[4.465622,52.164004],[4.464961,52.164152],[4.463532,52.164707],[4.46299,52.164793],[4.45754,52.165388],[4.454186,52.165685],[4.453411,52.165697],[4.45234,52.165904],[4.451253,52.166183],[4.44881,52.166973],[4.447319,52.167653],[4.44227,52.170705],[4.441007,52.171638],[4.436652,52.174327],[4.428862,52.178318],[4.425865,52.180334],[4.419301,52.185664],[4.418523,52.186449],[4.418326,52.186798],[4.418196,52.187399],[4.418398,52.188174],[4.418711,52.188599],[4.420161,52.189815],[4.420496,52.190555],[4.420355,52.191677],[4.419357,52.195219],[4.419571,52.196812],[4.419836,52.197416],[4.42025,52.197869],[4.415857,52.199442],[4.41532,52.199914],[4.415415,52.200229],[4.41712,52.201906],[4.417309,52.201953],[4.417348,52.202187],[4.418957,52.204187],[4.421656,52.207256],[4.423119,52.208607],[4.423358,52.209058],[4.425121,52.210745],[4.425366,52.210935],[4.42557,52.210973],[4.425596,52.211099],[4.425331,52.211178],[4.424513,52.211809],[4.423275,52.212896],[4.422765,52.213467],[4.422399,52.214138],[4.422489,52.214723],[4.421929,52.214889],[4.421666,52.214896],[4.420239,52.214543],[4.419697,52.214565],[4.418537,52.214789],[4.417,52.215478],[4.416706,52.216195],[4.416385,52.216165],[4.416027,52.215811]]},"properties":{"line_id":"QBUZZ:z400","line_ref":"400","line_name":"Katwijk ESA/ESTEC - Zoetermeer","agency_id":"QBUZZ","variant_id":"QBUZZ:z400|1655040"}},{"type":"Feature","geometry":{"type":"LineString","coordinates":[[4.482168,52.165454],[4.482195,52.165526],[4.482501,52.165573],[4.482897,52.165549],[4.481717,52.164623],[4.481436,52.164765],[4.480099,52.163694],[4.477998,52.164208],[4.47709,52.164309],[4.47429,52.164009],[4.470826,52.163982],[4.467813,52.164075],[4.466193,52.163982],[4.465109,52.164108],[4.463532,52.164707],[4.46299,52.164793],[4.45754,52.165388],[4.454186,52.165685],[4.453411,52.165697],[4.451253,52.166183],[4.44881,52.166973],[4.446801,52.167937],[4.44227,52.170705],[4.441585,52.171257],[4.438428,52.17329],[4.436119,52.174628],[4.428862,52.178318],[4.425865,52.180334],[4.419048,52.185878],[4.418372,52.186699],[4.418196,52.187399],[4.418398,52.188174],[4.418711,52.188599],[4.420161,52.189815],[4.420496,52.190555],[4.420355,52.191677],[4.419357,52.195219],[4.419571,52.196812],[4.419836,52.197416],[4.42025,52.197869],[4.415857,52.199442],[4.41532,52.199914],[4.415415,52.200229],[4.41712,52.201906],[4.417309,52.201953],[4.417348,52.202187],[4.418957,52.204187],[4.421656,52.207256],[4.423119,52.208607],[4.423358,52.209058],[4.425121,52.210745],[4.425366,52.210935],[4.42557,52.210973],[4.425596,52.211099],[4.425331,52.211178],[4.424513,52.211809],[4.423275,52.212896],[4.422765,52.213467],[4.422399,52.214138],[4.422489,52.214723],[4.421929,52.214889],[4.421666,52.214896],[4.420239,52.214543],[4.419697,52.214565],[4.418537,52.214789],[4.417,52.215478],[4.416706,52.216195],[4.416385,52.216165],[4.416027,52.215811]]},"properties":{"line_id":"QBUZZ:z400","line_ref":"400","line_name":"Katwijk ESA/ESTEC - Zoetermeer","agency_id":"QBUZZ","variant_id":"QBUZZ:z400|1655042"}},{"type":"Feature","geometry":{"type":"LineString","coordinates":[[4.416027,52.215811],[4.416899,52.215396],[4.418537,52.214789],[4.419697,52.214565],[4.420239,52.214543],[4.42152,52.214868],[4.422313,52.214748],[4.422248,52.214343],[4.422435,52.213824],[4.423275,52.212896],[4.425244,52.211123],[4.425121,52.210745],[4.424879,52.210446],[4.422826,52.208631],[4.42263,52.208216],[4.422287,52.207836],[4.420665,52.206367],[4.417259,52.202222],[4.416955,52.202085],[4.416987,52.201941],[4.416674,52.201543],[4.414997,52.199974],[4.41475,52.199864],[4.4149,52.199713],[4.415945,52.199416],[4.418939,52.19829],[4.41906,52.198102],[4.418975,52.197976],[4.419107,52.197312],[4.419078,52.195918],[4.420179,52.191703],[4.420128,52.19066],[4.419727,52.189623],[4.418621,52.188706],[4.418067,52.187919],[4.417996,52.187164],[4.418182,52.186662],[4.418693,52.186028],[4.422221,52.183189],[4.425335,52.180482],[4.427888,52.178741],[4.433566,52.175776],[4.434397,52.17519],[4.435906,52.174339],[4.43656,52.173832],[4.441118,52.171253],[4.446555,52.167854],[4.448372,52.166942],[4.450919,52.166055],[4.453782,52.165457],[4.456637,52.165237],[4.457488,52.165055],[4.458953,52.164914],[4.463036,52.164649],[4.464877,52.164017],[4.465917,52.163863],[4.467859,52.163977],[4.471326,52.163851],[4.474175,52.163891],[4.476421,52.164151],[4.477414,52.164186],[4.478,52.164127],[4.479218,52.163858],[4.480072,52.163586],[4.480667,52.163797],[4.481746,52.164606],[4.481317,52.164872],[4.481752,52.165046],[4.481877,52.16538]]},"properties":{"line_id":"QBUZZ:z400","line_ref":"400","line_name":"Katwijk ESA/ESTEC - Zoetermeer","agency_id":"QBUZZ","variant_id":"QBUZZ:z400|1655043"}},{"type":"Feature","geometry":{"type":"LineString","coordinates":[[4.481877,52.16538],[4.482356,52.165554],[4.482897,52.165549],[4.481717,52.164623],[4.479988,52.165554],[4.479909,52.16585],[4.482298,52.167675],[4.483568,52.167019],[4.486106,52.165879],[4.486447,52.164911],[4.487496,52.164362],[4.487638,52.163815],[4.487875,52.163673],[4.489996,52.163608],[4.493465,52.16332],[4.497757,52.162849],[4.497948,52.162814],[4.497952,52.162626],[4.497548,52.161616],[4.497036,52.160902],[4.496997,52.159913],[4.496697,52.159587],[4.495479,52.157636],[4.494809,52.156049],[4.494528,52.154025],[4.494428,52.153943],[4.493917,52.153885],[4.493758,52.153803],[4.493797,52.153309],[4.494403,52.151498],[4.494417,52.150842],[4.494196,52.150193],[4.493569,52.149362],[4.491852,52.147587],[4.49157,52.147072],[4.489737,52.145207],[4.488238,52.14347],[4.487347,52.142726],[4.486879,52.142048],[4.486174,52.141503],[4.48748,52.140507],[4.487987,52.139962],[4.48823,52.139533],[4.488213,52.138921],[4.487887,52.137696],[4.488018,52.136996],[4.48823,52.136611],[4.49215,52.131994],[4.49297,52.131164],[4.495153,52.129356],[4.495469,52.128873],[4.495544,52.128038],[4.495409,52.127516],[4.491556,52.121536],[4.491264,52.120806],[4.491056,52.119555],[4.491192,52.118585],[4.491533,52.117572],[4.492358,52.116473],[4.494028,52.114733],[4.495137,52.11333],[4.495536,52.112335],[4.495497,52.1114],[4.495158,52.110795],[4.494701,52.110315],[4.484897,52.103472],[4.482362,52.101808],[4.481173,52.100702],[4.480108,52.099957],[4.477726,52.097952],[4.477168,52.097382],[4.476586,52.096586],[4.474761,52.09375],[4.473708,52.092429],[4.473549,52.092356],[4.473515,52.091915],[4.473019,52.091165],[4.472811,52.090625],[4.472854,52.089942],[4.479233,52.071906],[4.479897,52.071489],[4.480029,52.07149],[4.48056,52.071197],[4.48096,52.070877],[4.481252,52.070861],[4.482147,52.070607],[4.483386,52.069898],[4.483977,52.069534],[4.485313,52.068393],[4.489519,52.065954],[4.489816,52.065686],[4.490013,52.065301],[4.489597,52.064219],[4.490153,52.063406],[4.486077,52.062314],[4.48401,52.062127],[4.483817,52.061569],[4.483028,52.061652],[4.482419,52.061468],[4.482537,52.061406],[4.482366,52.061216],[4.482369,52.061054],[4.482867,52.060941]]},"properties":{"line_id":"QBUZZ:z401","line_ref":"401","line_name":"Katwijk-Centrum - Zoetermeer","agency_id":"QBUZZ","variant_id":"QBUZZ:z401|1578624"}},{"type":"Feature","geometry":{"type":"LineString","coordinates":[[4.482867,52.060941],[4.482998,52.060951],[4.483277,52.061609],[4.48392,52.061524],[4.484101,52.061939],[4.486211,52.062171],[4.487822,52.062579],[4.488767,52.062685],[4.490407,52.063111],[4.490448,52.063255],[4.489844,52.064275],[4.490319,52.065313],[4.490477,52.06544],[4.485489,52.068359],[4.483386,52.069898],[4.482147,52.070607],[4.481323,52.070934],[4.481277,52.071059],[4.480648,52.071135],[4.480398,52.071268],[4.479498,52.071755],[4.479125,52.072193],[4.472854,52.089942],[4.472811,52.090625],[4.473019,52.091165],[4.473515,52.091915],[4.473975,52.092216],[4.473899,52.092395],[4.475058,52.094237],[4.477726,52.097952],[4.480108,52.099957],[4.481173,52.100702],[4.482362,52.101808],[4.484897,52.103472],[4.494701,52.110315],[4.495158,52.110795],[4.495497,52.1114],[4.495701,52.11213],[4.495327,52.113331],[4.494488,52.114403],[4.493027,52.115884],[4.491905,52.117215],[4.491434,52.118173],[4.491172,52.119565],[4.491284,52.120518],[4.491658,52.121528],[4.494166,52.125367],[4.495492,52.126986],[4.495858,52.127663],[4.495929,52.128517],[4.49565,52.129306],[4.49326,52.131274],[4.492168,52.132516],[4.491756,52.132683],[4.48823,52.136611],[4.488018,52.136996],[4.487887,52.137696],[4.488213,52.138921],[4.48823,52.139533],[4.487778,52.140221],[4.487064,52.140854],[4.486808,52.141203],[4.486393,52.141496],[4.486984,52.141896],[4.487537,52.142727],[4.488529,52.143508],[4.48893,52.143933],[4.491486,52.146883],[4.492219,52.1475],[4.493707,52.149084],[4.494347,52.149943],[4.494595,52.150682],[4.494596,52.151392],[4.493836,52.153588],[4.493877,52.153687],[4.494659,52.154044],[4.494991,52.156437],[4.495479,52.157636],[4.497096,52.160102],[4.497138,52.16093],[4.497692,52.161698],[4.498107,52.162896],[4.491253,52.1636],[4.487932,52.163763],[4.487768,52.163879],[4.487567,52.164452],[4.486534,52.164939],[4.486282,52.165827],[4.486088,52.166005],[4.483626,52.167065],[4.482281,52.167774],[4.479747,52.165876],[4.479988,52.165554],[4.481317,52.164872],[4.481447,52.164972],[4.481941,52.165092],[4.482168,52.165454]]},"properties":{"line_id":"QBUZZ:z401","line_ref":"401","line_name":"Katwijk-Centrum - Zoetermeer","agency_id":"QBUZZ","variant_id":"QBUZZ:z401|1589342"}},{"type":"Feature","geometry":{"type":"LineString","coordinates":[[4.482867,52.060941],[4.482998,52.060951],[4.483277,52.061609],[4.48392,52.061524],[4.484101,52.061939],[4.486211,52.062171],[4.487822,52.062579],[4.488767,52.062685],[4.490407,52.063111],[4.490448,52.063255],[4.489844,52.064275],[4.490319,52.065313],[4.490477,52.06544],[4.485489,52.068359],[4.483386,52.069898],[4.482147,52.070607],[4.481323,52.070934],[4.481277,52.071059],[4.480648,52.071135],[4.480398,52.071268],[4.479498,52.071755],[4.479125,52.072193],[4.472854,52.089942],[4.472811,52.090625],[4.473019,52.091165],[4.473515,52.091915],[4.473975,52.092216],[4.473899,52.092395],[4.475058,52.094237],[4.477726,52.097952],[4.480108,52.099957],[4.481173,52.100702],[4.482362,52.101808],[4.484897,52.103472],[4.494701,52.110315],[4.495158,52.110795],[4.495497,52.1114],[4.495701,52.11213],[4.495327,52.113331],[4.494488,52.114403],[4.493027,52.115884],[4.491905,52.117215],[4.491434,52.118173],[4.491172,52.119565],[4.491284,52.120518],[4.491658,52.121528],[4.494166,52.125367],[4.495492,52.126986],[4.495858,52.127663],[4.495929,52.128517],[4.49565,52.129306],[4.49326,52.131274],[4.492168,52.132516],[4.491756,52.132683],[4.48823,52.136611],[4.488018,52.136996],[4.487887,52.137696],[4.488213,52.138921],[4.48823,52.139533],[4.487778,52.140221],[4.487064,52.140854],[4.486808,52.141203],[4.486393,52.141496],[4.486984,52.141896],[4.487537,52.142727],[4.488529,52.143508],[4.48893,52.143933],[4.491486,52.146883],[4.492219,52.1475],[4.493707,52.149084],[4.494347,52.149943],[4.494595,52.150682],[4.494596,52.151392],[4.493836,52.153588],[4.493877,52.153687],[4.494659,52.154044],[4.494991,52.156437],[4.495479,52.157636],[4.497096,52.160102],[4.497138,52.16093],[4.497692,52.161698],[4.498107,52.162896],[4.491253,52.1636],[4.487932,52.163763],[4.487768,52.163879],[4.487567,52.164452],[4.486534,52.164939],[4.486282,52.165827],[4.486088,52.166005],[4.483626,52.167065],[4.482281,52.167774],[4.479847,52.165993],[4.479749,52.165795],[4.480225,52.165412],[4.481317,52.164872],[4.481447,52.164972],[4.481941,52.165092],[4.482195,52.165526],[4.482897,52.165549],[4.481717,52.164623],[4.481436,52.164765],[4.480099,52.163694],[4.477998,52.164208],[4.47709,52.164309],[4.473851,52.163996],[4.470826,52.163982],[4.467813,52.164075],[4.465622,52.164004],[4.464961,52.164152],[4.463532,52.164707],[4.46299,52.164793],[4.45754,52.165388],[4.454186,52.165685],[4.453411,52.165697],[4.451253,52.166183],[4.448456,52.167114],[4.446801,52.167937],[4.443514,52.169933],[4.439229,52.172784],[4.436652,52.174327],[4.428862,52.178318],[4.425865,52.180334],[4.418749,52.186172],[4.418247,52.187049],[4.418206,52.187606],[4.418398,52.188174],[4.418711,52.188599],[4.420161,52.189815],[4.420496,52.190555],[4.420355,52.191677],[4.419357,52.195219],[4.419571,52.196812],[4.419836,52.197416],[4.42025,52.197869],[4.415857,52.199442],[4.41525,52.199743],[4.414997,52.199974],[4.414733,52.199972],[4.413187,52.200436],[4.40853,52.202033],[4.408365,52.202185],[4.408103,52.202156],[4.407427,52.202267],[4.404369,52.202996],[4.402889,52.203766],[4.402066,52.203939],[4.39899,52.204102],[4.398241,52.204213],[4.396778,52.204901],[4.395756,52.206106],[4.395239,52.206318],[4.394569,52.205539],[4.393677,52.204848],[4.393569,52.204443],[4.392127,52.202876],[4.391733,52.202135],[4.390595,52.200706],[4.389285,52.199787],[4.386384,52.196697],[4.385781,52.196207]]},"properties":{"line_id":"QBUZZ:z401","line_ref":"401","line_name":"Katwijk-Centrum - Zoetermeer","agency_id":"QBUZZ","variant_id":"QBUZZ:z401|1589343"}},{"type":"Feature","geometry":{"type":"LineString","coordinates":[[4.482168,52.165454],[4.482195,52.165526],[4.482501,52.165573],[4.482897,52.165549],[4.481717,52.164623],[4.481436,52.164765],[4.480099,52.163694],[4.477998,52.164208],[4.47709,52.164309],[4.473851,52.163996],[4.470826,52.163982],[4.467813,52.164075],[4.465622,52.164004],[4.464961,52.164152],[4.463532,52.164707],[4.46299,52.164793],[4.45754,52.165388],[4.454186,52.165685],[4.453411,52.165697],[4.45234,52.165904],[4.451253,52.166183],[4.44881,52.166973],[4.447319,52.167653],[4.44227,52.170705],[4.441007,52.171638],[4.436652,52.174327],[4.428862,52.178318],[4.425865,52.180334],[4.419048,52.185878],[4.418372,52.186699],[4.418206,52.187606],[4.418554,52.1884],[4.420161,52.189815],[4.420496,52.190555],[4.420355,52.191677],[4.419357,52.195219],[4.419571,52.196812],[4.419836,52.197416],[4.42025,52.197869],[4.415857,52.199442],[4.41525,52.199743],[4.414997,52.199974],[4.414733,52.199972],[4.413187,52.200436],[4.40853,52.202033],[4.408365,52.202185],[4.408103,52.202156],[4.407427,52.202267],[4.404516,52.202953],[4.404074,52.203102],[4.402889,52.203766],[4.402462,52.203879],[4.39899,52.204102],[4.398241,52.204213],[4.396778,52.204901],[4.395756,52.206106],[4.395239,52.206318],[4.394569,52.205539],[4.393677,52.204848],[4.393569,52.204443],[4.392127,52.202876],[4.391733,52.202135],[4.390595,52.200706],[4.389285,52.199787],[4.386384,52.196697],[4.385781,52.196207]]},"properties":{"line_id":"QBUZZ:z401","line_ref":"401","line_name":"Katwijk-Centrum - Zoetermeer","agency_id":"QBUZZ","variant_id":"QBUZZ:z401|1589344"}},{"type":"Feature","geometry":{"type":"LineString","coordinates":[[4.387198,52.197576],[4.389285,52.199787],[4.390595,52.200706],[4.391733,52.202135],[4.392127,52.202876],[4.393569,52.204443],[4.393677,52.204848],[4.394569,52.205539],[4.395239,52.206318],[4.395756,52.206106],[4.396778,52.204901],[4.398241,52.204213],[4.39899,52.204102],[4.402066,52.203939],[4.402889,52.203766],[4.404369,52.202996],[4.407427,52.202267],[4.40806,52.202092],[4.408136,52.201985],[4.408399,52.202005],[4.410137,52.201462],[4.413379,52.200374],[4.41475,52.199864],[4.4149,52.199713],[4.415945,52.199416],[4.418939,52.19829],[4.41906,52.198102],[4.418977,52.197877],[4.419107,52.197312],[4.419113,52.195676],[4.420179,52.191703],[4.420128,52.19066],[4.419727,52.189623],[4.418378,52.188434],[4.417972,52.187622],[4.417996,52.187164],[4.418182,52.186662],[4.418693,52.186028],[4.422221,52.183189],[4.424919,52.180811],[4.427576,52.178937],[4.428746,52.178254],[4.433566,52.175776],[4.434397,52.17519],[4.435906,52.174339],[4.43656,52.173832],[4.441118,52.171253],[4.446555,52.167854],[4.448372,52.166942],[4.450081,52.166309],[4.452197,52.165741],[4.453782,52.165457],[4.456637,52.165237],[4.457488,52.165055],[4.458953,52.164914],[4.463036,52.164649],[4.463506,52.164536],[4.464656,52.164078],[4.465449,52.163895],[4.466283,52.163866],[4.467859,52.163977],[4.471326,52.163851],[4.474175,52.163891],[4.476421,52.164151],[4.477414,52.164186],[4.478,52.164127],[4.479218,52.163858],[4.480072,52.163586],[4.480667,52.163797],[4.481746,52.164606],[4.481317,52.164872],[4.481752,52.165046],[4.481891,52.165407],[4.482356,52.165554],[4.482897,52.165549],[4.481717,52.164623],[4.479928,52.165625],[4.479909,52.16585],[4.480023,52.165968],[4.482298,52.167675],[4.483568,52.167019],[4.486106,52.165879],[4.486447,52.164911],[4.487496,52.164362],[4.487638,52.163815],[4.487875,52.163673],[4.49124,52.16351],[4.497948,52.162814],[4.497562,52.161643],[4.497036,52.160902],[4.496997,52.159913],[4.496697,52.159587],[4.495479,52.157636],[4.494809,52.156049],[4.494528,52.154025],[4.494428,52.153943],[4.493917,52.153885],[4.493758,52.153803],[4.493797,52.153309],[4.494403,52.151498],[4.494417,52.150842],[4.494196,52.150193],[4.493569,52.149362],[4.491852,52.147587],[4.49157,52.147072],[4.489737,52.145207],[4.488238,52.14347],[4.487347,52.142726],[4.486879,52.142048],[4.486174,52.141503],[4.48748,52.140507],[4.487987,52.139962],[4.48823,52.139533],[4.488213,52.138921],[4.487887,52.137696],[4.488018,52.136996],[4.48823,52.136611],[4.49215,52.131994],[4.49297,52.131164],[4.495153,52.129356],[4.495469,52.128873],[4.495544,52.128038],[4.495409,52.127516],[4.491556,52.121536],[4.491264,52.120806],[4.491056,52.119555],[4.491192,52.118585],[4.491533,52.117572],[4.492358,52.116473],[4.494028,52.114733],[4.495137,52.11333],[4.495536,52.112335],[4.495497,52.1114],[4.495158,52.110795],[4.494701,52.110315],[4.484897,52.103472],[4.482362,52.101808],[4.481173,52.100702],[4.480108,52.099957],[4.477726,52.097952],[4.476586,52.096586],[4.474761,52.09375],[4.473708,52.092429],[4.473549,52.092356],[4.473515,52.091915],[4.473019,52.091165],[4.472811,52.090625],[4.472854,52.089942],[4.479233,52.071906],[4.479897,52.071489],[4.480029,52.07149],[4.48056,52.071197],[4.48096,52.070877],[4.481252,52.070861],[4.482147,52.070607],[4.483386,52.069898],[4.483977,52.069534],[4.485313,52.068393],[4.489519,52.065954],[4.489816,52.065686],[4.490013,52.065301],[4.489597,52.064219],[4.490153,52.063406],[4.486077,52.062314],[4.48401,52.062127],[4.483817,52.061569],[4.483028,52.061652],[4.482419,52.061468],[4.482537,52.061406],[4.482366,52.061216],[4.482369,52.061054],[4.482867,52.060941]]},"properties":{"line_id":"QBUZZ:z401","line_ref":"401","line_name":"Katwijk-Centrum - Zoetermeer","agency_id":"QBUZZ","variant_id":"QBUZZ:z401|1625071"}},{"type":"Feature","geometry":{"type":"LineString","coordinates":[[4.387198,52.197576],[4.389285,52.199787],[4.390595,52.200706],[4.391733,52.202135],[4.392127,52.202876],[4.393569,52.204443],[4.393677,52.204848],[4.394569,52.205539],[4.395239,52.206318],[4.395756,52.206106],[4.396778,52.204901],[4.398241,52.204213],[4.39899,52.204102],[4.402066,52.203939],[4.402565,52.203853],[4.402889,52.203766],[4.404369,52.202996],[4.407427,52.202267],[4.40806,52.202092],[4.408136,52.201985],[4.408399,52.202005],[4.413379,52.200374],[4.41475,52.199864],[4.4149,52.199713],[4.415945,52.199416],[4.418939,52.19829],[4.41906,52.198102],[4.418977,52.197877],[4.419107,52.197312],[4.419113,52.195676],[4.420179,52.191703],[4.420128,52.19066],[4.419727,52.189623],[4.418378,52.188434],[4.417972,52.187622],[4.417996,52.187164],[4.418182,52.186662],[4.418693,52.186028],[4.422221,52.183189],[4.424919,52.180811],[4.427576,52.178937],[4.428746,52.178254],[4.433566,52.175776],[4.434397,52.17519],[4.435906,52.174339],[4.43656,52.173832],[4.441118,52.171253],[4.44725,52.167473],[4.448372,52.166942],[4.450081,52.166309],[4.451389,52.165933],[4.453269,52.165525],[4.456637,52.165237],[4.457488,52.165055],[4.458953,52.164914],[4.463036,52.164649],[4.464877,52.164017],[4.465917,52.163863],[4.467859,52.163977],[4.471326,52.163851],[4.474175,52.163891],[4.476421,52.164151],[4.477414,52.164186],[4.478,52.164127],[4.479218,52.163858],[4.480072,52.163586],[4.480667,52.163797],[4.481746,52.164606],[4.481317,52.164872],[4.481752,52.165046],[4.481877,52.16538]]},"properties":{"line_id":"QBUZZ:z401","line_ref":"401","line_name":"Katwijk-Centrum - Zoetermeer","agency_id":"QBUZZ","variant_id":"QBUZZ:z401|1625072"}},{"type":"Feature","geometry":{"type":"LineString","coordinates":[[4.482867,52.060941],[4.482998,52.060951],[4.483277,52.061609],[4.48392,52.061524],[4.484101,52.061939],[4.486211,52.062171],[4.487822,52.062579],[4.488767,52.062685],[4.490407,52.063111],[4.490448,52.063255],[4.489844,52.064275],[4.490319,52.065313],[4.490477,52.06544],[4.485489,52.068359],[4.483386,52.069898],[4.482147,52.070607],[4.481323,52.070934],[4.481277,52.071059],[4.480648,52.071135],[4.480398,52.071268],[4.479498,52.071755],[4.479125,52.072193],[4.472854,52.089942],[4.472811,52.090625],[4.473019,52.091165],[4.473515,52.091915],[4.473975,52.092216],[4.473899,52.092395],[4.475058,52.094237],[4.477726,52.097952],[4.480108,52.099957],[4.481173,52.100702],[4.482362,52.101808],[4.484897,52.103472],[4.494701,52.110315],[4.495158,52.110795],[4.495497,52.1114],[4.495701,52.11213],[4.495327,52.113331],[4.494488,52.114403],[4.493027,52.115884],[4.491905,52.117215],[4.491434,52.118173],[4.491172,52.119565],[4.491284,52.120518],[4.491658,52.121528],[4.494166,52.125367],[4.495492,52.126986],[4.495858,52.127663],[4.495929,52.128517],[4.49565,52.129306],[4.49326,52.131274],[4.492168,52.132516],[4.491756,52.132683],[4.48823,52.136611],[4.488018,52.136996],[4.487887,52.137696],[4.488213,52.138921],[4.48823,52.139533],[4.487778,52.140221],[4.487064,52.140854],[4.486808,52.141203],[4.486393,52.141496],[4.486984,52.141896],[4.487537,52.142727],[4.488529,52.143508],[4.48893,52.143933],[4.491486,52.146883],[4.492219,52.1475],[4.493707,52.149084],[4.494347,52.149943],[4.494595,52.150682],[4.494596,52.151392],[4.493836,52.153588],[4.493877,52.153687],[4.494659,52.154044],[4.494991,52.156437],[4.495479,52.157636],[4.497096,52.160102],[4.497138,52.16093],[4.497692,52.161698],[4.498107,52.162896],[4.491253,52.1636],[4.487932,52.163763],[4.487768,52.163879],[4.487567,52.164452],[4.486534,52.164939],[4.486282,52.165827],[4.486088,52.166005],[4.483626,52.167065],[4.482281,52.167774],[4.479847,52.165993],[4.479749,52.165795],[4.480225,52.165412],[4.481317,52.164872],[4.481447,52.164972],[4.481941,52.165092],[4.482195,52.165526],[4.482897,52.165549],[4.481717,52.164623],[4.481436,52.164765],[4.480099,52.163694],[4.477998,52.164208],[4.47709,52.164309],[4.473851,52.163996],[4.470826,52.163982],[4.467813,52.164075],[4.465622,52.164004],[4.464961,52.164152],[4.463532,52.164707],[4.46299,52.164793],[4.45754,52.165388],[4.454186,52.165685],[4.453411,52.165697],[4.451253,52.166183],[4.448456,52.167114],[4.446801,52.167937],[4.443514,52.169933],[4.439229,52.172784],[4.436652,52.174327],[4.428862,52.178318],[4.425865,52.180334],[4.418749,52.186172],[4.418247,52.187049],[4.418206,52.187606],[4.418398,52.188174],[4.418711,52.188599],[4.420161,52.189815],[4.420496,52.190555],[4.420355,52.191677],[4.419357,52.195219],[4.419571,52.196812],[4.419836,52.197416],[4.42025,52.197869],[4.415857,52.199442],[4.41525,52.199743],[4.414997,52.199974],[4.414733,52.199972],[4.413187,52.200436],[4.40853,52.202033],[4.408365,52.202185],[4.408103,52.202156],[4.407427,52.202267],[4.404369,52.202996],[4.402889,52.203766],[4.402066,52.203939],[4.39899,52.204102],[4.398241,52.204213],[4.396778,52.204901],[4.395756,52.206106],[4.395239,52.206318],[4.394569,52.205539],[4.393677,52.204848],[4.393569,52.204443],[4.392127,52.202876],[4.391733,52.202135],[4.390595,52.200706],[4.389285,52.199787],[4.386384,52.196697],[4.385781,52.196207]]},"properties":{"line_id":"QBUZZ:z401","line_ref":"401","line_name":"Katwijk-Centrum - Zoetermeer","agency_id":"QBUZZ","variant_id":"QBUZZ:z401|1655044"}},{"type":"Feature","geometry":{"type":"LineString","coordinates":[[4.482168,52.165454],[4.482195,52.165526],[4.482501,52.165573],[4.482897,52.165549],[4.481717,52.164623],[4.481436,52.164765],[4.480099,52.163694],[4.477998,52.164208],[4.47709,52.164309],[4.473851,52.163996],[4.470826,52.163982],[4.467813,52.164075],[4.465622,52.164004],[4.464961,52.164152],[4.463532,52.164707],[4.46299,52.164793],[4.45754,52.165388],[4.454186,52.165685],[4.453411,52.165697],[4.45234,52.165904],[4.451253,52.166183],[4.44881,52.166973],[4.447319,52.167653],[4.44227,52.170705],[4.441007,52.171638],[4.436652,52.174327],[4.428862,52.178318],[4.425865,52.180334],[4.419048,52.185878],[4.418372,52.186699],[4.418206,52.187606],[4.418554,52.1884],[4.420161,52.189815],[4.420496,52.190555],[4.420355,52.191677],[4.419357,52.195219],[4.419571,52.196812],[4.419836,52.197416],[4.42025,52.197869],[4.415857,52.199442],[4.41525,52.199743],[4.414997,52.199974],[4.414733,52.199972],[4.413187,52.200436],[4.40853,52.202033],[4.408365,52.202185],[4.408103,52.202156],[4.407427,52.202267],[4.404516,52.202953],[4.404074,52.203102],[4.402889,52.203766],[4.402462,52.203879],[4.39899,52.204102],[4.398241,52.204213],[4.396778,52.204901],[4.395756,52.206106],[4.395239,52.206318],[4.394569,52.205539],[4.393677,52.204848],[4.393569,52.204443],[4.392127,52.202876],[4.391733,52.202135],[4.390595,52.200706],[4.389285,52.199787],[4.386384,52.196697],[4.385781,52.196207]]},"properties":{"line_id":"QBUZZ:z401","line_ref":"401","line_name":"Katwijk-Centrum - Zoetermeer","agency_id":"QBUZZ","variant_id":"QBUZZ:z401|1655045"}},{"type":"Feature","geometry":{"type":"LineString","coordinates":[[4.387198,52.197576],[4.389285,52.199787],[4.390595,52.200706],[4.391733,52.202135],[4.392127,52.202876],[4.393569,52.204443],[4.393677,52.204848],[4.394569,52.205539],[4.395239,52.206318],[4.395756,52.206106],[4.396778,52.204901],[4.398241,52.204213],[4.39899,52.204102],[4.402066,52.203939],[4.402889,52.203766],[4.404369,52.202996],[4.407427,52.202267],[4.40806,52.202092],[4.408136,52.201985],[4.408399,52.202005],[4.410137,52.201462],[4.413379,52.200374],[4.41475,52.199864],[4.4149,52.199713],[4.415945,52.199416],[4.418939,52.19829],[4.41906,52.198102],[4.418977,52.197877],[4.419107,52.197312],[4.419113,52.195676],[4.420179,52.191703],[4.420128,52.19066],[4.419727,52.189623],[4.418378,52.188434],[4.417972,52.187622],[4.417996,52.187164],[4.418182,52.186662],[4.418693,52.186028],[4.422221,52.183189],[4.424919,52.180811],[4.427576,52.178937],[4.428746,52.178254],[4.433566,52.175776],[4.434397,52.17519],[4.435906,52.174339],[4.43656,52.173832],[4.441118,52.171253],[4.446555,52.167854],[4.448372,52.166942],[4.450081,52.166309],[4.452197,52.165741],[4.453782,52.165457],[4.456637,52.165237],[4.457488,52.165055],[4.458953,52.164914],[4.463036,52.164649],[4.463506,52.164536],[4.464656,52.164078],[4.465449,52.163895],[4.466283,52.163866],[4.467859,52.163977],[4.471326,52.163851],[4.474175,52.163891],[4.476421,52.164151],[4.477414,52.164186],[4.478,52.164127],[4.479218,52.163858],[4.480072,52.163586],[4.480667,52.163797],[4.481746,52.164606],[4.481317,52.164872],[4.481752,52.165046],[4.481891,52.165407],[4.482356,52.165554],[4.482897,52.165549],[4.481717,52.164623],[4.479928,52.165625],[4.479909,52.16585],[4.480023,52.165968],[4.482298,52.167675],[4.483568,52.167019],[4.486106,52.165879],[4.486447,52.164911],[4.487496,52.164362],[4.487638,52.163815],[4.487875,52.163673],[4.49124,52.16351],[4.497948,52.162814],[4.497562,52.161643],[4.497036,52.160902],[4.496997,52.159913],[4.496697,52.159587],[4.495479,52.157636],[4.494809,52.156049],[4.494528,52.154025],[4.494428,52.153943],[4.493917,52.153885],[4.493758,52.153803],[4.493797,52.153309],[4.494403,52.151498],[4.494417,52.150842],[4.494196,52.150193],[4.493569,52.149362],[4.491852,52.147587],[4.49157,52.147072],[4.489737,52.145207],[4.488238,52.14347],[4.487347,52.142726],[4.486879,52.142048],[4.486174,52.141503],[4.48748,52.140507],[4.487987,52.139962],[4.48823,52.139533],[4.488213,52.138921],[4.487887,52.137696],[4.488018,52.136996],[4.48823,52.136611],[4.49215,52.131994],[4.49297,52.131164],[4.495153,52.129356],[4.495469,52.128873],[4.495544,52.128038],[4.495409,52.127516],[4.491556,52.121536],[4.491264,52.120806],[4.491056,52.119555],[4.491192,52.118585],[4.491533,52.117572],[4.492358,52.116473],[4.494028,52.114733],[4.495137,52.11333],[4.495536,52.112335],[4.495497,52.1114],[4.495158,52.110795],[4.494701,52.110315],[4.484897,52.103472],[4.482362,52.101808],[4.481173,52.100702],[4.480108,52.099957],[4.477726,52.097952],[4.476586,52.096586],[4.474761,52.09375],[4.473708,52.092429],[4.473549,52.092356],[4.473515,52.091915],[4.473019,52.091165],[4.472811,52.090625],[4.472854,52.089942],[4.479233,52.071906],[4.479897,52.071489],[4.480029,52.07149],[4.48056,52.071197],[4.48096,52.070877],[4.481252,52.070861],[4.482147,52.070607],[4.483386,52.069898],[4.483977,52.069534],[4.485313,52.068393],[4.489519,52.065954],[4.489816,52.065686],[4.490013,52.065301],[4.489597,52.064219],[4.490153,52.063406],[4.486077,52.062314],[4.48401,52.062127],[4.483817,52.061569],[4.483028,52.061652],[4.482419,52.061468],[4.482537,52.061406],[4.482366,52.061216],[4.482369,52.061054],[4.482867,52.060941]]},"properties":{"line_id":"QBUZZ:z401","line_ref":"401","line_name":"Katwijk-Centrum - Zoetermeer","agency_id":"QBUZZ","variant_id":"QBUZZ:z401|1655046"}},{"type":"Feature","geometry":{"type":"LineString","coordinates":[[4.387198,52.197576],[4.389285,52.199787],[4.390595,52.200706],[4.391733,52.202135],[4.392127,52.202876],[4.393569,52.204443],[4.393677,52.204848],[4.394569,52.205539],[4.395239,52.206318],[4.395756,52.206106],[4.396778,52.204901],[4.398241,52.204213],[4.39899,52.204102],[4.402066,52.203939],[4.402565,52.203853],[4.402889,52.203766],[4.404369,52.202996],[4.407427,52.202267],[4.40806,52.202092],[4.408136,52.201985],[4.408399,52.202005],[4.413379,52.200374],[4.41475,52.199864],[4.4149,52.199713],[4.415945,52.199416],[4.418939,52.19829],[4.41906,52.198102],[4.418977,52.197877],[4.419107,52.197312],[4.419113,52.195676],[4.420179,52.191703],[4.420128,52.19066],[4.419727,52.189623],[4.418378,52.188434],[4.417972,52.187622],[4.417996,52.187164],[4.418182,52.186662],[4.418693,52.186028],[4.422221,52.183189],[4.424919,52.180811],[4.427576,52.178937],[4.428746,52.178254],[4.433566,52.175776],[4.434397,52.17519],[4.435906,52.174339],[4.43656,52.173832],[4.441118,52.171253],[4.44725,52.167473],[4.448372,52.166942],[4.450081,52.166309],[4.451389,52.165933],[4.453269,52.165525],[4.456637,52.165237],[4.457488,52.165055],[4.458953,52.164914],[4.463036,52.164649],[4.464877,52.164017],[4.465917,52.163863],[4.467859,52.163977],[4.471326,52.163851],[4.474175,52.163891],[4.476421,52.164151],[4.477414,52.164186],[4.478,52.164127],[4.479218,52.163858],[4.480072,52.163586],[4.480667,52.163797],[4.481746,52.164606],[4.481317,52.164872],[4.481752,52.165046],[4.481877,52.16538]]},"properties":{"line_id":"QBUZZ:z401","line_ref":"401","line_name":"Katwijk-Centrum - Zoetermeer","agency_id":"QBUZZ","variant_id":"QBUZZ:z401|1655047"}},{"type":"Feature","geometry":{"type":"LineString","coordinates":[[4.540878,52.158007],[4.537886,52.157041],[4.536357,52.156743],[4.534148,52.159945],[4.532824,52.161166],[4.520489,52.169382],[4.519759,52.170131],[4.518448,52.169879],[4.512061,52.169086],[4.508321,52.168195],[4.506413,52.167884],[4.505318,52.167786],[4.502481,52.167882],[4.498821,52.168124],[4.494472,52.168514],[4.490036,52.169586],[4.489477,52.169788],[4.489121,52.170037],[4.488813,52.170062],[4.488406,52.169969],[4.487712,52.169559],[4.486404,52.168488],[4.486259,52.168415],[4.48585,52.168394],[4.484353,52.167259],[4.484299,52.167025],[4.484127,52.166889],[4.483626,52.167065],[4.482281,52.167774],[4.482195,52.167728],[4.479747,52.165876],[4.479988,52.165554],[4.481317,52.164872],[4.481746,52.165325]]},"properties":{"line_id":"QBUZZ:z410","line_ref":"410","line_name":"Leiderdorp - Leiden","agency_id":"QBUZZ","variant_id":"QBUZZ:z410|1578628"}},{"type":"Feature","geometry":{"type":"LineString","coordinates":[[4.482037,52.165426],[4.482356,52.165554],[4.482897,52.165549],[4.481717,52.164623],[4.479988,52.165554],[4.479896,52.165742],[4.480023,52.165968],[4.482197,52.167629],[4.482298,52.167675],[4.48407,52.166799],[4.484215,52.166845],[4.484586,52.167288],[4.48591,52.168305],[4.486247,52.168307],[4.486409,52.168228],[4.488063,52.169553],[4.488453,52.169807],[4.488933,52.169946],[4.489598,52.169555],[4.493815,52.168482],[4.494519,52.168361],[4.504708,52.167593],[4.50627,52.167703],[4.506403,52.16766],[4.506532,52.167741],[4.507976,52.167923],[4.51036,52.168579],[4.512995,52.169138],[4.515488,52.16948],[4.519296,52.169885],[4.519589,52.169825],[4.520036,52.169423],[4.532829,52.16087],[4.533275,52.160487],[4.534023,52.159602],[4.536214,52.156589],[4.537087,52.156784],[4.541242,52.158099]]},"properties":{"line_id":"QBUZZ:z410","line_ref":"410","line_name":"Leiderdorp - Leiden","agency_id":"QBUZZ","variant_id":"QBUZZ:z410|1589346"}},{"type":"Feature","geometry":{"type":"LineString","coordinates":[[4.657807,52.12483],[4.657878,52.124929],[4.658578,52.124987],[4.658508,52.125724],[4.659059,52.126869],[4.658926,52.12694],[4.65874,52.12764],[4.657756,52.128829],[4.657911,52.129208],[4.657747,52.129396],[4.657374,52.130777],[4.657298,52.13182],[4.657,52.132204],[4.656812,52.132967],[4.656522,52.134664],[4.656477,52.135608],[4.656839,52.140257],[4.658108,52.14484],[4.659053,52.150499],[4.660127,52.154523],[4.660457,52.154948],[4.661038,52.155167],[4.661446,52.155224],[4.663772,52.155067],[4.664283,52.155088],[4.665272,52.155382],[4.664782,52.155873],[4.664654,52.156556],[4.666956,52.16421],[4.667527,52.166883],[4.668769,52.170512],[4.673026,52.184964],[4.67418,52.18685],[4.679103,52.192668],[4.679926,52.194264],[4.680132,52.195128],[4.680172,52.196297],[4.678667,52.204467],[4.678507,52.207198],[4.678806,52.209582],[4.679055,52.210428],[4.6794,52.210844],[4.679365,52.211203],[4.679956,52.212654],[4.681088,52.216957],[4.68122,52.217874],[4.681075,52.218682],[4.680758,52.219319],[4.677812,52.223292],[4.676417,52.225378],[4.674304,52.227558],[4.673311,52.22837],[4.671135,52.229858],[4.671134,52.229948],[4.670689,52.230295],[4.668958,52.231408],[4.668502,52.231576],[4.665248,52.233633],[4.658528,52.237268],[4.658582,52.237565],[4.659956,52.238544],[4.660287,52.238932],[4.66038,52.240407],[4.660719,52.241173],[4.662884,52.243074],[4.67102,52.248858],[4.671786,52.249474],[4.672014,52.249835],[4.694599,52.265626],[4.698686,52.268463],[4.699704,52.268955],[4.702619,52.270868],[4.715102,52.279568],[4.716353,52.280196],[4.716937,52.280352],[4.71761,52.280409],[4.719136,52.280292],[4.719911,52.280404],[4.720681,52.280822],[4.722102,52.281828],[4.714877,52.285787],[4.714711,52.286073],[4.713159,52.286909],[4.71301,52.287079],[4.713079,52.287367],[4.71418,52.287293],[4.715277,52.287398],[4.715905,52.287536],[4.717012,52.287983],[4.722265,52.291572],[4.723384,52.292189],[4.728549,52.295759],[4.729815,52.296414],[4.730865,52.29677],[4.734169,52.297426],[4.737544,52.298209],[4.73915,52.298649],[4.743031,52.299938],[4.751501,52.303264],[4.751921,52.303617],[4.7565,52.305367],[4.757095,52.30582],[4.757838,52.306111],[4.757939,52.306229],[4.762387,52.307942],[4.762517,52.308095],[4.762458,52.308158],[4.762149,52.308192],[4.761896,52.308443]]},"properties":{"line_id":"QBUZZ:z470","line_ref":"470","line_name":"Alphen a/d Rijn - Schiphol","agency_id":"QBUZZ","variant_id":"QBUZZ:z470|1578630"}},{"type":"Feature","geometry":{"type":"LineString","coordinates":[[4.761896,52.308443],[4.760767,52.309497],[4.760414,52.309567],[4.758963,52.30956],[4.758729,52.309486],[4.757993,52.309689],[4.757306,52.309569],[4.754958,52.308639],[4.755034,52.308424],[4.754482,52.308098],[4.754037,52.307385],[4.754014,52.306936],[4.754298,52.306614],[4.75471,52.306472],[4.756988,52.30608],[4.75641,52.305492],[4.75189,52.303734],[4.751384,52.303227],[4.742258,52.299655],[4.73915,52.298649],[4.737544,52.298209],[4.734169,52.297426],[4.730865,52.29677],[4.729815,52.296414],[4.728549,52.295759],[4.723384,52.292189],[4.722265,52.291572],[4.717012,52.287983],[4.715905,52.287536],[4.715277,52.287398],[4.71418,52.287293],[4.713079,52.287367],[4.71301,52.287079],[4.713159,52.286909],[4.714238,52.286322],[4.713877,52.285988],[4.713998,52.285764],[4.716659,52.284233],[4.717298,52.283652],[4.717485,52.282907],[4.717429,52.282682],[4.716969,52.282113],[4.714188,52.279967],[4.702039,52.271467],[4.699953,52.269909],[4.699116,52.269095],[4.66975,52.248607],[4.669269,52.24847],[4.667254,52.247181],[4.659766,52.242138],[4.658427,52.241653],[4.655447,52.241248],[4.654851,52.240939],[4.653259,52.239869],[4.657957,52.237273],[4.661869,52.235266],[4.666079,52.232955],[4.673447,52.228083],[4.674485,52.227208],[4.676287,52.225278],[4.680687,52.219174],[4.680976,52.218493],[4.681088,52.217874],[4.680983,52.2171],[4.679824,52.21268],[4.679146,52.211157],[4.679046,52.210994],[4.678829,52.210894],[4.67892,52.210661],[4.678457,52.208474],[4.678346,52.207206],[4.678521,52.204457],[4.67996,52.196736],[4.680024,52.195487],[4.679877,52.194596],[4.679385,52.193362],[4.678828,52.192513],[4.67409,52.186993],[4.673347,52.185919],[4.67285,52.184954],[4.6688,52.171313],[4.667825,52.168359],[4.667699,52.168016],[4.667554,52.167916],[4.66736,52.167268],[4.666751,52.164226],[4.66434,52.156059],[4.664614,52.155423],[4.664411,52.155287],[4.663434,52.1552],[4.661152,52.15533],[4.660686,52.155228],[4.660237,52.154982],[4.659979,52.154693],[4.658905,52.15066],[4.657852,52.144407],[4.656677,52.140355],[4.656316,52.135598],[4.656396,52.134313],[4.657,52.132204],[4.657106,52.131072],[4.657374,52.130777],[4.657576,52.130042],[4.657614,52.129512],[4.65734,52.129276],[4.657273,52.128934],[4.657981,52.128498],[4.658727,52.127514],[4.658806,52.127173],[4.658824,52.126921],[4.65868,52.126813],[4.658828,52.126706],[4.658818,52.126382],[4.658392,52.125651],[4.658585,52.124574]]},"properties":{"line_id":"QBUZZ:z470","line_ref":"470","line_name":"Alphen a/d Rijn - Schiphol","agency_id":"QBUZZ","variant_id":"QBUZZ:z470|1578631"}},{"type":"Feature","geometry":{"type":"LineString","coordinates":[[4.761896,52.308443],[4.760767,52.309497],[4.760414,52.309567],[4.758963,52.30956],[4.758729,52.309486],[4.759023,52.309416],[4.760358,52.309405],[4.761577,52.308216],[4.761989,52.308137],[4.761756,52.308019],[4.761656,52.307848],[4.761088,52.307549],[4.757091,52.306089],[4.75641,52.305492],[4.75189,52.303734],[4.751384,52.303227],[4.742258,52.299655],[4.73915,52.298649],[4.737544,52.298209],[4.734169,52.297426],[4.730865,52.29677],[4.729815,52.296414],[4.728549,52.295759],[4.723384,52.292189],[4.722265,52.291572],[4.717012,52.287983],[4.715905,52.287536],[4.715277,52.287398],[4.71418,52.287293],[4.713079,52.287367],[4.71301,52.287079],[4.713159,52.286909],[4.714238,52.286322],[4.713877,52.285988],[4.713998,52.285764],[4.716659,52.284233],[4.717298,52.283652],[4.717485,52.282907],[4.717429,52.282682],[4.716969,52.282113],[4.714188,52.279967],[4.702039,52.271467],[4.699953,52.269909],[4.699116,52.269095],[4.66975,52.248607],[4.669269,52.24847],[4.667254,52.247181],[4.659766,52.242138],[4.658427,52.241653],[4.655447,52.241248],[4.654851,52.240939],[4.653259,52.239869],[4.657957,52.237273],[4.661869,52.235266],[4.666079,52.232955],[4.673447,52.228083],[4.674485,52.227208],[4.676287,52.225278],[4.680687,52.219174],[4.680976,52.218493],[4.681088,52.217874],[4.680983,52.2171],[4.679824,52.21268],[4.679146,52.211157],[4.679046,52.210994],[4.678829,52.210894],[4.67892,52.210661],[4.678457,52.208474],[4.678346,52.207206],[4.678521,52.204457],[4.67996,52.196736],[4.680024,52.195487],[4.679877,52.194596],[4.679385,52.193362],[4.678828,52.192513],[4.67409,52.186993],[4.673347,52.185919],[4.67285,52.184954],[4.6688,52.171313],[4.667825,52.168359],[4.667699,52.168016],[4.667554,52.167916],[4.66736,52.167268],[4.666751,52.164226],[4.66434,52.156059],[4.664614,52.155423],[4.664411,52.155287],[4.663434,52.1552],[4.661152,52.15533],[4.660686,52.155228],[4.660237,52.154982],[4.659979,52.154693],[4.658905,52.15066],[4.657852,52.144407],[4.656677,52.140355],[4.656316,52.135598],[4.656396,52.134313],[4.657,52.132204],[4.657106,52.131072],[4.657374,52.130777],[4.657576,52.130042],[4.657614,52.129512],[4.65734,52.129276],[4.657273,52.128934],[4.657981,52.128498],[4.658727,52.127514],[4.658806,52.127173],[4.658824,52.126921],[4.65868,52.126813],[4.658828,52.126706],[4.658818,52.126382],[4.658392,52.125651],[4.658585,52.124574]]},"properties":{"line_id":"QBUZZ:z470","line_ref":"470","line_name":"Alphen a/d Rijn - Schiphol","agency_id":"QBUZZ","variant_id":"QBUZZ:z470|1655048"}},{"type":"Feature","geometry":{"type":"Point","coordinates":[4.321591,52.087817]},"properties":{"stop_id":"stop/s-gravenhage-boslaan__9af5ff9ec0","stop_name":"'s-Gravenhage, Boslaan","city":"'s-Gravenhage","name":"Boslaan","num_lines":1,"line_ids":["QBUZZ:z385"],"line_refs":["385"]}},{"type":"Feature","geometry":{"type":"Point","coordinates":[4.3249715,52.080600625]},"properties":{"stop_id":"stop/s-gravenhage-centraal-station__df5d38c3c7","stop_name":"'s-Gravenhage, Centraal Station","city":"'s-Gravenhage","name":"Centraal Station","num_lines":5,"line_ids":["EBS:3043","EBS:3044","EBS:3045","EBS:3046","QBUZZ:z385"],"line_refs":["43","44","45","46","385"]}},{"type":"Feature","geometry":{"type":"Point","coordinates":[4.335271499999999,52.0943085]},"properties":{"stop_id":"stop/s-gravenhage-laan-van-clingendael__54bf5ae7a0","stop_name":"'s-Gravenhage, Laan van Clingendael","city":"'s-Gravenhage","name":"Laan van Clingendael","num_lines":1,"line_ids":["QBUZZ:z385"],"line_refs":["385"]}},{"type":"Feature","geometry":{"type":"Point","coordinates":[4.346868000000001,52.099247500000004]},"properties":{"stop_id":"stop/s-gravenhage-louwman-museum__d15ee8de6f","stop_name":"'s-Gravenhage, Louwman Museum","city":"'s-Gravenhage","name":"Louwman Museum","num_lines":1,"line_ids":["QBUZZ:z385"],"line_refs":["385"]}},{"type":"Feature","geometry":{"type":"Point","coordinates":[4.3277012500000005,52.083033]},"properties":{"stop_id":"stop/s-gravenhage-prins-clauslaan__f019019835","stop_name":"'s-Gravenhage, Prins Clauslaan","city":"'s-Gravenhage","name":"Prins Clauslaan","num_lines":3,"line_ids":["EBS:3043","EBS:3044","QBUZZ:z385"],"line_refs":["43","44","385"]}},{"type":"Feature","geometry":{"type":"Point","coordinates":[4.358588,52.1055975]},"properties":{"stop_id":"stop/s-gravenhage-viaduct__8fbb94dcef","stop_name":"'s-Gravenhage, Viaduct","city":"'s-Gravenhage","name":"Viaduct","num_lines":1,"line_ids":["QBUZZ:z385"],"line_refs":["385"]}},{"type":"Feature","geometry":{"type":"Point","coordinates":[4.3305025,52.0923155]},"properties":{"stop_id":"stop/s-gravenhage-willem-witsenplein__3825958f75","stop_name":"'s-Gravenhage, Willem Witsenplein","city":"'s-Gravenhage","name":"Willem Witsenplein","num_lines":1,"line_ids":["QBUZZ:z385"],"line_refs":["385"]}},{"type":"Feature","geometry":{"type":"Point","coordinates":[4.7062065,52.1451135]},"properties":{"stop_id":"stop/aarlanderveen-machineweg__b3ebe8687e","stop_name":"Aarlanderveen, Machineweg","city":"Aarlanderveen","name":"Machineweg","num_lines":1,"line_ids":["QBUZZ:z182"],"line_refs":["182"]}},{"type":"Feature","geometry":{"type":"Point","coordinates":[4.728389,52.141307]},"properties":{"stop_id":"stop/aarlanderveen-nieuwkoopseweg__0464e92584","stop_name":"Aarlanderveen, Nieuwkoopseweg","city":"Aarlanderveen","name":"Nieuwkoopseweg","num_lines":1,"line_ids":["QBUZZ:z147"],"line_refs":["147"]}},{"type":"Feature","geometry":{"type":"Point","coordinates":[4.693504000000001,52.135683]},"properties":{"stop_id":"stop/aarlanderveen-oostkanaalweg__dcd9bf6dca","stop_name":"Aarlanderveen, Oostkanaalweg","city":"Aarlanderveen","name":"Oostkanaalweg","num_lines":1,"line_ids":["QBUZZ:z147"],"line_refs":["147"]}},{"type":"Feature","geometry":{"type":"Point","coordinates":[4.644277499999999,52.141931]},"properties":{"stop_id":"stop/alphen-a-d-rijn-s-molenaarsbrug__0ea30ff192","stop_name":"Alphen a/d Rijn, 's Molenaarsbrug","city":"Alphen a/d Rijn","name":"'s Molenaarsbrug","num_lines":1,"line_ids":["QBUZZ:z169"],"line_refs":["169"]}},{"type":"Feature","geometry":{"type":"Point","coordinates":[4.669599,52.151202]},"properties":{"stop_id":"stop/alphen-a-d-rijn-aalhorst__ac2f377b46","stop_name":"Alphen a/d Rijn, Aalhorst","city":"Alphen a/d Rijn","name":"Aalhorst","num_lines":2,"line_ids":["QBUZZ:z071","QBUZZ:z072"],"line_refs":["1","2"]}},{"type":"Feature","geometry":{"type":"Point","coordinates":[4.6784415,52.148752]},"properties":{"stop_id":"stop/alphen-a-d-rijn-aardster__19dd473b32","stop_name":"Alphen a/d Rijn, Aardster","city":"Alphen a/d Rijn","name":"Aardster","num_lines":2,"line_ids":["QBUZZ:z071","QBUZZ:z072"],"line_refs":["1","2"]}},{"type":"Feature","geometry":{"type":"Point","coordinates":[4.639066,52.127736999999996]},"properties":{"stop_id":"stop/alphen-a-d-rijn-albert-einsteinweg__61f31c5791","stop_name":"Alphen a/d Rijn, Albert Einsteinweg","city":"Alphen a/d Rijn","name":"Albert Einsteinweg","num_lines":2,"line_ids":["QBUZZ:z071","QBUZZ:z072"],"line_refs":["1","2"]}},{"type":"Feature","geometry":{"type":"Point","coordinates":[4.657503500000001,52.14296149999999]},"properties":{"stop_id":"stop/alphen-a-d-rijn-albert-schweitzerbrug__e7b03c50f2","stop_name":"Alphen a/d Rijn, Albert Schweitzerbrug","city":"Alphen a/d Rijn","name":"Albert Schweitzerbrug","num_lines":3,"line_ids":["QBUZZ:z071","QBUZZ:z072","QBUZZ:z182"],"line_refs":["1","2","182"]}},{"type":"Feature","geometry":{"type":"Point","coordinates":[4.647205,52.1221885]},"properties":{"stop_id":"stop/alphen-a-d-rijn-amerikalaan__67e693a5a0","stop_name":"Alphen a/d Rijn, Amerikalaan","city":"Alphen a/d Rijn","name":"Amerikalaan","num_lines":2,"line_ids":["QBUZZ:z071","QBUZZ:z072"],"line_refs":["1","2"]}},{"type":"Feature","geometry":{"type":"Point","coordinates":[4.660115,52.113123]},"properties":{"stop_id":"stop/alphen-a-d-rijn-archeonlaan__b8f0e2704d","stop_name":"Alphen a/d Rijn, Archeonlaan","city":"Alphen a/d Rijn","name":"Archeonlaan","num_lines":2,"line_ids":["QBUZZ:z071","QBUZZ:z072"],"line_refs":["1","2"]}},{"type":"Feature","geometry":{"type":"Point","coordinates":[4.646997,52.141328]},"properties":{"stop_id":"stop/alphen-a-d-rijn-avifauna__5803ceed74","stop_name":"Alphen a/d Rijn, Avifauna","city":"Alphen a/d Rijn","name":"Avifauna","num_lines":2,"line_ids":["QBUZZ:z071","QBUZZ:z072"],"line_refs":["1","2"]}},{"type":"Feature","geometry":{"type":"Point","coordinates":[4.6626825,52.145443]},"properties":{"stop_id":"stop/alphen-a-d-rijn-bachsingel-ziekenhuis__7ce274af4a","stop_name":"Alphen a/d Rijn, Bachsingel/Ziekenhuis","city":"Alphen a/d Rijn","name":"Bachsingel/Ziekenhuis","num_lines":2,"line_ids":["QBUZZ:z169","QBUZZ:z182"],"line_refs":["169","182"]}},{"type":"Feature","geometry":{"type":"Point","coordinates":[4.6485425,52.134777500000006]},"properties":{"stop_id":"stop/alphen-a-d-rijn-baronie-eikenlaan__667e67d3e4","stop_name":"Alphen a/d Rijn, Baronie/Eikenlaan","city":"Alphen a/d Rijn","name":"Baronie/Eikenlaan","num_lines":3,"line_ids":["QBUZZ:z071","QBUZZ:z072","QBUZZ:z165"],"line_refs":["1","2","165"]}},{"type":"Feature","geometry":{"type":"Point","coordinates":[4.6739654999999996,52.122969]},"properties":{"stop_id":"stop/alphen-a-d-rijn-beerendrecht__637fe6b40f","stop_name":"Alphen a/d Rijn, Beerendrecht","city":"Alphen a/d Rijn","name":"Beerendrecht","num_lines":1,"line_ids":["QBUZZ:z147"],"line_refs":["147"]}},{"type":"Feature","geometry":{"type":"Point","coordinates":[4.6340595,52.1262895]},"properties":{"stop_id":"stop/alphen-a-d-rijn-boerhaaveweg__da31672671","stop_name":"Alphen a/d Rijn, Boerhaaveweg","city":"Alphen a/d Rijn","name":"Boerhaaveweg","num_lines":2,"line_ids":["QBUZZ:z071","QBUZZ:z072"],"line_refs":["1","2"]}},{"type":"Feature","geometry":{"type":"Point","coordinates":[4.669098,52.152826]},"properties":{"stop_id":"stop/alphen-a-d-rijn-bronkhorst__dacdeac7d3","stop_name":"Alphen a/d Rijn, Bronkhorst","city":"Alphen a/d Rijn","name":"Bronkhorst","num_lines":1,"line_ids":["QBUZZ:z071"],"line_refs":["1"]}},{"type":"Feature","geometry":{"type":"Point","coordinates":[4.659042,52.1290085]},"properties":{"stop_id":"stop/alphen-a-d-rijn-castellumstraat__84f4386b2b","stop_name":"Alphen a/d Rijn, Castellumstraat","city":"Alphen a/d Rijn","name":"Castellumstraat","num_lines":2,"line_ids":["QBUZZ:z071","QBUZZ:z072"],"line_refs":["1","2"]}},{"type":"Feature","geometry":{"type":"Point","coordinates":[4.6574975,52.130365]},"properties":{"stop_id":"stop/alphen-a-d-rijn-centrum__8db0d213c2","stop_name":"Alphen a/d Rijn, Centrum","city":"Alphen a/d Rijn","name":"Centrum","num_lines":4,"line_ids":["QBUZZ:z147","QBUZZ:z169","QBUZZ:z182","QBUZZ:z470"],"line_refs":["147","169","182","470"]}},{"type":"Feature","geometry":{"type":"Point","coordinates":[4.6516210000000004,52.1452935]},"properties":{"stop_id":"stop/alphen-a-d-rijn-churchilllaan__50f0a29415","stop_name":"Alphen a/d Rijn, Churchilllaan","city":"Alphen a/d Rijn","name":"Churchilllaan","num_lines":1,"line_ids":["QBUZZ:z169"],"line_refs":["169"]}},{"type":"Feature","geometry":{"type":"Point","coordinates":[4.6577275,52.1484775]},"properties":{"stop_id":"stop/alphen-a-d-rijn-concertweg__bfc4b4e2da","stop_name":"Alphen a/d Rijn, Concertweg","city":"Alphen a/d Rijn","name":"Concertweg","num_lines":2,"line_ids":["QBUZZ:z071","QBUZZ:z072"],"line_refs":["1","2"]}},{"type":"Feature","geometry":{"type":"Point","coordinates":[4.666136,52.1294785]},"properties":{"stop_id":"stop/alphen-a-d-rijn-de-aarhof__7661af76bc","stop_name":"Alphen a/d Rijn, De Aarhof","city":"Alphen a/d Rijn","name":"De Aarhof","num_lines":2,"line_ids":["QBUZZ:z071","QBUZZ:z072"],"line_refs":["1","2"]}},{"type":"Feature","geometry":{"type":"Point","coordinates":[4.6515575,52.1350015]},"properties":{"stop_id":"stop/alphen-a-d-rijn-de-baronie__518a9f0025","stop_name":"Alphen a/d Rijn, De Baronie","city":"Alphen a/d Rijn","name":"De Baronie","num_lines":1,"line_ids":["QBUZZ:z165"],"line_refs":["165"]}},{"type":"Feature","geometry":{"type":"Point","coordinates":[4.6649435,52.1178765]},"properties":{"stop_id":"stop/alphen-a-d-rijn-de-schans__7a70cbe7a4","stop_name":"Alphen a/d Rijn, De Schans","city":"Alphen a/d Rijn","name":"De Schans","num_lines":2,"line_ids":["QBUZZ:z071","QBUZZ:z072"],"line_refs":["1","2"]}},{"type":"Feature","geometry":{"type":"Point","coordinates":[4.6696175,52.144124]},"properties":{"stop_id":"stop/alphen-a-d-rijn-diepenbrockweg__a5621b5a92","stop_name":"Alphen a/d Rijn, Diepenbrockweg","city":"Alphen a/d Rijn","name":"Diepenbrockweg","num_lines":2,"line_ids":["QBUZZ:z169","QBUZZ:z182"],"line_refs":["169","182"]}},{"type":"Feature","geometry":{"type":"Point","coordinates":[4.6657695,52.1426805]},"properties":{"stop_id":"stop/alphen-a-d-rijn-driehoorne__7f58477be5","stop_name":"Alphen a/d Rijn, Driehoorne","city":"Alphen a/d Rijn","name":"Driehoorne","num_lines":1,"line_ids":["QBUZZ:z169"],"line_refs":["169"]}},{"type":"Feature","geometry":{"type":"Point","coordinates":[4.682361500000001,52.145679]},"properties":{"stop_id":"stop/alphen-a-d-rijn-ericapark__cffb14d564","stop_name":"Alphen a/d Rijn, Ericapark","city":"Alphen a/d Rijn","name":"Ericapark","num_lines":2,"line_ids":["QBUZZ:z071","QBUZZ:z072"],"line_refs":["1","2"]}},{"type":"Feature","geometry":{"type":"Point","coordinates":[4.649012,52.125063]},"properties":{"stop_id":"stop/alphen-a-d-rijn-europalaan__4458c5f8c9","stop_name":"Alphen a/d Rijn, Europalaan","city":"Alphen a/d Rijn","name":"Europalaan","num_lines":2,"line_ids":["QBUZZ:z071","QBUZZ:z072"],"line_refs":["1","2"]}},{"type":"Feature","geometry":{"type":"Point","coordinates":[4.651493,52.126022]},"properties":{"stop_id":"stop/alphen-a-d-rijn-europaplein__9cdfacbf6e","stop_name":"Alphen a/d Rijn, Europaplein","city":"Alphen a/d Rijn","name":"Europaplein","num_lines":1,"line_ids":["QBUZZ:z072"],"line_refs":["2"]}},{"type":"Feature","geometry":{"type":"Point","coordinates":[4.6734305,52.1395895]},"properties":{"stop_id":"stop/alphen-a-d-rijn-flat-meerzicht__20a6f5e2c1","stop_name":"Alphen a/d Rijn, Flat Meerzicht","city":"Alphen a/d Rijn","name":"Flat Meerzicht","num_lines":3,"line_ids":["QBUZZ:z071","QBUZZ:z072","QBUZZ:z169"],"line_refs":["1","2","169"]}},{"type":"Feature","geometry":{"type":"Point","coordinates":[4.629313,52.1241605]},"properties":{"stop_id":"stop/alphen-a-d-rijn-flemingweg__f8f9ada7e8","stop_name":"Alphen a/d Rijn, Flemingweg","city":"Alphen a/d Rijn","name":"Flemingweg","num_lines":2,"line_ids":["QBUZZ:z071","QBUZZ:z072"],"line_refs":["1","2"]}},{"type":"Feature","geometry":{"type":"Point","coordinates":[4.6351685,52.140223500000005]},"properties":{"stop_id":"stop/alphen-a-d-rijn-gnephoek__cea9b944b4","stop_name":"Alphen a/d Rijn, Gnephoek","city":"Alphen a/d Rijn","name":"Gnephoek","num_lines":1,"line_ids":["QBUZZ:z169"],"line_refs":["169"]}},{"type":"Feature","geometry":{"type":"Point","coordinates":[4.652434,52.150515999999996]},"properties":{"stop_id":"stop/alphen-a-d-rijn-haringvliet__ec4f4e66bb","stop_name":"Alphen a/d Rijn, Haringvliet","city":"Alphen a/d Rijn","name":"Haringvliet","num_lines":2,"line_ids":["QBUZZ:z071","QBUZZ:z072"],"line_refs":["1","2"]}},{"type":"Feature","geometry":{"type":"Point","coordinates":[4.663565,52.150707]},"properties":{"stop_id":"stop/alphen-a-d-rijn-havixhorst__3479d8aee5","stop_name":"Alphen a/d Rijn, Havixhorst","city":"Alphen a/d Rijn","name":"Havixhorst","num_lines":1,"line_ids":["QBUZZ:z072"],"line_refs":["2"]}},{"type":"Feature","geometry":{"type":"Point","coordinates":[4.6596475,52.15303299999999]},"properties":{"stop_id":"stop/alphen-a-d-rijn-herenhof__84135732a5","stop_name":"Alphen a/d Rijn, Herenhof","city":"Alphen a/d Rijn","name":"Herenhof","num_lines":1,"line_ids":["QBUZZ:z470"],"line_refs":["470"]}},{"type":"Feature","geometry":{"type":"Point","coordinates":[4.6611864999999995,52.152727999999996]},"properties":{"stop_id":"stop/alphen-a-d-rijn-herenhof-horstenweg__3b084be1ea","stop_name":"Alphen a/d Rijn, Herenhof/Horstenweg","city":"Alphen a/d Rijn","name":"Herenhof/Horstenweg","num_lines":2,"line_ids":["QBUZZ:z071","QBUZZ:z072"],"line_refs":["1","2"]}},{"type":"Feature","geometry":{"type":"Point","coordinates":[4.6581425,52.153037499999996]},"properties":{"stop_id":"stop/alphen-a-d-rijn-het-oude-ambacht__2522f9fd60","stop_name":"Alphen a/d Rijn, Het Oude Ambacht","city":"Alphen a/d Rijn","name":"Het Oude Ambacht","num_lines":2,"line_ids":["QBUZZ:z071","QBUZZ:z072"],"line_refs":["1","2"]}},{"type":"Feature","geometry":{"type":"Point","coordinates":[4.6492664999999995,52.1512115]},"properties":{"stop_id":"stop/alphen-a-d-rijn-ijzerweg__a13dc354ca","stop_name":"Alphen a/d Rijn, IJzerweg","city":"Alphen a/d Rijn","name":"IJzerweg","num_lines":2,"line_ids":["QBUZZ:z071","QBUZZ:z072"],"line_refs":["1","2"]}},{"type":"Feature","geometry":{"type":"Point","coordinates":[4.691685,52.1371055]},"properties":{"stop_id":"stop/alphen-a-d-rijn-kromme-aar__58e847ca28","stop_name":"Alphen a/d Rijn, Kromme Aar","city":"Alphen a/d Rijn","name":"Kromme Aar","num_lines":1,"line_ids":["QBUZZ:z182"],"line_refs":["182"]}},{"type":"Feature","geometry":{"type":"Point","coordinates":[4.667117,52.131619]},"properties":{"stop_id":"stop/alphen-a-d-rijn-lijsterlaan__e47eab4dda","stop_name":"Alphen a/d Rijn, Lijsterlaan","city":"Alphen a/d Rijn","name":"Lijsterlaan","num_lines":1,"line_ids":["QBUZZ:z072"],"line_refs":["2"]}},{"type":"Feature","geometry":{"type":"Point","coordinates":[4.668451,52.150332]},"properties":{"stop_id":"stop/alphen-a-d-rijn-loenhorst__16a9ac900a","stop_name":"Alphen a/d Rijn, Loenhorst","city":"Alphen a/d Rijn","name":"Loenhorst","num_lines":1,"line_ids":["QBUZZ:z072"],"line_refs":["2"]}},{"type":"Feature","geometry":{"type":"Point","coordinates":[4.66422,52.15356]},"properties":{"stop_id":"stop/alphen-a-d-rijn-lokhorst__fe37c763de","stop_name":"Alphen a/d Rijn, Lokhorst","city":"Alphen a/d Rijn","name":"Lokhorst","num_lines":1,"line_ids":["QBUZZ:z071"],"line_refs":["1"]}},{"type":"Feature","geometry":{"type":"Point","coordinates":[4.628843000000001,52.13240933333333]},"properties":{"stop_id":"stop/alphen-a-d-rijn-maatschapslaan__32372199df","stop_name":"Alphen a/d Rijn, Maatschapslaan","city":"Alphen a/d Rijn","name":"Maatschapslaan","num_lines":1,"line_ids":["QBUZZ:z165"],"line_refs":["165"]}},{"type":"Feature","geometry":{"type":"Point","coordinates":[4.639200000000001,52.132834]},"properties":{"stop_id":"stop/alphen-a-d-rijn-magazijnweg__651d781a17","stop_name":"Alphen a/d Rijn, Magazijnweg","city":"Alphen a/d Rijn","name":"Magazijnweg","num_lines":3,"line_ids":["QBUZZ:z071","QBUZZ:z072","QBUZZ:z165"],"line_refs":["1","2","165"]}},{"type":"Feature","geometry":{"type":"Point","coordinates":[4.6509065,52.130171000000004]},"properties":{"stop_id":"stop/alphen-a-d-rijn-magnolia__d5246b3ef3","stop_name":"Alphen a/d Rijn, Magnolia","city":"Alphen a/d Rijn","name":"Magnolia","num_lines":1,"line_ids":["QBUZZ:z165"],"line_refs":["165"]}},{"type":"Feature","geometry":{"type":"Point","coordinates":[4.6549215,52.145831]},"properties":{"stop_id":"stop/alphen-a-d-rijn-marsdiep__a670e093a2","stop_name":"Alphen a/d Rijn, Marsdiep","city":"Alphen a/d Rijn","name":"Marsdiep","num_lines":1,"line_ids":["QBUZZ:z169"],"line_refs":["169"]}},{"type":"Feature","geometry":{"type":"Point","coordinates":[4.667116,52.134356499999996]},"properties":{"stop_id":"stop/alphen-a-d-rijn-meerkoetstraat__c9472f2bf9","stop_name":"Alphen a/d Rijn, Meerkoetstraat","city":"Alphen a/d Rijn","name":"Meerkoetstraat","num_lines":3,"line_ids":["QBUZZ:z071","QBUZZ:z072","QBUZZ:z147"],"line_refs":["1","2","147"]}},{"type":"Feature","geometry":{"type":"Point","coordinates":[4.65582,52.128907]},"properties":{"stop_id":"stop/alphen-a-d-rijn-molenvliet__1b7d8abd89","stop_name":"Alphen a/d Rijn, Molenvliet","city":"Alphen a/d Rijn","name":"Molenvliet","num_lines":1,"line_ids":["QBUZZ:z165"],"line_refs":["165"]}},{"type":"Feature","geometry":{"type":"Point","coordinates":[4.681449499999999,52.1488735]},"properties":{"stop_id":"stop/alphen-a-d-rijn-paddestoelweg__91177958b1","stop_name":"Alphen a/d Rijn, Paddestoelweg","city":"Alphen a/d Rijn","name":"Paddestoelweg","num_lines":2,"line_ids":["QBUZZ:z071","QBUZZ:z072"],"line_refs":["1","2"]}},{"type":"Feature","geometry":{"type":"Point","coordinates":[4.6631405,52.1178655]},"properties":{"stop_id":"stop/alphen-a-d-rijn-polderpeil__5fa12e01c3","stop_name":"Alphen a/d Rijn, Polderpeil","city":"Alphen a/d Rijn","name":"Polderpeil","num_lines":2,"line_ids":["QBUZZ:z071","QBUZZ:z072"],"line_refs":["1","2"]}},{"type":"Feature","geometry":{"type":"Point","coordinates":[4.650904499999999,52.154655000000005]},"properties":{"stop_id":"stop/alphen-a-d-rijn-poortwachter__a860ce06f2","stop_name":"Alphen a/d Rijn, Poortwachter","city":"Alphen a/d Rijn","name":"Poortwachter","num_lines":2,"line_ids":["QBUZZ:z071","QBUZZ:z072"],"line_refs":["1","2"]}},{"type":"Feature","geometry":{"type":"Point","coordinates":[4.675433125,52.143041125]},"properties":{"stop_id":"stop/alphen-a-d-rijn-ridderhof__4b1f99ed00","stop_name":"Alphen a/d Rijn, Ridderhof","city":"Alphen a/d Rijn","name":"Ridderhof","num_lines":4,"line_ids":["QBUZZ:z071","QBUZZ:z072","QBUZZ:z169","QBUZZ:z182"],"line_refs":["1","2","169","182"]}},{"type":"Feature","geometry":{"type":"Point","coordinates":[4.676861000000001,52.1208925]},"properties":{"stop_id":"stop/alphen-a-d-rijn-rijnbrug__25e60c8af4","stop_name":"Alphen a/d Rijn, Rijnbrug","city":"Alphen a/d Rijn","name":"Rijnbrug","num_lines":1,"line_ids":["QBUZZ:z147"],"line_refs":["147"]}},{"type":"Feature","geometry":{"type":"Point","coordinates":[4.646679000000001,52.13408999999999]},"properties":{"stop_id":"stop/alphen-a-d-rijn-rijnhavenkade__b40b78fce0","stop_name":"Alphen a/d Rijn, Rijnhavenkade","city":"Alphen a/d Rijn","name":"Rijnhavenkade","num_lines":3,"line_ids":["QBUZZ:z071","QBUZZ:z072","QBUZZ:z165"],"line_refs":["1","2","165"]}},{"type":"Feature","geometry":{"type":"Point","coordinates":[4.630712833333334,52.1303115]},"properties":{"stop_id":"stop/alphen-a-d-rijn-rijnvicus__b57a73e8d0","stop_name":"Alphen a/d Rijn, Rijnvicus","city":"Alphen a/d Rijn","name":"Rijnvicus","num_lines":2,"line_ids":["QBUZZ:z071","QBUZZ:z072"],"line_refs":["1","2"]}},{"type":"Feature","geometry":{"type":"Point","coordinates":[4.653205,52.1289225]},"properties":{"stop_id":"stop/alphen-a-d-rijn-rijnzate__ac8358979a","stop_name":"Alphen a/d Rijn, Rijnzate","city":"Alphen a/d Rijn","name":"Rijnzate","num_lines":1,"line_ids":["QBUZZ:z165"],"line_refs":["165"]}},{"type":"Feature","geometry":{"type":"Point","coordinates":[4.6739275,52.1505225]},"properties":{"stop_id":"stop/alphen-a-d-rijn-rijsenburg__dc80cc7dda","stop_name":"Alphen a/d Rijn, Rijsenburg","city":"Alphen a/d Rijn","name":"Rijsenburg","num_lines":2,"line_ids":["QBUZZ:z071","QBUZZ:z072"],"line_refs":["1","2"]}},{"type":"Feature","geometry":{"type":"Point","coordinates":[4.681604500000001,52.143216499999994]},"properties":{"stop_id":"stop/alphen-a-d-rijn-saffierstraat__9d480d45ad","stop_name":"Alphen a/d Rijn, Saffierstraat","city":"Alphen a/d Rijn","name":"Saffierstraat","num_lines":3,"line_ids":["QBUZZ:z071","QBUZZ:z072","QBUZZ:z182"],"line_refs":["1","2","182"]}},{"type":"Feature","geometry":{"type":"Point","coordinates":[4.672145,52.137299000000006]},"properties":{"stop_id":"stop/alphen-a-d-rijn-sportlaan__4d82893a0e","stop_name":"Alphen a/d Rijn, Sportlaan","city":"Alphen a/d Rijn","name":"Sportlaan","num_lines":3,"line_ids":["QBUZZ:z071","QBUZZ:z072","QBUZZ:z169"],"line_refs":["1","2","169"]}},{"type":"Feature","geometry":{"type":"Point","coordinates":[4.6339475,52.120796999999996]},"properties":{"stop_id":"stop/alphen-a-d-rijn-sportpark__3ea7057200","stop_name":"Alphen a/d Rijn, Sportpark","city":"Alphen a/d Rijn","name":"Sportpark","num_lines":2,"line_ids":["QBUZZ:z071","QBUZZ:z072"],"line_refs":["1","2"]}},{"type":"Feature","geometry":{"type":"Point","coordinates":[4.657714,52.1345455]},"properties":{"stop_id":"stop/alphen-a-d-rijn-stadhoudersplein__13bda6ba9c","stop_name":"Alphen a/d Rijn, Stadhoudersplein","city":"Alphen a/d Rijn","name":"Stadhoudersplein","num_lines":2,"line_ids":["QBUZZ:z147","QBUZZ:z169"],"line_refs":["147","169"]}},{"type":"Feature","geometry":{"type":"Point","coordinates":[4.658157571428572,52.12475242857143]},"properties":{"stop_id":"stop/alphen-a-d-rijn-station__29c67bec6a","stop_name":"Alphen a/d Rijn, Station","city":"Alphen a/d Rijn","name":"Station","num_lines":7,"line_ids":["QBUZZ:z071","QBUZZ:z072","QBUZZ:z147","QBUZZ:z165","QBUZZ:z169","QBUZZ:z182","QBUZZ:z470"],"line_refs":["1","2","147","165","169","182","470"]}},{"type":"Feature","geometry":{"type":"Point","coordinates":[4.6556425,52.124142]},"properties":{"stop_id":"stop/alphen-a-d-rijn-station-azielaan__dbcbb02a3a","stop_name":"Alphen a/d Rijn, Station/Aziëlaan","city":"Alphen a/d Rijn","name":"Station/Aziëlaan","num_lines":2,"line_ids":["QBUZZ:z071","QBUZZ:z072"],"line_refs":["1","2"]}},{"type":"Feature","geometry":{"type":"Point","coordinates":[4.6554875,52.150086]},"properties":{"stop_id":"stop/alphen-a-d-rijn-stortemelk__8ea9b7597a","stop_name":"Alphen a/d Rijn, Stortemelk","city":"Alphen a/d Rijn","name":"Stortemelk","num_lines":2,"line_ids":["QBUZZ:z071","QBUZZ:z072"],"line_refs":["1","2"]}},{"type":"Feature","geometry":{"type":"Point","coordinates":[4.6691575,52.131817]},"properties":{"stop_id":"stop/alphen-a-d-rijn-thorbeckestraat__bd99718f7c","stop_name":"Alphen a/d Rijn, Thorbeckestraat","city":"Alphen a/d Rijn","name":"Thorbeckestraat","num_lines":1,"line_ids":["QBUZZ:z147"],"line_refs":["147"]}},{"type":"Feature","geometry":{"type":"Point","coordinates":[4.6564705,52.136893]},"properties":{"stop_id":"stop/alphen-a-d-rijn-van-nesstraat__1d4bae35bc","stop_name":"Alphen a/d Rijn, van Nesstraat","city":"Alphen a/d Rijn","name":"van Nesstraat","num_lines":1,"line_ids":["QBUZZ:z182"],"line_refs":["182"]}},{"type":"Feature","geometry":{"type":"Point","coordinates":[4.633947,52.131676999999996]},"properties":{"stop_id":"stop/alphen-a-d-rijn-vennootsweg__fe0fe27843","stop_name":"Alphen a/d Rijn, Vennootsweg","city":"Alphen a/d Rijn","name":"Vennootsweg","num_lines":3,"line_ids":["QBUZZ:z071","QBUZZ:z072","QBUZZ:z165"],"line_refs":["1","2","165"]}},{"type":"Feature","geometry":{"type":"Point","coordinates":[4.642872,52.11933]},"properties":{"stop_id":"stop/alphen-a-d-rijn-vroonhoevelaan__839864d127","stop_name":"Alphen a/d Rijn, Vroonhoevelaan","city":"Alphen a/d Rijn","name":"Vroonhoevelaan","num_lines":2,"line_ids":["QBUZZ:z071","QBUZZ:z072"],"line_refs":["1","2"]}},{"type":"Feature","geometry":{"type":"Point","coordinates":[4.6511935,52.132707499999995]},"properties":{"stop_id":"stop/alphen-a-d-rijn-westerhove__6a080189fb","stop_name":"Alphen a/d Rijn, Westerhove","city":"Alphen a/d Rijn","name":"Westerhove","num_lines":1,"line_ids":["QBUZZ:z165"],"line_refs":["165"]}},{"type":"Feature","geometry":{"type":"Point","coordinates":[4.6682945,52.1355585]},"properties":{"stop_id":"stop/alphen-a-d-rijn-willem-de-zwijgerlaan__55d78fdb3a","stop_name":"Alphen a/d Rijn, Willem de Zwijgerlaan","city":"Alphen a/d Rijn","name":"Willem de Zwijgerlaan","num_lines":3,"line_ids":["QBUZZ:z071","QBUZZ:z072","QBUZZ:z169"],"line_refs":["1","2","169"]}},{"type":"Feature","geometry":{"type":"Point","coordinates":[4.6547035,52.154247]},"properties":{"stop_id":"stop/alphen-a-d-rijn-zadelmaker__48652f10db","stop_name":"Alphen a/d Rijn, Zadelmaker","city":"Alphen a/d Rijn","name":"Zadelmaker","num_lines":2,"line_ids":["QBUZZ:z071","QBUZZ:z072"],"line_refs":["1","2"]}},{"type":"Feature","geometry":{"type":"Point","coordinates":[4.7030025,52.142538]},"properties":{"stop_id":"stop/alphen-a-d-rijn-zegerbrug__2ff3b6b0d6","stop_name":"Alphen a/d Rijn, Zegerbrug","city":"Alphen a/d Rijn","name":"Zegerbrug","num_lines":1,"line_ids":["QBUZZ:z182"],"line_refs":["182"]}},{"type":"Feature","geometry":{"type":"Point","coordinates":[4.687735999999999,52.141140500000006]},"properties":{"stop_id":"stop/alphen-a-d-rijn-zegerplas__5b057ffe99","stop_name":"Alphen a/d Rijn, Zegerplas","city":"Alphen a/d Rijn","name":"Zegerplas","num_lines":1,"line_ids":["QBUZZ:z182"],"line_refs":["182"]}},{"type":"Feature","geometry":{"type":"Point","coordinates":[4.658317599999999,52.145885299999996]},"properties":{"stop_id":"stop/alphen-a-d-rijn-ziekenhuis__839c1a1911","stop_name":"Alphen a/d Rijn, Ziekenhuis","city":"Alphen a/d Rijn","name":"Ziekenhuis","num_lines":5,"line_ids":["QBUZZ:z071","QBUZZ:z072","QBUZZ:z169","QBUZZ:z182","QBUZZ:z470"],"line_refs":["1","2","169","182","470"]}},{"type":"Feature","geometry":{"type":"Point","coordinates":[4.6623660000000005,52.1435805]},"properties":{"stop_id":"stop/alphen-a-d-rijn-ziekenhuis-hoofdingang__658737f7bc","stop_name":"Alphen a/d Rijn, Ziekenhuis hoofdingang","city":"Alphen a/d Rijn","name":"Ziekenhuis hoofdingang","num_lines":1,"line_ids":["QBUZZ:z169"],"line_refs":["169"]}},{"type":"Feature","geometry":{"type":"Point","coordinates":[4.6566145,52.1392715]},"properties":{"stop_id":"stop/alphen-a-d-rijn-zoutmanstraat-avifauna__478b862eb2","stop_name":"Alphen a/d Rijn, Zoutmanstraat/Avifauna","city":"Alphen a/d Rijn","name":"Zoutmanstraat/Avifauna","num_lines":1,"line_ids":["QBUZZ:z182"],"line_refs":["182"]}},{"type":"Feature","geometry":{"type":"Point","coordinates":[4.646860500000001,52.138571999999996]},"properties":{"stop_id":"stop/alphen-a-d-rijn-zwembad-de-hoorn__e3349d1398","stop_name":"Alphen a/d Rijn, Zwembad De Hoorn","city":"Alphen a/d Rijn","name":"Zwembad De Hoorn","num_lines":2,"line_ids":["QBUZZ:z071","QBUZZ:z072"],"line_refs":["1","2"]}},{"type":"Feature","geometry":{"type":"Point","coordinates":[4.595192,52.2855755]},"properties":{"stop_id":"stop/beinsdorp-beinsdorp__8a1181bbaf","stop_name":"Beinsdorp, Beinsdorp","city":"Beinsdorp","name":"Beinsdorp","num_lines":1,"line_ids":["QBUZZ:z022"],"line_refs":["22"]}},{"type":"Feature","geometry":{"type":"Point","coordinates":[4.5938514999999995,52.2880025]},"properties":{"stop_id":"stop/beinsdorp-hillegommerdijk__ffea6bdb09","stop_name":"Beinsdorp, Hillegommerdijk","city":"Beinsdorp","name":"Hillegommerdijk","num_lines":1,"line_ids":["QBUZZ:z022"],"line_refs":["22"]}},{"type":"Feature","geometry":{"type":"Point","coordinates":[4.598699,52.2836845]},"properties":{"stop_id":"stop/beinsdorp-venneperweg-460__1ad421ce90","stop_name":"Beinsdorp, Venneperweg 460","city":"Beinsdorp","name":"Venneperweg 460","num_lines":1,"line_ids":["QBUZZ:z022"],"line_refs":["22"]}},{"type":"Feature","geometry":{"type":"Point","coordinates":[4.5946985,52.323938]},"properties":{"stop_id":"stop/bennebroek-bennebroekerlaan__7c5ecf44fd","stop_name":"Bennebroek, Bennebroekerlaan","city":"Bennebroek","name":"Bennebroekerlaan","num_lines":1,"line_ids":["QBUZZ:z250"],"line_refs":["250"]}},{"type":"Feature","geometry":{"type":"Point","coordinates":[4.5920425,52.3211385]},"properties":{"stop_id":"stop/bennebroek-duinoord__97b881c3f7","stop_name":"Bennebroek, Duinoord","city":"Bennebroek","name":"Duinoord","num_lines":1,"line_ids":["QBUZZ:z250"],"line_refs":["250"]}},{"type":"Feature","geometry":{"type":"Point","coordinates":[4.590352,52.3176575]},"properties":{"stop_id":"stop/bennebroek-ggz-ingeest__7d210e09a8","stop_name":"Bennebroek, GGZ inGeest","city":"Bennebroek","name":"GGZ inGeest","num_lines":1,"line_ids":["QBUZZ:z250"],"line_refs":["250"]}},{"type":"Feature","geometry":{"type":"Point","coordinates":[4.596821,52.3270755]},"properties":{"stop_id":"stop/bennebroek-linnaeushof-west__5595ef736e","stop_name":"Bennebroek, Linnaeushof-west","city":"Bennebroek","name":"Linnaeushof-west","num_lines":1,"line_ids":["QBUZZ:z250"],"line_refs":["250"]}},{"type":"Feature","geometry":{"type":"Point","coordinates":[4.5526245,52.073775]},"properties":{"stop_id":"stop/benthuizen-de-bentlanden__23a4fd67d7","stop_name":"Benthuizen, de Bentlanden","city":"Benthuizen","name":"de Bentlanden","num_lines":1,"line_ids":["QBUZZ:z165"],"line_refs":["165"]}},{"type":"Feature","geometry":{"type":"Point","coordinates":[4.543847333333333,52.07369566666667]},"properties":{"stop_id":"stop/benthuizen-dr-a-schweitzerlaan__0da9cf104f","stop_name":"Benthuizen, Dr. A. Schweitzerlaan","city":"Benthuizen","name":"Dr. A. Schweitzerlaan","num_lines":1,"line_ids":["QBUZZ:z165"],"line_refs":["165"]}},{"type":"Feature","geometry":{"type":"Point","coordinates":[4.5735715,52.0781505]},"properties":{"stop_id":"stop/benthuizen-hoogspanningskabels__398a7a8d3c","stop_name":"Benthuizen, Hoogspanningskabels","city":"Benthuizen","name":"Hoogspanningskabels","num_lines":1,"line_ids":["QBUZZ:z165"],"line_refs":["165"]}},{"type":"Feature","geometry":{"type":"Point","coordinates":[4.535992,52.074334]},"properties":{"stop_id":"stop/benthuizen-noordhovepad__981ae2edff","stop_name":"Benthuizen, Noordhovepad","city":"Benthuizen","name":"Noordhovepad","num_lines":1,"line_ids":["QBUZZ:z165"],"line_refs":["165"]}},{"type":"Feature","geometry":{"type":"Point","coordinates":[4.6352519999999995,52.0758185]},"properties":{"stop_id":"stop/boskoop-roemer__4a4ee6bf1d","stop_name":"Boskoop, Roemer","city":"Boskoop","name":"Roemer","num_lines":1,"line_ids":["QBUZZ:z187"],"line_refs":["187"]}},{"type":"Feature","geometry":{"type":"Point","coordinates":[4.647022,52.076792]},"properties":{"stop_id":"stop/boskoop-station__1918e1446d","stop_name":"Boskoop, Station","city":"Boskoop","name":"Station","num_lines":1,"line_ids":["QBUZZ:z187"],"line_refs":["187"]}},{"type":"Feature","geometry":{"type":"Point","coordinates":[4.792459,52.241281]},"properties":{"stop_id":"stop/de-kwakel-de-kuil__c1473d1286","stop_name":"De Kwakel, De Kuil","city":"De Kwakel","name":"De Kuil","num_lines":1,"line_ids":["QBUZZ:z147"],"line_refs":["147"]}},{"type":"Feature","geometry":{"type":"Point","coordinates":[4.788659,52.2331585]},"properties":{"stop_id":"stop/de-kwakel-drechtdijk-101__9d1b530230","stop_name":"De Kwakel, Drechtdijk 101","city":"De Kwakel","name":"Drechtdijk 101","num_lines":1,"line_ids":["QBUZZ:z147"],"line_refs":["147"]}},{"type":"Feature","geometry":{"type":"Point","coordinates":[4.786614999999999,52.231162]},"properties":{"stop_id":"stop/de-kwakel-drechtdijk-119__ee9f55011a","stop_name":"De Kwakel, Drechtdijk 119","city":"De Kwakel","name":"Drechtdijk 119","num_lines":1,"line_ids":["QBUZZ:z147"],"line_refs":["147"]}},{"type":"Feature","geometry":{"type":"Point","coordinates":[4.791476,52.235968]},"properties":{"stop_id":"stop/de-kwakel-fort-de-kwakel__aa51ae838a","stop_name":"De Kwakel, Fort De Kwakel","city":"De Kwakel","name":"Fort De Kwakel","num_lines":1,"line_ids":["QBUZZ:z147"],"line_refs":["147"]}},{"type":"Feature","geometry":{"type":"Point","coordinates":[4.7978275,52.244386]},"properties":{"stop_id":"stop/de-kwakel-iepenlaan__18f3d165b5","stop_name":"De Kwakel, Iepenlaan","city":"De Kwakel","name":"Iepenlaan","num_lines":1,"line_ids":["QBUZZ:z147"],"line_refs":["147"]}},{"type":"Feature","geometry":{"type":"Point","coordinates":[4.793697,52.239556500000006]},"properties":{"stop_id":"stop/de-kwakel-kwakelsepad__388e901068","stop_name":"De Kwakel, Kwakelsepad","city":"De Kwakel","name":"Kwakelsepad","num_lines":1,"line_ids":["QBUZZ:z147"],"line_refs":["147"]}},{"type":"Feature","geometry":{"type":"Point","coordinates":[4.796324500000001,52.242356]},"properties":{"stop_id":"stop/de-kwakel-vuurlijn__5086fa763c","stop_name":"De Kwakel, Vuurlijn","city":"De Kwakel","name":"Vuurlijn","num_lines":1,"line_ids":["QBUZZ:z147"],"line_refs":["147"]}},{"type":"Feature","geometry":{"type":"Point","coordinates":[4.5371915000000005,52.300853000000004]},"properties":{"stop_id":"stop/de-zilk-amsterdamse-waterleidingduinen__f0afaeaa09","stop_name":"De Zilk, Amsterdamse Waterleidingduinen","city":"De Zilk","name":"Amsterdamse Waterleidingduinen","num_lines":1,"line_ids":["QBUZZ:z022"],"line_refs":["22"]}},{"type":"Feature","geometry":{"type":"Point","coordinates":[4.544363000000001,52.300356]},"properties":{"stop_id":"stop/de-zilk-hoogduinweg__40e8931b34","stop_name":"De Zilk, Hoogduinweg","city":"De Zilk","name":"Hoogduinweg","num_lines":1,"line_ids":["QBUZZ:z022"],"line_refs":["22"]}},{"type":"Feature","geometry":{"type":"Point","coordinates":[4.328854,52.0848895]},"properties":{"stop_id":"stop/den-haag-boslaan__747e3f45b2","stop_name":"Den Haag, Boslaan","city":"Den Haag","name":"Boslaan","num_lines":2,"line_ids":["EBS:3043","EBS:3044"],"line_refs":["43","44"]}},{"type":"Feature","geometry":{"type":"Point","coordinates":[4.3404185,52.0904355]},"properties":{"stop_id":"stop/den-haag-carel-reinierszkade__abde44ac44","stop_name":"Den Haag, Carel Reinierszkade","city":"Den Haag","name":"Carel Reinierszkade","num_lines":2,"line_ids":["EBS:3043","EBS:3044"],"line_refs":["43","44"]}},{"type":"Feature","geometry":{"type":"Point","coordinates":[4.337742499999999,52.077620499999995]},"properties":{"stop_id":"stop/den-haag-haagse-poort__85d2daf630","stop_name":"Den Haag, Haagse Poort","city":"Den Haag","name":"Haagse Poort","num_lines":2,"line_ids":["EBS:3045","EBS:3046"],"line_refs":["45","46"]}},{"type":"Feature","geometry":{"type":"Point","coordinates":[4.3579515,52.098369500000004]},"properties":{"stop_id":"stop/den-haag-hofzichtlaan__a1b8c4aada","stop_name":"Den Haag, Hofzichtlaan","city":"Den Haag","name":"Hofzichtlaan","num_lines":2,"line_ids":["EBS:3043","EBS:3044"],"line_refs":["43","44"]}},{"type":"Feature","geometry":{"type":"Point","coordinates":[4.3324465,52.081663000000006]},"properties":{"stop_id":"stop/den-haag-juliana-van-stolberglaan__32d3f159df","stop_name":"Den Haag, Juliana van Stolberglaan","city":"Den Haag","name":"Juliana van Stolberglaan","num_lines":2,"line_ids":["EBS:3045","EBS:3046"],"line_refs":["45","46"]}},{"type":"Feature","geometry":{"type":"Point","coordinates":[4.3349275,52.087847]},"properties":{"stop_id":"stop/den-haag-laan-van-nieuw-oost-indie__c077fcdb8e","stop_name":"Den Haag, Laan van Nieuw Oost-Indie","city":"Den Haag","name":"Laan van Nieuw Oost-Indie","num_lines":2,"line_ids":["EBS:3043","EBS:3044"],"line_refs":["43","44"]}},{"type":"Feature","geometry":{"type":"Point","coordinates":[4.3346885,52.0800245]},"properties":{"stop_id":"stop/den-haag-prinses-marijkestraat__dcc2d0b47b","stop_name":"Den Haag, Prinses Marijkestraat","city":"Den Haag","name":"Prinses Marijkestraat","num_lines":2,"line_ids":["EBS:3045","EBS:3046"],"line_refs":["45","46"]}},{"type":"Feature","geometry":{"type":"Point","coordinates":[4.350187,52.0936405]},"properties":{"stop_id":"stop/den-haag-reigersbergenweg__eb89e5c96e","stop_name":"Den Haag, Reigersbergenweg","city":"Den Haag","name":"Reigersbergenweg","num_lines":2,"line_ids":["EBS:3043","EBS:3044"],"line_refs":["43","44"]}},{"type":"Feature","geometry":{"type":"Point","coordinates":[4.361153,52.100357]},"properties":{"stop_id":"stop/den-haag-zuidwerflaan__936c98332f","stop_name":"Den Haag, Zuidwerflaan","city":"Den Haag","name":"Zuidwerflaan","num_lines":2,"line_ids":["EBS:3043","EBS:3044"],"line_refs":["43","44"]}},{"type":"Feature","geometry":{"type":"Point","coordinates":[4.6305265,52.374316500000006]},"properties":{"stop_id":"stop/haarlem-centrum-houtplein__3d2e012841","stop_name":"Haarlem, Centrum/Houtplein","city":"Haarlem","name":"Centrum/Houtplein","num_lines":1,"line_ids":["QBUZZ:z250"],"line_refs":["250"]}},{"type":"Feature","geometry":{"type":"Point","coordinates":[4.62559,52.372307]},"properties":{"stop_id":"stop/haarlem-florapark__1584360cac","stop_name":"Haarlem, Florapark","city":"Haarlem","name":"Florapark","num_lines":1,"line_ids":["QBUZZ:z250"],"line_refs":["250"]}},{"type":"Feature","geometry":{"type":"Point","coordinates":[4.628728000000001,52.3815805]},"properties":{"stop_id":"stop/haarlem-raaksbrug__6d44458bfb","stop_name":"Haarlem, Raaksbrug","city":"Haarlem","name":"Raaksbrug","num_lines":1,"line_ids":["QBUZZ:z250"],"line_refs":["250"]}},{"type":"Feature","geometry":{"type":"Point","coordinates":[4.6268015,52.3782785]},"properties":{"stop_id":"stop/haarlem-stadsschouwburg__6ed8d7b3a3","stop_name":"Haarlem, Stadsschouwburg","city":"Haarlem","name":"Stadsschouwburg","num_lines":1,"line_ids":["QBUZZ:z250"],"line_refs":["250"]}},{"type":"Feature","geometry":{"type":"Point","coordinates":[4.6387376666666675,52.387437000000006]},"properties":{"stop_id":"stop/haarlem-station__66e33f855f","stop_name":"Haarlem, Station","city":"Haarlem","name":"Station","num_lines":1,"line_ids":["QBUZZ:z250"],"line_refs":["250"]}},{"type":"Feature","geometry":{"type":"Point","coordinates":[4.618133,52.362853]},"properties":{"stop_id":"stop/haarlem-v-oldenbarneveltlaan__7af8ac65b3","stop_name":"Haarlem, v. Oldenbarneveltlaan","city":"Haarlem","name":"v. Oldenbarneveltlaan","num_lines":1,"line_ids":["QBUZZ:z250"],"line_refs":["250"]}},{"type":"Feature","geometry":{"type":"Point","coordinates":[4.620959,52.3679405]},"properties":{"stop_id":"stop/haarlem-zomerluststraat__3a6e34c661","stop_name":"Haarlem, Zomerluststraat","city":"Haarlem","name":"Zomerluststraat","num_lines":1,"line_ids":["QBUZZ:z250"],"line_refs":["250"]}},{"type":"Feature","geometry":{"type":"Point","coordinates":[4.590989,52.095959500000006]},"properties":{"stop_id":"stop/hazerswoude-dorp__cbfd75377b","stop_name":"Hazerswoude, Dorp","city":"Hazerswoude","name":"Dorp","num_lines":2,"line_ids":["QBUZZ:z165","QBUZZ:z187"],"line_refs":["165","187"]}},{"type":"Feature","geometry":{"type":"Point","coordinates":[4.5880624999999995,52.078262499999994]},"properties":{"stop_id":"stop/hazerswoude-driesprong__5baae566f4","stop_name":"Hazerswoude, Driesprong","city":"Hazerswoude","name":"Driesprong","num_lines":2,"line_ids":["QBUZZ:z165","QBUZZ:z187"],"line_refs":["165","187"]}},{"type":"Feature","geometry":{"type":"Point","coordinates":[4.628276,52.076461]},"properties":{"stop_id":"stop/hazerswoude-itc__82256a3c45","stop_name":"Hazerswoude, ITC","city":"Hazerswoude","name":"ITC","num_lines":1,"line_ids":["QBUZZ:z187"],"line_refs":["187"]}},{"type":"Feature","geometry":{"type":"Point","coordinates":[4.600751000000001,52.077189000000004]},"properties":{"stop_id":"stop/hazerswoude-middelweg__7c7ca44730","stop_name":"Hazerswoude, Middelweg","city":"Hazerswoude","name":"Middelweg","num_lines":1,"line_ids":["QBUZZ:z187"],"line_refs":["187"]}},{"type":"Feature","geometry":{"type":"Point","coordinates":[4.590144666666666,52.102201]},"properties":{"stop_id":"stop/hazerswoude-zwembad__d27a55a39a","stop_name":"Hazerswoude, Zwembad","city":"Hazerswoude","name":"Zwembad","num_lines":2,"line_ids":["QBUZZ:z165","QBUZZ:z187"],"line_refs":["165","187"]}},{"type":"Feature","geometry":{"type":"Point","coordinates":[4.623022000000001,52.132954999999995]},"properties":{"stop_id":"stop/hazerswoude-rijndijk-de-bonte-paal__530b17a534","stop_name":"Hazerswoude-Rijndijk, De Bonte Paal","city":"Hazerswoude-Rijndijk","name":"De Bonte Paal","num_lines":1,"line_ids":["QBUZZ:z165"],"line_refs":["165"]}},{"type":"Feature","geometry":{"type":"Point","coordinates":[4.586869999999999,52.114725500000006]},"properties":{"stop_id":"stop/hazerswoude-rijndijk-galgweg__a94b60ab8a","stop_name":"Hazerswoude-Rijndijk, Galgweg","city":"Hazerswoude-Rijndijk","name":"Galgweg","num_lines":2,"line_ids":["QBUZZ:z165","QBUZZ:z187"],"line_refs":["165","187"]}},{"type":"Feature","geometry":{"type":"Point","coordinates":[4.583279833333333,52.12792099999999]},"properties":{"stop_id":"stop/hazerswoude-rijndijk-gemeneweg__b9a7d5409e","stop_name":"Hazerswoude-Rijndijk, Gemeneweg","city":"Hazerswoude-Rijndijk","name":"Gemeneweg","num_lines":3,"line_ids":["QBUZZ:z165","QBUZZ:z169","QBUZZ:z187"],"line_refs":["165","169","187"]}},{"type":"Feature","geometry":{"type":"Point","coordinates":[4.5560875,52.1331045]},"properties":{"stop_id":"stop/hazerswoude-rijndijk-groenendijk__1d80ce7dfc","stop_name":"Hazerswoude-Rijndijk, Groenendijk","city":"Hazerswoude-Rijndijk","name":"Groenendijk","num_lines":2,"line_ids":["QBUZZ:z169","QBUZZ:z187"],"line_refs":["169","187"]}},{"type":"Feature","geometry":{"type":"Point","coordinates":[4.59299,52.131031]},"properties":{"stop_id":"stop/hazerswoude-rijndijk-koudekerksebrug__7d2697e75b","stop_name":"Hazerswoude-Rijndijk, Koudekerksebrug","city":"Hazerswoude-Rijndijk","name":"Koudekerksebrug","num_lines":1,"line_ids":["QBUZZ:z165"],"line_refs":["165"]}},{"type":"Feature","geometry":{"type":"Point","coordinates":[4.588539666666667,52.129573333333326]},"properties":{"stop_id":"stop/hazerswoude-rijndijk-raadhuis__61e12a3b06","stop_name":"Hazerswoude-Rijndijk, Raadhuis","city":"Hazerswoude-Rijndijk","name":"Raadhuis","num_lines":2,"line_ids":["QBUZZ:z165","QBUZZ:z169"],"line_refs":["165","169"]}},{"type":"Feature","geometry":{"type":"Point","coordinates":[4.615613,52.129774499999996]},"properties":{"stop_id":"stop/hazerswoude-rijndijk-rijndijk-261__c1ebdf96e8","stop_name":"Hazerswoude-Rijndijk, Rijndijk 261","city":"Hazerswoude-Rijndijk","name":"Rijndijk 261","num_lines":1,"line_ids":["QBUZZ:z165"],"line_refs":["165"]}},{"type":"Feature","geometry":{"type":"Point","coordinates":[4.5596060000000005,52.131237]},"properties":{"stop_id":"stop/hazerswoude-rijndijk-scheepjeskerk__d89f264662","stop_name":"Hazerswoude-Rijndijk, Scheepjeskerk","city":"Hazerswoude-Rijndijk","name":"Scheepjeskerk","num_lines":2,"line_ids":["QBUZZ:z169","QBUZZ:z187"],"line_refs":["169","187"]}},{"type":"Feature","geometry":{"type":"Point","coordinates":[4.569578333333332,52.12858333333333]},"properties":{"stop_id":"stop/hazerswoude-rijndijk-tijssen__b1f535697e","stop_name":"Hazerswoude-Rijndijk, Tijssen","city":"Hazerswoude-Rijndijk","name":"Tijssen","num_lines":2,"line_ids":["QBUZZ:z169","QBUZZ:z187"],"line_refs":["169","187"]}},{"type":"Feature","geometry":{"type":"Point","coordinates":[4.597718,52.130838]},"properties":{"stop_id":"stop/hazerswoude-rijndijk-zonneveldhof__aab231143f","stop_name":"Hazerswoude-Rijndijk, Zonneveldhof","city":"Hazerswoude-Rijndijk","name":"Zonneveldhof","num_lines":1,"line_ids":["QBUZZ:z165"],"line_refs":["165"]}},{"type":"Feature","geometry":{"type":"Point","coordinates":[4.607609,52.129407]},"properties":{"stop_id":"stop/hazerswoude-rijndijk-zwaantje__ae147fec9f","stop_name":"Hazerswoude-Rijndijk, Zwaantje","city":"Hazerswoude-Rijndijk","name":"Zwaantje","num_lines":1,"line_ids":["QBUZZ:z165"],"line_refs":["165"]}},{"type":"Feature","geometry":{"type":"Point","coordinates":[4.605447,52.339976500000006]},"properties":{"stop_id":"stop/heemstede-groenendaal-herenweg__0e09a953d4","stop_name":"Heemstede, Groenendaal/Herenweg","city":"Heemstede","name":"Groenendaal/Herenweg","num_lines":1,"line_ids":["QBUZZ:z250"],"line_refs":["250"]}},{"type":"Feature","geometry":{"type":"Point","coordinates":[4.6021545,52.3349035]},"properties":{"stop_id":"stop/heemstede-kadijk__e92a69038c","stop_name":"Heemstede, Kadijk","city":"Heemstede","name":"Kadijk","num_lines":1,"line_ids":["QBUZZ:z250"],"line_refs":["250"]}},{"type":"Feature","geometry":{"type":"Point","coordinates":[4.6115115,52.351929999999996]},"properties":{"stop_id":"stop/heemstede-kerklaan__c3039195cf","stop_name":"Heemstede, Kerklaan","city":"Heemstede","name":"Kerklaan","num_lines":1,"line_ids":["QBUZZ:z250"],"line_refs":["250"]}},{"type":"Feature","geometry":{"type":"Point","coordinates":[4.6145315,52.357194500000006]},"properties":{"stop_id":"stop/heemstede-koediefslaan__f36a16aad5","stop_name":"Heemstede, Koediefslaan","city":"Heemstede","name":"Koediefslaan","num_lines":1,"line_ids":["QBUZZ:z250"],"line_refs":["250"]}},{"type":"Feature","geometry":{"type":"Point","coordinates":[4.6078865,52.344361]},"properties":{"stop_id":"stop/heemstede-rijnlaan__7ded04ac59","stop_name":"Heemstede, Rijnlaan","city":"Heemstede","name":"Rijnlaan","num_lines":1,"line_ids":["QBUZZ:z250"],"line_refs":["250"]}},{"type":"Feature","geometry":{"type":"Point","coordinates":[4.6096705,52.348085]},"properties":{"stop_id":"stop/heemstede-v-merlenlaan__6f2022ac5a","stop_name":"Heemstede, v. Merlenlaan","city":"Heemstede","name":"v. Merlenlaan","num_lines":1,"line_ids":["QBUZZ:z250"],"line_refs":["250"]}},{"type":"Feature","geometry":{"type":"Point","coordinates":[4.589042,52.3122245]},"properties":{"stop_id":"stop/hillegom-bethlehemlaan__5d80de64d2","stop_name":"Hillegom, Bethlehemlaan","city":"Hillegom","name":"Bethlehemlaan","num_lines":1,"line_ids":["QBUZZ:z250"],"line_refs":["250"]}},{"type":"Feature","geometry":{"type":"Point","coordinates":[4.578846,52.295096]},"properties":{"stop_id":"stop/hillegom-centrum__b6544dfaec","stop_name":"Hillegom, Centrum","city":"Hillegom","name":"Centrum","num_lines":1,"line_ids":["QBUZZ:z022"],"line_refs":["22"]}},{"type":"Feature","geometry":{"type":"Point","coordinates":[4.588622,52.289477000000005]},"properties":{"stop_id":"stop/hillegom-meerlaan__3c5d70fcd0","stop_name":"Hillegom, Meerlaan","city":"Hillegom","name":"Meerlaan","num_lines":2,"line_ids":["QBUZZ:z022","QBUZZ:z250"],"line_refs":["22","250"]}},{"type":"Feature","geometry":{"type":"Point","coordinates":[4.5810525,52.2865855]},"properties":{"stop_id":"stop/hillegom-olympiaweg__954dfe8b5c","stop_name":"Hillegom, Olympiaweg","city":"Hillegom","name":"Olympiaweg","num_lines":2,"line_ids":["QBUZZ:z022","QBUZZ:z250"],"line_refs":["22","250"]}},{"type":"Feature","geometry":{"type":"Point","coordinates":[4.5852445,52.295099]},"properties":{"stop_id":"stop/hillegom-oranje-nassauplein__30624f291b","stop_name":"Hillegom, Oranje Nassauplein","city":"Hillegom","name":"Oranje Nassauplein","num_lines":1,"line_ids":["QBUZZ:z250"],"line_refs":["250"]}},{"type":"Feature","geometry":{"type":"Point","coordinates":[4.5859024999999995,52.306172000000004]},"properties":{"stop_id":"stop/hillegom-patrimonium__b6370c40cd","stop_name":"Hillegom, Patrimonium","city":"Hillegom","name":"Patrimonium","num_lines":1,"line_ids":["QBUZZ:z250"],"line_refs":["250"]}},{"type":"Feature","geometry":{"type":"Point","coordinates":[4.5665344999999995,52.302907]},"properties":{"stop_id":"stop/hillegom-station__a9e92f8cd6","stop_name":"Hillegom, Station","city":"Hillegom","name":"Station","num_lines":1,"line_ids":["QBUZZ:z022"],"line_refs":["22"]}},{"type":"Feature","geometry":{"type":"Point","coordinates":[4.5716665,52.276317250000005]},"properties":{"stop_id":"stop/hillegom-steenfabriek__2dca8249fc","stop_name":"Hillegom, Steenfabriek","city":"Hillegom","name":"Steenfabriek","num_lines":2,"line_ids":["QBUZZ:z250","QBUZZ:z361"],"line_refs":["250","361"]}},{"type":"Feature","geometry":{"type":"Point","coordinates":[4.590716,52.292026]},"properties":{"stop_id":"stop/hillegom-van-limburg-stirumlaan__6d5bfb82c5","stop_name":"Hillegom, van Limburg Stirumlaan","city":"Hillegom","name":"van Limburg Stirumlaan","num_lines":1,"line_ids":["QBUZZ:z250"],"line_refs":["250"]}},{"type":"Feature","geometry":{"type":"Point","coordinates":[4.5809815,52.296988999999996]},"properties":{"stop_id":"stop/hillegom-van-nispenpark__f69447bb35","stop_name":"Hillegom, van Nispenpark","city":"Hillegom","name":"van Nispenpark","num_lines":1,"line_ids":["QBUZZ:z250"],"line_refs":["250"]}},{"type":"Feature","geometry":{"type":"Point","coordinates":[4.582501,52.300891]},"properties":{"stop_id":"stop/hillegom-weeresteinstraat__ae5a8f744d","stop_name":"Hillegom, Weeresteinstraat","city":"Hillegom","name":"Weeresteinstraat","num_lines":2,"line_ids":["QBUZZ:z022","QBUZZ:z250"],"line_refs":["22","250"]}},{"type":"Feature","geometry":{"type":"Point","coordinates":[4.572855,52.2828445]},"properties":{"stop_id":"stop/hillegom-wilsonweg__9dedf56671","stop_name":"Hillegom, Wilsonweg","city":"Hillegom","name":"Wilsonweg","num_lines":1,"line_ids":["QBUZZ:z250"],"line_refs":["250"]}},{"type":"Feature","geometry":{"type":"Point","coordinates":[4.6863364999999995,52.260041]},"properties":{"stop_id":"stop/hoofddorp-brugrestaurant-a4__a96cbf8af8","stop_name":"Hoofddorp, Brugrestaurant A4","city":"Hoofddorp","name":"Brugrestaurant A4","num_lines":2,"line_ids":["QBUZZ:z361","QBUZZ:z365"],"line_refs":["361","365"]}},{"type":"Feature","geometry":{"type":"Point","coordinates":[4.7204815,52.290345]},"properties":{"stop_id":"stop/hoofddorp-de-hoek__cdbffc911b","stop_name":"Hoofddorp, De Hoek","city":"Hoofddorp","name":"De Hoek","num_lines":3,"line_ids":["QBUZZ:z361","QBUZZ:z365","QBUZZ:z470"],"line_refs":["361","365","470"]}},{"type":"Feature","geometry":{"type":"Point","coordinates":[4.603376,52.167571]},"properties":{"stop_id":"stop/hoogmade-wijde-aa__88abba55d7","stop_name":"Hoogmade, Wijde Aa","city":"Hoogmade","name":"Wijde Aa","num_lines":1,"line_ids":["QBUZZ:z182"],"line_refs":["182"]}},{"type":"Feature","geometry":{"type":"Point","coordinates":[4.586988,52.16766749999999]},"properties":{"stop_id":"stop/hoogmade-zuideinde__b8a0430047","stop_name":"Hoogmade, Zuideinde","city":"Hoogmade","name":"Zuideinde","num_lines":1,"line_ids":["QBUZZ:z182"],"line_refs":["182"]}},{"type":"Feature","geometry":{"type":"Point","coordinates":[4.408746000000001,52.1808495]},"properties":{"stop_id":"stop/katwijk-a-d-rijn-1e-mientlaan__0828230379","stop_name":"Katwijk a/d Rijn, 1e Mientlaan","city":"Katwijk a/d Rijn","name":"1e Mientlaan","num_lines":2,"line_ids":["QBUZZ:z090","QBUZZ:z385"],"line_refs":["90","385"]}},{"type":"Feature","geometry":{"type":"Point","coordinates":[4.4201413333333335,52.190276000000004]},"properties":{"stop_id":"stop/katwijk-a-d-rijn-duinvallei-n206__6ae5aacf89","stop_name":"Katwijk a/d Rijn, Duinvallei/N206","city":"Katwijk a/d Rijn","name":"Duinvallei/N206","num_lines":6,"line_ids":["QBUZZ:z022","QBUZZ:z023","QBUZZ:z090","QBUZZ:z385","QBUZZ:z400","QBUZZ:z401"],"line_refs":["22","23","90","385","400","401"]}},{"type":"Feature","geometry":{"type":"Point","coordinates":[4.4022615,52.1745435]},"properties":{"stop_id":"stop/katwijk-a-d-rijn-panbos__03ffad3bd9","stop_name":"Katwijk a/d Rijn, Panbos","city":"Katwijk a/d Rijn","name":"Panbos","num_lines":2,"line_ids":["QBUZZ:z090","QBUZZ:z385"],"line_refs":["90","385"]}},{"type":"Feature","geometry":{"type":"Point","coordinates":[4.424023999999999,52.193114]},"properties":{"stop_id":"stop/katwijk-a-d-rijn-rijnstraat__9a426a6702","stop_name":"Katwijk a/d Rijn, Rijnstraat","city":"Katwijk a/d Rijn","name":"Rijnstraat","num_lines":1,"line_ids":["QBUZZ:z031"],"line_refs":["31"]}},{"type":"Feature","geometry":{"type":"Point","coordinates":[4.4257795,52.190715000000004]},"properties":{"stop_id":"stop/katwijk-a-d-rijn-sandtlaan__f0bc652467","stop_name":"Katwijk a/d Rijn, Sandtlaan","city":"Katwijk a/d Rijn","name":"Sandtlaan","num_lines":1,"line_ids":["QBUZZ:z031"],"line_refs":["31"]}},{"type":"Feature","geometry":{"type":"Point","coordinates":[4.424758499999999,52.19636]},"properties":{"stop_id":"stop/katwijk-a-d-rijn-schutterswei__ba76681bfa","stop_name":"Katwijk a/d Rijn, Schutterswei","city":"Katwijk a/d Rijn","name":"Schutterswei","num_lines":1,"line_ids":["QBUZZ:z031"],"line_refs":["31"]}},{"type":"Feature","geometry":{"type":"Point","coordinates":[4.4184485,52.2067395]},"properties":{"stop_id":"stop/katwijk-biltlaan__00a9be4b3a","stop_name":"Katwijk, Biltlaan","city":"Katwijk","name":"Biltlaan","num_lines":2,"line_ids":["QBUZZ:z031","QBUZZ:z090"],"line_refs":["31","90"]}},{"type":"Feature","geometry":{"type":"Point","coordinates":[4.386254999999999,52.196672666666664]},"properties":{"stop_id":"stop/katwijk-boulevard-zuid__6ece59f8a9","stop_name":"Katwijk, Boulevard-Zuid","city":"Katwijk","name":"Boulevard-Zuid","num_lines":1,"line_ids":["QBUZZ:z401"],"line_refs":["401"]}},{"type":"Feature","geometry":{"type":"Point","coordinates":[4.40821,52.209257]},"properties":{"stop_id":"stop/katwijk-camping-noord__dc4f9d7df8","stop_name":"Katwijk, Camping Noord","city":"Katwijk","name":"Camping Noord","num_lines":2,"line_ids":["QBUZZ:z031","QBUZZ:z090"],"line_refs":["31","90"]}},{"type":"Feature","geometry":{"type":"Point","coordinates":[4.3989965,52.2041065]},"properties":{"stop_id":"stop/katwijk-centrum__d09f6b2b0b","stop_name":"Katwijk, Centrum","city":"Katwijk","name":"Centrum","num_lines":1,"line_ids":["QBUZZ:z401"],"line_refs":["401"]}},{"type":"Feature","geometry":{"type":"Point","coordinates":[4.417785,52.198892]},"properties":{"stop_id":"stop/katwijk-cleijn-duin__973010f7a5","stop_name":"Katwijk, Cleijn Duin","city":"Katwijk","name":"Cleijn Duin","num_lines":3,"line_ids":["QBUZZ:z031","QBUZZ:z090","QBUZZ:z385"],"line_refs":["31","90","385"]}},{"type":"Feature","geometry":{"type":"Point","coordinates":[4.413372,52.2083695]},"properties":{"stop_id":"stop/katwijk-dr-willem-dreesstraat__b4f1b1da2a","stop_name":"Katwijk, Dr. Willem Dreesstraat","city":"Katwijk","name":"Dr. Willem Dreesstraat","num_lines":2,"line_ids":["QBUZZ:z031","QBUZZ:z090"],"line_refs":["31","90"]}},{"type":"Feature","geometry":{"type":"Point","coordinates":[4.393875,52.197601]},"properties":{"stop_id":"stop/katwijk-drieplassenweg__d207cbdd96","stop_name":"Katwijk, Drieplassenweg","city":"Katwijk","name":"Drieplassenweg","num_lines":2,"line_ids":["QBUZZ:z031","QBUZZ:z090"],"line_refs":["31","90"]}},{"type":"Feature","geometry":{"type":"Point","coordinates":[4.396719,52.198312]},"properties":{"stop_id":"stop/katwijk-duindoornlaan__cf2ee29cd9","stop_name":"Katwijk, Duindoornlaan","city":"Katwijk","name":"Duindoornlaan","num_lines":2,"line_ids":["QBUZZ:z031","QBUZZ:z090"],"line_refs":["31","90"]}},{"type":"Feature","geometry":{"type":"Point","coordinates":[4.415288199999999,52.19982589999999]},"properties":{"stop_id":"stop/katwijk-gemeentehuis__ab2a8dd5e5","stop_name":"Katwijk, Gemeentehuis","city":"Katwijk","name":"Gemeentehuis","num_lines":5,"line_ids":["QBUZZ:z031","QBUZZ:z090","QBUZZ:z385","QBUZZ:z400","QBUZZ:z401"],"line_refs":["31","90","385","400","401"]}},{"type":"Feature","geometry":{"type":"Point","coordinates":[4.42089475,52.206402]},"properties":{"stop_id":"stop/katwijk-hoornes-passage__fc6278eed4","stop_name":"Katwijk, Hoornes Passage","city":"Katwijk","name":"Hoornes Passage","num_lines":4,"line_ids":["QBUZZ:z031","QBUZZ:z090","QBUZZ:z385","QBUZZ:z400"],"line_refs":["31","90","385","400"]}},{"type":"Feature","geometry":{"type":"Point","coordinates":[4.398016500000001,52.209069]},"properties":{"stop_id":"stop/katwijk-jan-tooropstraat__1d003d20ea","stop_name":"Katwijk, Jan Tooropstraat","city":"Katwijk","name":"Jan Tooropstraat","num_lines":2,"line_ids":["QBUZZ:z031","QBUZZ:z090"],"line_refs":["31","90"]}},{"type":"Feature","geometry":{"type":"Point","coordinates":[4.4026815,52.199886]},"properties":{"stop_id":"stop/katwijk-leeuweriklaan__add593c675","stop_name":"Katwijk, Leeuweriklaan","city":"Katwijk","name":"Leeuweriklaan","num_lines":2,"line_ids":["QBUZZ:z031","QBUZZ:z090"],"line_refs":["31","90"]}},{"type":"Feature","geometry":{"type":"Point","coordinates":[4.409245,52.201764999999995]},"properties":{"stop_id":"stop/katwijk-marktplein__42b99c8968","stop_name":"Katwijk, Marktplein","city":"Katwijk","name":"Marktplein","num_lines":3,"line_ids":["QBUZZ:z031","QBUZZ:z090","QBUZZ:z401"],"line_refs":["31","90","401"]}},{"type":"Feature","geometry":{"type":"Point","coordinates":[4.405988499999999,52.1995315]},"properties":{"stop_id":"stop/katwijk-meeuwenlaan__8724a9fbb6","stop_name":"Katwijk, Meeuwenlaan","city":"Katwijk","name":"Meeuwenlaan","num_lines":2,"line_ids":["QBUZZ:z031","QBUZZ:z090"],"line_refs":["31","90"]}},{"type":"Feature","geometry":{"type":"Point","coordinates":[4.3939575,52.205062]},"properties":{"stop_id":"stop/katwijk-nieuw-brittenburg__df004a7572","stop_name":"Katwijk, Nieuw Brittenburg","city":"Katwijk","name":"Nieuw Brittenburg","num_lines":2,"line_ids":["QBUZZ:z031","QBUZZ:z090"],"line_refs":["31","90"]}},{"type":"Feature","geometry":{"type":"Point","coordinates":[4.404605,52.207405333333334]},"properties":{"stop_id":"stop/katwijk-rijnmond__2b85797d0a","stop_name":"Katwijk, Rijnmond","city":"Katwijk","name":"Rijnmond","num_lines":2,"line_ids":["QBUZZ:z031","QBUZZ:z090"],"line_refs":["31","90"]}},{"type":"Feature","geometry":{"type":"Point","coordinates":[4.422165,52.20770050000001]},"properties":{"stop_id":"stop/katwijk-rijnsoever__3373410b13","stop_name":"Katwijk, Rijnsoever","city":"Katwijk","name":"Rijnsoever","num_lines":3,"line_ids":["QBUZZ:z031","QBUZZ:z090","QBUZZ:z385"],"line_refs":["31","90","385"]}},{"type":"Feature","geometry":{"type":"Point","coordinates":[4.422651,52.213641499999994]},"properties":{"stop_id":"stop/katwijk-schorpioen__50b9ad4655","stop_name":"Katwijk, Schorpioen","city":"Katwijk","name":"Schorpioen","num_lines":3,"line_ids":["QBUZZ:z031","QBUZZ:z090","QBUZZ:z385"],"line_refs":["31","90","385"]}},{"type":"Feature","geometry":{"type":"Point","coordinates":[4.4248925,52.211498]},"properties":{"stop_id":"stop/katwijk-sportpark-de-krom__30b5b0d1ac","stop_name":"Katwijk, Sportpark De Krom","city":"Katwijk","name":"Sportpark De Krom","num_lines":4,"line_ids":["QBUZZ:z031","QBUZZ:z090","QBUZZ:z385","QBUZZ:z400"],"line_refs":["31","90","385","400"]}},{"type":"Feature","geometry":{"type":"Point","coordinates":[4.390869333333333,52.200412666666665]},"properties":{"stop_id":"stop/katwijk-vuurbaak__8a7eb5da2c","stop_name":"Katwijk, Vuurbaak","city":"Katwijk","name":"Vuurbaak","num_lines":3,"line_ids":["QBUZZ:z031","QBUZZ:z090","QBUZZ:z401"],"line_refs":["31","90","401"]}},{"type":"Feature","geometry":{"type":"Point","coordinates":[4.402594499999999,52.2038355]},"properties":{"stop_id":"stop/katwijk-zwanenburg__66a63500f1","stop_name":"Katwijk, Zwanenburg","city":"Katwijk","name":"Zwanenburg","num_lines":1,"line_ids":["QBUZZ:z401"],"line_refs":["401"]}},{"type":"Feature","geometry":{"type":"Point","coordinates":[4.620881,52.133444999999995]},"properties":{"stop_id":"stop/koudekerk-a-d-rijn-t-ford__2012fc3a2d","stop_name":"Koudekerk a/d Rijn, 't Ford","city":"Koudekerk a/d Rijn","name":"'t Ford","num_lines":1,"line_ids":["QBUZZ:z169"],"line_refs":["169"]}},{"type":"Feature","geometry":{"type":"Point","coordinates":[4.596583666666667,52.132146999999996]},"properties":{"stop_id":"stop/koudekerk-a-d-rijn-begraafplaats__a2a1a91fbb","stop_name":"Koudekerk a/d Rijn, Begraafplaats","city":"Koudekerk a/d Rijn","name":"Begraafplaats","num_lines":1,"line_ids":["QBUZZ:z169"],"line_refs":["169"]}},{"type":"Feature","geometry":{"type":"Point","coordinates":[4.6009139999999995,52.131408]},"properties":{"stop_id":"stop/koudekerk-a-d-rijn-dr-vlaanderenlaan__0f9461e70a","stop_name":"Koudekerk a/d Rijn, Dr. Vlaanderenlaan","city":"Koudekerk a/d Rijn","name":"Dr. Vlaanderenlaan","num_lines":1,"line_ids":["QBUZZ:z169"],"line_refs":["169"]}},{"type":"Feature","geometry":{"type":"Point","coordinates":[4.6273040000000005,52.138367]},"properties":{"stop_id":"stop/koudekerk-a-d-rijn-landlustweg__c25ffe8b09","stop_name":"Koudekerk a/d Rijn, Landlustweg","city":"Koudekerk a/d Rijn","name":"Landlustweg","num_lines":1,"line_ids":["QBUZZ:z169"],"line_refs":["169"]}},{"type":"Feature","geometry":{"type":"Point","coordinates":[4.6131675,52.1301445]},"properties":{"stop_id":"stop/koudekerk-a-d-rijn-rijnpark__33c39f9278","stop_name":"Koudekerk a/d Rijn, Rijnpark","city":"Koudekerk a/d Rijn","name":"Rijnpark","num_lines":1,"line_ids":["QBUZZ:z169"],"line_refs":["169"]}},{"type":"Feature","geometry":{"type":"Point","coordinates":[4.624696999999999,52.1366285]},"properties":{"stop_id":"stop/koudekerk-a-d-rijn-spanbeton__c2c6c9e39f","stop_name":"Koudekerk a/d Rijn, Spanbeton","city":"Koudekerk a/d Rijn","name":"Spanbeton","num_lines":1,"line_ids":["QBUZZ:z169"],"line_refs":["169"]}},{"type":"Feature","geometry":{"type":"Point","coordinates":[4.6069435,52.130275]},"properties":{"stop_id":"stop/koudekerk-a-d-rijn-weidedreef__ce07fdcb38","stop_name":"Koudekerk a/d Rijn, Weidedreef","city":"Koudekerk a/d Rijn","name":"Weidedreef","num_lines":1,"line_ids":["QBUZZ:z169"],"line_refs":["169"]}},{"type":"Feature","geometry":{"type":"Point","coordinates":[4.476591,52.170112]},"properties":{"stop_id":"stop/leiden-albinusdreef__faa891177c","stop_name":"Leiden, Albinusdreef","city":"Leiden","name":"Albinusdreef","num_lines":1,"line_ids":["QBUZZ:z056"],"line_refs":["56"]}},{"type":"Feature","geometry":{"type":"Point","coordinates":[4.481371,52.173726]},"properties":{"stop_id":"stop/leiden-alrijne-ziekenhuis__86f1e859cf","stop_name":"Leiden, Alrijne Ziekenhuis","city":"Leiden","name":"Alrijne Ziekenhuis","num_lines":1,"line_ids":["QBUZZ:z054"],"line_refs":["54"]}},{"type":"Feature","geometry":{"type":"Point","coordinates":[4.50413,52.175759]},"properties":{"stop_id":"stop/leiden-arendshorst__fab5af4a9a","stop_name":"Leiden, Arendshorst","city":"Leiden","name":"Arendshorst","num_lines":1,"line_ids":["QBUZZ:z093"],"line_refs":["3"]}},{"type":"Feature","geometry":{"type":"Point","coordinates":[4.513028,52.148811]},"properties":{"stop_id":"stop/leiden-augustuspad__c376a9a8c9","stop_name":"Leiden, Augustuspad","city":"Leiden","name":"Augustuspad","num_lines":1,"line_ids":["QBUZZ:z187"],"line_refs":["187"]}},{"type":"Feature","geometry":{"type":"Point","coordinates":[4.4604305,52.164966]},"properties":{"stop_id":"stop/leiden-bio-science-park-oost__15c005b002","stop_name":"Leiden, Bio Science Park-Oost","city":"Leiden","name":"Bio Science Park-Oost","num_lines":6,"line_ids":["EBS:3043","QBUZZ:z022","QBUZZ:z023","QBUZZ:z250","QBUZZ:z400","QBUZZ:z401"],"line_refs":["22","23","43","250","400","401"]}},{"type":"Feature","geometry":{"type":"Point","coordinates":[4.4677275,52.1465835]},"properties":{"stop_id":"stop/leiden-bizetpad__9a742577f6","stop_name":"Leiden, Bizetpad","city":"Leiden","name":"Bizetpad","num_lines":3,"line_ids":["QBUZZ:z054","QBUZZ:z094","QBUZZ:z095"],"line_refs":["4","5","54"]}},{"type":"Feature","geometry":{"type":"Point","coordinates":[4.471057500000001,52.169426]},"properties":{"stop_id":"stop/leiden-blauwe-vogelweg__f2ad8e7dc7","stop_name":"Leiden, Blauwe Vogelweg","city":"Leiden","name":"Blauwe Vogelweg","num_lines":1,"line_ids":["QBUZZ:z056"],"line_refs":["56"]}},{"type":"Feature","geometry":{"type":"Point","coordinates":[4.47152225,52.139669]},"properties":{"stop_id":"stop/leiden-brahmslaan__2a3b228568","stop_name":"Leiden, Brahmslaan","city":"Leiden","name":"Brahmslaan","num_lines":2,"line_ids":["EBS:3045","QBUZZ:z094"],"line_refs":["4","45"]}},{"type":"Feature","geometry":{"type":"Point","coordinates":[4.473269999999999,52.152778999999995]},"properties":{"stop_id":"stop/leiden-brandts-buyskade__c3301dc5f6","stop_name":"Leiden, Brandts Buyskade","city":"Leiden","name":"Brandts Buyskade","num_lines":1,"line_ids":["QBUZZ:z095"],"line_refs":["5"]}},{"type":"Feature","geometry":{"type":"Point","coordinates":[4.4907245,52.1578745]},"properties":{"stop_id":"stop/leiden-breestraat__886b4a2da3","stop_name":"Leiden, Breestraat","city":"Leiden","name":"Breestraat","num_lines":6,"line_ids":["QBUZZ:z054","QBUZZ:z056","QBUZZ:z092","QBUZZ:z093","QBUZZ:z094","QBUZZ:z169"],"line_refs":["2","3","4","54","56","169"]}},{"type":"Feature","geometry":{"type":"Point","coordinates":[4.5101854999999995,52.181496499999994]},"properties":{"stop_id":"stop/leiden-broekweg__4ec15bb24d","stop_name":"Leiden, Broekweg","city":"Leiden","name":"Broekweg","num_lines":2,"line_ids":["QBUZZ:z093","QBUZZ:z094"],"line_refs":["3","4"]}},{"type":"Feature","geometry":{"type":"Point","coordinates":[4.507741375,52.15518]},"properties":{"stop_id":"stop/leiden-burggravenlaan__a7f95247b6","stop_name":"Leiden, Burggravenlaan","city":"Leiden","name":"Burggravenlaan","num_lines":4,"line_ids":["QBUZZ:z092","QBUZZ:z169","QBUZZ:z182","QBUZZ:z187"],"line_refs":["2","169","182","187"]}},{"type":"Feature","geometry":{"type":"Point","coordinates":[4.448574000000001,52.1507245]},"properties":{"stop_id":"stop/leiden-charley-tooropweg__a812e0ecf6","stop_name":"Leiden, Charley Tooropweg","city":"Leiden","name":"Charley Tooropweg","num_lines":1,"line_ids":["QBUZZ:z092"],"line_refs":["2"]}},{"type":"Feature","geometry":{"type":"Point","coordinates":[4.473368,52.1569235]},"properties":{"stop_id":"stop/leiden-churchillbrug__5cb8030075","stop_name":"Leiden, Churchillbrug","city":"Leiden","name":"Churchillbrug","num_lines":1,"line_ids":["QBUZZ:z095"],"line_refs":["5"]}},{"type":"Feature","geometry":{"type":"Point","coordinates":[4.4725915,52.149529]},"properties":{"stop_id":"stop/leiden-cornelis-schuytlaan__06808cda78","stop_name":"Leiden, Cornelis Schuytlaan","city":"Leiden","name":"Cornelis Schuytlaan","num_lines":1,"line_ids":["QBUZZ:z095"],"line_refs":["5"]}},{"type":"Feature","geometry":{"type":"Point","coordinates":[4.488168,52.1433255]},"properties":{"stop_id":"stop/leiden-cronesteinflat__09634c03b1","stop_name":"Leiden, Cronesteinflat","city":"Leiden","name":"Cronesteinflat","num_lines":1,"line_ids":["EBS:3045"],"line_refs":["45"]}},{"type":"Feature","geometry":{"type":"Point","coordinates":[4.4633305,52.161384]},"properties":{"stop_id":"stop/leiden-cruquiuslaan__1ad9784aa2","stop_name":"Leiden, Cruquiuslaan","city":"Leiden","name":"Cruquiuslaan","num_lines":1,"line_ids":["QBUZZ:z092"],"line_refs":["2"]}},{"type":"Feature","geometry":{"type":"Point","coordinates":[4.476314,52.1589955]},"properties":{"stop_id":"stop/leiden-de-genestetstraat__5280e89474","stop_name":"Leiden, De Genestetstraat","city":"Leiden","name":"De Genestetstraat","num_lines":1,"line_ids":["QBUZZ:z095"],"line_refs":["5"]}},{"type":"Feature","geometry":{"type":"Point","coordinates":[4.5083225,52.142906499999995]},"properties":{"stop_id":"stop/leiden-de-heyderweg__c95cfb02a8","stop_name":"Leiden, De Heyderweg","city":"Leiden","name":"De Heyderweg","num_lines":1,"line_ids":["QBUZZ:z187"],"line_refs":["187"]}},{"type":"Feature","geometry":{"type":"Point","coordinates":[4.4990275,52.174305000000004]},"properties":{"stop_id":"stop/leiden-de-rode-s__46f02b3031","stop_name":"Leiden, De Rode's","city":"Leiden","name":"De Rode's","num_lines":2,"line_ids":["QBUZZ:z093","QBUZZ:z094"],"line_refs":["3","4"]}},{"type":"Feature","geometry":{"type":"Point","coordinates":[4.471293,52.145487]},"properties":{"stop_id":"stop/leiden-debussystraat__a8f7ea95b0","stop_name":"Leiden, Debussystraat","city":"Leiden","name":"Debussystraat","num_lines":1,"line_ids":["QBUZZ:z094"],"line_refs":["4"]}},{"type":"Feature","geometry":{"type":"Point","coordinates":[4.463879,52.159231500000004]},"properties":{"stop_id":"stop/leiden-dr-lelylaan__84ef6f0b9c","stop_name":"Leiden, Dr. Lelylaan","city":"Leiden","name":"Dr. Lelylaan","num_lines":1,"line_ids":["QBUZZ:z092"],"line_refs":["2"]}},{"type":"Feature","geometry":{"type":"Point","coordinates":[4.4578205,52.1631385]},"properties":{"stop_id":"stop/leiden-dr-lelylaan-haagse-schouwweg__6ddf676cb0","stop_name":"Leiden, Dr. Lelylaan/Haagse Schouwweg","city":"Leiden","name":"Dr. Lelylaan/Haagse Schouwweg","num_lines":1,"line_ids":["EBS:3043"],"line_refs":["43"]}},{"type":"Feature","geometry":{"type":"Point","coordinates":[4.4896,52.163659]},"properties":{"stop_id":"stop/leiden-energiepark__33da34a6b8","stop_name":"Leiden, Energiepark","city":"Leiden","name":"Energiepark","num_lines":3,"line_ids":["EBS:3045","QBUZZ:z400","QBUZZ:z401"],"line_refs":["45","400","401"]}},{"type":"Feature","geometry":{"type":"Point","coordinates":[4.5026415,52.181168]},"properties":{"stop_id":"stop/leiden-fakkelgras__cea8c583d7","stop_name":"Leiden, Fakkelgras","city":"Leiden","name":"Fakkelgras","num_lines":1,"line_ids":["QBUZZ:z094"],"line_refs":["4"]}},{"type":"Feature","geometry":{"type":"Point","coordinates":[4.486016,52.1482525]},"properties":{"stop_id":"stop/leiden-fruitweg__a65f6d13e1","stop_name":"Leiden, Fruitweg","city":"Leiden","name":"Fruitweg","num_lines":1,"line_ids":["QBUZZ:z054"],"line_refs":["54"]}},{"type":"Feature","geometry":{"type":"Point","coordinates":[4.457359,52.157220499999994]},"properties":{"stop_id":"stop/leiden-gandhistraat__a82c9a2d33","stop_name":"Leiden, Gandhistraat","city":"Leiden","name":"Gandhistraat","num_lines":1,"line_ids":["QBUZZ:z092"],"line_refs":["2"]}},{"type":"Feature","geometry":{"type":"Point","coordinates":[4.4736655,52.162386]},"properties":{"stop_id":"stop/leiden-gerard-brandtstraat__48a63c43d2","stop_name":"Leiden, Gerard Brandtstraat","city":"Leiden","name":"Gerard Brandtstraat","num_lines":1,"line_ids":["QBUZZ:z092"],"line_refs":["2"]}},{"type":"Feature","geometry":{"type":"Point","coordinates":[4.463822,52.169774000000004]},"properties":{"stop_id":"stop/leiden-gorlaeus-laboratorium__0fe5544683","stop_name":"Leiden, Gorlaeus Laboratorium","city":"Leiden","name":"Gorlaeus Laboratorium","num_lines":1,"line_ids":["QBUZZ:z056"],"line_refs":["56"]}},{"type":"Feature","geometry":{"type":"Point","coordinates":[4.49363,52.168588]},"properties":{"stop_id":"stop/leiden-groenoord__81030314ac","stop_name":"Leiden, Groenoord","city":"Leiden","name":"Groenoord","num_lines":5,"line_ids":["QBUZZ:z093","QBUZZ:z094","QBUZZ:z365","QBUZZ:z366","QBUZZ:z410"],"line_refs":["3","4","365","366","410"]}},{"type":"Feature","geometry":{"type":"Point","coordinates":[4.449825499999999,52.158968]},"properties":{"stop_id":"stop/leiden-haagse-schouw__b3daa01234","stop_name":"Leiden, Haagse Schouw","city":"Leiden","name":"Haagse Schouw","num_lines":1,"line_ids":["EBS:3043"],"line_refs":["43"]}},{"type":"Feature","geometry":{"type":"Point","coordinates":[4.4459195000000005,52.155337]},"properties":{"stop_id":"stop/leiden-hadewychlaan__468791c3b3","stop_name":"Leiden, Hadewychlaan","city":"Leiden","name":"Hadewychlaan","num_lines":1,"line_ids":["QBUZZ:z092"],"line_refs":["2"]}},{"type":"Feature","geometry":{"type":"Point","coordinates":[4.443172666666666,52.152744000000006]},"properties":{"stop_id":"stop/leiden-heintje-davidsweg__f98a2afe7e","stop_name":"Leiden, Heintje Davidsweg","city":"Leiden","name":"Heintje Davidsweg","num_lines":1,"line_ids":["QBUZZ:z092"],"line_refs":["2"]}},{"type":"Feature","geometry":{"type":"Point","coordinates":[4.4539325000000005,52.155463499999996]},"properties":{"stop_id":"stop/leiden-helena-verburgstraat__0ee377e84c","stop_name":"Leiden, Helena Verburgstraat","city":"Leiden","name":"Helena Verburgstraat","num_lines":1,"line_ids":["QBUZZ:z092"],"line_refs":["2"]}},{"type":"Feature","geometry":{"type":"Point","coordinates":[4.488901,52.150108]},"properties":{"stop_id":"stop/leiden-herenstraat__3be7b08685","stop_name":"Leiden, Herenstraat","city":"Leiden","name":"Herenstraat","num_lines":1,"line_ids":["QBUZZ:z054"],"line_refs":["54"]}},{"type":"Feature","geometry":{"type":"Point","coordinates":[4.4947935,52.155739499999996]},"properties":{"stop_id":"stop/leiden-hogewoerd__cb9a056577","stop_name":"Leiden, Hogewoerd","city":"Leiden","name":"Hogewoerd","num_lines":5,"line_ids":["EBS:3045","QBUZZ:z056","QBUZZ:z093","QBUZZ:z400","QBUZZ:z401"],"line_refs":["3","45","56","400","401"]}},{"type":"Feature","geometry":{"type":"Point","coordinates":[4.497534,52.159378]},"properties":{"stop_id":"stop/leiden-hooigracht__72c7efdb95","stop_name":"Leiden, Hooigracht","city":"Leiden","name":"Hooigracht","num_lines":1,"line_ids":["QBUZZ:z093"],"line_refs":["3"]}},{"type":"Feature","geometry":{"type":"Point","coordinates":[4.499354333333333,52.16272833333333]},"properties":{"stop_id":"stop/leiden-houtmarkt__bbb8a33550","stop_name":"Leiden, Houtmarkt","city":"Leiden","name":"Houtmarkt","num_lines":1,"line_ids":["QBUZZ:z056"],"line_refs":["56"]}},{"type":"Feature","geometry":{"type":"Point","coordinates":[4.465421666666667,52.16306699999999]},"properties":{"stop_id":"stop/leiden-jan-luykenlaan__acba0591da","stop_name":"Leiden, Jan Luykenlaan","city":"Leiden","name":"Jan Luykenlaan","num_lines":1,"line_ids":["QBUZZ:z092"],"line_refs":["2"]}},{"type":"Feature","geometry":{"type":"Point","coordinates":[4.490053,52.1534745]},"properties":{"stop_id":"stop/leiden-jan-van-houtkade__a286dcbd0b","stop_name":"Leiden, Jan van Houtkade","city":"Leiden","name":"Jan van Houtkade","num_lines":2,"line_ids":["QBUZZ:z182","QBUZZ:z187"],"line_refs":["182","187"]}},{"type":"Feature","geometry":{"type":"Point","coordinates":[4.4746179999999995,52.1415225]},"properties":{"stop_id":"stop/leiden-kennedylaan__119bb61729","stop_name":"Leiden, Kennedylaan","city":"Leiden","name":"Kennedylaan","num_lines":1,"line_ids":["QBUZZ:z094"],"line_refs":["4"]}},{"type":"Feature","geometry":{"type":"Point","coordinates":[4.493246,52.149458]},"properties":{"stop_id":"stop/leiden-koninginnelaan__72c5fc75a0","stop_name":"Leiden, Koninginnelaan","city":"Leiden","name":"Koninginnelaan","num_lines":1,"line_ids":["QBUZZ:z054"],"line_refs":["54"]}},{"type":"Feature","geometry":{"type":"Point","coordinates":[4.5065539999999995,52.163683500000005]},"properties":{"stop_id":"stop/leiden-kooipark__5aaa320d78","stop_name":"Leiden, Kooipark","city":"Leiden","name":"Kooipark","num_lines":2,"line_ids":["QBUZZ:z056","QBUZZ:z093"],"line_refs":["3","56"]}},{"type":"Feature","geometry":{"type":"Point","coordinates":[4.505517,52.167733999999996]},"properties":{"stop_id":"stop/leiden-kooiplein__26d71e5324","stop_name":"Leiden, Kooiplein","city":"Leiden","name":"Kooiplein","num_lines":3,"line_ids":["QBUZZ:z365","QBUZZ:z366","QBUZZ:z410"],"line_refs":["365","366","410"]}},{"type":"Feature","geometry":{"type":"Point","coordinates":[4.493412,52.155742499999995]},"properties":{"stop_id":"stop/leiden-korevaarstraat__9269dffef2","stop_name":"Leiden, Korevaarstraat","city":"Leiden","name":"Korevaarstraat","num_lines":6,"line_ids":["QBUZZ:z054","QBUZZ:z056","QBUZZ:z092","QBUZZ:z093","QBUZZ:z094","QBUZZ:z169"],"line_refs":["2","3","4","54","56","169"]}},{"type":"Feature","geometry":{"type":"Point","coordinates":[4.485027,52.160676]},"properties":{"stop_id":"stop/leiden-kort-rapenburg__2aa459ac01","stop_name":"Leiden, Kort Rapenburg","city":"Leiden","name":"Kort Rapenburg","num_lines":3,"line_ids":["QBUZZ:z095","QBUZZ:z182","QBUZZ:z187"],"line_refs":["5","182","187"]}},{"type":"Feature","geometry":{"type":"Point","coordinates":[4.497982,52.1548865]},"properties":{"stop_id":"stop/leiden-kraaierstraat__c6a60cf2c8","stop_name":"Leiden, Kraaierstraat","city":"Leiden","name":"Kraaierstraat","num_lines":3,"line_ids":["QBUZZ:z169","QBUZZ:z182","QBUZZ:z187"],"line_refs":["169","182","187"]}},{"type":"Feature","geometry":{"type":"Point","coordinates":[4.480489499999999,52.16639350000001]},"properties":{"stop_id":"stop/leiden-leiden-cs-westzijde__7a42342c5f","stop_name":"Leiden, Leiden CS Westzijde","city":"Leiden","name":"Leiden CS Westzijde","num_lines":13,"line_ids":["EBS:3045","QBUZZ:z020","QBUZZ:z021","QBUZZ:z050","QBUZZ:z054","QBUZZ:z056","QBUZZ:z093","QBUZZ:z094","QBUZZ:z365","QBUZZ:z366","QBUZZ:z400","QBUZZ:z401","QBUZZ:z410"],"line_refs":["3","4","20","21","45","50","54","56","365","366","400","401","410"]}},{"type":"Feature","geometry":{"type":"Point","coordinates":[4.5208569999999995,52.15236050000001]},"properties":{"stop_id":"stop/leiden-leiderdorpsebrug__7c571fbb9f","stop_name":"Leiden, Leiderdorpsebrug","city":"Leiden","name":"Leiderdorpsebrug","num_lines":3,"line_ids":["QBUZZ:z092","QBUZZ:z169","QBUZZ:z182"],"line_refs":["2","169","182"]}},{"type":"Feature","geometry":{"type":"Point","coordinates":[4.494424,52.151610000000005]},"properties":{"stop_id":"stop/leiden-leliestraat__223da1a506","stop_name":"Leiden, Leliestraat","city":"Leiden","name":"Leliestraat","num_lines":4,"line_ids":["EBS:3045","QBUZZ:z054","QBUZZ:z092","QBUZZ:z094"],"line_refs":["2","4","45","54"]}},{"type":"Feature","geometry":{"type":"Point","coordinates":[4.4738365,52.1732905]},"properties":{"stop_id":"stop/leiden-lijsterstraat__d2b1d34872","stop_name":"Leiden, Lijsterstraat","city":"Leiden","name":"Lijsterstraat","num_lines":3,"line_ids":["QBUZZ:z020","QBUZZ:z021","QBUZZ:z050"],"line_refs":["20","21","50"]}},{"type":"Feature","geometry":{"type":"Point","coordinates":[4.499461999999999,52.148053]},"properties":{"stop_id":"stop/leiden-lorentzkade__2afb90b41c","stop_name":"Leiden, Lorentzkade","city":"Leiden","name":"Lorentzkade","num_lines":1,"line_ids":["QBUZZ:z092"],"line_refs":["2"]}},{"type":"Feature","geometry":{"type":"Point","coordinates":[4.5178935,52.154424]},"properties":{"stop_id":"stop/leiden-meerburgerkade__0da26ac095","stop_name":"Leiden, Meerburgerkade","city":"Leiden","name":"Meerburgerkade","num_lines":3,"line_ids":["QBUZZ:z092","QBUZZ:z169","QBUZZ:z182"],"line_refs":["2","169","182"]}},{"type":"Feature","geometry":{"type":"Point","coordinates":[4.4869455,52.1452575]},"properties":{"stop_id":"stop/leiden-meloenstraat__6f059b3cfd","stop_name":"Leiden, Meloenstraat","city":"Leiden","name":"Meloenstraat","num_lines":1,"line_ids":["QBUZZ:z094"],"line_refs":["4"]}},{"type":"Feature","geometry":{"type":"Point","coordinates":[4.504379500000001,52.1505935]},"properties":{"stop_id":"stop/leiden-moddermanstraat__4b7bb1c7f5","stop_name":"Leiden, Moddermanstraat","city":"Leiden","name":"Moddermanstraat","num_lines":1,"line_ids":["QBUZZ:z092"],"line_refs":["2"]}},{"type":"Feature","geometry":{"type":"Point","coordinates":[4.469911,52.1633505]},"properties":{"stop_id":"stop/leiden-muiderkring__7b1ba6729e","stop_name":"Leiden, Muiderkring","city":"Leiden","name":"Muiderkring","num_lines":1,"line_ids":["QBUZZ:z092"],"line_refs":["2"]}},{"type":"Feature","geometry":{"type":"Point","coordinates":[4.457235000000001,52.168099999999995]},"properties":{"stop_id":"stop/leiden-niels-bohrweg__1c572bc5c1","stop_name":"Leiden, Niels Bohrweg","city":"Leiden","name":"Niels Bohrweg","num_lines":1,"line_ids":["QBUZZ:z031"],"line_refs":["31"]}},{"type":"Feature","geometry":{"type":"Point","coordinates":[4.486100999999999,52.163191999999995]},"properties":{"stop_id":"stop/leiden-nieuwe-beestenmarkt__65e7a0a43b","stop_name":"Leiden, Nieuwe Beestenmarkt","city":"Leiden","name":"Nieuwe Beestenmarkt","num_lines":9,"line_ids":["QBUZZ:z054","QBUZZ:z056","QBUZZ:z092","QBUZZ:z093","QBUZZ:z094","QBUZZ:z095","QBUZZ:z169","QBUZZ:z182","QBUZZ:z187"],"line_refs":["2","3","4","5","54","56","169","182","187"]}},{"type":"Feature","geometry":{"type":"Point","coordinates":[4.481524500000001,52.16006000000001]},"properties":{"stop_id":"stop/leiden-noordeinde__0b913fb6b9","stop_name":"Leiden, Noordeinde","city":"Leiden","name":"Noordeinde","num_lines":3,"line_ids":["QBUZZ:z095","QBUZZ:z182","QBUZZ:z187"],"line_refs":["5","182","187"]}},{"type":"Feature","geometry":{"type":"Point","coordinates":[4.500816,52.158953]},"properties":{"stop_id":"stop/leiden-oosterkerkstraat__452f36a841","stop_name":"Leiden, Oosterkerkstraat","city":"Leiden","name":"Oosterkerkstraat","num_lines":1,"line_ids":["QBUZZ:z093"],"line_refs":["3"]}},{"type":"Feature","geometry":{"type":"Point","coordinates":[4.4665165,52.157162]},"properties":{"stop_id":"stop/leiden-opaalstraat__0a76ca6250","stop_name":"Leiden, Opaalstraat","city":"Leiden","name":"Opaalstraat","num_lines":1,"line_ids":["QBUZZ:z092"],"line_refs":["2"]}},{"type":"Feature","geometry":{"type":"Point","coordinates":[4.4818913333333334,52.15770033333333]},"properties":{"stop_id":"stop/leiden-paterstraat__ae408cd79e","stop_name":"Leiden, Paterstraat","city":"Leiden","name":"Paterstraat","num_lines":2,"line_ids":["QBUZZ:z182","QBUZZ:z187"],"line_refs":["182","187"]}},{"type":"Feature","geometry":{"type":"Point","coordinates":[4.497437625,52.161378]},"properties":{"stop_id":"stop/leiden-pelikaan__82b6e2d587","stop_name":"Leiden, Pelikaan","city":"Leiden","name":"Pelikaan","num_lines":4,"line_ids":["EBS:3045","QBUZZ:z056","QBUZZ:z400","QBUZZ:z401"],"line_refs":["45","56","400","401"]}},{"type":"Feature","geometry":{"type":"Point","coordinates":[4.501453,52.1548455]},"properties":{"stop_id":"stop/leiden-plantage__8356b87aca","stop_name":"Leiden, Plantage","city":"Leiden","name":"Plantage","num_lines":3,"line_ids":["QBUZZ:z169","QBUZZ:z182","QBUZZ:z187"],"line_refs":["169","182","187"]}},{"type":"Feature","geometry":{"type":"Point","coordinates":[4.4799283333333335,52.17025433333333]},"properties":{"stop_id":"stop/leiden-posthof__c956105776","stop_name":"Leiden, Posthof","city":"Leiden","name":"Posthof","num_lines":5,"line_ids":["QBUZZ:z020","QBUZZ:z021","QBUZZ:z050","QBUZZ:z054","QBUZZ:z056"],"line_refs":["20","21","50","54","56"]}},{"type":"Feature","geometry":{"type":"Point","coordinates":[4.485565,52.161507000000015]},"properties":{"stop_id":"stop/leiden-prinsessekade__e438baeedd","stop_name":"Leiden, Prinsessekade","city":"Leiden","name":"Prinsessekade","num_lines":9,"line_ids":["QBUZZ:z054","QBUZZ:z056","QBUZZ:z092","QBUZZ:z093","QBUZZ:z094","QBUZZ:z095","QBUZZ:z169","QBUZZ:z182","QBUZZ:z187"],"line_refs":["2","3","4","5","54","56","169","182","187"]}},{"type":"Feature","geometry":{"type":"Point","coordinates":[4.454314999999999,52.1616235]},"properties":{"stop_id":"stop/leiden-rhijnhof__25ced096d1","stop_name":"Leiden, Rhijnhof","city":"Leiden","name":"Rhijnhof","num_lines":1,"line_ids":["EBS:3043"],"line_refs":["43"]}},{"type":"Feature","geometry":{"type":"Point","coordinates":[4.4627385,52.155047]},"properties":{"stop_id":"stop/leiden-robijnstraat__cd70d1ce93","stop_name":"Leiden, Robijnstraat","city":"Leiden","name":"Robijnstraat","num_lines":1,"line_ids":["QBUZZ:z092"],"line_refs":["2"]}},{"type":"Feature","geometry":{"type":"Point","coordinates":[4.5138675,52.146592]},"properties":{"stop_id":"stop/leiden-roomburg__5660da4129","stop_name":"Leiden, Roomburg","city":"Leiden","name":"Roomburg","num_lines":1,"line_ids":["QBUZZ:z187"],"line_refs":["187"]}},{"type":"Feature","geometry":{"type":"Point","coordinates":[4.4822869999999995,52.14084]},"properties":{"stop_id":"stop/leiden-rooseveltstraat__b85e7be46a","stop_name":"Leiden, Rooseveltstraat","city":"Leiden","name":"Rooseveltstraat","num_lines":1,"line_ids":["EBS:3045"],"line_refs":["45"]}},{"type":"Feature","geometry":{"type":"Point","coordinates":[4.4819595,52.147960499999996]},"properties":{"stop_id":"stop/leiden-rosenburch__2721a2f525","stop_name":"Leiden, Rosenburch","city":"Leiden","name":"Rosenburch","num_lines":2,"line_ids":["QBUZZ:z054","QBUZZ:z094"],"line_refs":["4","54"]}},{"type":"Feature","geometry":{"type":"Point","coordinates":[4.4881625,52.169724]},"properties":{"stop_id":"stop/leiden-schipholweg__54ed4a9567","stop_name":"Leiden, Schipholweg","city":"Leiden","name":"Schipholweg","num_lines":2,"line_ids":["QBUZZ:z093","QBUZZ:z094"],"line_refs":["3","4"]}},{"type":"Feature","geometry":{"type":"Point","coordinates":[4.455354,52.146891000000004]},"properties":{"stop_id":"stop/leiden-station-de-vink__c2a72307b5","stop_name":"Leiden, Station De Vink","city":"Leiden","name":"Station De Vink","num_lines":3,"line_ids":["QBUZZ:z054","QBUZZ:z092","QBUZZ:z094"],"line_refs":["2","4","54"]}},{"type":"Feature","geometry":{"type":"Point","coordinates":[4.492131066666667,52.1474164]},"properties":{"stop_id":"stop/leiden-station-lammenschans__6493dc01d3","stop_name":"Leiden, Station Lammenschans","city":"Leiden","name":"Station Lammenschans","num_lines":5,"line_ids":["EBS:3045","QBUZZ:z092","QBUZZ:z094","QBUZZ:z400","QBUZZ:z401"],"line_refs":["2","4","45","400","401"]}},{"type":"Feature","geometry":{"type":"Point","coordinates":[4.482196267460317,52.16539930515873]},"properties":{"stop_id":"stop/leiden-station-leiden-centraal__4a6a8ec982","stop_name":"Leiden, Station Leiden Centraal","city":"Leiden","name":"Station Leiden Centraal","num_lines":23,"line_ids":["EBS:3043","EBS:3045","QBUZZ:z020","QBUZZ:z021","QBUZZ:z022","QBUZZ:z023","QBUZZ:z031","QBUZZ:z050","QBUZZ:z054","QBUZZ:z056","QBUZZ:z092","QBUZZ:z093","QBUZZ:z094","QBUZZ:z095","QBUZZ:z169","QBUZZ:z182","QBUZZ:z187","QBUZZ:z250","QBUZZ:z365","QBUZZ:z366","QBUZZ:z400","QBUZZ:z401","QBUZZ:z410"],"line_refs":["2","3","4","5","20","21","22","23","31","43","45","50","54","56","169","182","187","250","365","366","400","401","410"]}},{"type":"Feature","geometry":{"type":"Point","coordinates":[4.484644,52.162264]},"properties":{"stop_id":"stop/leiden-steenstraat__fcada9fe20","stop_name":"Leiden, Steenstraat","city":"Leiden","name":"Steenstraat","num_lines":9,"line_ids":["QBUZZ:z054","QBUZZ:z056","QBUZZ:z092","QBUZZ:z093","QBUZZ:z094","QBUZZ:z095","QBUZZ:z169","QBUZZ:z182","QBUZZ:z187"],"line_refs":["2","3","4","5","54","56","169","182","187"]}},{"type":"Feature","geometry":{"type":"Point","coordinates":[4.5122725,52.163146]},"properties":{"stop_id":"stop/leiden-sumatrabrug__97f6885a9d","stop_name":"Leiden, Sumatrabrug","city":"Leiden","name":"Sumatrabrug","num_lines":1,"line_ids":["QBUZZ:z093"],"line_refs":["3"]}},{"type":"Feature","geometry":{"type":"Point","coordinates":[4.510025,52.168549]},"properties":{"stop_id":"stop/leiden-sumatrastraat__cbdf251d68","stop_name":"Leiden, Sumatrastraat","city":"Leiden","name":"Sumatrastraat","num_lines":2,"line_ids":["QBUZZ:z056","QBUZZ:z093"],"line_refs":["3","56"]}},{"type":"Feature","geometry":{"type":"Point","coordinates":[4.506572,52.16647]},"properties":{"stop_id":"stop/leiden-surinamestraat__89b92dc1e9","stop_name":"Leiden, Surinamestraat","city":"Leiden","name":"Surinamestraat","num_lines":2,"line_ids":["QBUZZ:z056","QBUZZ:z093"],"line_refs":["3","56"]}},{"type":"Feature","geometry":{"type":"Point","coordinates":[4.470397999999999,52.1481815]},"properties":{"stop_id":"stop/leiden-sweelincklaan__38d9d530b1","stop_name":"Leiden, Sweelincklaan","city":"Leiden","name":"Sweelincklaan","num_lines":1,"line_ids":["QBUZZ:z095"],"line_refs":["5"]}},{"type":"Feature","geometry":{"type":"Point","coordinates":[4.459097,52.157643]},"properties":{"stop_id":"stop/leiden-turkooislaan__0b89440725","stop_name":"Leiden, Turkooislaan","city":"Leiden","name":"Turkooislaan","num_lines":1,"line_ids":["QBUZZ:z092"],"line_refs":["2"]}},{"type":"Feature","geometry":{"type":"Point","coordinates":[4.461108,52.166715999999994]},"properties":{"stop_id":"stop/leiden-universiteitsterrein__3cb73e47a1","stop_name":"Leiden, Universiteitsterrein","city":"Leiden","name":"Universiteitsterrein","num_lines":1,"line_ids":["QBUZZ:z031"],"line_refs":["31"]}},{"type":"Feature","geometry":{"type":"Point","coordinates":[4.443766500000001,52.157297]},"properties":{"stop_id":"stop/leiden-valkenburgse-meer__028742a8aa","stop_name":"Leiden, Valkenburgse Meer","city":"Leiden","name":"Valkenburgse Meer","num_lines":1,"line_ids":["EBS:3043"],"line_refs":["43"]}},{"type":"Feature","geometry":{"type":"Point","coordinates":[4.5079329999999995,52.17532]},"properties":{"stop_id":"stop/leiden-valkenhorst__3f3186e75e","stop_name":"Leiden, Valkenhorst","city":"Leiden","name":"Valkenhorst","num_lines":1,"line_ids":["QBUZZ:z093"],"line_refs":["3"]}},{"type":"Feature","geometry":{"type":"Point","coordinates":[4.476568,52.143317]},"properties":{"stop_id":"stop/leiden-van-der-helmlaan__57e1841a63","stop_name":"Leiden, van der Helmlaan","city":"Leiden","name":"van der Helmlaan","num_lines":1,"line_ids":["QBUZZ:z094"],"line_refs":["4"]}},{"type":"Feature","geometry":{"type":"Point","coordinates":[4.449275999999999,52.155907]},"properties":{"stop_id":"stop/leiden-van-hoornkade__d4409741f9","stop_name":"Leiden, van Hoornkade","city":"Leiden","name":"van Hoornkade","num_lines":1,"line_ids":["QBUZZ:z092"],"line_refs":["2"]}},{"type":"Feature","geometry":{"type":"Point","coordinates":[4.465354142857143,52.164042285714295]},"properties":{"stop_id":"stop/leiden-verbeekstraat__6e00f9f8b2","stop_name":"Leiden, Verbeekstraat","city":"Leiden","name":"Verbeekstraat","num_lines":7,"line_ids":["EBS:3043","QBUZZ:z022","QBUZZ:z023","QBUZZ:z092","QBUZZ:z250","QBUZZ:z400","QBUZZ:z401"],"line_refs":["2","22","23","43","250","400","401"]}},{"type":"Feature","geometry":{"type":"Point","coordinates":[4.470851,52.144972]},"properties":{"stop_id":"stop/leiden-verdistraat__09e50406e6","stop_name":"Leiden, Verdistraat","city":"Leiden","name":"Verdistraat","num_lines":1,"line_ids":["QBUZZ:z094"],"line_refs":["4"]}},{"type":"Feature","geometry":{"type":"Point","coordinates":[4.4779105,52.1477005]},"properties":{"stop_id":"stop/leiden-vijf-meiplein__70f5fd94a0","stop_name":"Leiden, Vijf Meiplein","city":"Leiden","name":"Vijf Meiplein","num_lines":2,"line_ids":["QBUZZ:z054","QBUZZ:z094"],"line_refs":["4","54"]}},{"type":"Feature","geometry":{"type":"Point","coordinates":[4.497197,52.17877766666667]},"properties":{"stop_id":"stop/leiden-vossebes__db848a2627","stop_name":"Leiden, Vossebes","city":"Leiden","name":"Vossebes","num_lines":1,"line_ids":["QBUZZ:z094"],"line_refs":["4"]}},{"type":"Feature","geometry":{"type":"Point","coordinates":[4.5142295,52.180023]},"properties":{"stop_id":"stop/leiden-vossemeerlaan__7dab861763","stop_name":"Leiden, Vossemeerlaan","city":"Leiden","name":"Vossemeerlaan","num_lines":1,"line_ids":["QBUZZ:z093"],"line_refs":["3"]}},{"type":"Feature","geometry":{"type":"Point","coordinates":[4.457933000000001,52.170362]},"properties":{"stop_id":"stop/leiden-wassenaarseweg-corpus__2cca562357","stop_name":"Leiden, Wassenaarseweg/Corpus","city":"Leiden","name":"Wassenaarseweg/Corpus","num_lines":1,"line_ids":["QBUZZ:z056"],"line_refs":["56"]}},{"type":"Feature","geometry":{"type":"Point","coordinates":[4.512279,52.154994]},"properties":{"stop_id":"stop/leiden-wilhelminabrug__ef06b7ff07","stop_name":"Leiden, Wilhelminabrug","city":"Leiden","name":"Wilhelminabrug","num_lines":4,"line_ids":["QBUZZ:z092","QBUZZ:z169","QBUZZ:z182","QBUZZ:z187"],"line_refs":["2","169","182","187"]}},{"type":"Feature","geometry":{"type":"Point","coordinates":[4.482825,52.15429949999999]},"properties":{"stop_id":"stop/leiden-witte-rozenstraat__752f36ef55","stop_name":"Leiden, Witte Rozenstraat","city":"Leiden","name":"Witte Rozenstraat","num_lines":2,"line_ids":["QBUZZ:z182","QBUZZ:z187"],"line_refs":["182","187"]}},{"type":"Feature","geometry":{"type":"Point","coordinates":[4.503125,52.144588999999996]},"properties":{"stop_id":"stop/leiden-zaalbergweg-dzb-leiden__608b115571","stop_name":"Leiden, Zaalbergweg/DZB Leiden","city":"Leiden","name":"Zaalbergweg/DZB Leiden","num_lines":1,"line_ids":["QBUZZ:z187"],"line_refs":["187"]}},{"type":"Feature","geometry":{"type":"Point","coordinates":[4.449928,52.1474815]},"properties":{"stop_id":"stop/leiden-zeldenrustweg__5ebc505e60","stop_name":"Leiden, Zeldenrustweg","city":"Leiden","name":"Zeldenrustweg","num_lines":1,"line_ids":["QBUZZ:z092"],"line_refs":["2"]}},{"type":"Feature","geometry":{"type":"Point","coordinates":[4.5051575,52.1585315]},"properties":{"stop_id":"stop/leiden-zijlsingel__a246807c71","stop_name":"Leiden, Zijlsingel","city":"Leiden","name":"Zijlsingel","num_lines":1,"line_ids":["QBUZZ:z093"],"line_refs":["3"]}},{"type":"Feature","geometry":{"type":"Point","coordinates":[4.514435499999999,52.151557999999994]},"properties":{"stop_id":"stop/leiden-zorgcentrum-roomburgh__1a8344ee26","stop_name":"Leiden, Zorgcentrum Roomburgh","city":"Leiden","name":"Zorgcentrum Roomburgh","num_lines":1,"line_ids":["QBUZZ:z187"],"line_refs":["187"]}},{"type":"Feature","geometry":{"type":"Point","coordinates":[4.5127635,52.175374000000005]},"properties":{"stop_id":"stop/leiden-zwartemeerlaan__07ea6f71eb","stop_name":"Leiden, Zwartemeerlaan","city":"Leiden","name":"Zwartemeerlaan","num_lines":1,"line_ids":["QBUZZ:z093"],"line_refs":["3"]}},{"type":"Feature","geometry":{"type":"Point","coordinates":[4.486993,52.172591499999996]},"properties":{"stop_id":"stop/leiden-zweilandlaan__72755a89b6","stop_name":"Leiden, Zweilandlaan","city":"Leiden","name":"Zweilandlaan","num_lines":1,"line_ids":["QBUZZ:z054"],"line_refs":["54"]}},{"type":"Feature","geometry":{"type":"Point","coordinates":[4.5117484999999995,52.167111000000006]},"properties":{"stop_id":"stop/leiden-zwembad-de-zijl__76a6791ed4","stop_name":"Leiden, Zwembad de Zijl","city":"Leiden","name":"Zwembad de Zijl","num_lines":1,"line_ids":["QBUZZ:z093"],"line_refs":["3"]}},{"type":"Feature","geometry":{"type":"Point","coordinates":[4.526894499999999,52.152188499999994]},"properties":{"stop_id":"stop/leiderdorp-acacialaan__e4a9dd9201","stop_name":"Leiderdorp, Acacialaan","city":"Leiderdorp","name":"Acacialaan","num_lines":1,"line_ids":["QBUZZ:z182"],"line_refs":["182"]}},{"type":"Feature","geometry":{"type":"Point","coordinates":[4.529823,52.168218499999995]},"properties":{"stop_id":"stop/leiderdorp-buitendijklaan__cc26c6621b","stop_name":"Leiderdorp, Buitendijklaan","city":"Leiderdorp","name":"Buitendijklaan","num_lines":1,"line_ids":["QBUZZ:z093"],"line_refs":["3"]}},{"type":"Feature","geometry":{"type":"Point","coordinates":[4.5214095,52.1686785]},"properties":{"stop_id":"stop/leiderdorp-buitenhof__d2bd3d271b","stop_name":"Leiderdorp, Buitenhof","city":"Leiderdorp","name":"Buitenhof","num_lines":2,"line_ids":["QBUZZ:z056","QBUZZ:z410"],"line_refs":["56","410"]}},{"type":"Feature","geometry":{"type":"Point","coordinates":[4.525165,52.16647025]},"properties":{"stop_id":"stop/leiderdorp-dennenschans__e789c0c219","stop_name":"Leiderdorp, Dennenschans","city":"Leiderdorp","name":"Dennenschans","num_lines":2,"line_ids":["QBUZZ:z056","QBUZZ:z093"],"line_refs":["3","56"]}},{"type":"Feature","geometry":{"type":"Point","coordinates":[4.534684499999999,52.170856]},"properties":{"stop_id":"stop/leiderdorp-dijkwacht__6cc816ee2f","stop_name":"Leiderdorp, Dijkwacht","city":"Leiderdorp","name":"Dijkwacht","num_lines":1,"line_ids":["QBUZZ:z093"],"line_refs":["3"]}},{"type":"Feature","geometry":{"type":"Point","coordinates":[4.5399595,52.1590385]},"properties":{"stop_id":"stop/leiderdorp-dragontuin__6c2b5c2111","stop_name":"Leiderdorp, Dragontuin","city":"Leiderdorp","name":"Dragontuin","num_lines":1,"line_ids":["QBUZZ:z092"],"line_refs":["2"]}},{"type":"Feature","geometry":{"type":"Point","coordinates":[4.5211685,52.1705325]},"properties":{"stop_id":"stop/leiderdorp-engelendaal__caf17fd3de","stop_name":"Leiderdorp, Engelendaal","city":"Leiderdorp","name":"Engelendaal","num_lines":2,"line_ids":["QBUZZ:z365","QBUZZ:z366"],"line_refs":["365","366"]}},{"type":"Feature","geometry":{"type":"Point","coordinates":[4.531373,52.150701999999995]},"properties":{"stop_id":"stop/leiderdorp-ericalaan__9c64b01d8a","stop_name":"Leiderdorp, Ericalaan","city":"Leiderdorp","name":"Ericalaan","num_lines":1,"line_ids":["QBUZZ:z092"],"line_refs":["2"]}},{"type":"Feature","geometry":{"type":"Point","coordinates":[4.531288,52.1451965]},"properties":{"stop_id":"stop/leiderdorp-frederik-hendriklaan__40da6674e3","stop_name":"Leiderdorp, Frederik Hendriklaan","city":"Leiderdorp","name":"Frederik Hendriklaan","num_lines":1,"line_ids":["QBUZZ:z092"],"line_refs":["2"]}},{"type":"Feature","geometry":{"type":"Point","coordinates":[4.536445666666666,52.160206666666674]},"properties":{"stop_id":"stop/leiderdorp-klaprooskamp__3a53ea839b","stop_name":"Leiderdorp, Klaprooskamp","city":"Leiderdorp","name":"Klaprooskamp","num_lines":1,"line_ids":["QBUZZ:z092"],"line_refs":["2"]}},{"type":"Feature","geometry":{"type":"Point","coordinates":[4.535894,52.172595]},"properties":{"stop_id":"stop/leiderdorp-leyhof__e6fe560471","stop_name":"Leiderdorp, Leyhof","city":"Leiderdorp","name":"Leyhof","num_lines":1,"line_ids":["QBUZZ:z093"],"line_refs":["3"]}},{"type":"Feature","geometry":{"type":"Point","coordinates":[4.5317825,52.173909]},"properties":{"stop_id":"stop/leiderdorp-leyhof-n445__3abeeae2c4","stop_name":"Leiderdorp, Leyhof/N445","city":"Leiderdorp","name":"Leyhof/N445","num_lines":2,"line_ids":["QBUZZ:z365","QBUZZ:z366"],"line_refs":["365","366"]}},{"type":"Feature","geometry":{"type":"Point","coordinates":[4.536296500000001,52.155331000000004]},"properties":{"stop_id":"stop/leiderdorp-leythenrode__442396f3d4","stop_name":"Leiderdorp, Leythenrode","city":"Leiderdorp","name":"Leythenrode","num_lines":1,"line_ids":["QBUZZ:z182"],"line_refs":["182"]}},{"type":"Feature","geometry":{"type":"Point","coordinates":[4.537144,52.15687]},"properties":{"stop_id":"stop/leiderdorp-leythenrode-engelendaal__826e2e6b8f","stop_name":"Leiderdorp, Leythenrode/Engelendaal","city":"Leiderdorp","name":"Leythenrode/Engelendaal","num_lines":1,"line_ids":["QBUZZ:z056"],"line_refs":["56"]}},{"type":"Feature","geometry":{"type":"Point","coordinates":[4.5326295000000005,52.1468735]},"properties":{"stop_id":"stop/leiderdorp-mauritssingel__0e2627b1e0","stop_name":"Leiderdorp, Mauritssingel","city":"Leiderdorp","name":"Mauritssingel","num_lines":1,"line_ids":["QBUZZ:z092"],"line_refs":["2"]}},{"type":"Feature","geometry":{"type":"Point","coordinates":[4.5499225,52.1619855]},"properties":{"stop_id":"stop/leiderdorp-munnikenbrug__89f8b2d7dc","stop_name":"Leiderdorp, Munnikenbrug","city":"Leiderdorp","name":"Munnikenbrug","num_lines":2,"line_ids":["QBUZZ:z056","QBUZZ:z182"],"line_refs":["56","182"]}},{"type":"Feature","geometry":{"type":"Point","coordinates":[4.52873,52.14378]},"properties":{"stop_id":"stop/leiderdorp-oranjewijk__952e228dff","stop_name":"Leiderdorp, Oranjewijk","city":"Leiderdorp","name":"Oranjewijk","num_lines":1,"line_ids":["QBUZZ:z092"],"line_refs":["2"]}},{"type":"Feature","geometry":{"type":"Point","coordinates":[4.537710000000001,52.1536155]},"properties":{"stop_id":"stop/leiderdorp-simon-smitweg__4a2d9864f7","stop_name":"Leiderdorp, Simon Smitweg","city":"Leiderdorp","name":"Simon Smitweg","num_lines":1,"line_ids":["QBUZZ:z092"],"line_refs":["2"]}},{"type":"Feature","geometry":{"type":"Point","coordinates":[4.5162865,52.1652925]},"properties":{"stop_id":"stop/leiderdorp-sisalbaan__2f16e3307b","stop_name":"Leiderdorp, Sisalbaan","city":"Leiderdorp","name":"Sisalbaan","num_lines":1,"line_ids":["QBUZZ:z093"],"line_refs":["3"]}},{"type":"Feature","geometry":{"type":"Point","coordinates":[4.5151365000000006,52.161662]},"properties":{"stop_id":"stop/leiderdorp-spanjaardsbrug__6b0895ed5b","stop_name":"Leiderdorp, Spanjaardsbrug","city":"Leiderdorp","name":"Spanjaardsbrug","num_lines":1,"line_ids":["QBUZZ:z093"],"line_refs":["3"]}},{"type":"Feature","geometry":{"type":"Point","coordinates":[4.519148,52.167336]},"properties":{"stop_id":"stop/leiderdorp-touwbaan__cfd542b163","stop_name":"Leiderdorp, Touwbaan","city":"Leiderdorp","name":"Touwbaan","num_lines":1,"line_ids":["QBUZZ:z093"],"line_refs":["3"]}},{"type":"Feature","geometry":{"type":"Point","coordinates":[4.5244409999999995,52.154711999999996]},"properties":{"stop_id":"stop/leiderdorp-van-der-valk-boumanweg__2b495a7cac","stop_name":"Leiderdorp, van der Valk Boumanweg","city":"Leiderdorp","name":"van der Valk Boumanweg","num_lines":1,"line_ids":["QBUZZ:z092"],"line_refs":["2"]}},{"type":"Feature","geometry":{"type":"Point","coordinates":[4.5249939999999995,52.1583095]},"properties":{"stop_id":"stop/leiderdorp-van-poelgeestlaan__29b8243f38","stop_name":"Leiderdorp, van Poelgeestlaan","city":"Leiderdorp","name":"van Poelgeestlaan","num_lines":1,"line_ids":["QBUZZ:z092"],"line_refs":["2"]}},{"type":"Feature","geometry":{"type":"Point","coordinates":[4.5268965,52.161946]},"properties":{"stop_id":"stop/leiderdorp-vogellaan__4ca57567ca","stop_name":"Leiderdorp, Vogellaan","city":"Leiderdorp","name":"Vogellaan","num_lines":1,"line_ids":["QBUZZ:z092"],"line_refs":["2"]}},{"type":"Feature","geometry":{"type":"Point","coordinates":[4.52930375,52.1633115]},"properties":{"stop_id":"stop/leiderdorp-vronkenlaan__dbcc3c25fd","stop_name":"Leiderdorp, Vronkenlaan","city":"Leiderdorp","name":"Vronkenlaan","num_lines":2,"line_ids":["QBUZZ:z056","QBUZZ:z092"],"line_refs":["2","56"]}},{"type":"Feature","geometry":{"type":"Point","coordinates":[4.5325074999999995,52.161254]},"properties":{"stop_id":"stop/leiderdorp-winkelhof__25ddd9a71f","stop_name":"Leiderdorp, Winkelhof","city":"Leiderdorp","name":"Winkelhof","num_lines":2,"line_ids":["QBUZZ:z056","QBUZZ:z410"],"line_refs":["56","410"]}},{"type":"Feature","geometry":{"type":"Point","coordinates":[4.534356,52.163191]},"properties":{"stop_id":"stop/leiderdorp-winkelhof-heinsiuslaan__df1904739f","stop_name":"Leiderdorp, Winkelhof/Heinsiuslaan","city":"Leiderdorp","name":"Winkelhof/Heinsiuslaan","num_lines":1,"line_ids":["QBUZZ:z092"],"line_refs":["2"]}},{"type":"Feature","geometry":{"type":"Point","coordinates":[4.541230875,52.157988875]},"properties":{"stop_id":"stop/leiderdorp-ziekenhuis__bd06890e65","stop_name":"Leiderdorp, Ziekenhuis","city":"Leiderdorp","name":"Ziekenhuis","num_lines":4,"line_ids":["QBUZZ:z056","QBUZZ:z092","QBUZZ:z182","QBUZZ:z410"],"line_refs":["2","56","182","410"]}},{"type":"Feature","geometry":{"type":"Point","coordinates":[4.529255,52.15177]},"properties":{"stop_id":"stop/leiderdorp-zwembad-de-does__3dc7ce9b9c","stop_name":"Leiderdorp, Zwembad de Does","city":"Leiderdorp","name":"Zwembad de Does","num_lines":1,"line_ids":["QBUZZ:z182"],"line_refs":["182"]}},{"type":"Feature","geometry":{"type":"Point","coordinates":[4.3849455,52.090526]},"properties":{"stop_id":"stop/leidschendam-burgemeester-banninglaan__2cacd127fa","stop_name":"Leidschendam, Burgemeester Banninglaan","city":"Leidschendam","name":"Burgemeester Banninglaan","num_lines":1,"line_ids":["EBS:3046"],"line_refs":["46"]}},{"type":"Feature","geometry":{"type":"Point","coordinates":[4.393957,52.0832855]},"properties":{"stop_id":"stop/leidschendam-damlaan__cca80f83a9","stop_name":"Leidschendam, Damlaan","city":"Leidschendam","name":"Damlaan","num_lines":2,"line_ids":["EBS:3045","EBS:3046"],"line_refs":["45","46"]}},{"type":"Feature","geometry":{"type":"Point","coordinates":[4.400651,52.0999255]},"properties":{"stop_id":"stop/leidschendam-dillenburgsingel__80c5fdb919","stop_name":"Leidschendam, Dillenburgsingel","city":"Leidschendam","name":"Dillenburgsingel","num_lines":1,"line_ids":["EBS:3046"],"line_refs":["46"]}},{"type":"Feature","geometry":{"type":"Point","coordinates":[4.4041515,52.097056]},"properties":{"stop_id":"stop/leidschendam-dillenburgsingel-noordsingel__79c7caedea","stop_name":"Leidschendam, Dillenburgsingel/Noordsingel","city":"Leidschendam","name":"Dillenburgsingel/Noordsingel","num_lines":1,"line_ids":["EBS:3046"],"line_refs":["46"]}},{"type":"Feature","geometry":{"type":"Point","coordinates":[4.415119499999999,52.097727]},"properties":{"stop_id":"stop/leidschendam-ggz-rivierduinen__f5c397c9d1","stop_name":"Leidschendam, GGZ Rivierduinen","city":"Leidschendam","name":"GGZ Rivierduinen","num_lines":2,"line_ids":["EBS:3045","EBS:3046"],"line_refs":["45","46"]}},{"type":"Feature","geometry":{"type":"Point","coordinates":[4.384156,52.09189]},"properties":{"stop_id":"stop/leidschendam-hmc-antoniushove__152c8b547a","stop_name":"Leidschendam, HMC Antoniushove","city":"Leidschendam","name":"HMC Antoniushove","num_lines":1,"line_ids":["EBS:3046"],"line_refs":["46"]}},{"type":"Feature","geometry":{"type":"Point","coordinates":[4.3900615,52.087203]},"properties":{"stop_id":"stop/leidschendam-j-s-bachlaan__ef4bb3e5ee","stop_name":"Leidschendam, J.S. Bachlaan","city":"Leidschendam","name":"J.S. Bachlaan","num_lines":1,"line_ids":["EBS:3046"],"line_refs":["46"]}},{"type":"Feature","geometry":{"type":"Point","coordinates":[4.400987,52.087672]},"properties":{"stop_id":"stop/leidschendam-koningin-julianaplein__6f598a500d","stop_name":"Leidschendam, Koningin Julianaplein","city":"Leidschendam","name":"Koningin Julianaplein","num_lines":1,"line_ids":["EBS:3045"],"line_refs":["45"]}},{"type":"Feature","geometry":{"type":"Point","coordinates":[4.3932765,52.096821]},"properties":{"stop_id":"stop/leidschendam-prinsensingel__386ff93a60","stop_name":"Leidschendam, Prinsensingel","city":"Leidschendam","name":"Prinsensingel","num_lines":1,"line_ids":["EBS:3046"],"line_refs":["46"]}},{"type":"Feature","geometry":{"type":"Point","coordinates":[4.406558499999999,52.090775]},"properties":{"stop_id":"stop/leidschendam-rozenrust__c5bace6937","stop_name":"Leidschendam, Rozenrust","city":"Leidschendam","name":"Rozenrust","num_lines":1,"line_ids":["EBS:3045"],"line_refs":["45"]}},{"type":"Feature","geometry":{"type":"Point","coordinates":[4.418369,52.102342]},"properties":{"stop_id":"stop/leidschendam-vlindertuin__96ef3a3578","stop_name":"Leidschendam, Vlindertuin","city":"Leidschendam","name":"Vlindertuin","num_lines":2,"line_ids":["EBS:3045","EBS:3046"],"line_refs":["45","46"]}},{"type":"Feature","geometry":{"type":"Point","coordinates":[4.4103365,52.093534500000004]},"properties":{"stop_id":"stop/leidschendam-weikamp__990f4fb8bc","stop_name":"Leidschendam, Weikamp","city":"Leidschendam","name":"Weikamp","num_lines":1,"line_ids":["EBS:3045"],"line_refs":["45"]}},{"type":"Feature","geometry":{"type":"Point","coordinates":[4.666236,52.221424]},"properties":{"stop_id":"stop/leimuiden-acacialaan__1f96334b65","stop_name":"Leimuiden, Acacialaan","city":"Leimuiden","name":"Acacialaan","num_lines":1,"line_ids":["QBUZZ:z366"],"line_refs":["366"]}},{"type":"Feature","geometry":{"type":"Point","coordinates":[4.662936,52.223696]},"properties":{"stop_id":"stop/leimuiden-dennenlaan__59fe44ed35","stop_name":"Leimuiden, Dennenlaan","city":"Leimuiden","name":"Dennenlaan","num_lines":1,"line_ids":["QBUZZ:z366"],"line_refs":["366"]}},{"type":"Feature","geometry":{"type":"Point","coordinates":[4.673091,52.222005]},"properties":{"stop_id":"stop/leimuiden-kloofpad__504d8fb705","stop_name":"Leimuiden, Kloofpad","city":"Leimuiden","name":"Kloofpad","num_lines":1,"line_ids":["QBUZZ:z366"],"line_refs":["366"]}},{"type":"Feature","geometry":{"type":"Point","coordinates":[4.67612675,52.225016249999996]},"properties":{"stop_id":"stop/leimuiden-leimuiden-n207__d2b6110958","stop_name":"Leimuiden, Leimuiden/N207","city":"Leimuiden","name":"Leimuiden/N207","num_lines":2,"line_ids":["QBUZZ:z366","QBUZZ:z470"],"line_refs":["366","470"]}},{"type":"Feature","geometry":{"type":"Point","coordinates":[4.671795,52.22615]},"properties":{"stop_id":"stop/leimuiden-noordeinde__a886bd41c4","stop_name":"Leimuiden, Noordeinde","city":"Leimuiden","name":"Noordeinde","num_lines":1,"line_ids":["QBUZZ:z366"],"line_refs":["366"]}},{"type":"Feature","geometry":{"type":"Point","coordinates":[4.66659,52.225776]},"properties":{"stop_id":"stop/leimuiden-rietlanden__26edc24027","stop_name":"Leimuiden, Rietlanden","city":"Leimuiden","name":"Rietlanden","num_lines":1,"line_ids":["QBUZZ:z366"],"line_refs":["366"]}},{"type":"Feature","geometry":{"type":"Point","coordinates":[4.674994,52.224704]},"properties":{"stop_id":"stop/leimuiden-tuinderij__bd4631570e","stop_name":"Leimuiden, Tuinderij","city":"Leimuiden","name":"Tuinderij","num_lines":1,"line_ids":["QBUZZ:z366"],"line_refs":["366"]}},{"type":"Feature","geometry":{"type":"Point","coordinates":[4.6671245,52.2298335]},"properties":{"stop_id":"stop/leimuiderbrug-leimuiderbrug__2b0927f06f","stop_name":"Leimuiderbrug, Leimuiderbrug","city":"Leimuiderbrug","name":"Leimuiderbrug","num_lines":2,"line_ids":["QBUZZ:z365","QBUZZ:z366"],"line_refs":["365","366"]}},{"type":"Feature","geometry":{"type":"Point","coordinates":[4.552901,52.24228100000001]},"properties":{"stop_id":"stop/lisse-anna-blamandreef__670e0f91f0","stop_name":"Lisse, Anna Blamandreef","city":"Lisse","name":"Anna Blamandreef","num_lines":3,"line_ids":["QBUZZ:z050","QBUZZ:z250","QBUZZ:z361"],"line_refs":["50","250","361"]}},{"type":"Feature","geometry":{"type":"Point","coordinates":[4.5323185,52.2344175]},"properties":{"stop_id":"stop/lisse-beekbrug__b41f7ffa15","stop_name":"Lisse, Beekbrug","city":"Lisse","name":"Beekbrug","num_lines":3,"line_ids":["QBUZZ:z050","QBUZZ:z250","QBUZZ:z361"],"line_refs":["50","250","361"]}},{"type":"Feature","geometry":{"type":"Point","coordinates":[4.558230999999999,52.257203000000004]},"properties":{"stop_id":"stop/lisse-centrum__6da58c217d","stop_name":"Lisse, Centrum","city":"Lisse","name":"Centrum","num_lines":3,"line_ids":["QBUZZ:z050","QBUZZ:z250","QBUZZ:z361"],"line_refs":["50","250","361"]}},{"type":"Feature","geometry":{"type":"Point","coordinates":[4.5389575,52.2425055]},"properties":{"stop_id":"stop/lisse-engelenbuurt__6d6c5e850b","stop_name":"Lisse, Engelenbuurt","city":"Lisse","name":"Engelenbuurt","num_lines":3,"line_ids":["QBUZZ:z050","QBUZZ:z250","QBUZZ:z361"],"line_refs":["50","250","361"]}},{"type":"Feature","geometry":{"type":"Point","coordinates":[4.5536895,52.245127]},"properties":{"stop_id":"stop/lisse-hannie-schaftlaan__69e6cf9f02","stop_name":"Lisse, Hannie Schaftlaan","city":"Lisse","name":"Hannie Schaftlaan","num_lines":3,"line_ids":["QBUZZ:z050","QBUZZ:z250","QBUZZ:z361"],"line_refs":["50","250","361"]}},{"type":"Feature","geometry":{"type":"Point","coordinates":[4.563149,52.2707915]},"properties":{"stop_id":"stop/lisse-meer-en-duin__6028aee55f","stop_name":"Lisse, Meer en Duin","city":"Lisse","name":"Meer en Duin","num_lines":3,"line_ids":["QBUZZ:z050","QBUZZ:z250","QBUZZ:z361"],"line_refs":["50","250","361"]}},{"type":"Feature","geometry":{"type":"Point","coordinates":[4.563729,52.25925900000001]},"properties":{"stop_id":"stop/lisse-nassaupark__eb9922eb67","stop_name":"Lisse, Nassaupark","city":"Lisse","name":"Nassaupark","num_lines":3,"line_ids":["QBUZZ:z050","QBUZZ:z250","QBUZZ:z361"],"line_refs":["50","250","361"]}},{"type":"Feature","geometry":{"type":"Point","coordinates":[4.564775,52.262479500000005]},"properties":{"stop_id":"stop/lisse-sportlaan__d341a7e15b","stop_name":"Lisse, Sportlaan","city":"Lisse","name":"Sportlaan","num_lines":3,"line_ids":["QBUZZ:z050","QBUZZ:z250","QBUZZ:z361"],"line_refs":["50","250","361"]}},{"type":"Feature","geometry":{"type":"Point","coordinates":[4.560646,52.2501775]},"properties":{"stop_id":"stop/lisse-uitermeer__fde24877a0","stop_name":"Lisse, Uitermeer","city":"Lisse","name":"Uitermeer","num_lines":3,"line_ids":["QBUZZ:z050","QBUZZ:z250","QBUZZ:z361"],"line_refs":["50","250","361"]}},{"type":"Feature","geometry":{"type":"Point","coordinates":[4.560634,52.265803500000004]},"properties":{"stop_id":"stop/lisse-vreewijk__8061bbbf0d","stop_name":"Lisse, Vreewijk","city":"Lisse","name":"Vreewijk","num_lines":3,"line_ids":["QBUZZ:z050","QBUZZ:z250","QBUZZ:z361"],"line_refs":["50","250","361"]}},{"type":"Feature","geometry":{"type":"Point","coordinates":[4.6392264999999995,52.261995]},"properties":{"stop_id":"stop/nieuw-vennep-akkerstraat__c512fcbe2a","stop_name":"Nieuw-Vennep, Akkerstraat","city":"Nieuw-Vennep","name":"Akkerstraat","num_lines":1,"line_ids":["QBUZZ:z022"],"line_refs":["22"]}},{"type":"Feature","geometry":{"type":"Point","coordinates":[4.623321,52.270409]},"properties":{"stop_id":"stop/nieuw-vennep-getsewoud-centrum__4895654219","stop_name":"Nieuw-Vennep, Getsewoud Centrum","city":"Nieuw-Vennep","name":"Getsewoud Centrum","num_lines":1,"line_ids":["QBUZZ:z022"],"line_refs":["22"]}},{"type":"Feature","geometry":{"type":"Point","coordinates":[4.605235,52.258709499999995]},"properties":{"stop_id":"stop/nieuw-vennep-getsewoud-zuid-n207__83e6d848d1","stop_name":"Nieuw-Vennep, Getsewoud-Zuid/N207","city":"Nieuw-Vennep","name":"Getsewoud-Zuid/N207","num_lines":1,"line_ids":["QBUZZ:z361"],"line_refs":["361"]}},{"type":"Feature","geometry":{"type":"Point","coordinates":[4.612627,52.2761995]},"properties":{"stop_id":"stop/nieuw-vennep-ijweg-venneperweg__a4f8ef04fe","stop_name":"Nieuw-Vennep, IJweg/Venneperweg","city":"Nieuw-Vennep","name":"IJweg/Venneperweg","num_lines":1,"line_ids":["QBUZZ:z022"],"line_refs":["22"]}},{"type":"Feature","geometry":{"type":"Point","coordinates":[4.630462,52.2618625]},"properties":{"stop_id":"stop/nieuw-vennep-madeliefstraat__773b337b5d","stop_name":"Nieuw-Vennep, Madeliefstraat","city":"Nieuw-Vennep","name":"Madeliefstraat","num_lines":1,"line_ids":["QBUZZ:z022"],"line_refs":["22"]}},{"type":"Feature","geometry":{"type":"Point","coordinates":[4.603936,52.280902]},"properties":{"stop_id":"stop/nieuw-vennep-middelweg__8146c1dd94","stop_name":"Nieuw-Vennep, Middelweg","city":"Nieuw-Vennep","name":"Middelweg","num_lines":1,"line_ids":["QBUZZ:z022"],"line_refs":["22"]}},{"type":"Feature","geometry":{"type":"Point","coordinates":[4.6349665,52.2640125]},"properties":{"stop_id":"stop/nieuw-vennep-rustoordstraat__911db04a2b","stop_name":"Nieuw-Vennep, Rustoordstraat","city":"Nieuw-Vennep","name":"Rustoordstraat","num_lines":1,"line_ids":["QBUZZ:z022"],"line_refs":["22"]}},{"type":"Feature","geometry":{"type":"Point","coordinates":[4.6257295,52.269198]},"properties":{"stop_id":"stop/nieuw-vennep-staringstraat__d6554ef0c0","stop_name":"Nieuw-Vennep, Staringstraat","city":"Nieuw-Vennep","name":"Staringstraat","num_lines":1,"line_ids":["QBUZZ:z022"],"line_refs":["22"]}},{"type":"Feature","geometry":{"type":"Point","coordinates":[4.644679,52.259193]},"properties":{"stop_id":"stop/nieuw-vennep-station__62c33a3f91","stop_name":"Nieuw-Vennep, Station","city":"Nieuw-Vennep","name":"Station","num_lines":1,"line_ids":["QBUZZ:z022"],"line_refs":["22"]}},{"type":"Feature","geometry":{"type":"Point","coordinates":[4.625182000000001,52.26781]},"properties":{"stop_id":"stop/nieuw-vennep-westerdreef__78fb9bcbac","stop_name":"Nieuw-Vennep, Westerdreef","city":"Nieuw-Vennep","name":"Westerdreef","num_lines":1,"line_ids":["QBUZZ:z022"],"line_refs":["22"]}},{"type":"Feature","geometry":{"type":"Point","coordinates":[4.6218615,52.2641395]},"properties":{"stop_id":"stop/nieuw-vennep-westerkim__649db04bab","stop_name":"Nieuw-Vennep, Westerkim","city":"Nieuw-Vennep","name":"Westerkim","num_lines":1,"line_ids":["QBUZZ:z022"],"line_refs":["22"]}},{"type":"Feature","geometry":{"type":"Point","coordinates":[4.620938499999999,52.271773499999995]},"properties":{"stop_id":"stop/nieuw-vennep-wkc-getsewoud__579ffab411","stop_name":"Nieuw-Vennep, Wkc Getsewoud","city":"Nieuw-Vennep","name":"Wkc Getsewoud","num_lines":1,"line_ids":["QBUZZ:z022"],"line_refs":["22"]}},{"type":"Feature","geometry":{"type":"Point","coordinates":[4.6262375,52.2617815]},"properties":{"stop_id":"stop/nieuw-vennep-zuiderdreef__9760e3fbdf","stop_name":"Nieuw-Vennep, Zuiderdreef","city":"Nieuw-Vennep","name":"Zuiderdreef","num_lines":1,"line_ids":["QBUZZ:z022"],"line_refs":["22"]}},{"type":"Feature","geometry":{"type":"Point","coordinates":[4.610502,52.1985915]},"properties":{"stop_id":"stop/nieuwe-wetering-rotonde__0e1b2fc61a","stop_name":"Nieuwe Wetering, Rotonde","city":"Nieuwe Wetering","name":"Rotonde","num_lines":1,"line_ids":["QBUZZ:z056"],"line_refs":["56"]}},{"type":"Feature","geometry":{"type":"Point","coordinates":[4.77771,52.1635885]},"properties":{"stop_id":"stop/nieuwkoop-atoomweg__3b60e7b687","stop_name":"Nieuwkoop, Atoomweg","city":"Nieuwkoop","name":"Atoomweg","num_lines":1,"line_ids":["QBUZZ:z147"],"line_refs":["147"]}},{"type":"Feature","geometry":{"type":"Point","coordinates":[4.76562,52.145940499999995]},"properties":{"stop_id":"stop/nieuwkoop-de-halve-roe__cd8c0af154","stop_name":"Nieuwkoop, De Halve Roe","city":"Nieuwkoop","name":"De Halve Roe","num_lines":1,"line_ids":["QBUZZ:z147"],"line_refs":["147"]}},{"type":"Feature","geometry":{"type":"Point","coordinates":[4.763047,52.148659]},"properties":{"stop_id":"stop/nieuwkoop-de-schepegaten__9a7099be1d","stop_name":"Nieuwkoop, De Schepegaten","city":"Nieuwkoop","name":"De Schepegaten","num_lines":1,"line_ids":["QBUZZ:z147"],"line_refs":["147"]}},{"type":"Feature","geometry":{"type":"Point","coordinates":[4.7807555,52.1588675]},"properties":{"stop_id":"stop/nieuwkoop-industrieweg__7e0ebd42e2","stop_name":"Nieuwkoop, Industrieweg","city":"Nieuwkoop","name":"Industrieweg","num_lines":1,"line_ids":["QBUZZ:z147"],"line_refs":["147"]}},{"type":"Feature","geometry":{"type":"Point","coordinates":[4.773872,52.148797]},"properties":{"stop_id":"stop/nieuwkoop-kennedylaan__08da6aa3f7","stop_name":"Nieuwkoop, Kennedylaan","city":"Nieuwkoop","name":"Kennedylaan","num_lines":1,"line_ids":["QBUZZ:z147"],"line_refs":["147"]}},{"type":"Feature","geometry":{"type":"Point","coordinates":[4.768347,52.147366000000005]},"properties":{"stop_id":"stop/nieuwkoop-maarten-freeke-wije__211a76bc8c","stop_name":"Nieuwkoop, Maarten Freeke Wije","city":"Nieuwkoop","name":"Maarten Freeke Wije","num_lines":1,"line_ids":["QBUZZ:z147"],"line_refs":["147"]}},{"type":"Feature","geometry":{"type":"Point","coordinates":[4.783176,52.1533435]},"properties":{"stop_id":"stop/nieuwkoop-meeuwenlaan__8f968a3879","stop_name":"Nieuwkoop, Meeuwenlaan","city":"Nieuwkoop","name":"Meeuwenlaan","num_lines":1,"line_ids":["QBUZZ:z147"],"line_refs":["147"]}},{"type":"Feature","geometry":{"type":"Point","coordinates":[4.782552,52.1556955]},"properties":{"stop_id":"stop/nieuwkoop-nieuwveenseweg__5d285c3cc9","stop_name":"Nieuwkoop, Nieuwveenseweg","city":"Nieuwkoop","name":"Nieuwveenseweg","num_lines":1,"line_ids":["QBUZZ:z147"],"line_refs":["147"]}},{"type":"Feature","geometry":{"type":"Point","coordinates":[4.778129,52.1510615]},"properties":{"stop_id":"stop/nieuwkoop-roerdomplaan__45732c8538","stop_name":"Nieuwkoop, Roerdomplaan","city":"Nieuwkoop","name":"Roerdomplaan","num_lines":1,"line_ids":["QBUZZ:z147"],"line_refs":["147"]}},{"type":"Feature","geometry":{"type":"Point","coordinates":[4.7739735,52.206263]},"properties":{"stop_id":"stop/nieuwveen-hoeve-amsterdam__ca3426bfc7","stop_name":"Nieuwveen, Hoeve Amsterdam","city":"Nieuwveen","name":"Hoeve Amsterdam","num_lines":1,"line_ids":["QBUZZ:z147"],"line_refs":["147"]}},{"type":"Feature","geometry":{"type":"Point","coordinates":[4.756983,52.196799]},"properties":{"stop_id":"stop/nieuwveen-kerkstraat__66755fa4e7","stop_name":"Nieuwveen, Kerkstraat","city":"Nieuwveen","name":"Kerkstraat","num_lines":1,"line_ids":["QBUZZ:z147"],"line_refs":["147"]}},{"type":"Feature","geometry":{"type":"Point","coordinates":[4.768855666666667,52.20409466666666]},"properties":{"stop_id":"stop/nieuwveen-liemeerbrug__aae36132ee","stop_name":"Nieuwveen, Liemeerbrug","city":"Nieuwveen","name":"Liemeerbrug","num_lines":1,"line_ids":["QBUZZ:z147"],"line_refs":["147"]}},{"type":"Feature","geometry":{"type":"Point","coordinates":[4.7605845,52.1898345]},"properties":{"stop_id":"stop/nieuwveen-provincialeweg__d793d2981e","stop_name":"Nieuwveen, Provincialeweg","city":"Nieuwveen","name":"Provincialeweg","num_lines":1,"line_ids":["QBUZZ:z147"],"line_refs":["147"]}},{"type":"Feature","geometry":{"type":"Point","coordinates":[4.7587735,52.1995005]},"properties":{"stop_id":"stop/nieuwveen-rk-kerk__116bb43c31","stop_name":"Nieuwveen, RK Kerk","city":"Nieuwveen","name":"RK Kerk","num_lines":1,"line_ids":["QBUZZ:z147"],"line_refs":["147"]}},{"type":"Feature","geometry":{"type":"Point","coordinates":[4.7640475,52.202081]},"properties":{"stop_id":"stop/nieuwveen-uiterbuurtweg__fb61a4f182","stop_name":"Nieuwveen, Uiterbuurtweg","city":"Nieuwveen","name":"Uiterbuurtweg","num_lines":1,"line_ids":["QBUZZ:z147"],"line_refs":["147"]}},{"type":"Feature","geometry":{"type":"Point","coordinates":[4.759348,52.192996]},"properties":{"stop_id":"stop/nieuwveen-w-p-speelmanweg__f71a1c2188","stop_name":"Nieuwveen, W.P. Speelmanweg","city":"Nieuwveen","name":"W.P. Speelmanweg","num_lines":1,"line_ids":["QBUZZ:z147"],"line_refs":["147"]}},{"type":"Feature","geometry":{"type":"Point","coordinates":[4.7746485,52.1912385]},"properties":{"stop_id":"stop/noordeinde-noordeinde__2e4380c3d8","stop_name":"Noordeinde, Noordeinde","city":"Noordeinde","name":"Noordeinde","num_lines":1,"line_ids":["QBUZZ:z147"],"line_refs":["147"]}},{"type":"Feature","geometry":{"type":"Point","coordinates":[4.771744999999999,52.191776000000004]},"properties":{"stop_id":"stop/noordeinde-tochtpad__690b24fa4e","stop_name":"Noordeinde, Tochtpad","city":"Noordeinde","name":"Tochtpad","num_lines":1,"line_ids":["QBUZZ:z147"],"line_refs":["147"]}},{"type":"Feature","geometry":{"type":"Point","coordinates":[4.4332934999999996,52.214128]},"properties":{"stop_id":"stop/noordwijk-s-gravendijckseweg__fc7250c61e","stop_name":"Noordwijk, 's-Gravendijckseweg","city":"Noordwijk","name":"'s-Gravendijckseweg","num_lines":2,"line_ids":["QBUZZ:z020","QBUZZ:z021"],"line_refs":["20","21"]}},{"type":"Feature","geometry":{"type":"Point","coordinates":[4.4406435,52.2414665]},"properties":{"stop_id":"stop/noordwijk-binnenzee__aa361f6011","stop_name":"Noordwijk, BinnenZee","city":"Noordwijk","name":"BinnenZee","num_lines":1,"line_ids":["QBUZZ:z023"],"line_refs":["23"]}},{"type":"Feature","geometry":{"type":"Point","coordinates":[4.458935,52.236380499999996]},"properties":{"stop_id":"stop/noordwijk-boechorst__219a956d4f","stop_name":"Noordwijk, Boechorst","city":"Noordwijk","name":"Boechorst","num_lines":1,"line_ids":["QBUZZ:z361"],"line_refs":["361"]}},{"type":"Feature","geometry":{"type":"Point","coordinates":[4.4418745,52.229683499999986]},"properties":{"stop_id":"stop/noordwijk-boekerslootlaan__e4c96b478e","stop_name":"Noordwijk, Boekerslootlaan","city":"Noordwijk","name":"Boekerslootlaan","num_lines":5,"line_ids":["QBUZZ:z022","QBUZZ:z023","QBUZZ:z090","QBUZZ:z361","QBUZZ:z385"],"line_refs":["22","23","90","361","385"]}},{"type":"Feature","geometry":{"type":"Point","coordinates":[4.4503615,52.2399305]},"properties":{"stop_id":"stop/noordwijk-boerenburg__ced1e71117","stop_name":"Noordwijk, Boerenburg","city":"Noordwijk","name":"Boerenburg","num_lines":4,"line_ids":["QBUZZ:z020","QBUZZ:z021","QBUZZ:z022","QBUZZ:z361"],"line_refs":["20","21","22","361"]}},{"type":"Feature","geometry":{"type":"Point","coordinates":[4.460076666666667,52.264378666666666]},"properties":{"stop_id":"stop/noordwijk-bos-zee-en-duin__f202bd1781","stop_name":"Noordwijk, Bos Zee en Duin","city":"Noordwijk","name":"Bos Zee en Duin","num_lines":1,"line_ids":["QBUZZ:z090"],"line_refs":["90"]}},{"type":"Feature","geometry":{"type":"Point","coordinates":[4.466632,52.2689015]},"properties":{"stop_id":"stop/noordwijk-de-witte-raaf__6f49136324","stop_name":"Noordwijk, De Witte Raaf","city":"Noordwijk","name":"De Witte Raaf","num_lines":1,"line_ids":["QBUZZ:z090"],"line_refs":["90"]}},{"type":"Feature","geometry":{"type":"Point","coordinates":[4.4743315,52.275175000000004]},"properties":{"stop_id":"stop/noordwijk-de-wulp__d90d234dc6","stop_name":"Noordwijk, De Wulp","city":"Noordwijk","name":"De Wulp","num_lines":1,"line_ids":["QBUZZ:z090"],"line_refs":["90"]}},{"type":"Feature","geometry":{"type":"Point","coordinates":[4.4470615,52.250581999999994]},"properties":{"stop_id":"stop/noordwijk-duinpark__85e6f3f637","stop_name":"Noordwijk, Duinpark","city":"Noordwijk","name":"Duinpark","num_lines":2,"line_ids":["QBUZZ:z021","QBUZZ:z090"],"line_refs":["21","90"]}},{"type":"Feature","geometry":{"type":"Point","coordinates":[4.451276,52.24449]},"properties":{"stop_id":"stop/noordwijk-duinwetering__136dedce93","stop_name":"Noordwijk, Duinwetering","city":"Noordwijk","name":"Duinwetering","num_lines":1,"line_ids":["QBUZZ:z021"],"line_refs":["21"]}},{"type":"Feature","geometry":{"type":"Point","coordinates":[4.416026,52.21582]},"properties":{"stop_id":"stop/noordwijk-esa-estec__e02773b505","stop_name":"Noordwijk, ESA Estec","city":"Noordwijk","name":"ESA Estec","num_lines":2,"line_ids":["QBUZZ:z385","QBUZZ:z400"],"line_refs":["385","400"]}},{"type":"Feature","geometry":{"type":"Point","coordinates":[4.4383155,52.23253150000001]},"properties":{"stop_id":"stop/noordwijk-gladiolusstraat__77a45dcb83","stop_name":"Noordwijk, Gladiolusstraat","city":"Noordwijk","name":"Gladiolusstraat","num_lines":5,"line_ids":["QBUZZ:z022","QBUZZ:z023","QBUZZ:z090","QBUZZ:z361","QBUZZ:z385"],"line_refs":["22","23","90","361","385"]}},{"type":"Feature","geometry":{"type":"Point","coordinates":[4.4576085,52.239237]},"properties":{"stop_id":"stop/noordwijk-gooweg__0fb4feb2f9","stop_name":"Noordwijk, Gooweg","city":"Noordwijk","name":"Gooweg","num_lines":1,"line_ids":["QBUZZ:z022"],"line_refs":["22"]}},{"type":"Feature","geometry":{"type":"Point","coordinates":[4.4396450000000005,52.251463666666666]},"properties":{"stop_id":"stop/noordwijk-groot-hoogwaak__00186bf4a6","stop_name":"Noordwijk, Groot Hoogwaak","city":"Noordwijk","name":"Groot Hoogwaak","num_lines":2,"line_ids":["QBUZZ:z021","QBUZZ:z090"],"line_refs":["21","90"]}},{"type":"Feature","geometry":{"type":"Point","coordinates":[4.441205,52.222280999999995]},"properties":{"stop_id":"stop/noordwijk-herenweg__7ad2b836ef","stop_name":"Noordwijk, Herenweg","city":"Noordwijk","name":"Herenweg","num_lines":4,"line_ids":["QBUZZ:z020","QBUZZ:z021","QBUZZ:z090","QBUZZ:z385"],"line_refs":["20","21","90","385"]}},{"type":"Feature","geometry":{"type":"Point","coordinates":[4.45294,52.254516499999994]},"properties":{"stop_id":"stop/noordwijk-hollands-duin__8f55f1ad4f","stop_name":"Noordwijk, Hollands Duin","city":"Noordwijk","name":"Hollands Duin","num_lines":1,"line_ids":["QBUZZ:z090"],"line_refs":["90"]}},{"type":"Feature","geometry":{"type":"Point","coordinates":[4.436601,52.2429035]},"properties":{"stop_id":"stop/noordwijk-huis-ter-duinstraat__7dfa7159ea","stop_name":"Noordwijk, Huis ter Duinstraat","city":"Noordwijk","name":"Huis ter Duinstraat","num_lines":1,"line_ids":["QBUZZ:z020"],"line_refs":["20"]}},{"type":"Feature","geometry":{"type":"Point","coordinates":[4.439624,52.207854999999995]},"properties":{"stop_id":"stop/noordwijk-klei-oost__fb6fbc7eef","stop_name":"Noordwijk, Klei-Oost","city":"Noordwijk","name":"Klei-Oost","num_lines":2,"line_ids":["QBUZZ:z020","QBUZZ:z021"],"line_refs":["20","21"]}},{"type":"Feature","geometry":{"type":"Point","coordinates":[4.443225,52.236417499999995]},"properties":{"stop_id":"stop/noordwijk-lijnbaanweg__6e4477bcbd","stop_name":"Noordwijk, Lijnbaanweg","city":"Noordwijk","name":"Lijnbaanweg","num_lines":3,"line_ids":["QBUZZ:z022","QBUZZ:z023","QBUZZ:z385"],"line_refs":["22","23","385"]}},{"type":"Feature","geometry":{"type":"Point","coordinates":[4.465791,52.229432]},"properties":{"stop_id":"stop/noordwijk-noordwijkerhoek__e122ac3612","stop_name":"Noordwijk, Noordwijkerhoek","city":"Noordwijk","name":"Noordwijkerhoek","num_lines":1,"line_ids":["QBUZZ:z361"],"line_refs":["361"]}},{"type":"Feature","geometry":{"type":"Point","coordinates":[4.4307155,52.2442445]},"properties":{"stop_id":"stop/noordwijk-parallel-boulevard__5c5d7e7ea4","stop_name":"Noordwijk, Parallel Boulevard","city":"Noordwijk","name":"Parallel Boulevard","num_lines":5,"line_ids":["QBUZZ:z020","QBUZZ:z023","QBUZZ:z090","QBUZZ:z361","QBUZZ:z385"],"line_refs":["20","23","90","361","385"]}},{"type":"Feature","geometry":{"type":"Point","coordinates":[4.468742499999999,52.271466000000004]},"properties":{"stop_id":"stop/noordwijk-parc-du-soleil__2a947b4183","stop_name":"Noordwijk, Parc du Soleil","city":"Noordwijk","name":"Parc du Soleil","num_lines":1,"line_ids":["QBUZZ:z090"],"line_refs":["90"]}},{"type":"Feature","geometry":{"type":"Point","coordinates":[4.4315313000000005,52.2413011]},"properties":{"stop_id":"stop/noordwijk-pickeplein__faaf29d512","stop_name":"Noordwijk, Picképlein","city":"Noordwijk","name":"Picképlein","num_lines":5,"line_ids":["QBUZZ:z020","QBUZZ:z023","QBUZZ:z090","QBUZZ:z361","QBUZZ:z385"],"line_refs":["20","23","90","361","385"]}},{"type":"Feature","geometry":{"type":"Point","coordinates":[4.441871,52.2439885]},"properties":{"stop_id":"stop/noordwijk-piet-heinplein__047109fdf7","stop_name":"Noordwijk, Piet Heinplein","city":"Noordwijk","name":"Piet Heinplein","num_lines":3,"line_ids":["QBUZZ:z020","QBUZZ:z361","QBUZZ:z385"],"line_refs":["20","361","385"]}},{"type":"Feature","geometry":{"type":"Point","coordinates":[4.4529595,52.2354345]},"properties":{"stop_id":"stop/noordwijk-schiestraat__af825729fb","stop_name":"Noordwijk, Schiestraat","city":"Noordwijk","name":"Schiestraat","num_lines":2,"line_ids":["QBUZZ:z020","QBUZZ:z021"],"line_refs":["20","21"]}},{"type":"Feature","geometry":{"type":"Point","coordinates":[4.4210395,52.214765]},"properties":{"stop_id":"stop/noordwijk-space-expo__625d58d890","stop_name":"Noordwijk, Space Expo","city":"Noordwijk","name":"Space Expo","num_lines":2,"line_ids":["QBUZZ:z385","QBUZZ:z400"],"line_refs":["385","400"]}},{"type":"Feature","geometry":{"type":"Point","coordinates":[4.461774,52.2321915]},"properties":{"stop_id":"stop/noordwijk-sportpark__b1bf35408d","stop_name":"Noordwijk, Sportpark","city":"Noordwijk","name":"Sportpark","num_lines":1,"line_ids":["QBUZZ:z361"],"line_refs":["361"]}},{"type":"Feature","geometry":{"type":"Point","coordinates":[4.4862195,52.283018999999996]},"properties":{"stop_id":"stop/noordwijk-stayokay__44e5b7b6b8","stop_name":"Noordwijk, Stayokay","city":"Noordwijk","name":"Stayokay","num_lines":1,"line_ids":["QBUZZ:z090"],"line_refs":["90"]}},{"type":"Feature","geometry":{"type":"Point","coordinates":[4.446150875,52.241540625]},"properties":{"stop_id":"stop/noordwijk-van-panhuysstraat__29dfdf72ff","stop_name":"Noordwijk, Van Panhuysstraat","city":"Noordwijk","name":"Van Panhuysstraat","num_lines":4,"line_ids":["QBUZZ:z020","QBUZZ:z021","QBUZZ:z361","QBUZZ:z385"],"line_refs":["20","21","361","385"]}},{"type":"Feature","geometry":{"type":"Point","coordinates":[4.445085,52.2284375]},"properties":{"stop_id":"stop/noordwijk-voorstraat__0d226bf9ec","stop_name":"Noordwijk, Voorstraat","city":"Noordwijk","name":"Voorstraat","num_lines":2,"line_ids":["QBUZZ:z020","QBUZZ:z021"],"line_refs":["20","21"]}},{"type":"Feature","geometry":{"type":"Point","coordinates":[4.433898500000001,52.24723933333333]},"properties":{"stop_id":"stop/noordwijk-vuurtorenplein__1567487cb3","stop_name":"Noordwijk, Vuurtorenplein","city":"Noordwijk","name":"Vuurtorenplein","num_lines":6,"line_ids":["QBUZZ:z020","QBUZZ:z021","QBUZZ:z023","QBUZZ:z090","QBUZZ:z361","QBUZZ:z385"],"line_refs":["20","21","23","90","361","385"]}},{"type":"Feature","geometry":{"type":"Point","coordinates":[4.436427500000001,52.249314999999996]},"properties":{"stop_id":"stop/noordwijk-wantveld__7ff3d037c3","stop_name":"Noordwijk, Wantveld","city":"Noordwijk","name":"Wantveld","num_lines":2,"line_ids":["QBUZZ:z021","QBUZZ:z090"],"line_refs":["21","90"]}},{"type":"Feature","geometry":{"type":"Point","coordinates":[4.433082,52.218872]},"properties":{"stop_id":"stop/noordwijk-willem-van-den-bergh__ae301bf058","stop_name":"Noordwijk, Willem van den Bergh","city":"Noordwijk","name":"Willem van den Bergh","num_lines":5,"line_ids":["QBUZZ:z020","QBUZZ:z021","QBUZZ:z031","QBUZZ:z090","QBUZZ:z385"],"line_refs":["20","21","31","90","385"]}},{"type":"Feature","geometry":{"type":"Point","coordinates":[4.497393499999999,52.2646205]},"properties":{"stop_id":"stop/noordwijkerhout-brink__97655ed10d","stop_name":"Noordwijkerhout, Brink","city":"Noordwijkerhout","name":"Brink","num_lines":2,"line_ids":["QBUZZ:z022","QBUZZ:z090"],"line_refs":["22","90"]}},{"type":"Feature","geometry":{"type":"Point","coordinates":[4.519594,52.2849195]},"properties":{"stop_id":"stop/noordwijkerhout-corneliabrug__f500c16106","stop_name":"Noordwijkerhout, Corneliabrug","city":"Noordwijkerhout","name":"Corneliabrug","num_lines":1,"line_ids":["QBUZZ:z022"],"line_refs":["22"]}},{"type":"Feature","geometry":{"type":"Point","coordinates":[4.4641855,52.2436705]},"properties":{"stop_id":"stop/noordwijkerhout-dijk-en-burg__165f565c4a","stop_name":"Noordwijkerhout, Dijk en Burg","city":"Noordwijkerhout","name":"Dijk en Burg","num_lines":1,"line_ids":["QBUZZ:z022"],"line_refs":["22"]}},{"type":"Feature","geometry":{"type":"Point","coordinates":[4.495089,52.279625499999995]},"properties":{"stop_id":"stop/noordwijkerhout-duinschooten__3e70551a7f","stop_name":"Noordwijkerhout, Duinschooten","city":"Noordwijkerhout","name":"Duinschooten","num_lines":1,"line_ids":["QBUZZ:z090"],"line_refs":["90"]}},{"type":"Feature","geometry":{"type":"Point","coordinates":[4.4949794999999995,52.2593575]},"properties":{"stop_id":"stop/noordwijkerhout-kerkstraat__5044dabf7c","stop_name":"Noordwijkerhout, Kerkstraat","city":"Noordwijkerhout","name":"Kerkstraat","num_lines":2,"line_ids":["QBUZZ:z022","QBUZZ:z090"],"line_refs":["22","90"]}},{"type":"Feature","geometry":{"type":"Point","coordinates":[4.4743355000000005,52.249974]},"properties":{"stop_id":"stop/noordwijkerhout-langelaan__625bfadcec","stop_name":"Noordwijkerhout, Langelaan","city":"Noordwijkerhout","name":"Langelaan","num_lines":1,"line_ids":["QBUZZ:z022"],"line_refs":["22"]}},{"type":"Feature","geometry":{"type":"Point","coordinates":[4.4860305,52.249533]},"properties":{"stop_id":"stop/noordwijkerhout-leeweg__d03dff4964","stop_name":"Noordwijkerhout, Leeweg","city":"Noordwijkerhout","name":"Leeweg","num_lines":1,"line_ids":["QBUZZ:z022"],"line_refs":["22"]}},{"type":"Feature","geometry":{"type":"Point","coordinates":[4.4930145,52.251438]},"properties":{"stop_id":"stop/noordwijkerhout-maandagse-wetering__4efcafef05","stop_name":"Noordwijkerhout, Maandagse Wetering","city":"Noordwijkerhout","name":"Maandagse Wetering","num_lines":2,"line_ids":["QBUZZ:z022","QBUZZ:z090"],"line_refs":["22","90"]}},{"type":"Feature","geometry":{"type":"Point","coordinates":[4.506121,52.271440999999996]},"properties":{"stop_id":"stop/noordwijkerhout-narcissa__f798891a2a","stop_name":"Noordwijkerhout, Narcissa","city":"Noordwijkerhout","name":"Narcissa","num_lines":1,"line_ids":["QBUZZ:z022"],"line_refs":["22"]}},{"type":"Feature","geometry":{"type":"Point","coordinates":[4.470511500000001,52.2475625]},"properties":{"stop_id":"stop/noordwijkerhout-nieuw-leeuwenhorst__8fc2dafecb","stop_name":"Noordwijkerhout, Nieuw Leeuwenhorst","city":"Noordwijkerhout","name":"Nieuw Leeuwenhorst","num_lines":1,"line_ids":["QBUZZ:z022"],"line_refs":["22"]}},{"type":"Feature","geometry":{"type":"Point","coordinates":[4.493622,52.245982]},"properties":{"stop_id":"stop/noordwijkerhout-piet-gijzenbrug__0dd28d3e1e","stop_name":"Noordwijkerhout, Piet Gijzenbrug","city":"Noordwijkerhout","name":"Piet Gijzenbrug","num_lines":1,"line_ids":["QBUZZ:z090"],"line_refs":["90"]}},{"type":"Feature","geometry":{"type":"Point","coordinates":[4.495158,52.2537325]},"properties":{"stop_id":"stop/noordwijkerhout-pilarenlaan__0349078b6d","stop_name":"Noordwijkerhout, Pilarenlaan","city":"Noordwijkerhout","name":"Pilarenlaan","num_lines":2,"line_ids":["QBUZZ:z022","QBUZZ:z090"],"line_refs":["22","90"]}},{"type":"Feature","geometry":{"type":"Point","coordinates":[4.525409,52.2911455]},"properties":{"stop_id":"stop/noordwijkerhout-ruigenhoek__bfbbbba5c8","stop_name":"Noordwijkerhout, Ruigenhoek","city":"Noordwijkerhout","name":"Ruigenhoek","num_lines":1,"line_ids":["QBUZZ:z022"],"line_refs":["22"]}},{"type":"Feature","geometry":{"type":"Point","coordinates":[4.492255,52.2491625]},"properties":{"stop_id":"stop/noordwijkerhout-smederij__9f8c30f7a8","stop_name":"Noordwijkerhout, Smederij","city":"Noordwijkerhout","name":"Smederij","num_lines":2,"line_ids":["QBUZZ:z022","QBUZZ:z090"],"line_refs":["22","90"]}},{"type":"Feature","geometry":{"type":"Point","coordinates":[4.5140735,52.278330499999996]},"properties":{"stop_id":"stop/noordwijkerhout-transformatorhuisje__e834d0e669","stop_name":"Noordwijkerhout, Transformatorhuisje","city":"Noordwijkerhout","name":"Transformatorhuisje","num_lines":1,"line_ids":["QBUZZ:z022"],"line_refs":["22"]}},{"type":"Feature","geometry":{"type":"Point","coordinates":[4.492686,52.260478]},"properties":{"stop_id":"stop/noordwijkerhout-viaductweg__f433f982ac","stop_name":"Noordwijkerhout, Viaductweg","city":"Noordwijkerhout","name":"Viaductweg","num_lines":2,"line_ids":["QBUZZ:z022","QBUZZ:z090"],"line_refs":["22","90"]}},{"type":"Feature","geometry":{"type":"Point","coordinates":[4.490451500000001,52.2626985]},"properties":{"stop_id":"stop/noordwijkerhout-victoriberg__9351374773","stop_name":"Noordwijkerhout, Victoriberg","city":"Noordwijkerhout","name":"Victoriberg","num_lines":2,"line_ids":["QBUZZ:z022","QBUZZ:z090"],"line_refs":["22","90"]}},{"type":"Feature","geometry":{"type":"Point","coordinates":[4.499214,52.2566845]},"properties":{"stop_id":"stop/noordwijkerhout-wildlaan__a616869a59","stop_name":"Noordwijkerhout, Wildlaan","city":"Noordwijkerhout","name":"Wildlaan","num_lines":2,"line_ids":["QBUZZ:z022","QBUZZ:z090"],"line_refs":["22","90"]}},{"type":"Feature","geometry":{"type":"Point","coordinates":[4.509733,52.2747665]},"properties":{"stop_id":"stop/noordwijkerhout-zanderij__ce186bf793","stop_name":"Noordwijkerhout, Zanderij","city":"Noordwijkerhout","name":"Zanderij","num_lines":1,"line_ids":["QBUZZ:z022"],"line_refs":["22"]}},{"type":"Feature","geometry":{"type":"Point","coordinates":[4.484308,52.1832045]},"properties":{"stop_id":"stop/oegstgeest-abtspoelweg__2da2f51286","stop_name":"Oegstgeest, Abtspoelweg","city":"Oegstgeest","name":"Abtspoelweg","num_lines":1,"line_ids":["QBUZZ:z050"],"line_refs":["50"]}},{"type":"Feature","geometry":{"type":"Point","coordinates":[4.473276500000001,52.186]},"properties":{"stop_id":"stop/oegstgeest-aert-van-neslaan__7c73883350","stop_name":"Oegstgeest, Aert van Neslaan","city":"Oegstgeest","name":"Aert van Neslaan","num_lines":1,"line_ids":["QBUZZ:z054"],"line_refs":["54"]}},{"type":"Feature","geometry":{"type":"Point","coordinates":[4.447624666666667,52.16735033333333]},"properties":{"stop_id":"stop/oegstgeest-bio-science-park-west__86a9eea5ed","stop_name":"Oegstgeest, Bio Science Park-West","city":"Oegstgeest","name":"Bio Science Park-West","num_lines":4,"line_ids":["QBUZZ:z022","QBUZZ:z023","QBUZZ:z400","QBUZZ:z401"],"line_refs":["22","23","400","401"]}},{"type":"Feature","geometry":{"type":"Point","coordinates":[4.452584,52.170998]},"properties":{"stop_id":"stop/oegstgeest-corpus__c86d085d79","stop_name":"Oegstgeest, Corpus","city":"Oegstgeest","name":"Corpus","num_lines":1,"line_ids":["QBUZZ:z031"],"line_refs":["31"]}},{"type":"Feature","geometry":{"type":"Point","coordinates":[4.458213,52.172354999999996]},"properties":{"stop_id":"stop/oegstgeest-curium__110b988360","stop_name":"Oegstgeest, Curium","city":"Oegstgeest","name":"Curium","num_lines":1,"line_ids":["QBUZZ:z056"],"line_refs":["56"]}},{"type":"Feature","geometry":{"type":"Point","coordinates":[4.47297,52.189893999999995]},"properties":{"stop_id":"stop/oegstgeest-dahlialaan__7a77c81168","stop_name":"Oegstgeest, Dahlialaan","city":"Oegstgeest","name":"Dahlialaan","num_lines":1,"line_ids":["QBUZZ:z054"],"line_refs":["54"]}},{"type":"Feature","geometry":{"type":"Point","coordinates":[4.467359,52.177257999999995]},"properties":{"stop_id":"stop/oegstgeest-de-kempenaerstraat__b989e007b1","stop_name":"Oegstgeest, De Kempenaerstraat","city":"Oegstgeest","name":"De Kempenaerstraat","num_lines":2,"line_ids":["QBUZZ:z020","QBUZZ:z021"],"line_refs":["20","21"]}},{"type":"Feature","geometry":{"type":"Point","coordinates":[4.46729,52.189796]},"properties":{"stop_id":"stop/oegstgeest-dorpsstraat__1a2a9be1fc","stop_name":"Oegstgeest, Dorpsstraat","city":"Oegstgeest","name":"Dorpsstraat","num_lines":1,"line_ids":["QBUZZ:z056"],"line_refs":["56"]}},{"type":"Feature","geometry":{"type":"Point","coordinates":[4.4660695,52.184097]},"properties":{"stop_id":"stop/oegstgeest-duinzichtstraat__b5e3fb8f13","stop_name":"Oegstgeest, Duinzichtstraat","city":"Oegstgeest","name":"Duinzichtstraat","num_lines":1,"line_ids":["QBUZZ:z056"],"line_refs":["56"]}},{"type":"Feature","geometry":{"type":"Point","coordinates":[4.462972499999999,52.174792]},"properties":{"stop_id":"stop/oegstgeest-endegeest__56ec98418c","stop_name":"Oegstgeest, Endegeest","city":"Oegstgeest","name":"Endegeest","num_lines":1,"line_ids":["QBUZZ:z056"],"line_refs":["56"]}},{"type":"Feature","geometry":{"type":"Point","coordinates":[4.452788,52.1787345]},"properties":{"stop_id":"stop/oegstgeest-floresstraat__290eaa08e4","stop_name":"Oegstgeest, Floresstraat","city":"Oegstgeest","name":"Floresstraat","num_lines":2,"line_ids":["QBUZZ:z020","QBUZZ:z021"],"line_refs":["20","21"]}},{"type":"Feature","geometry":{"type":"Point","coordinates":[4.4744805,52.196458500000006]},"properties":{"stop_id":"stop/oegstgeest-gerrit-rietveldlaan__9fb2978c08","stop_name":"Oegstgeest, Gerrit Rietveldlaan","city":"Oegstgeest","name":"Gerrit Rietveldlaan","num_lines":2,"line_ids":["QBUZZ:z054","QBUZZ:z056"],"line_refs":["54","56"]}},{"type":"Feature","geometry":{"type":"Point","coordinates":[4.4771515,52.200689999999994]},"properties":{"stop_id":"stop/oegstgeest-haarlemmerstraatweg__de34cd690a","stop_name":"Oegstgeest, Haarlemmerstraatweg","city":"Oegstgeest","name":"Haarlemmerstraatweg","num_lines":2,"line_ids":["QBUZZ:z054","QBUZZ:z056"],"line_refs":["54","56"]}},{"type":"Feature","geometry":{"type":"Point","coordinates":[4.483641,52.190857]},"properties":{"stop_id":"stop/oegstgeest-haaswijk__3677b6385f","stop_name":"Oegstgeest, Haaswijk","city":"Oegstgeest","name":"Haaswijk","num_lines":1,"line_ids":["QBUZZ:z054"],"line_refs":["54"]}},{"type":"Feature","geometry":{"type":"Point","coordinates":[4.4747908333333335,52.19240245833333]},"properties":{"stop_id":"stop/oegstgeest-haaswijklaan__edc79d3901","stop_name":"Oegstgeest, Haaswijklaan","city":"Oegstgeest","name":"Haaswijklaan","num_lines":2,"line_ids":["QBUZZ:z054","QBUZZ:z056"],"line_refs":["54","56"]}},{"type":"Feature","geometry":{"type":"Point","coordinates":[4.4775075,52.185777]},"properties":{"stop_id":"stop/oegstgeest-hazenboslaan__d3f3b710dc","stop_name":"Oegstgeest, Hazenboslaan","city":"Oegstgeest","name":"Hazenboslaan","num_lines":1,"line_ids":["QBUZZ:z054"],"line_refs":["54"]}},{"type":"Feature","geometry":{"type":"Point","coordinates":[4.4707685,52.174983499999996]},"properties":{"stop_id":"stop/oegstgeest-hendrik-kraemerpark__c360b09841","stop_name":"Oegstgeest, Hendrik Kraemerpark","city":"Oegstgeest","name":"Hendrik Kraemerpark","num_lines":2,"line_ids":["QBUZZ:z020","QBUZZ:z021"],"line_refs":["20","21"]}},{"type":"Feature","geometry":{"type":"Point","coordinates":[4.471535666666667,52.18665066666667]},"properties":{"stop_id":"stop/oegstgeest-irislaan__6293e91f5d","stop_name":"Oegstgeest, Irislaan","city":"Oegstgeest","name":"Irislaan","num_lines":1,"line_ids":["QBUZZ:z054"],"line_refs":["54"]}},{"type":"Feature","geometry":{"type":"Point","coordinates":[4.490237499999999,52.180774]},"properties":{"stop_id":"stop/oegstgeest-jachthaven-poelgeest__462e2e9ebf","stop_name":"Oegstgeest, Jachthaven Poelgeest","city":"Oegstgeest","name":"Jachthaven Poelgeest","num_lines":1,"line_ids":["QBUZZ:z054"],"line_refs":["54"]}},{"type":"Feature","geometry":{"type":"Point","coordinates":[4.4643562222222215,52.17971349999999]},"properties":{"stop_id":"stop/oegstgeest-leidsebuurt__63b72ae917","stop_name":"Oegstgeest, Leidsebuurt","city":"Oegstgeest","name":"Leidsebuurt","num_lines":3,"line_ids":["QBUZZ:z020","QBUZZ:z021","QBUZZ:z056"],"line_refs":["20","21","56"]}},{"type":"Feature","geometry":{"type":"Point","coordinates":[4.4781025,52.1791705]},"properties":{"stop_id":"stop/oegstgeest-marelaan__2d148580dd","stop_name":"Oegstgeest, Marelaan","city":"Oegstgeest","name":"Marelaan","num_lines":1,"line_ids":["QBUZZ:z050"],"line_refs":["50"]}},{"type":"Feature","geometry":{"type":"Point","coordinates":[4.476856,52.195106]},"properties":{"stop_id":"stop/oegstgeest-morsebellaan__baef769fd9","stop_name":"Oegstgeest, Morsebellaan","city":"Oegstgeest","name":"Morsebellaan","num_lines":2,"line_ids":["QBUZZ:z054","QBUZZ:z056"],"line_refs":["54","56"]}},{"type":"Feature","geometry":{"type":"Point","coordinates":[4.4518935,52.1781475]},"properties":{"stop_id":"stop/oegstgeest-oude-rijnsburgerweg__693f8a2c9c","stop_name":"Oegstgeest, Oude Rijnsburgerweg","city":"Oegstgeest","name":"Oude Rijnsburgerweg","num_lines":1,"line_ids":["QBUZZ:z031"],"line_refs":["31"]}},{"type":"Feature","geometry":{"type":"Point","coordinates":[4.484964,52.2024575]},"properties":{"stop_id":"stop/oegstgeest-postbrug__ecfabe8002","stop_name":"Oegstgeest, Postbrug","city":"Oegstgeest","name":"Postbrug","num_lines":2,"line_ids":["QBUZZ:z054","QBUZZ:z056"],"line_refs":["54","56"]}},{"type":"Feature","geometry":{"type":"Point","coordinates":[4.4878255,52.1860625]},"properties":{"stop_id":"stop/oegstgeest-pres-kennedylaan__811fb21b0c","stop_name":"Oegstgeest, Pres. Kennedylaan","city":"Oegstgeest","name":"Pres. Kennedylaan","num_lines":1,"line_ids":["QBUZZ:z050"],"line_refs":["50"]}},{"type":"Feature","geometry":{"type":"Point","coordinates":[4.458496,52.179139]},"properties":{"stop_id":"stop/oegstgeest-rijnzichtviaduct__59b398c1b6","stop_name":"Oegstgeest, Rijnzichtviaduct","city":"Oegstgeest","name":"Rijnzichtviaduct","num_lines":2,"line_ids":["QBUZZ:z020","QBUZZ:z021"],"line_refs":["20","21"]}},{"type":"Feature","geometry":{"type":"Point","coordinates":[4.46327,52.178089]},"properties":{"stop_id":"stop/oegstgeest-van-assendelftstraat__f3ccd65276","stop_name":"Oegstgeest, van Assendelftstraat","city":"Oegstgeest","name":"van Assendelftstraat","num_lines":1,"line_ids":["QBUZZ:z056"],"line_refs":["56"]}},{"type":"Feature","geometry":{"type":"Point","coordinates":[4.482655,52.184675]},"properties":{"stop_id":"stop/oegstgeest-van-brouchovenlaan__8dce387dba","stop_name":"Oegstgeest, van Brouchovenlaan","city":"Oegstgeest","name":"van Brouchovenlaan","num_lines":1,"line_ids":["QBUZZ:z054"],"line_refs":["54"]}},{"type":"Feature","geometry":{"type":"Point","coordinates":[4.4748540000000006,52.17679]},"properties":{"stop_id":"stop/oegstgeest-warmonderweg__47e42c6083","stop_name":"Oegstgeest, Warmonderweg","city":"Oegstgeest","name":"Warmonderweg","num_lines":1,"line_ids":["QBUZZ:z050"],"line_refs":["50"]}},{"type":"Feature","geometry":{"type":"Point","coordinates":[4.466755,52.187752]},"properties":{"stop_id":"stop/oegstgeest-wijttenbachweg__2d4e0f28aa","stop_name":"Oegstgeest, Wijttenbachweg","city":"Oegstgeest","name":"Wijttenbachweg","num_lines":1,"line_ids":["QBUZZ:z056"],"line_refs":["56"]}},{"type":"Feature","geometry":{"type":"Point","coordinates":[4.4520225,52.1691915]},"properties":{"stop_id":"stop/oegstgeest-willem-einthovenstraat__027bbca77a","stop_name":"Oegstgeest, Willem Einthovenstraat","city":"Oegstgeest","name":"Willem Einthovenstraat","num_lines":1,"line_ids":["QBUZZ:z031"],"line_refs":["31"]}},{"type":"Feature","geometry":{"type":"Point","coordinates":[4.472086,52.1905705]},"properties":{"stop_id":"stop/oegstgeest-zonnebloemlaan__2b7aaad9b3","stop_name":"Oegstgeest, Zonnebloemlaan","city":"Oegstgeest","name":"Zonnebloemlaan","num_lines":1,"line_ids":["QBUZZ:z056"],"line_refs":["56"]}},{"type":"Feature","geometry":{"type":"Point","coordinates":[4.539007,52.176091]},"properties":{"stop_id":"stop/oud-ade-kapteijn__da393a742e","stop_name":"Oud Ade, Kapteijn","city":"Oud Ade","name":"Kapteijn","num_lines":1,"line_ids":["QBUZZ:z056"],"line_refs":["56"]}},{"type":"Feature","geometry":{"type":"Point","coordinates":[4.540561500000001,52.183149]},"properties":{"stop_id":"stop/oud-ade-lange-brug__61d0bea33d","stop_name":"Oud Ade, Lange Brug","city":"Oud Ade","name":"Lange Brug","num_lines":1,"line_ids":["QBUZZ:z056"],"line_refs":["56"]}},{"type":"Feature","geometry":{"type":"Point","coordinates":[4.5586985,52.1907565]},"properties":{"stop_id":"stop/oud-ade-molenbrug__972eeb3caf","stop_name":"Oud Ade, Molenbrug","city":"Oud Ade","name":"Molenbrug","num_lines":1,"line_ids":["QBUZZ:z056"],"line_refs":["56"]}},{"type":"Feature","geometry":{"type":"Point","coordinates":[4.5668825,52.1914785]},"properties":{"stop_id":"stop/oud-ade-rk-kerk__edd734a6df","stop_name":"Oud Ade, RK Kerk","city":"Oud Ade","name":"RK Kerk","num_lines":1,"line_ids":["QBUZZ:z056"],"line_refs":["56"]}},{"type":"Feature","geometry":{"type":"Point","coordinates":[4.546838,52.1887895]},"properties":{"stop_id":"stop/oud-ade-vennemeer__09319aee82","stop_name":"Oud Ade, Vennemeer","city":"Oud Ade","name":"Vennemeer","num_lines":1,"line_ids":["QBUZZ:z056"],"line_refs":["56"]}},{"type":"Feature","geometry":{"type":"Point","coordinates":[4.642582,52.218599]},"properties":{"stop_id":"stop/oude-wetering-bruggestraat__a5f37f878f","stop_name":"Oude Wetering, Bruggestraat","city":"Oude Wetering","name":"Bruggestraat","num_lines":2,"line_ids":["QBUZZ:z365","QBUZZ:z366"],"line_refs":["365","366"]}},{"type":"Feature","geometry":{"type":"Point","coordinates":[4.6423115,52.207663]},"properties":{"stop_id":"stop/oude-wetering-rembrandt-van-rijnsingel__3ac0ef9c93","stop_name":"Oude Wetering, Rembrandt van Rijnsingel","city":"Oude Wetering","name":"Rembrandt van Rijnsingel","num_lines":2,"line_ids":["QBUZZ:z365","QBUZZ:z366"],"line_refs":["365","366"]}},{"type":"Feature","geometry":{"type":"Point","coordinates":[4.644921999999999,52.212551]},"properties":{"stop_id":"stop/oude-wetering-watergang__8ac28398c0","stop_name":"Oude Wetering, Watergang","city":"Oude Wetering","name":"Watergang","num_lines":2,"line_ids":["QBUZZ:z365","QBUZZ:z366"],"line_refs":["365","366"]}},{"type":"Feature","geometry":{"type":"Point","coordinates":[4.6742075,52.186967]},"properties":{"stop_id":"stop/rijnsaterwoude-rijnsaterwoude__ca00cde3e4","stop_name":"Rijnsaterwoude, Rijnsaterwoude","city":"Rijnsaterwoude","name":"Rijnsaterwoude","num_lines":1,"line_ids":["QBUZZ:z470"],"line_refs":["470"]}},{"type":"Feature","geometry":{"type":"Point","coordinates":[4.431479,52.189916]},"properties":{"stop_id":"stop/rijnsburg-boslaan__37a8e6aee9","stop_name":"Rijnsburg, Boslaan","city":"Rijnsburg","name":"Boslaan","num_lines":1,"line_ids":["QBUZZ:z031"],"line_refs":["31"]}},{"type":"Feature","geometry":{"type":"Point","coordinates":[4.4478155,52.18502750000001]},"properties":{"stop_id":"stop/rijnsburg-frederiksoord__eded54c80e","stop_name":"Rijnsburg, Frederiksoord","city":"Rijnsburg","name":"Frederiksoord","num_lines":3,"line_ids":["QBUZZ:z020","QBUZZ:z021","QBUZZ:z031"],"line_refs":["20","21","31"]}},{"type":"Feature","geometry":{"type":"Point","coordinates":[4.444764,52.194809]},"properties":{"stop_id":"stop/rijnsburg-noordeinde__31d51160a0","stop_name":"Rijnsburg, Noordeinde","city":"Rijnsburg","name":"Noordeinde","num_lines":2,"line_ids":["QBUZZ:z020","QBUZZ:z021"],"line_refs":["20","21"]}},{"type":"Feature","geometry":{"type":"Point","coordinates":[4.439359,52.189332]},"properties":{"stop_id":"stop/rijnsburg-oegstgeesterweg__21225bf677","stop_name":"Rijnsburg, Oegstgeesterweg","city":"Rijnsburg","name":"Oegstgeesterweg","num_lines":1,"line_ids":["QBUZZ:z031"],"line_refs":["31"]}},{"type":"Feature","geometry":{"type":"Point","coordinates":[4.435869,52.189439]},"properties":{"stop_id":"stop/rijnsburg-spinozalaan__27f3cf5555","stop_name":"Rijnsburg, Spinozalaan","city":"Rijnsburg","name":"Spinozalaan","num_lines":1,"line_ids":["QBUZZ:z031"],"line_refs":["31"]}},{"type":"Feature","geometry":{"type":"Point","coordinates":[4.446807,52.1891625]},"properties":{"stop_id":"stop/rijnsburg-splitsing-oost__82212d3ec3","stop_name":"Rijnsburg, Splitsing-Oost","city":"Rijnsburg","name":"Splitsing-Oost","num_lines":2,"line_ids":["QBUZZ:z020","QBUZZ:z021"],"line_refs":["20","21"]}},{"type":"Feature","geometry":{"type":"Point","coordinates":[4.443547499999999,52.188390999999996]},"properties":{"stop_id":"stop/rijnsburg-splitsing-west__560d788e10","stop_name":"Rijnsburg, Splitsing-West","city":"Rijnsburg","name":"Splitsing-West","num_lines":1,"line_ids":["QBUZZ:z031"],"line_refs":["31"]}},{"type":"Feature","geometry":{"type":"Point","coordinates":[4.4459444999999995,52.20196]},"properties":{"stop_id":"stop/rijnsburg-sportpark__96cb538900","stop_name":"Rijnsburg, Sportpark","city":"Rijnsburg","name":"Sportpark","num_lines":2,"line_ids":["QBUZZ:z020","QBUZZ:z021"],"line_refs":["20","21"]}},{"type":"Feature","geometry":{"type":"Point","coordinates":[4.577334333333333,52.19252533333333]},"properties":{"stop_id":"stop/rijpwetering-h-p-van-der-poellaan__e7b150e0b3","stop_name":"Rijpwetering, H. P. van der Poellaan","city":"Rijpwetering","name":"H. P. van der Poellaan","num_lines":1,"line_ids":["QBUZZ:z056"],"line_refs":["56"]}},{"type":"Feature","geometry":{"type":"Point","coordinates":[4.5835135000000005,52.195403999999996]},"properties":{"stop_id":"stop/rijpwetering-koppoellaan__795fb57ed5","stop_name":"Rijpwetering, Koppoellaan","city":"Rijpwetering","name":"Koppoellaan","num_lines":1,"line_ids":["QBUZZ:z056"],"line_refs":["56"]}},{"type":"Feature","geometry":{"type":"Point","coordinates":[4.583081,52.193023499999995]},"properties":{"stop_id":"stop/rijpwetering-paardebrug__58a6d093a6","stop_name":"Rijpwetering, Paardebrug","city":"Rijpwetering","name":"Paardebrug","num_lines":1,"line_ids":["QBUZZ:z056"],"line_refs":["56"]}},{"type":"Feature","geometry":{"type":"Point","coordinates":[4.5899935,52.196612]},"properties":{"stop_id":"stop/rijpwetering-ripselaan-6__2b7f5aac14","stop_name":"Rijpwetering, Ripselaan 6","city":"Rijpwetering","name":"Ripselaan 6","num_lines":1,"line_ids":["QBUZZ:z056"],"line_refs":["56"]}},{"type":"Feature","geometry":{"type":"Point","coordinates":[4.623343,52.203421]},"properties":{"stop_id":"stop/roelofarendsveen-de-lasso__b1589d6e27","stop_name":"Roelofarendsveen, De Lasso","city":"Roelofarendsveen","name":"De Lasso","num_lines":3,"line_ids":["QBUZZ:z056","QBUZZ:z365","QBUZZ:z366"],"line_refs":["56","365","366"]}},{"type":"Feature","geometry":{"type":"Point","coordinates":[4.631244499999999,52.2041455]},"properties":{"stop_id":"stop/roelofarendsveen-stationsstraat__535d2882f8","stop_name":"Roelofarendsveen, Stationsstraat","city":"Roelofarendsveen","name":"Stationsstraat","num_lines":3,"line_ids":["QBUZZ:z056","QBUZZ:z365","QBUZZ:z366"],"line_refs":["56","365","366"]}},{"type":"Feature","geometry":{"type":"Point","coordinates":[4.617857000000001,52.2021355]},"properties":{"stop_id":"stop/roelofarendsveen-westeinde__9a83dca99b","stop_name":"Roelofarendsveen, Westeinde","city":"Roelofarendsveen","name":"Westeinde","num_lines":3,"line_ids":["QBUZZ:z056","QBUZZ:z365","QBUZZ:z366"],"line_refs":["56","365","366"]}},{"type":"Feature","geometry":{"type":"Point","coordinates":[4.488512500000001,52.2060265]},"properties":{"stop_id":"stop/sassenheim-akzo__b2b0f722ce","stop_name":"Sassenheim, AKZO","city":"Sassenheim","name":"AKZO","num_lines":2,"line_ids":["QBUZZ:z054","QBUZZ:z056"],"line_refs":["54","56"]}},{"type":"Feature","geometry":{"type":"Point","coordinates":[4.494516,52.212368]},"properties":{"stop_id":"stop/sassenheim-edisonstraat__27a494a1c9","stop_name":"Sassenheim, Edisonstraat","city":"Sassenheim","name":"Edisonstraat","num_lines":1,"line_ids":["QBUZZ:z054"],"line_refs":["54"]}},{"type":"Feature","geometry":{"type":"Point","coordinates":[4.524096,52.223239]},"properties":{"stop_id":"stop/sassenheim-menneweg__9e63079ac6","stop_name":"Sassenheim, Menneweg","city":"Sassenheim","name":"Menneweg","num_lines":2,"line_ids":["QBUZZ:z050","QBUZZ:z361"],"line_refs":["50","361"]}},{"type":"Feature","geometry":{"type":"Point","coordinates":[4.5278405,52.226381]},"properties":{"stop_id":"stop/sassenheim-parklaan__cdb242b322","stop_name":"Sassenheim, Parklaan","city":"Sassenheim","name":"Parklaan","num_lines":2,"line_ids":["QBUZZ:z050","QBUZZ:z361"],"line_refs":["50","361"]}},{"type":"Feature","geometry":{"type":"Point","coordinates":[4.519735,52.2235935]},"properties":{"stop_id":"stop/sassenheim-raadhuis__1f6de0d41a","stop_name":"Sassenheim, Raadhuis","city":"Sassenheim","name":"Raadhuis","num_lines":2,"line_ids":["QBUZZ:z050","QBUZZ:z361"],"line_refs":["50","361"]}},{"type":"Feature","geometry":{"type":"Point","coordinates":[4.516306125,52.215381]},"properties":{"stop_id":"stop/sassenheim-station__9240e9a073","stop_name":"Sassenheim, Station","city":"Sassenheim","name":"Station","num_lines":4,"line_ids":["QBUZZ:z050","QBUZZ:z056","QBUZZ:z090","QBUZZ:z361"],"line_refs":["50","56","90","361"]}},{"type":"Feature","geometry":{"type":"Point","coordinates":[4.497267625,52.211392249999996]},"properties":{"stop_id":"stop/sassenheim-uiver__5a9cbe2f98","stop_name":"Sassenheim, Uiver","city":"Sassenheim","name":"Uiver","num_lines":4,"line_ids":["QBUZZ:z054","QBUZZ:z056","QBUZZ:z090","QBUZZ:z361"],"line_refs":["54","56","90","361"]}},{"type":"Feature","geometry":{"type":"Point","coordinates":[4.5292555,52.2300495]},"properties":{"stop_id":"stop/sassenheim-van-pallandtlaan__77237754e6","stop_name":"Sassenheim, van Pallandtlaan","city":"Sassenheim","name":"van Pallandtlaan","num_lines":3,"line_ids":["QBUZZ:z050","QBUZZ:z250","QBUZZ:z361"],"line_refs":["50","250","361"]}},{"type":"Feature","geometry":{"type":"Point","coordinates":[4.5131235,52.2204125]},"properties":{"stop_id":"stop/sassenheim-zuiderstraat__2e06846220","stop_name":"Sassenheim, Zuiderstraat","city":"Sassenheim","name":"Zuiderstraat","num_lines":2,"line_ids":["QBUZZ:z050","QBUZZ:z361"],"line_refs":["50","361"]}},{"type":"Feature","geometry":{"type":"Point","coordinates":[4.761618444444444,52.30863977777778]},"properties":{"stop_id":"stop/schiphol-airport-plaza__7ca70779b5","stop_name":"Schiphol, Airport/Plaza","city":"Schiphol","name":"Airport/Plaza","num_lines":3,"line_ids":["QBUZZ:z361","QBUZZ:z365","QBUZZ:z470"],"line_refs":["361","365","470"]}},{"type":"Feature","geometry":{"type":"Point","coordinates":[4.751016,52.30308]},"properties":{"stop_id":"stop/schiphol-handelskade__ffca877dde","stop_name":"Schiphol, Handelskade","city":"Schiphol","name":"Handelskade","num_lines":3,"line_ids":["QBUZZ:z361","QBUZZ:z365","QBUZZ:z470"],"line_refs":["361","365","470"]}},{"type":"Feature","geometry":{"type":"Point","coordinates":[4.4741665,52.092864]},"properties":{"stop_id":"stop/stompwijk-stompwijk__9a9d48ebc0","stop_name":"Stompwijk, Stompwijk","city":"Stompwijk","name":"Stompwijk","num_lines":2,"line_ids":["QBUZZ:z400","QBUZZ:z401"],"line_refs":["400","401"]}},{"type":"Feature","geometry":{"type":"Point","coordinates":[4.7086655,52.165962]},"properties":{"stop_id":"stop/ter-aar-aardam__00382c5dba","stop_name":"Ter Aar, Aardam","city":"Ter Aar","name":"Aardam","num_lines":1,"line_ids":["QBUZZ:z182"],"line_refs":["182"]}},{"type":"Feature","geometry":{"type":"Point","coordinates":[4.701999499999999,52.169833499999996]},"properties":{"stop_id":"stop/ter-aar-aardamseweg-13__451c481e7e","stop_name":"Ter Aar, Aardamseweg 13","city":"Ter Aar","name":"Aardamseweg 13","num_lines":1,"line_ids":["QBUZZ:z182"],"line_refs":["182"]}},{"type":"Feature","geometry":{"type":"Point","coordinates":[4.7106335,52.1648725]},"properties":{"stop_id":"stop/ter-aar-de-aarkerk__173200e40b","stop_name":"Ter Aar, De Aarkerk","city":"Ter Aar","name":"De Aarkerk","num_lines":1,"line_ids":["QBUZZ:z182"],"line_refs":["182"]}},{"type":"Feature","geometry":{"type":"Point","coordinates":[4.692093,52.174688]},"properties":{"stop_id":"stop/ter-aar-driesprong__fe9b29e5c4","stop_name":"Ter Aar, Driesprong","city":"Ter Aar","name":"Driesprong","num_lines":1,"line_ids":["QBUZZ:z182"],"line_refs":["182"]}},{"type":"Feature","geometry":{"type":"Point","coordinates":[4.820891,52.242947]},"properties":{"stop_id":"stop/uithoorn-busstation__f6a695bd96","stop_name":"Uithoorn, Busstation","city":"Uithoorn","name":"Busstation","num_lines":1,"line_ids":["QBUZZ:z147"],"line_refs":["147"]}},{"type":"Feature","geometry":{"type":"Point","coordinates":[4.810326,52.246591]},"properties":{"stop_id":"stop/uithoorn-faunalaan__5697db8311","stop_name":"Uithoorn, Faunalaan","city":"Uithoorn","name":"Faunalaan","num_lines":1,"line_ids":["QBUZZ:z147"],"line_refs":["147"]}},{"type":"Feature","geometry":{"type":"Point","coordinates":[4.808904500000001,52.246094]},"properties":{"stop_id":"stop/uithoorn-gezondheidscentrum__57d0c7a937","stop_name":"Uithoorn, Gezondheidscentrum","city":"Uithoorn","name":"Gezondheidscentrum","num_lines":1,"line_ids":["QBUZZ:z147"],"line_refs":["147"]}},{"type":"Feature","geometry":{"type":"Point","coordinates":[4.799583500000001,52.246727]},"properties":{"stop_id":"stop/uithoorn-uitvaartcentrum__964d0d2e30","stop_name":"Uithoorn, Uitvaartcentrum","city":"Uithoorn","name":"Uitvaartcentrum","num_lines":1,"line_ids":["QBUZZ:z147"],"line_refs":["147"]}},{"type":"Feature","geometry":{"type":"Point","coordinates":[4.4374345,52.1736235]},"properties":{"stop_id":"stop/valkenburg-valkenburg-oost-n206__d1641323ee","stop_name":"Valkenburg, Valkenburg Oost/N206","city":"Valkenburg","name":"Valkenburg Oost/N206","num_lines":4,"line_ids":["QBUZZ:z022","QBUZZ:z023","QBUZZ:z400","QBUZZ:z401"],"line_refs":["22","23","400","401"]}},{"type":"Feature","geometry":{"type":"Point","coordinates":[4.3552465,52.069811]},"properties":{"stop_id":"stop/voorburg-heer-hubrechtstraat__926b177f04","stop_name":"Voorburg, Heer Hubrechtstraat","city":"Voorburg","name":"Heer Hubrechtstraat","num_lines":2,"line_ids":["EBS:3045","EBS:3046"],"line_refs":["45","46"]}},{"type":"Feature","geometry":{"type":"Point","coordinates":[4.3699835,52.073405]},"properties":{"stop_id":"stop/voorburg-hoeckvlietstraat__7b6cb79cf3","stop_name":"Voorburg, Hoeckvlietstraat","city":"Voorburg","name":"Hoeckvlietstraat","num_lines":2,"line_ids":["EBS:3045","EBS:3046"],"line_refs":["45","46"]}},{"type":"Feature","geometry":{"type":"Point","coordinates":[4.3634595,52.0681615]},"properties":{"stop_id":"stop/voorburg-laan-van-heldenburg__df009f04ce","stop_name":"Voorburg, Laan van Heldenburg","city":"Voorburg","name":"Laan van Heldenburg","num_lines":2,"line_ids":["EBS:3045","EBS:3046"],"line_refs":["45","46"]}},{"type":"Feature","geometry":{"type":"Point","coordinates":[4.3505085,52.0741115]},"properties":{"stop_id":"stop/voorburg-potgieterlaan__7676fe964f","stop_name":"Voorburg, Potgieterlaan","city":"Voorburg","name":"Potgieterlaan","num_lines":2,"line_ids":["EBS:3045","EBS:3046"],"line_refs":["45","46"]}},{"type":"Feature","geometry":{"type":"Point","coordinates":[4.3727985,52.075348000000005]},"properties":{"stop_id":"stop/voorburg-rembrandtlaan__ec94911df8","stop_name":"Voorburg, Rembrandtlaan","city":"Voorburg","name":"Rembrandtlaan","num_lines":2,"line_ids":["EBS:3045","EBS:3046"],"line_refs":["45","46"]}},{"type":"Feature","geometry":{"type":"Point","coordinates":[4.3655255,52.0702965]},"properties":{"stop_id":"stop/voorburg-rozenboomlaan__64b3379de2","stop_name":"Voorburg, Rozenboomlaan","city":"Voorburg","name":"Rozenboomlaan","num_lines":2,"line_ids":["EBS:3045","EBS:3046"],"line_refs":["45","46"]}},{"type":"Feature","geometry":{"type":"Point","coordinates":[4.3865435,52.079766500000005]},"properties":{"stop_id":"stop/voorburg-sijtwendetunnel__89b274a198","stop_name":"Voorburg, Sijtwendetunnel","city":"Voorburg","name":"Sijtwendetunnel","num_lines":2,"line_ids":["EBS:3045","EBS:3046"],"line_refs":["45","46"]}},{"type":"Feature","geometry":{"type":"Point","coordinates":[4.381723,52.07777]},"properties":{"stop_id":"stop/voorburg-station-l-dam-voorburg__4e07f50034","stop_name":"Voorburg, Station L'dam-Voorburg","city":"Voorburg","name":"Station L'dam-Voorburg","num_lines":2,"line_ids":["EBS:3045","EBS:3046"],"line_refs":["45","46"]}},{"type":"Feature","geometry":{"type":"Point","coordinates":[4.358446,52.0673585]},"properties":{"stop_id":"stop/voorburg-station-voorburg__77f88b7d4f","stop_name":"Voorburg, Station Voorburg","city":"Voorburg","name":"Station Voorburg","num_lines":2,"line_ids":["EBS:3045","EBS:3046"],"line_refs":["45","46"]}},{"type":"Feature","geometry":{"type":"Point","coordinates":[4.346508,52.0745795]},"properties":{"stop_id":"stop/voorburg-van-halewijnlaan__dc83e3df1a","stop_name":"Voorburg, van Halewijnlaan","city":"Voorburg","name":"van Halewijnlaan","num_lines":2,"line_ids":["EBS:3045","EBS:3046"],"line_refs":["45","46"]}},{"type":"Feature","geometry":{"type":"Point","coordinates":[4.3406025,52.076050499999994]},"properties":{"stop_id":"stop/voorburg-van-heurnstraat__063dfb0ca9","stop_name":"Voorburg, van Heurnstraat","city":"Voorburg","name":"van Heurnstraat","num_lines":2,"line_ids":["EBS:3045","EBS:3046"],"line_refs":["45","46"]}},{"type":"Feature","geometry":{"type":"Point","coordinates":[4.5007625,52.2414785]},"properties":{"stop_id":"stop/voorhout-s-gravendamseweg__5e9fa0a291","stop_name":"Voorhout, 's-Gravendamseweg","city":"Voorhout","name":"'s-Gravendamseweg","num_lines":1,"line_ids":["QBUZZ:z090"],"line_refs":["90"]}},{"type":"Feature","geometry":{"type":"Point","coordinates":[4.4918344999999995,52.2172735]},"properties":{"stop_id":"stop/voorhout-elzenhorst__2c610c8d1c","stop_name":"Voorhout, Elzenhorst","city":"Voorhout","name":"Elzenhorst","num_lines":3,"line_ids":["QBUZZ:z054","QBUZZ:z090","QBUZZ:z361"],"line_refs":["54","90","361"]}},{"type":"Feature","geometry":{"type":"Point","coordinates":[4.4877614999999995,52.2301905]},"properties":{"stop_id":"stop/voorhout-hooghkamer__e8f0befee4","stop_name":"Voorhout, Hooghkamer","city":"Voorhout","name":"Hooghkamer","num_lines":3,"line_ids":["QBUZZ:z054","QBUZZ:z090","QBUZZ:z361"],"line_refs":["54","90","361"]}},{"type":"Feature","geometry":{"type":"Point","coordinates":[4.4995645,52.2339735]},"properties":{"stop_id":"stop/voorhout-jacoba-van-beierenweg__378b313a9f","stop_name":"Voorhout, Jacoba van Beierenweg","city":"Voorhout","name":"Jacoba van Beierenweg","num_lines":1,"line_ids":["QBUZZ:z090"],"line_refs":["90"]}},{"type":"Feature","geometry":{"type":"Point","coordinates":[4.475214,52.2303275]},"properties":{"stop_id":"stop/voorhout-nieuw-boekhorst__c10ceb4f97","stop_name":"Voorhout, Nieuw-Boekhorst","city":"Voorhout","name":"Nieuw-Boekhorst","num_lines":1,"line_ids":["QBUZZ:z361"],"line_refs":["361"]}},{"type":"Feature","geometry":{"type":"Point","coordinates":[4.490937000000001,52.221527]},"properties":{"stop_id":"stop/voorhout-oosthoutlaan__71fab43d73","stop_name":"Voorhout, Oosthoutlaan","city":"Voorhout","name":"Oosthoutlaan","num_lines":3,"line_ids":["QBUZZ:z054","QBUZZ:z090","QBUZZ:z361"],"line_refs":["54","90","361"]}},{"type":"Feature","geometry":{"type":"Point","coordinates":[4.5062035,52.238068]},"properties":{"stop_id":"stop/voorhout-soldaatje__4e996c85f2","stop_name":"Voorhout, Soldaatje","city":"Voorhout","name":"Soldaatje","num_lines":1,"line_ids":["QBUZZ:z090"],"line_refs":["90"]}},{"type":"Feature","geometry":{"type":"Point","coordinates":[4.484595666666666,52.225614]},"properties":{"stop_id":"stop/voorhout-station__9c1e4dd03e","stop_name":"Voorhout, Station","city":"Voorhout","name":"Station","num_lines":3,"line_ids":["QBUZZ:z054","QBUZZ:z090","QBUZZ:z361"],"line_refs":["54","90","361"]}},{"type":"Feature","geometry":{"type":"Point","coordinates":[4.4496225,52.131047499999994]},"properties":{"stop_id":"stop/voorschoten-bachlaan__7431fb2b0e","stop_name":"Voorschoten, Bachlaan","city":"Voorschoten","name":"Bachlaan","num_lines":1,"line_ids":["QBUZZ:z095"],"line_refs":["5"]}},{"type":"Feature","geometry":{"type":"Point","coordinates":[4.452526,52.1329585]},"properties":{"stop_id":"stop/voorschoten-beethovenlaan__ba06cc28fd","stop_name":"Voorschoten, Beethovenlaan","city":"Voorschoten","name":"Beethovenlaan","num_lines":1,"line_ids":["QBUZZ:z095"],"line_refs":["5"]}},{"type":"Feature","geometry":{"type":"Point","coordinates":[4.4480925,52.127081000000004]},"properties":{"stop_id":"stop/voorschoten-centrum__e533db6ab9","stop_name":"Voorschoten, Centrum","city":"Voorschoten","name":"Centrum","num_lines":2,"line_ids":["EBS:3045","QBUZZ:z095"],"line_refs":["5","45"]}},{"type":"Feature","geometry":{"type":"Point","coordinates":[4.4351225,52.123363499999996]},"properties":{"stop_id":"stop/voorschoten-foreschate__61779088e0","stop_name":"Voorschoten, Foreschate","city":"Voorschoten","name":"Foreschate","num_lines":2,"line_ids":["EBS:3046","QBUZZ:z095"],"line_refs":["5","46"]}},{"type":"Feature","geometry":{"type":"Point","coordinates":[4.4343235,52.11529]},"properties":{"stop_id":"stop/voorschoten-gouden-leeuw__8c11f781ae","stop_name":"Voorschoten, Gouden Leeuw","city":"Voorschoten","name":"Gouden Leeuw","num_lines":2,"line_ids":["EBS:3045","EBS:3046"],"line_refs":["45","46"]}},{"type":"Feature","geometry":{"type":"Point","coordinates":[4.460242,52.143671]},"properties":{"stop_id":"stop/voorschoten-jan-evertsenlaan__ad2a8c46e9","stop_name":"Voorschoten, Jan Evertsenlaan","city":"Voorschoten","name":"Jan Evertsenlaan","num_lines":1,"line_ids":["QBUZZ:z095"],"line_refs":["5"]}},{"type":"Feature","geometry":{"type":"Point","coordinates":[4.4338595000000005,52.1202885]},"properties":{"stop_id":"stop/voorschoten-jan-van-hooflaan__6bf42359a1","stop_name":"Voorschoten, Jan van Hooflaan","city":"Voorschoten","name":"Jan van Hooflaan","num_lines":2,"line_ids":["EBS:3046","QBUZZ:z095"],"line_refs":["5","46"]}},{"type":"Feature","geometry":{"type":"Point","coordinates":[4.4372644999999995,52.118095499999995]},"properties":{"stop_id":"stop/voorschoten-karel-doormanlaan__b7b58f472c","stop_name":"Voorschoten, Karel Doormanlaan","city":"Voorschoten","name":"Karel Doormanlaan","num_lines":2,"line_ids":["EBS:3045","EBS:3046"],"line_refs":["45","46"]}},{"type":"Feature","geometry":{"type":"Point","coordinates":[4.4283705,52.1100235]},"properties":{"stop_id":"stop/voorschoten-kniplaan__5fc58b2419","stop_name":"Voorschoten, Kniplaan","city":"Voorschoten","name":"Kniplaan","num_lines":2,"line_ids":["EBS:3045","EBS:3046"],"line_refs":["45","46"]}},{"type":"Feature","geometry":{"type":"Point","coordinates":[4.4561364999999995,52.1310775]},"properties":{"stop_id":"stop/voorschoten-krimwijk__9e12fdb439","stop_name":"Voorschoten, Krimwijk","city":"Voorschoten","name":"Krimwijk","num_lines":1,"line_ids":["EBS:3045"],"line_refs":["45"]}},{"type":"Feature","geometry":{"type":"Point","coordinates":[4.455244,52.1283465]},"properties":{"stop_id":"stop/voorschoten-nieuw-voordorpstraat__b9ea9cdcd6","stop_name":"Voorschoten, Nieuw Voordorpstraat","city":"Voorschoten","name":"Nieuw Voordorpstraat","num_lines":1,"line_ids":["QBUZZ:z095"],"line_refs":["5"]}},{"type":"Feature","geometry":{"type":"Point","coordinates":[4.461005,52.139286]},"properties":{"stop_id":"stop/voorschoten-piet-heinlaan__e4ba1973e7","stop_name":"Voorschoten, Piet Heinlaan","city":"Voorschoten","name":"Piet Heinlaan","num_lines":1,"line_ids":["QBUZZ:z095"],"line_refs":["5"]}},{"type":"Feature","geometry":{"type":"Point","coordinates":[4.455726,52.1349925]},"properties":{"stop_id":"stop/voorschoten-schubertplantsoen__ad86e8e8cd","stop_name":"Voorschoten, Schubertplantsoen","city":"Voorschoten","name":"Schubertplantsoen","num_lines":1,"line_ids":["QBUZZ:z095"],"line_refs":["5"]}},{"type":"Feature","geometry":{"type":"Point","coordinates":[4.447137,52.115213]},"properties":{"stop_id":"stop/voorschoten-starrenburg__cf9cfdaead","stop_name":"Voorschoten, Starrenburg","city":"Voorschoten","name":"Starrenburg","num_lines":1,"line_ids":["QBUZZ:z095"],"line_refs":["5"]}},{"type":"Feature","geometry":{"type":"Point","coordinates":[4.43524825,52.12619125]},"properties":{"stop_id":"stop/voorschoten-station__cec21267cf","stop_name":"Voorschoten, Station","city":"Voorschoten","name":"Station","num_lines":2,"line_ids":["EBS:3046","QBUZZ:z095"],"line_refs":["5","46"]}},{"type":"Feature","geometry":{"type":"Point","coordinates":[4.4608785,52.1457385]},"properties":{"stop_id":"stop/voorschoten-trompweg__ae9cbb8740","stop_name":"Voorschoten, Trompweg","city":"Voorschoten","name":"Trompweg","num_lines":3,"line_ids":["QBUZZ:z054","QBUZZ:z094","QBUZZ:z095"],"line_refs":["4","5","54"]}},{"type":"Feature","geometry":{"type":"Point","coordinates":[4.45447,52.1258955]},"properties":{"stop_id":"stop/voorschoten-vlietwijk__7519867dd2","stop_name":"Voorschoten, Vlietwijk","city":"Voorschoten","name":"Vlietwijk","num_lines":1,"line_ids":["QBUZZ:z095"],"line_refs":["5"]}},{"type":"Feature","geometry":{"type":"Point","coordinates":[4.442629999999999,52.1225965]},"properties":{"stop_id":"stop/voorschoten-voorstraat__9c9815a9f2","stop_name":"Voorschoten, Voorstraat","city":"Voorschoten","name":"Voorstraat","num_lines":1,"line_ids":["EBS:3045"],"line_refs":["45"]}},{"type":"Feature","geometry":{"type":"Point","coordinates":[4.4634145,52.134024]},"properties":{"stop_id":"stop/voorschoten-zilverfabriek__4e531d7d43","stop_name":"Voorschoten, Zilverfabriek","city":"Voorschoten","name":"Zilverfabriek","num_lines":1,"line_ids":["EBS:3045"],"line_refs":["45"]}},{"type":"Feature","geometry":{"type":"Point","coordinates":[4.441412,52.117365]},"properties":{"stop_id":"stop/voorschoten-zuiderzichtlaan__aa0fc08554","stop_name":"Voorschoten, Zuiderzichtlaan","city":"Voorschoten","name":"Zuiderzichtlaan","num_lines":1,"line_ids":["QBUZZ:z095"],"line_refs":["5"]}},{"type":"Feature","geometry":{"type":"Point","coordinates":[4.7834585,52.2156235]},"properties":{"stop_id":"stop/vrouwenakker-blokland__34d28aa286","stop_name":"Vrouwenakker, Blokland","city":"Vrouwenakker","name":"Blokland","num_lines":1,"line_ids":["QBUZZ:z147"],"line_refs":["147"]}},{"type":"Feature","geometry":{"type":"Point","coordinates":[4.7836765,52.2276325]},"properties":{"stop_id":"stop/vrouwenakker-vrouwenakker-8__57e74d9318","stop_name":"Vrouwenakker, Vrouwenakker 8","city":"Vrouwenakker","name":"Vrouwenakker 8","num_lines":1,"line_ids":["QBUZZ:z147"],"line_refs":["147"]}},{"type":"Feature","geometry":{"type":"Point","coordinates":[4.5040825,52.19808999999999]},"properties":{"stop_id":"stop/warmond-de-baan__3722a157a5","stop_name":"Warmond, De Baan","city":"Warmond","name":"De Baan","num_lines":1,"line_ids":["QBUZZ:z050"],"line_refs":["50"]}},{"type":"Feature","geometry":{"type":"Point","coordinates":[4.494611000000001,52.1911655]},"properties":{"stop_id":"stop/warmond-lommerlustlaan__147854159c","stop_name":"Warmond, Lommerlustlaan","city":"Warmond","name":"Lommerlustlaan","num_lines":1,"line_ids":["QBUZZ:z050"],"line_refs":["50"]}},{"type":"Feature","geometry":{"type":"Point","coordinates":[4.4997465000000005,52.194363499999994]},"properties":{"stop_id":"stop/warmond-sweilandstraat__d39b7c7897","stop_name":"Warmond, Sweilandstraat","city":"Warmond","name":"Sweilandstraat","num_lines":1,"line_ids":["QBUZZ:z050"],"line_refs":["50"]}},{"type":"Feature","geometry":{"type":"Point","coordinates":[4.509819,52.2109635]},"properties":{"stop_id":"stop/warmond-viaduct__2cf23d483d","stop_name":"Warmond, Viaduct","city":"Warmond","name":"Viaduct","num_lines":1,"line_ids":["QBUZZ:z050"],"line_refs":["50"]}},{"type":"Feature","geometry":{"type":"Point","coordinates":[4.505397,52.2011695]},"properties":{"stop_id":"stop/warmond-warmundastraat__b85fbfd56d","stop_name":"Warmond, Warmundastraat","city":"Warmond","name":"Warmundastraat","num_lines":1,"line_ids":["QBUZZ:z050"],"line_refs":["50"]}},{"type":"Feature","geometry":{"type":"Point","coordinates":[4.511464999999999,52.208738]},"properties":{"stop_id":"stop/warmond-wasbeeklaan__f98599f375","stop_name":"Warmond, Wasbeeklaan","city":"Warmond","name":"Wasbeeklaan","num_lines":1,"line_ids":["QBUZZ:z050"],"line_refs":["50"]}},{"type":"Feature","geometry":{"type":"Point","coordinates":[4.3892895,52.133573]},"properties":{"stop_id":"stop/wassenaar-admiraal-helfrichlaan__43a305120d","stop_name":"Wassenaar, Admiraal Helfrichlaan","city":"Wassenaar","name":"Admiraal Helfrichlaan","num_lines":2,"line_ids":["EBS:3043","EBS:3044"],"line_refs":["43","44"]}},{"type":"Feature","geometry":{"type":"Point","coordinates":[4.4239355,52.14778]},"properties":{"stop_id":"stop/wassenaar-ammonslaantje__b258bb867f","stop_name":"Wassenaar, Ammonslaantje","city":"Wassenaar","name":"Ammonslaantje","num_lines":1,"line_ids":["EBS:3043"],"line_refs":["43"]}},{"type":"Feature","geometry":{"type":"Point","coordinates":[4.360474,52.1143685]},"properties":{"stop_id":"stop/wassenaar-beukenhorstlaan__011eb0f09d","stop_name":"Wassenaar, Beukenhorstlaan","city":"Wassenaar","name":"Beukenhorstlaan","num_lines":2,"line_ids":["EBS:3043","EBS:3044"],"line_refs":["43","44"]}},{"type":"Feature","geometry":{"type":"Point","coordinates":[4.388964333333333,52.15676933333333]},"properties":{"stop_id":"stop/wassenaar-bronckhorstlaan__42d5d48f42","stop_name":"Wassenaar, Bronckhorstlaan","city":"Wassenaar","name":"Bronckhorstlaan","num_lines":2,"line_ids":["QBUZZ:z090","QBUZZ:z385"],"line_refs":["90","385"]}},{"type":"Feature","geometry":{"type":"Point","coordinates":[4.396166,52.1389745]},"properties":{"stop_id":"stop/wassenaar-burchtlaan__ccda1f2242","stop_name":"Wassenaar, Burchtlaan","city":"Wassenaar","name":"Burchtlaan","num_lines":2,"line_ids":["EBS:3043","EBS:3044"],"line_refs":["43","44"]}},{"type":"Feature","geometry":{"type":"Point","coordinates":[4.3636555,52.122702000000004]},"properties":{"stop_id":"stop/wassenaar-de-kieviet__4b6f1bf37b","stop_name":"Wassenaar, De Kieviet","city":"Wassenaar","name":"De Kieviet","num_lines":2,"line_ids":["EBS:3043","EBS:3044"],"line_refs":["43","44"]}},{"type":"Feature","geometry":{"type":"Point","coordinates":[4.3912495,52.14849925]},"properties":{"stop_id":"stop/wassenaar-dr-mansveltkade-duinrell__b0cdf9dc22","stop_name":"Wassenaar, Dr. Mansveltkade/Duinrell","city":"Wassenaar","name":"Dr. Mansveltkade/Duinrell","num_lines":3,"line_ids":["EBS:3044","EBS:3046","QBUZZ:z385"],"line_refs":["44","46","385"]}},{"type":"Feature","geometry":{"type":"Point","coordinates":[4.3883425,52.146456]},"properties":{"stop_id":"stop/wassenaar-duinrell-hoofdingang__78cf1eba7d","stop_name":"Wassenaar, Duinrell Hoofdingang","city":"Wassenaar","name":"Duinrell Hoofdingang","num_lines":3,"line_ids":["EBS:3044","EBS:3046","QBUZZ:z090"],"line_refs":["44","46","90"]}},{"type":"Feature","geometry":{"type":"Point","coordinates":[4.377224999999999,52.1173945]},"properties":{"stop_id":"stop/wassenaar-houtlaan__5f099ebf18","stop_name":"Wassenaar, Houtlaan","city":"Wassenaar","name":"Houtlaan","num_lines":1,"line_ids":["QBUZZ:z385"],"line_refs":["385"]}},{"type":"Feature","geometry":{"type":"Point","coordinates":[4.39837575,52.1450535]},"properties":{"stop_id":"stop/wassenaar-johan-de-wittstraat__5ba42f78dc","stop_name":"Wassenaar, Johan de Wittstraat","city":"Wassenaar","name":"Johan de Wittstraat","num_lines":2,"line_ids":["EBS:3044","EBS:3046"],"line_refs":["44","46"]}},{"type":"Feature","geometry":{"type":"Point","coordinates":[4.393264,52.136438]},"properties":{"stop_id":"stop/wassenaar-jonkerlaan__32e21d341a","stop_name":"Wassenaar, Jonkerlaan","city":"Wassenaar","name":"Jonkerlaan","num_lines":2,"line_ids":["EBS:3043","EBS:3044"],"line_refs":["43","44"]}},{"type":"Feature","geometry":{"type":"Point","coordinates":[4.371339,52.1135955]},"properties":{"stop_id":"stop/wassenaar-kerkehout__a1aba4cc9f","stop_name":"Wassenaar, Kerkehout","city":"Wassenaar","name":"Kerkehout","num_lines":1,"line_ids":["QBUZZ:z385"],"line_refs":["385"]}},{"type":"Feature","geometry":{"type":"Point","coordinates":[4.4030175,52.139443]},"properties":{"stop_id":"stop/wassenaar-lange-kerkdam__be2c34899e","stop_name":"Wassenaar, Lange Kerkdam","city":"Wassenaar","name":"Lange Kerkdam","num_lines":2,"line_ids":["EBS:3046","QBUZZ:z385"],"line_refs":["46","385"]}},{"type":"Feature","geometry":{"type":"Point","coordinates":[4.4302925,52.149103499999995]},"properties":{"stop_id":"stop/wassenaar-maaldrift__f8bdca84ce","stop_name":"Wassenaar, Maaldrift","city":"Wassenaar","name":"Maaldrift","num_lines":1,"line_ids":["EBS:3043"],"line_refs":["43"]}},{"type":"Feature","geometry":{"type":"Point","coordinates":[4.369028,52.1269415]},"properties":{"stop_id":"stop/wassenaar-nachtegaallaan__44308d3998","stop_name":"Wassenaar, Nachtegaallaan","city":"Wassenaar","name":"Nachtegaallaan","num_lines":2,"line_ids":["EBS:3043","EBS:3044"],"line_refs":["43","44"]}},{"type":"Feature","geometry":{"type":"Point","coordinates":[4.3821045000000005,52.1318535]},"properties":{"stop_id":"stop/wassenaar-papegaaienlaan__293e889bfc","stop_name":"Wassenaar, Papegaaienlaan","city":"Wassenaar","name":"Papegaaienlaan","num_lines":2,"line_ids":["EBS:3043","EBS:3044"],"line_refs":["43","44"]}},{"type":"Feature","geometry":{"type":"Point","coordinates":[4.413514,52.136243]},"properties":{"stop_id":"stop/wassenaar-raaphorst__6b1369331a","stop_name":"Wassenaar, Raaphorst","city":"Wassenaar","name":"Raaphorst","num_lines":1,"line_ids":["EBS:3046"],"line_refs":["46"]}},{"type":"Feature","geometry":{"type":"Point","coordinates":[4.4139800000000005,52.1430285]},"properties":{"stop_id":"stop/wassenaar-rozenplein__cc80f057d3","stop_name":"Wassenaar, Rozenplein","city":"Wassenaar","name":"Rozenplein","num_lines":1,"line_ids":["EBS:3043"],"line_refs":["43"]}},{"type":"Feature","geometry":{"type":"Point","coordinates":[4.385621,52.123245499999996]},"properties":{"stop_id":"stop/wassenaar-rust-en-vreugdlaan__5170423a77","stop_name":"Wassenaar, Rust en Vreugdlaan","city":"Wassenaar","name":"Rust en Vreugdlaan","num_lines":1,"line_ids":["QBUZZ:z385"],"line_refs":["385"]}},{"type":"Feature","geometry":{"type":"Point","coordinates":[4.404071,52.145189]},"properties":{"stop_id":"stop/wassenaar-stadhoudersplein__3d1b17eb1c","stop_name":"Wassenaar, Stadhoudersplein","city":"Wassenaar","name":"Stadhoudersplein","num_lines":2,"line_ids":["EBS:3043","EBS:3044"],"line_refs":["43","44"]}},{"type":"Feature","geometry":{"type":"Point","coordinates":[4.403619,52.14945]},"properties":{"stop_id":"stop/wassenaar-starrenburglaan__c0f848b259","stop_name":"Wassenaar, Starrenburglaan","city":"Wassenaar","name":"Starrenburglaan","num_lines":1,"line_ids":["EBS:3044"],"line_refs":["44"]}},{"type":"Feature","geometry":{"type":"Point","coordinates":[4.3668955,52.117988499999996]},"properties":{"stop_id":"stop/wassenaar-stoeplaan__5ff7b68a24","stop_name":"Wassenaar, Stoeplaan","city":"Wassenaar","name":"Stoeplaan","num_lines":2,"line_ids":["EBS:3043","EBS:3044"],"line_refs":["43","44"]}},{"type":"Feature","geometry":{"type":"Point","coordinates":[4.4114035000000005,52.1502835]},"properties":{"stop_id":"stop/wassenaar-strandwal__b9b6b6146d","stop_name":"Wassenaar, Strandwal","city":"Wassenaar","name":"Strandwal","num_lines":1,"line_ids":["EBS:3043"],"line_refs":["43"]}},{"type":"Feature","geometry":{"type":"Point","coordinates":[4.4130225,52.147389000000004]},"properties":{"stop_id":"stop/wassenaar-ter-weerlaan__cb117b0d6a","stop_name":"Wassenaar, Ter Weerlaan","city":"Wassenaar","name":"Ter Weerlaan","num_lines":1,"line_ids":["EBS:3043"],"line_refs":["43"]}},{"type":"Feature","geometry":{"type":"Point","coordinates":[4.407061499999999,52.147726]},"properties":{"stop_id":"stop/wassenaar-van-duivenvoordelaan__0b6ee4ef0d","stop_name":"Wassenaar, van Duivenvoordelaan","city":"Wassenaar","name":"van Duivenvoordelaan","num_lines":2,"line_ids":["EBS:3043","EBS:3044"],"line_refs":["43","44"]}},{"type":"Feature","geometry":{"type":"Point","coordinates":[4.400206875,52.14207808333333]},"properties":{"stop_id":"stop/wassenaar-van-oldenbarneveltweg__f59dc2b23f","stop_name":"Wassenaar, van Oldenbarneveltweg","city":"Wassenaar","name":"van Oldenbarneveltweg","num_lines":4,"line_ids":["EBS:3043","EBS:3044","EBS:3046","QBUZZ:z385"],"line_refs":["43","44","46","385"]}},{"type":"Feature","geometry":{"type":"Point","coordinates":[4.420484,52.146264]},"properties":{"stop_id":"stop/wassenaar-weyermanstraat__6342ed1d8d","stop_name":"Wassenaar, Weyermanstraat","city":"Wassenaar","name":"Weyermanstraat","num_lines":1,"line_ids":["EBS:3043"],"line_refs":["43"]}},{"type":"Feature","geometry":{"type":"Point","coordinates":[4.374675,52.1310125]},"properties":{"stop_id":"stop/wassenaar-wildrust__ff35ff0b99","stop_name":"Wassenaar, Wildrust","city":"Wassenaar","name":"Wildrust","num_lines":2,"line_ids":["EBS:3043","EBS:3044"],"line_refs":["43","44"]}},{"type":"Feature","geometry":{"type":"Point","coordinates":[4.353187500000001,52.110606000000004]},"properties":{"stop_id":"stop/wassenaar-wittenburgerweg__14f7a5f6a1","stop_name":"Wassenaar, Wittenburgerweg","city":"Wassenaar","name":"Wittenburgerweg","num_lines":2,"line_ids":["EBS:3043","EBS:3044"],"line_refs":["43","44"]}},{"type":"Feature","geometry":{"type":"Point","coordinates":[4.6413525,52.22080699999999]},"properties":{"stop_id":"stop/weteringbrug-brug__cee6ee3fde","stop_name":"Weteringbrug, Brug","city":"Weteringbrug","name":"Brug","num_lines":2,"line_ids":["QBUZZ:z365","QBUZZ:z366"],"line_refs":["365","366"]}},{"type":"Feature","geometry":{"type":"Point","coordinates":[4.6524540000000005,52.224732]},"properties":{"stop_id":"stop/weteringbrug-immink__f939846aa5","stop_name":"Weteringbrug, Immink","city":"Weteringbrug","name":"Immink","num_lines":2,"line_ids":["QBUZZ:z365","QBUZZ:z366"],"line_refs":["365","366"]}},{"type":"Feature","geometry":{"type":"Point","coordinates":[4.6442375,52.223341500000004]},"properties":{"stop_id":"stop/weteringbrug-lisserweg__830ac35d4a","stop_name":"Weteringbrug, Lisserweg","city":"Weteringbrug","name":"Lisserweg","num_lines":2,"line_ids":["QBUZZ:z365","QBUZZ:z366"],"line_refs":["365","366"]}},{"type":"Feature","geometry":{"type":"Point","coordinates":[4.624482,52.165044]},"properties":{"stop_id":"stop/woubrugge-begraafplaats__f3cb4a0613","stop_name":"Woubrugge, Begraafplaats","city":"Woubrugge","name":"Begraafplaats","num_lines":1,"line_ids":["QBUZZ:z182"],"line_refs":["182"]}},{"type":"Feature","geometry":{"type":"Point","coordinates":[4.604772499999999,52.164182]},"properties":{"stop_id":"stop/woubrugge-hoogte__6803460b2c","stop_name":"Woubrugge, Hoogte","city":"Woubrugge","name":"Hoogte","num_lines":1,"line_ids":["QBUZZ:z182"],"line_refs":["182"]}},{"type":"Feature","geometry":{"type":"Point","coordinates":[4.667655249999999,52.167977750000006]},"properties":{"stop_id":"stop/woubrugge-jacobswoude__1c8f497423","stop_name":"Woubrugge, Jacobswoude","city":"Woubrugge","name":"Jacobswoude","num_lines":2,"line_ids":["QBUZZ:z182","QBUZZ:z470"],"line_refs":["182","470"]}},{"type":"Feature","geometry":{"type":"Point","coordinates":[4.6357040000000005,52.166558499999994]},"properties":{"stop_id":"stop/woubrugge-kerkweg__2f0715ba94","stop_name":"Woubrugge, Kerkweg","city":"Woubrugge","name":"Kerkweg","num_lines":1,"line_ids":["QBUZZ:z182"],"line_refs":["182"]}},{"type":"Feature","geometry":{"type":"Point","coordinates":[4.641436000000001,52.1672915]},"properties":{"stop_id":"stop/woubrugge-kruisweg-brug__175d848252","stop_name":"Woubrugge, Kruisweg/Brug","city":"Woubrugge","name":"Kruisweg/Brug","num_lines":1,"line_ids":["QBUZZ:z182"],"line_refs":["182"]}},{"type":"Feature","geometry":{"type":"Point","coordinates":[4.7699575,52.1761725]},"properties":{"stop_id":"stop/zevenhoven-t-haasje__522c3e959f","stop_name":"Zevenhoven, 't Haasje","city":"Zevenhoven","name":"'t Haasje","num_lines":1,"line_ids":["QBUZZ:z147"],"line_refs":["147"]}},{"type":"Feature","geometry":{"type":"Point","coordinates":[4.780870500000001,52.17946]},"properties":{"stop_id":"stop/zevenhoven-gereformeerde-kerk__0349412c5f","stop_name":"Zevenhoven, Gereformeerde Kerk","city":"Zevenhoven","name":"Gereformeerde Kerk","num_lines":1,"line_ids":["QBUZZ:z147"],"line_refs":["147"]}},{"type":"Feature","geometry":{"type":"Point","coordinates":[4.782834,52.180733000000004]},"properties":{"stop_id":"stop/zevenhoven-n-h-kerk__0cbbe454a9","stop_name":"Zevenhoven, N.H. Kerk","city":"Zevenhoven","name":"N.H. Kerk","num_lines":1,"line_ids":["QBUZZ:z147"],"line_refs":["147"]}},{"type":"Feature","geometry":{"type":"Point","coordinates":[4.7802745,52.1835105]},"properties":{"stop_id":"stop/zevenhoven-s-van-drielstraat__287a94fda5","stop_name":"Zevenhoven, S. van Drielstraat","city":"Zevenhoven","name":"S. van Drielstraat","num_lines":1,"line_ids":["QBUZZ:z147"],"line_refs":["147"]}},{"type":"Feature","geometry":{"type":"Point","coordinates":[4.5306615,52.067451]},"properties":{"stop_id":"stop/zoetermeer-benthuizenstraat__d0b8f98f42","stop_name":"Zoetermeer, Benthuizenstraat","city":"Zoetermeer","name":"Benthuizenstraat","num_lines":1,"line_ids":["QBUZZ:z165"],"line_refs":["165"]}},{"type":"Feature","geometry":{"type":"Point","coordinates":[4.484897,52.068759]},"properties":{"stop_id":"stop/zoetermeer-binnenpark__d4625aabd7","stop_name":"Zoetermeer, Binnenpark","city":"Zoetermeer","name":"Binnenpark","num_lines":2,"line_ids":["QBUZZ:z400","QBUZZ:z401"],"line_refs":["400","401"]}},{"type":"Feature","geometry":{"type":"Point","coordinates":[4.482885,52.06103400000001]},"properties":{"stop_id":"stop/zoetermeer-centrum-west__3b17762544","stop_name":"Zoetermeer, Centrum West","city":"Zoetermeer","name":"Centrum West","num_lines":3,"line_ids":["QBUZZ:z165","QBUZZ:z400","QBUZZ:z401"],"line_refs":["165","400","401"]}},{"type":"Feature","geometry":{"type":"Point","coordinates":[4.523569666666667,52.05627833333333]},"properties":{"stop_id":"stop/zoetermeer-franklinstraat__0d838261bd","stop_name":"Zoetermeer, Franklinstraat","city":"Zoetermeer","name":"Franklinstraat","num_lines":1,"line_ids":["QBUZZ:z165"],"line_refs":["165"]}},{"type":"Feature","geometry":{"type":"Point","coordinates":[4.5318535,52.06313]},"properties":{"stop_id":"stop/zoetermeer-gouderakstraat__ba819cbfff","stop_name":"Zoetermeer, Gouderakstraat","city":"Zoetermeer","name":"Gouderakstraat","num_lines":1,"line_ids":["QBUZZ:z165"],"line_refs":["165"]}},{"type":"Feature","geometry":{"type":"Point","coordinates":[4.4805005,52.0712195]},"properties":{"stop_id":"stop/zoetermeer-meerpolder__0c408cc0bd","stop_name":"Zoetermeer, Meerpolder","city":"Zoetermeer","name":"Meerpolder","num_lines":2,"line_ids":["QBUZZ:z400","QBUZZ:z401"],"line_refs":["400","401"]}},{"type":"Feature","geometry":{"type":"Point","coordinates":[4.5132445,52.057471500000005]},"properties":{"stop_id":"stop/zoetermeer-pruimengaarde__6590bbfb07","stop_name":"Zoetermeer, Pruimengaarde","city":"Zoetermeer","name":"Pruimengaarde","num_lines":1,"line_ids":["QBUZZ:z165"],"line_refs":["165"]}},{"type":"Feature","geometry":{"type":"Point","coordinates":[4.4975035000000005,52.06483]},"properties":{"stop_id":"stop/zoetermeer-salomeschouw__2ba86a6c9a","stop_name":"Zoetermeer, Salomeschouw","city":"Zoetermeer","name":"Salomeschouw","num_lines":1,"line_ids":["QBUZZ:z165"],"line_refs":["165"]}},{"type":"Feature","geometry":{"type":"Point","coordinates":[4.5289295,52.060791]},"properties":{"stop_id":"stop/zoetermeer-stephensonstraat__daba485905","stop_name":"Zoetermeer, Stephensonstraat","city":"Zoetermeer","name":"Stephensonstraat","num_lines":1,"line_ids":["QBUZZ:z165"],"line_refs":["165"]}},{"type":"Feature","geometry":{"type":"Point","coordinates":[4.5050565,52.061595]},"properties":{"stop_id":"stop/zoetermeer-vaartdreef__33b9d71a28","stop_name":"Zoetermeer, Vaartdreef","city":"Zoetermeer","name":"Vaartdreef","num_lines":1,"line_ids":["QBUZZ:z165"],"line_refs":["165"]}},{"type":"Feature","geometry":{"type":"Point","coordinates":[4.534116666666667,52.065439]},"properties":{"stop_id":"stop/zoetermeer-w-dreeslaan__09c3d9043d","stop_name":"Zoetermeer, W. Dreeslaan","city":"Zoetermeer","name":"W. Dreeslaan","num_lines":1,"line_ids":["QBUZZ:z165"],"line_refs":["165"]}},{"type":"Feature","geometry":{"type":"Point","coordinates":[4.4900355,52.064906]},"properties":{"stop_id":"stop/zoetermeer-woonhart__e04d149449","stop_name":"Zoetermeer, Woonhart","city":"Zoetermeer","name":"Woonhart","num_lines":2,"line_ids":["QBUZZ:z400","QBUZZ:z401"],"line_refs":["400","401"]}},{"type":"Feature","geometry":{"type":"Point","coordinates":[4.533063,52.07269133333333]},"properties":{"stop_id":"stop/zoetermeer-zegwaartseweg__809b1243b9","stop_name":"Zoetermeer, Zegwaartseweg","city":"Zoetermeer","name":"Zegwaartseweg","num_lines":1,"line_ids":["QBUZZ:z165"],"line_refs":["165"]}},{"type":"Feature","geometry":{"type":"Point","coordinates":[4.490994,52.063422]},"properties":{"stop_id":"stop/zoetermeer-zwaardslootseweg__f55bf96ddc","stop_name":"Zoetermeer, Zwaardslootseweg","city":"Zoetermeer","name":"Zwaardslootseweg","num_lines":1,"line_ids":["QBUZZ:z165"],"line_refs":["165"]}},{"type":"Feature","geometry":{"type":"Point","coordinates":[4.4950035,52.126591000000005]},"properties":{"stop_id":"stop/zoeterwoude-a4-p-r__0b729e6d66","stop_name":"Zoeterwoude, A4 P+R","city":"Zoeterwoude","name":"A4 P+R","num_lines":2,"line_ids":["QBUZZ:z400","QBUZZ:z401"],"line_refs":["400","401"]}},{"type":"Feature","geometry":{"type":"Point","coordinates":[4.4916035,52.1177165]},"properties":{"stop_id":"stop/zoeterwoude-dorp__eadc16e59c","stop_name":"Zoeterwoude, Dorp","city":"Zoeterwoude","name":"Dorp","num_lines":2,"line_ids":["QBUZZ:z400","QBUZZ:z401"],"line_refs":["400","401"]}},{"type":"Feature","geometry":{"type":"Point","coordinates":[4.53348,52.140228500000006]},"properties":{"stop_id":"stop/zoeterwoude-rijndijk-burg-smeetsweg__cc7d0a2ca1","stop_name":"Zoeterwoude-Rijndijk, Burg. Smeetsweg","city":"Zoeterwoude-Rijndijk","name":"Burg. Smeetsweg","num_lines":2,"line_ids":["QBUZZ:z169","QBUZZ:z187"],"line_refs":["169","187"]}},{"type":"Feature","geometry":{"type":"Point","coordinates":[4.529413,52.137093500000006]},"properties":{"stop_id":"stop/zoeterwoude-rijndijk-energieweg__b7f6e008b0","stop_name":"Zoeterwoude-Rijndijk, Energieweg","city":"Zoeterwoude-Rijndijk","name":"Energieweg","num_lines":1,"line_ids":["QBUZZ:z187"],"line_refs":["187"]}},{"type":"Feature","geometry":{"type":"Point","coordinates":[4.532852,52.136065]},"properties":{"stop_id":"stop/zoeterwoude-rijndijk-heineken__4f8ab1736b","stop_name":"Zoeterwoude-Rijndijk, Heineken","city":"Zoeterwoude-Rijndijk","name":"Heineken","num_lines":1,"line_ids":["QBUZZ:z187"],"line_refs":["187"]}},{"type":"Feature","geometry":{"type":"Point","coordinates":[4.5228755,52.146955500000004]},"properties":{"stop_id":"stop/zoeterwoude-rijndijk-laan-de-goede-herder__a2ceae227d","stop_name":"Zoeterwoude-Rijndijk, Laan de Goede Herder","city":"Zoeterwoude-Rijndijk","name":"Laan de Goede Herder","num_lines":2,"line_ids":["QBUZZ:z169","QBUZZ:z187"],"line_refs":["169","187"]}},{"type":"Feature","geometry":{"type":"Point","coordinates":[4.512008,52.140462]},"properties":{"stop_id":"stop/zoeterwoude-rijndijk-meerburg__4ec168ae55","stop_name":"Zoeterwoude-Rijndijk, Meerburg","city":"Zoeterwoude-Rijndijk","name":"Meerburg","num_lines":1,"line_ids":["QBUZZ:z187"],"line_refs":["187"]}},{"type":"Feature","geometry":{"type":"Point","coordinates":[4.5243804999999995,52.139002500000004]},"properties":{"stop_id":"stop/zoeterwoude-rijndijk-nijverheidsweg__e3d181efb9","stop_name":"Zoeterwoude-Rijndijk, Nijverheidsweg","city":"Zoeterwoude-Rijndijk","name":"Nijverheidsweg","num_lines":1,"line_ids":["QBUZZ:z187"],"line_refs":["187"]}},{"type":"Feature","geometry":{"type":"Point","coordinates":[4.526096000000001,52.14362199999999]},"properties":{"stop_id":"stop/zoeterwoude-rijndijk-oranjelaan__11e9815727","stop_name":"Zoeterwoude-Rijndijk, Oranjelaan","city":"Zoeterwoude-Rijndijk","name":"Oranjelaan","num_lines":2,"line_ids":["QBUZZ:z169","QBUZZ:z187"],"line_refs":["169","187"]}},{"type":"Feature","geometry":{"type":"Point","coordinates":[4.520111,52.1410745]},"properties":{"stop_id":"stop/zoeterwoude-rijndijk-productieweg__a6102b848c","stop_name":"Zoeterwoude-Rijndijk, Productieweg","city":"Zoeterwoude-Rijndijk","name":"Productieweg","num_lines":1,"line_ids":["QBUZZ:z187"],"line_refs":["187"]}},{"type":"Feature","geometry":{"type":"Point","coordinates":[4.542277500000001,52.1396715]},"properties":{"stop_id":"stop/zoeterwoude-rijndijk-rijndijk__3098847513","stop_name":"Zoeterwoude-Rijndijk, Rijndijk","city":"Zoeterwoude-Rijndijk","name":"Rijndijk","num_lines":2,"line_ids":["QBUZZ:z169","QBUZZ:z187"],"line_refs":["169","187"]}},{"type":"Feature","geometry":{"type":"Point","coordinates":[4.548138,52.137961000000004]},"properties":{"stop_id":"stop/zoeterwoude-rijndijk-rijneke-boulevard__d4b60c1a0c","stop_name":"Zoeterwoude-Rijndijk, Rijneke Boulevard","city":"Zoeterwoude-Rijndijk","name":"Rijneke Boulevard","num_lines":2,"line_ids":["QBUZZ:z169","QBUZZ:z187"],"line_refs":["169","187"]}}]}
